Date,day,ID,CO2,CO2_enviro,depth,Q,Temp,KCO2_dh,k600_dh,k600_1d
2025-01-03T09:52:40Z,3,5,552.81112,3976.076,0.059249035,36.68143544,58.67629167,-0.692498765,-0.841339213,-340.8011787
2025-01-03T09:53:00Z,3,5,651.17214,3976.076,0.059249035,36.68143544,58.67629167,-0.692498765,-0.841339213,-340.8011787
2025-01-03T09:54:00Z,3,5,787.6483,3976.076,0.059249035,36.68143544,58.67629167,-0.692498765,-0.841339213,-340.8011787
2025-01-03T09:55:00Z,3,5,903.3085,3976.076,0.059249035,36.68143544,58.67629167,-0.692498765,-0.841339213,-340.8011787
2025-01-03T09:56:00Z,3,5,1020.1503,3976.076,0.059249035,36.68143544,58.67629167,-0.692498765,-0.841339213,-340.8011787
2025-01-03T09:57:00Z,3,5,1131.2664,3976.076,0.059249035,36.68143544,58.67629167,-0.692498765,-0.841339213,-340.8011787
2025-01-03T09:58:00Z,3,5,1245.0018,3976.076,0.059249035,36.68143544,58.67629167,-0.692498765,-0.841339213,-340.8011787
2025-01-03T09:59:00Z,3,5,1364.0482,3976.076,0.059249035,36.68143544,58.67629167,-0.692498765,-0.841339213,-340.8011787
2025-01-03T10:00:00Z,3,5,1474.9166,3997.498,0.059249035,36.68143544,58.67629167,-0.683052061,-0.829862106,-336.1521484
2025-01-03T10:01:00Z,3,5,1588.5683,3997.498,0.059249035,36.68143544,58.67629167,-0.683052061,-0.829862106,-336.1521484
2025-01-03T10:02:00Z,3,5,1697.2862,3997.498,0.059249035,36.68143544,58.67629167,-0.683052061,-0.829862106,-336.1521484
2025-01-03T10:03:00Z,3,5,1810.8437,3997.498,0.059249035,36.68143544,58.67629167,-0.683052061,-0.829862106,-336.1521484
2025-01-03T10:04:00Z,3,5,1907.8354,3997.498,0.059249035,36.68143544,58.67629167,-0.683052061,-0.829862106,-336.1521484
2025-01-03T10:05:00Z,3,5,2010.3537,3997.498,0.059249035,36.68143544,58.67629167,-0.683052061,-0.829862106,-336.1521484
2025-01-03T10:06:00Z,3,5,2101.2491,3997.498,0.059249035,36.68143544,58.67629167,-0.683052061,-0.829862106,-336.1521484
2025-01-03T10:07:00Z,3,5,2197.3595,3997.498,0.059249035,36.68143544,58.67629167,-0.683052061,-0.829862106,-336.1521484
2025-01-03T10:08:00Z,3,5,2285.7293,3997.498,0.059249035,36.68143544,58.67629167,-0.683052061,-0.829862106,-336.1521484
2025-01-03T10:09:00Z,3,5,2374.191,3997.498,0.059249035,36.68143544,58.67629167,-0.683052061,-0.829862106,-336.1521484
2025-01-03T10:10:00Z,3,5,2427.1398,3997.498,0.059249035,36.68143544,58.67629167,-0.683052061,-0.829862106,-336.1521484
2025-01-03T12:38:40Z,3,6,350.63274,12349.884,0.128743864,5.014111335,60.61083333,-0.024813078,-0.029095112,-5.423813298
2025-01-03T12:39:00Z,3,6,373.26353,12349.884,0.128743864,5.014111335,60.61083333,-0.024813078,-0.029095112,-5.423813298
2025-01-03T12:40:00Z,3,6,416.19861,12349.884,0.128743864,5.014111335,60.61083333,-0.024813078,-0.029095112,-5.423813298
2025-01-03T12:41:00Z,3,6,449.03064,12349.884,0.128743864,5.014111335,60.61083333,-0.024813078,-0.029095112,-5.423813298
2025-01-03T12:42:00Z,3,6,471.85906,12349.884,0.128743864,5.014111335,60.61083333,-0.024813078,-0.029095112,-5.423813298
2025-01-03T12:43:00Z,3,6,491.99708,12349.884,0.128743864,5.014111335,60.61083333,-0.024813078,-0.029095112,-5.423813298
2025-01-03T12:44:00Z,3,6,524.70108,12349.884,0.128743864,5.014111335,60.61083333,-0.024813078,-0.029095112,-5.423813298
2025-01-03T12:45:00Z,3,6,557.33857,12349.884,0.128743864,5.014111335,60.61083333,-0.024813078,-0.029095112,-5.423813298
2025-01-03T12:46:00Z,3,6,582.69085,12349.884,0.128743864,5.014111335,60.61083333,-0.024813078,-0.029095112,-5.423813298
2025-01-03T12:47:00Z,3,6,610.43532,12349.884,0.128743864,5.014111335,60.61083333,-0.024813078,-0.029095112,-5.423813298
2025-01-03T12:48:00Z,3,6,635.6915,12349.884,0.128743864,5.014111335,60.61083333,-0.024813078,-0.029095112,-5.423813298
2025-01-03T12:49:00Z,3,6,663.506,12349.884,0.128743864,5.014111335,60.61083333,-0.024813078,-0.029095112,-5.423813298
2025-01-03T12:50:00Z,3,6,685.3974,12349.884,0.128743864,5.014111335,60.61083333,-0.024813078,-0.029095112,-5.423813298
2025-01-03T13:20:30Z,3,9,335.25396,3903.276,0.050095875,0.295964794,50.861625,-0.026571209,-0.037428937,-17.93150597
2025-01-03T13:21:00Z,3,9,350.40201,3903.276,0.050095875,0.295964794,50.861625,-0.026571209,-0.037428937,-17.93150597
2025-01-03T13:22:00Z,3,9,385.7534,3903.276,0.050095875,0.295964794,50.861625,-0.026571209,-0.037428937,-17.93150597
2025-01-03T13:23:00Z,3,9,406.00798,3903.276,0.050095875,0.295964794,50.861625,-0.026571209,-0.037428937,-17.93150597
2025-01-03T13:24:00Z,3,9,423.74661,3903.276,0.050095875,0.295964794,50.861625,-0.026571209,-0.037428937,-17.93150597
2025-01-03T13:25:00Z,3,9,433.78784,3903.276,0.050095875,0.295964794,50.861625,-0.026571209,-0.037428937,-17.93150597
2025-01-03T13:26:00Z,3,9,441.3456,3903.276,0.050095875,0.295964794,50.861625,-0.026571209,-0.037428937,-17.93150597
2025-01-03T13:27:00Z,3,9,456.53091,3903.276,0.050095875,0.295964794,50.861625,-0.026571209,-0.037428937,-17.93150597
2025-01-03T13:28:00Z,3,9,459.037,3903.276,0.050095875,0.295964794,50.861625,-0.026571209,-0.037428937,-17.93150597
2025-01-03T13:29:00Z,3,9,471.67578,3903.276,0.050095875,0.295964794,50.861625,-0.026571209,-0.037428937,-17.93150597
2025-01-03T13:30:00Z,3,9,471.68833,3903.276,0.050095875,0.295964794,50.861625,-0.026571209,-0.037428937,-17.93150597
2025-01-03T13:31:00Z,3,9,471.71322,3903.276,0.050095875,0.295964794,50.861625,-0.026571209,-0.037428937,-17.93150597
2025-01-03T13:32:00Z,3,9,476.73028,3903.276,0.050095875,0.295964794,50.861625,-0.026571209,-0.037428937,-17.93150597
2025-01-03T13:33:00Z,3,9,486.80654,3903.276,0.050095875,0.295964794,50.861625,-0.026571209,-0.037428937,-17.93150597
2025-01-03T13:34:00Z,3,9,486.803832,3903.276,0.050095875,0.295964794,50.861625,-0.026571209,-0.037428937,-17.93150597
2024-01-05T11:25:30Z,5,15,638.4584667,8509.227,0.195852248,24.30349268,53.76770833,-0.01915435,-0.025524129,-3.127761359
2024-01-05T11:26:00Z,5,15,642.7364667,8509.227,0.195852248,24.30349268,53.76770833,-0.01915435,-0.025524129,-3.127761359
2024-01-05T11:27:00Z,5,15,635.9666667,8509.227,0.195852248,24.30349268,53.76770833,-0.01915435,-0.025524129,-3.127761359
2024-01-05T11:28:00Z,5,15,641.0975833,8509.227,0.195852248,24.30349268,53.76770833,-0.01915435,-0.025524129,-3.127761359
2024-01-05T11:29:00Z,5,15,652.9905167,8509.227,0.195852248,24.30349268,53.76770833,-0.01915435,-0.025524129,-3.127761359
2024-01-05T11:30:00Z,5,15,674.2066333,8509.227,0.195852248,24.30349268,53.76770833,-0.01915435,-0.025524129,-3.127761359
2024-01-05T11:31:00Z,5,15,683.9499833,8509.227,0.195852248,24.30349268,53.76770833,-0.01915435,-0.025524129,-3.127761359
2024-01-05T11:32:00Z,5,15,698.2788833,8509.227,0.195852248,24.30349268,53.76770833,-0.01915435,-0.025524129,-3.127761359
2024-01-05T11:33:00Z,5,15,714.5691167,8509.227,0.195852248,24.30349268,53.76770833,-0.01915435,-0.025524129,-3.127761359
2024-01-05T11:34:00Z,5,15,735.5882667,8509.227,0.195852248,24.30349268,53.76770833,-0.01915435,-0.025524129,-3.127761359
2024-01-05T11:35:00Z,5,15,751.78595,8509.227,0.195852248,24.30349268,53.76770833,-0.01915435,-0.025524129,-3.127761359
2024-01-05T11:36:00Z,5,15,768.78395,8509.227,0.195852248,24.30349268,53.76770833,-0.01915435,-0.025524129,-3.127761359
2024-01-05T11:37:00Z,5,15,790.97775,8509.227,0.195852248,24.30349268,53.76770833,-0.01915435,-0.025524129,-3.127761359
2024-01-05T11:38:00Z,5,15,805.5544167,8509.227,0.195852248,24.30349268,53.76770833,-0.01915435,-0.025524129,-3.127761359
2024-01-05T11:39:00Z,5,15,824.42255,8509.227,0.195852248,24.30349268,53.76770833,-0.01915435,-0.025524129,-3.127761359
2024-01-05T11:40:00Z,5,15,845.4793,8509.227,0.195852248,24.30349268,53.76770833,-0.01915435,-0.025524129,-3.127761359
2024-01-05T11:41:00Z,5,15,864.4904167,8509.227,0.195852248,24.30349268,53.76770833,-0.01915435,-0.025524129,-3.127761359
2024-01-05T11:42:00Z,5,15,888.9312,8509.227,0.195852248,24.30349268,53.76770833,-0.01915435,-0.025524129,-3.127761359
2024-01-05T14:38:30Z,5,3,456.1238667,6443.836,0.422753905,64.62476858,54.8325956,-0.001219018,-0.001591961,-0.090376623
2024-01-05T14:39:00Z,5,3,472.4819333,6443.836,0.422753905,64.62476858,54.8325956,-0.001219018,-0.001591961,-0.090376623
2024-01-05T14:40:00Z,5,3,467.4976833,6443.836,0.422753905,64.62476858,54.8325956,-0.001219018,-0.001591961,-0.090376623
2024-01-05T14:41:00Z,5,3,465.8963,6443.836,0.422753905,64.62476858,54.8325956,-0.001219018,-0.001591961,-0.090376623
2024-01-05T14:42:00Z,5,3,473.38745,6443.836,0.422753905,64.62476858,54.8325956,-0.001219018,-0.001591961,-0.090376623
2024-01-05T14:43:00Z,5,3,469.5789,6443.836,0.422753905,64.62476858,54.8325956,-0.001219018,-0.001591961,-0.090376623
2024-01-05T14:44:00Z,5,3,466.0401167,6443.836,0.422753905,64.62476858,54.8325956,-0.001219018,-0.001591961,-0.090376623
2024-01-05T14:45:00Z,5,3,472.25595,6443.836,0.422753905,64.62476858,54.8325956,-0.001219018,-0.001591961,-0.090376623
2024-01-05T14:46:00Z,5,3,486.7487833,6443.836,0.422753905,64.62476858,54.8325956,-0.001219018,-0.001591961,-0.090376623
2024-01-05T14:47:00Z,5,3,492.1356167,6443.836,0.422753905,64.62476858,54.8325956,-0.001219018,-0.001591961,-0.090376623
2024-01-05T14:48:00Z,5,3,444.5809,6443.836,0.422753905,64.62476858,54.8325956,-0.001219018,-0.001591961,-0.090376623
2024-01-05T10:26:20Z,5,5a,618.29095,5480.453,0.525990518,23.48651599,55.26229167,-0.022810224,-0.029546149,-1.34813758
2024-01-05T10:27:00Z,5,5a,588.5360667,5480.453,0.525990518,23.48651599,55.26229167,-0.022810224,-0.029546149,-1.34813758
2024-01-05T10:28:00Z,5,5a,582.10225,5480.453,0.525990518,23.48651599,55.26229167,-0.022810224,-0.029546149,-1.34813758
2024-01-05T10:29:00Z,5,5a,591.7928833,5480.453,0.525990518,23.48651599,55.26229167,-0.022810224,-0.029546149,-1.34813758
2024-01-05T10:30:00Z,5,5a,605.75835,5480.453,0.525990518,23.48651599,55.26229167,-0.022810224,-0.029546149,-1.34813758
2024-01-05T10:31:00Z,5,5a,620.4759833,5480.453,0.525990518,23.48651599,55.26229167,-0.022810224,-0.029546149,-1.34813758
2024-01-05T10:32:00Z,5,5a,634.0827333,5480.453,0.525990518,23.48651599,55.26229167,-0.022810224,-0.029546149,-1.34813758
2024-01-05T10:33:00Z,5,5a,648.8245,5480.453,0.525990518,23.48651599,55.26229167,-0.022810224,-0.029546149,-1.34813758
2024-01-05T10:34:00Z,5,5a,662.1822167,5480.453,0.525990518,23.48651599,55.26229167,-0.022810224,-0.029546149,-1.34813758
2024-01-05T10:35:00Z,5,5a,675.8962833,5480.453,0.525990518,23.48651599,55.26229167,-0.022810224,-0.029546149,-1.34813758
2024-01-05T10:36:00Z,5,5a,690.6093167,5480.453,0.525990518,23.48651599,55.26229167,-0.022810224,-0.029546149,-1.34813758
2024-01-05T10:37:00Z,5,5a,705.7031833,5480.453,0.525990518,23.48651599,55.26229167,-0.022810224,-0.029546149,-1.34813758
2024-01-05T10:38:00Z,5,5a,713.405,5480.453,0.525990518,23.48651599,55.26229167,-0.022810224,-0.029546149,-1.34813758
2024-01-05T10:39:00Z,5,5a,723.8342333,5480.453,0.525990518,23.48651599,55.26229167,-0.022810224,-0.029546149,-1.34813758
2024-01-05T10:40:00Z,5,5a,742.4081,5480.453,0.525990518,23.48651599,55.26229167,-0.022810224,-0.029546149,-1.34813758
2024-01-05T10:41:00Z,5,5a,751.1917,5480.453,0.525990518,23.48651599,55.26229167,-0.022810224,-0.029546149,-1.34813758
2024-01-05T10:42:00Z,5,5a,762.0679833,5480.453,0.525990518,23.48651599,55.26229167,-0.022810224,-0.029546149,-1.34813758
2024-01-05T10:43:00Z,5,5a,768.7947333,5480.453,0.525990518,23.48651599,55.26229167,-0.022810224,-0.029546149,-1.34813758
2024-01-05T10:44:00Z,5,5a,777.4957,5480.453,0.525990518,23.48651599,55.26229167,-0.022810224,-0.029546149,-1.34813758
2024-01-05T10:45:00Z,5,5a,782.2970667,5480.453,0.525990518,23.48651599,55.26229167,-0.022810224,-0.029546149,-1.34813758
2024-01-05T10:46:00Z,5,5a,790.0646667,5480.453,0.525990518,23.48651599,55.26229167,-0.022810224,-0.029546149,-1.34813758
2024-01-05T10:47:00Z,5,5a,805.0716333,5480.453,0.525990518,23.48651599,55.26229167,-0.022810224,-0.029546149,-1.34813758
2024-01-05T15:36:20Z,5,6,612.310275,7115.516,0.44772678,187.9341768,57.34741667,-0.027545496,-0.034306205,-1.838953916
2024-01-05T15:37:00Z,5,6,595.4056167,7115.516,0.44772678,187.9341768,57.34741667,-0.027545496,-0.034306205,-1.838953916
2024-01-05T15:38:00Z,5,6,594.37785,7115.516,0.44772678,187.9341768,57.34741667,-0.027545496,-0.034306205,-1.838953916
2024-01-05T15:39:00Z,5,6,606.08495,7115.516,0.44772678,187.9341768,57.34741667,-0.027545496,-0.034306205,-1.838953916
2024-01-05T15:40:00Z,5,6,622.5833833,7115.516,0.44772678,187.9341768,57.34741667,-0.027545496,-0.034306205,-1.838953916
2024-01-05T15:41:00Z,5,6,648.7960667,7115.516,0.44772678,187.9341768,57.34741667,-0.027545496,-0.034306205,-1.838953916
2024-01-05T15:42:00Z,5,6,675.2582833,7115.516,0.44772678,187.9341768,57.34741667,-0.027545496,-0.034306205,-1.838953916
2024-01-05T15:43:00Z,5,6,696.0055667,7115.516,0.44772678,187.9341768,57.34741667,-0.027545496,-0.034306205,-1.838953916
2024-01-05T15:44:00Z,5,6,717.2999833,7115.516,0.44772678,187.9341768,57.34741667,-0.027545496,-0.034306205,-1.838953916
2024-01-05T15:45:00Z,5,6,736.1294167,7115.516,0.44772678,187.9341768,57.34741667,-0.027545496,-0.034306205,-1.838953916
2024-01-05T15:46:00Z,5,6,760.2788,7115.516,0.44772678,187.9341768,57.34741667,-0.027545496,-0.034306205,-1.838953916
2024-01-05T15:47:00Z,5,6,777.2203167,7115.516,0.44772678,187.9341768,57.34741667,-0.027545496,-0.034306205,-1.838953916
2024-01-05T15:48:00Z,5,6,800.6710833,7115.516,0.44772678,187.9341768,57.34741667,-0.027545496,-0.034306205,-1.838953916
2024-01-05T15:49:00Z,5,6,815.1031333,7115.516,0.44772678,187.9341768,57.34741667,-0.027545496,-0.034306205,-1.838953916
2024-01-05T15:50:00Z,5,6,828.4584167,7115.516,0.44772678,187.9341768,57.34741667,-0.027545496,-0.034306205,-1.838953916
2024-01-05T15:51:00Z,5,6,831.0903667,7115.516,0.44772678,187.9341768,57.34741667,-0.027545496,-0.034306205,-1.838953916
2024-01-05T15:52:00Z,5,6,832.77725,7115.516,0.44772678,187.9341768,57.34741667,-0.027545496,-0.034306205,-1.838953916
2024-01-05T13:13:40Z,5,7,669.2205,8812.951,0.232294434,14.4482945,57.088375,-0.017669774,-0.022110587,-2.284402936
2024-01-05T13:14:00Z,5,7,659.60835,8812.951,0.232294434,14.4482945,57.088375,-0.017669774,-0.022110587,-2.284402936
2024-01-05T13:15:00Z,5,7,649.2162333,8812.951,0.232294434,14.4482945,57.088375,-0.017669774,-0.022110587,-2.284402936
2024-01-05T13:16:00Z,5,7,659.7800667,8812.951,0.232294434,14.4482945,57.088375,-0.017669774,-0.022110587,-2.284402936
2024-01-05T13:17:00Z,5,7,672.9309667,8812.951,0.232294434,14.4482945,57.088375,-0.017669774,-0.022110587,-2.284402936
2024-01-05T13:18:00Z,5,7,688.4529833,8812.951,0.232294434,14.4482945,57.088375,-0.017669774,-0.022110587,-2.284402936
2024-01-05T13:19:00Z,5,7,707.1372667,8812.951,0.232294434,14.4482945,57.088375,-0.017669774,-0.022110587,-2.284402936
2024-01-05T13:20:00Z,5,7,727.5391667,8812.951,0.232294434,14.4482945,57.088375,-0.017669774,-0.022110587,-2.284402936
2024-01-05T13:21:00Z,5,7,745.48425,8812.951,0.232294434,14.4482945,57.088375,-0.017669774,-0.022110587,-2.284402936
2024-01-05T13:22:00Z,5,7,757.9560167,8812.951,0.232294434,14.4482945,57.088375,-0.017669774,-0.022110587,-2.284402936
2024-01-05T13:23:00Z,5,7,776.6542667,8812.951,0.232294434,14.4482945,57.088375,-0.017669774,-0.022110587,-2.284402936
2024-01-05T13:24:00Z,5,7,797.7893833,8812.951,0.232294434,14.4482945,57.088375,-0.017669774,-0.022110587,-2.284402936
2024-01-05T13:25:00Z,5,7,813.6241833,8812.951,0.232294434,14.4482945,57.088375,-0.017669774,-0.022110587,-2.284402936
2024-01-05T13:26:00Z,5,7,828.9356,8812.951,0.232294434,14.4482945,57.088375,-0.017669774,-0.022110587,-2.284402936
2024-01-05T16:35:30Z,5,9,680.5770333,4167.053,0.3046193,64.16096322,52.26745833,-0.041153994,-0.056427577,-4.445751974
2024-01-05T16:36:00Z,5,9,668.8850333,4167.053,0.3046193,64.16096322,52.26745833,-0.041153994,-0.056427577,-4.445751974
2024-01-05T16:37:00Z,5,9,659.08975,4167.053,0.3046193,64.16096322,52.26745833,-0.041153994,-0.056427577,-4.445751974
2024-01-05T16:38:00Z,5,9,664.77905,4167.053,0.3046193,64.16096322,52.26745833,-0.041153994,-0.056427577,-4.445751974
2024-01-05T16:39:00Z,5,9,678.8306333,4167.053,0.3046193,64.16096322,52.26745833,-0.041153994,-0.056427577,-4.445751974
2024-01-05T16:40:00Z,5,9,692.5418,4167.053,0.3046193,64.16096322,52.26745833,-0.041153994,-0.056427577,-4.445751974
2024-01-05T16:41:00Z,5,9,706.0780333,4167.053,0.3046193,64.16096322,52.26745833,-0.041153994,-0.056427577,-4.445751974
2024-01-05T16:42:00Z,5,9,721.2655333,4167.053,0.3046193,64.16096322,52.26745833,-0.041153994,-0.056427577,-4.445751974
2024-01-05T16:43:00Z,5,9,737.0114667,4167.053,0.3046193,64.16096322,52.26745833,-0.041153994,-0.056427577,-4.445751974
2024-01-05T16:44:00Z,5,9,751.6314833,4167.053,0.3046193,64.16096322,52.26745833,-0.041153994,-0.056427577,-4.445751974
2024-01-05T16:45:00Z,5,9,766.96065,4167.053,0.3046193,64.16096322,52.26745833,-0.041153994,-0.056427577,-4.445751974
2024-01-05T16:46:00Z,5,9,786.66855,4167.053,0.3046193,64.16096322,52.26745833,-0.041153994,-0.056427577,-4.445751974
2024-01-05T16:47:00Z,5,9,801.8627,4167.053,0.3046193,64.16096322,52.26745833,-0.041153994,-0.056427577,-4.445751974
2024-01-05T16:48:00Z,5,9,816.59095,4167.053,0.3046193,64.16096322,52.26745833,-0.041153994,-0.056427577,-4.445751974
2024-01-05T16:49:00Z,5,9,835.7211167,4167.053,0.3046193,64.16096322,52.26745833,-0.041153994,-0.056427577,-4.445751974
2024-01-05T16:50:00Z,5,9,856.2965833,4167.053,0.3046193,64.16096322,52.26745833,-0.041153994,-0.056427577,-4.445751974
2024-01-05T16:51:00Z,5,9,861.8070833,4167.053,0.3046193,64.16096322,52.26745833,-0.041153994,-0.056427577,-4.445751974
2024-01-05T16:52:00Z,5,9,882.9331167,4167.053,0.3046193,64.16096322,52.26745833,-0.041153994,-0.056427577,-4.445751974
2024-01-05T16:53:00Z,5,9,898.0209167,4167.053,0.3046193,64.16096322,52.26745833,-0.041153994,-0.056427577,-4.445751974
2024-01-05T16:54:00Z,5,9,920.0393333,4167.053,0.3046193,64.16096322,52.26745833,-0.041153994,-0.056427577,-4.445751974
2024-01-05T16:55:00Z,5,9,940.1059833,4167.053,0.3046193,64.16096322,52.26745833,-0.041153994,-0.056427577,-4.445751974
2024-01-05T16:56:00Z,5,9,950.9309333,4167.053,0.3046193,64.16096322,52.26745833,-0.041153994,-0.056427577,-4.445751974
2024-01-05T16:57:00Z,5,9,960.9849667,4167.053,0.3046193,64.16096322,52.26745833,-0.041153994,-0.056427577,-4.445751974
2024-01-05T16:58:00Z,5,9,968.6241667,4167.053,0.3046193,64.16096322,52.26745833,-0.041153994,-0.056427577,-4.445751974
2024-01-05T16:59:00Z,5,9,978.8821833,4167.053,0.3046193,64.16096322,52.26745833,-0.041153994,-0.056427577,-4.445751974
2024-01-05T17:00:00Z,5,9,987.8469,4167.053,0.3046193,64.16096322,52.26745833,-0.041153994,-0.056427577,-4.445751974
2024-01-05T17:01:00Z,5,9,994.1327,4167.053,0.3046193,64.16096322,52.26745833,-0.041153994,-0.056427577,-4.445751974
2024-01-05T17:02:00Z,5,9,996.0322,4167.053,0.3046193,64.16096322,52.26745833,-0.041153994,-0.056427577,-4.445751974
2025-01-27T11:29:50Z,27,15,351.12894,1052.144,0.274027142,79.26409893,52.302625,-0.377725428,-0.517554435,-45.32874496
2025-01-27T11:30:00Z,27,15,360.88335,1052.144,0.274027142,79.26409893,52.302625,-0.377725428,-0.517554435,-45.32874496
2025-01-27T11:31:00Z,27,15,388.48729,1052.144,0.274027142,79.26409893,52.302625,-0.377725428,-0.517554435,-45.32874496
2025-01-27T11:32:00Z,27,15,421.32764,1052.144,0.274027142,79.26409893,52.302625,-0.377725428,-0.517554435,-45.32874496
2025-01-27T11:33:00Z,27,15,444.07087,1052.144,0.274027142,79.26409893,52.302625,-0.377725428,-0.517554435,-45.32874496
2025-01-27T11:34:00Z,27,15,464.2612,1052.144,0.274027142,79.26409893,52.302625,-0.377725428,-0.517554435,-45.32874496
2025-01-27T11:35:00Z,27,15,484.47184,1052.144,0.274027142,79.26409893,52.302625,-0.377725428,-0.517554435,-45.32874496
2025-01-27T11:36:00Z,27,15,502.16847,1052.144,0.274027142,79.26409893,52.302625,-0.377725428,-0.517554435,-45.32874496
2025-01-27T11:37:00Z,27,15,517.3149,1052.144,0.274027142,79.26409893,52.302625,-0.377725428,-0.517554435,-45.32874496
2025-01-27T12:41:10Z,27,3,329.190888,5860.433,0.514403687,117.025267,52.18670833,-0.014878933,-0.020436213,-0.953471222
2025-01-27T12:42:00Z,27,3,360.49376,5860.433,0.514403687,117.025267,52.18670833,-0.014878933,-0.020436213,-0.953471222
2025-01-27T12:43:00Z,27,3,413.53889,5860.433,0.514403687,117.025267,52.18670833,-0.014878933,-0.020436213,-0.953471222
2025-01-27T12:44:00Z,27,3,438.8019,5860.433,0.514403687,117.025267,52.18670833,-0.014878933,-0.020436213,-0.953471222
2025-01-27T12:45:00Z,27,3,456.50045,5860.433,0.514403687,117.025267,52.18670833,-0.014878933,-0.020436213,-0.953471222
2025-01-27T12:46:00Z,27,3,469.1347,5860.433,0.514403687,117.025267,52.18670833,-0.014878933,-0.020436213,-0.953471222
2025-01-27T12:47:00Z,27,3,479.29841,5860.433,0.514403687,117.025267,52.18670833,-0.014878933,-0.020436213,-0.953471222
2025-01-27T12:48:00Z,27,3,486.8412,5860.433,0.514403687,117.025267,52.18670833,-0.014878933,-0.020436213,-0.953471222
2025-01-27T12:49:00Z,27,3,499.4326,5860.433,0.514403687,117.025267,52.18670833,-0.014878933,-0.020436213,-0.953471222
2025-01-27T12:50:00Z,27,3,501.94353,5860.433,0.514403687,117.025267,52.18670833,-0.014878933,-0.020436213,-0.953471222
2025-01-27T12:51:00Z,27,3,501.95751,5860.433,0.514403687,117.025267,52.18670833,-0.014878933,-0.020436213,-0.953471222
2025-01-27T12:52:00Z,27,3,504.55889,5860.433,0.514403687,117.025267,52.18670833,-0.014878933,-0.020436213,-0.953471222
2025-01-27T12:53:00Z,27,3,517.17207,5860.433,0.514403687,117.025267,52.18670833,-0.014878933,-0.020436213,-0.953471222
2025-01-27T12:54:00Z,27,3,517.13253,5860.433,0.514403687,117.025267,52.18670833,-0.014878933,-0.020436213,-0.953471222
2025-01-27T12:55:00Z,27,3,517.0896,5860.433,0.514403687,117.025267,52.18670833,-0.014878933,-0.020436213,-0.953471222
2025-01-27T12:56:00Z,27,3,517.12426,5860.433,0.514403687,117.025267,52.18670833,-0.014878933,-0.020436213,-0.953471222
2025-01-27T12:57:00Z,27,3,517.19837,5860.433,0.514403687,117.025267,52.18670833,-0.014878933,-0.020436213,-0.953471222
2025-01-27T12:58:00Z,27,3,519.69617,5860.433,0.514403687,117.025267,52.18670833,-0.014878933,-0.020436213,-0.953471222
2025-01-27T12:59:00Z,27,3,532.242072,5860.433,0.514403687,117.025267,52.18670833,-0.014878933,-0.020436213,-0.953471222
2025-01-27T09:50:10Z,27,5,560.080524,3799.521,0.216853459,136.8694892,53.521625,-0.128816442,-0.172421356,-19.08252962
2025-01-27T09:51:00Z,27,5,641.3857,3799.521,0.216853459,136.8694892,53.521625,-0.128816442,-0.172421356,-19.08252962
2025-01-27T09:52:00Z,27,5,692.0735,3799.521,0.216853459,136.8694892,53.521625,-0.128816442,-0.172421356,-19.08252962
2025-01-27T09:53:00Z,27,5,737.4093,3799.521,0.216853459,136.8694892,53.521625,-0.128816442,-0.172421356,-19.08252962
2025-01-27T09:54:00Z,27,5,780.3886,3799.521,0.216853459,136.8694892,53.521625,-0.128816442,-0.172421356,-19.08252962
2025-01-27T09:55:00Z,27,5,820.9112,3799.521,0.216853459,136.8694892,53.521625,-0.128816442,-0.172421356,-19.08252962
2025-01-27T09:56:00Z,27,5,861.0197,3799.521,0.216853459,136.8694892,53.521625,-0.128816442,-0.172421356,-19.08252962
2025-01-27T09:57:00Z,27,5,891.4099,3799.521,0.216853459,136.8694892,53.521625,-0.128816442,-0.172421356,-19.08252962
2025-01-27T09:58:00Z,27,5,919.2887,3799.521,0.216853459,136.8694892,53.521625,-0.128816442,-0.172421356,-19.08252962
2025-01-27T09:59:00Z,27,5,942.1046,3799.521,0.216853459,136.8694892,53.521625,-0.128816442,-0.172421356,-19.08252962
2025-01-27T10:00:00Z,27,5,984.8531,3223.928,0.216853459,136.8694892,53.521625,-0.163314548,-0.218597219,-24.19298859
2025-01-27T10:01:00Z,27,5,1027.4483,3223.928,0.216853459,136.8694892,53.521625,-0.163314548,-0.218597219,-24.19298859
2025-01-27T10:02:00Z,27,5,1055.74,3223.928,0.216853459,136.8694892,53.521625,-0.163314548,-0.218597219,-24.19298859
2025-01-27T10:03:00Z,27,5,1074.6552,3223.928,0.216853459,136.8694892,53.521625,-0.163314548,-0.218597219,-24.19298859
2025-01-27T10:47:00Z,27,5a,438.31809,4929.498,0.519697921,22.55004842,53.17225,-0.197842978,-0.266638687,-12.31355413
2025-01-27T10:48:00Z,27,5a,552.51584,4929.498,0.519697921,22.55004842,53.17225,-0.197842978,-0.266638687,-12.31355413
2025-01-27T10:49:00Z,27,5a,658.5824,4929.498,0.519697921,22.55004842,53.17225,-0.197842978,-0.266638687,-12.31355413
2025-01-27T10:50:00Z,27,5a,752.1045,4929.498,0.519697921,22.55004842,53.17225,-0.197842978,-0.266638687,-12.31355413
2025-01-27T10:51:00Z,27,5a,837.7373,4929.498,0.519697921,22.55004842,53.17225,-0.197842978,-0.266638687,-12.31355413
2025-01-27T10:52:00Z,27,5a,913.4186,4929.498,0.519697921,22.55004842,53.17225,-0.197842978,-0.266638687,-12.31355413
2025-01-27T10:53:00Z,27,5a,986.8649,4929.498,0.519697921,22.55004842,53.17225,-0.197842978,-0.266638687,-12.31355413
2025-01-27T10:54:00Z,27,5a,1062.4126,4929.498,0.519697921,22.55004842,53.17225,-0.197842978,-0.266638687,-12.31355413
2025-01-27T10:55:00Z,27,5a,1143.3357,4929.498,0.519697921,22.55004842,53.17225,-0.197842978,-0.266638687,-12.31355413
2025-01-27T10:56:00Z,27,5a,1216.7487,4929.498,0.519697921,22.55004842,53.17225,-0.197842978,-0.266638687,-12.31355413
2025-01-27T10:57:00Z,27,5a,1292.3608,4929.498,0.519697921,22.55004842,53.17225,-0.197842978,-0.266638687,-12.31355413
2025-01-27T10:58:00Z,27,5a,1355.3774,4929.498,0.519697921,22.55004842,53.17225,-0.197842978,-0.266638687,-12.31355413
2025-01-27T10:59:00Z,27,5a,1416.0853,4929.498,0.519697921,22.55004842,53.17225,-0.197842978,-0.266638687,-12.31355413
2025-01-27T11:00:00Z,27,5a,1474.3424,4929.498,0.519697921,22.55004842,53.17225,-0.197842978,-0.266638687,-12.31355413
2025-01-27T11:01:00Z,27,5a,1519.7202,4929.498,0.519697921,22.55004842,53.17225,-0.197842978,-0.266638687,-12.31355413
2025-01-27T11:02:00Z,27,5a,1562.5143,4929.498,0.519697921,22.55004842,53.17225,-0.197842978,-0.266638687,-12.31355413
2025-01-27T11:03:00Z,27,5a,1618.0483,4929.498,0.519697921,22.55004842,53.17225,-0.197842978,-0.266638687,-12.31355413
2025-01-27T11:04:00Z,27,5a,1673.7927,4929.498,0.519697921,22.55004842,53.17225,-0.197842978,-0.266638687,-12.31355413
2025-01-27T11:05:00Z,27,5a,1719.2792,4929.498,0.519697921,22.55004842,53.17225,-0.197842978,-0.266638687,-12.31355413
2025-01-27T11:06:00Z,27,5a,1767.1913,4929.498,0.519697921,22.55004842,53.17225,-0.197842978,-0.266638687,-12.31355413
2025-01-27T11:07:00Z,27,5a,1797.8256,4929.498,0.519697921,22.55004842,53.17225,-0.197842978,-0.266638687,-12.31355413
2025-01-27T14:01:00Z,27,6,345.56298,7013.68,0.391295963,127.1474306,53.25191667,-0.014365,-0.019326892,-1.1854081
2025-01-27T14:02:00Z,27,6,363.34752,7013.68,0.391295963,127.1474306,53.25191667,-0.014365,-0.019326892,-1.1854081
2025-01-27T14:03:00Z,27,6,388.56315,7013.68,0.391295963,127.1474306,53.25191667,-0.014365,-0.019326892,-1.1854081
2025-01-27T14:04:00Z,27,6,403.54298,7013.68,0.391295963,127.1474306,53.25191667,-0.014365,-0.019326892,-1.1854081
2025-01-27T14:05:00Z,27,6,411.1283,7013.68,0.391295963,127.1474306,53.25191667,-0.014365,-0.019326892,-1.1854081
2025-01-27T14:06:00Z,27,6,416.13249,7013.68,0.391295963,127.1474306,53.25191667,-0.014365,-0.019326892,-1.1854081
2025-01-27T14:07:00Z,27,6,426.22489,7013.68,0.391295963,127.1474306,53.25191667,-0.014365,-0.019326892,-1.1854081
2025-01-27T14:08:00Z,27,6,431.00872,7013.68,0.391295963,127.1474306,53.25191667,-0.014365,-0.019326892,-1.1854081
2025-01-27T14:09:00Z,27,6,438.90413,7013.68,0.391295963,127.1474306,53.25191667,-0.014365,-0.019326892,-1.1854081
2025-01-27T14:10:00Z,27,6,441.49314,7013.68,0.391295963,127.1474306,53.25191667,-0.014365,-0.019326892,-1.1854081
2025-01-27T14:48:10Z,27,6a,450.504288,1244.816,0.303866762,NA,49.51066667,-1.095489535,-1.583887819,-125.0986037
2025-01-27T14:49:00Z,27,6a,524.82014,1244.816,0.303866762,NA,49.51066667,-1.095489535,-1.583887819,-125.0986037
2025-01-27T14:50:00Z,27,6a,610.60166,1244.816,0.303866762,NA,49.51066667,-1.095489535,-1.583887819,-125.0986037
2025-01-27T14:51:00Z,27,6a,661.0075,1244.816,0.303866762,NA,49.51066667,-1.095489535,-1.583887819,-125.0986037
2025-01-27T14:52:00Z,27,6a,698.9079,1244.816,0.303866762,NA,49.51066667,-1.095489535,-1.583887819,-125.0986037
2025-01-27T14:53:00Z,27,6a,721.6478,1244.816,0.303866762,NA,49.51066667,-1.095489535,-1.583887819,-125.0986037
2025-01-27T14:54:00Z,27,6a,741.8457,1244.816,0.303866762,NA,49.51066667,-1.095489535,-1.583887819,-125.0986037
2025-01-27T14:55:00Z,27,6a,762.0423,1244.816,0.303866762,NA,49.51066667,-1.095489535,-1.583887819,-125.0986037
2025-01-27T14:56:00Z,27,6a,782.3111,1244.816,0.303866762,NA,49.51066667,-1.095489535,-1.583887819,-125.0986037
2025-01-27T14:57:00Z,27,6a,812.6366,1244.816,0.303866762,NA,49.51066667,-1.095489535,-1.583887819,-125.0986037
2025-01-27T14:58:00Z,27,6a,840.5307,1244.816,0.303866762,NA,49.51066667,-1.095489535,-1.583887819,-125.0986037
2025-01-27T14:59:00Z,27,6a,878.176,1244.816,0.303866762,NA,49.51066667,-1.095489535,-1.583887819,-125.0986037
2025-01-27T15:00:00Z,27,6a,905.9423,NA,NA,NA,NA,NA,NA,NA
2025-01-27T15:01:00Z,27,6a,928.6998,NA,NA,NA,NA,NA,NA,NA
2025-01-27T15:02:00Z,27,6a,951.4152,NA,NA,NA,NA,NA,NA,NA
2025-01-27T15:03:00Z,27,6a,979.2701,NA,NA,NA,NA,NA,NA,NA
2025-01-27T15:04:00Z,27,6a,998.96148,NA,NA,NA,NA,NA,NA,NA
2025-01-27T13:14:10Z,27,7,395.991756,7475.905,0.327860796,47.78066883,52.70945833,-0.552638323,-0.751239609,-54.99209058
2025-01-27T13:15:00Z,27,7,615.70584,7475.905,0.327860796,47.78066883,52.70945833,-0.552638323,-0.751239609,-54.99209058
2025-01-27T13:16:00Z,27,7,887.1049,7475.905,0.327860796,47.78066883,52.70945833,-0.552638323,-0.751239609,-54.99209058
2025-01-27T13:17:00Z,27,7,1125.6249,7475.905,0.327860796,47.78066883,52.70945833,-0.552638323,-0.751239609,-54.99209058
2025-01-27T13:18:00Z,27,7,1365.4845,7475.905,0.327860796,47.78066883,52.70945833,-0.552638323,-0.751239609,-54.99209058
2025-01-27T13:19:00Z,27,7,1587.7378,7475.905,0.327860796,47.78066883,52.70945833,-0.552638323,-0.751239609,-54.99209058
2025-01-27T13:20:00Z,27,7,1784.6778,7475.905,0.327860796,47.78066883,52.70945833,-0.552638323,-0.751239609,-54.99209058
2025-01-27T13:21:00Z,27,7,1988.3284,7475.905,0.327860796,47.78066883,52.70945833,-0.552638323,-0.751239609,-54.99209058
2025-01-27T13:22:00Z,27,7,2168.5901,7475.905,0.327860796,47.78066883,52.70945833,-0.552638323,-0.751239609,-54.99209058
2025-01-27T13:23:00Z,27,7,2380.7354,7475.905,0.327860796,47.78066883,52.70945833,-0.552638323,-0.751239609,-54.99209058
2025-01-27T13:24:00Z,27,7,2587.8706,7475.905,0.327860796,47.78066883,52.70945833,-0.552638323,-0.751239609,-54.99209058
2025-01-27T13:25:00Z,27,7,2774.773,7475.905,0.327860796,47.78066883,52.70945833,-0.552638323,-0.751239609,-54.99209058
2025-01-27T13:26:00Z,27,7,2941.5628,7475.905,0.327860796,47.78066883,52.70945833,-0.552638323,-0.751239609,-54.99209058
2025-01-27T13:27:00Z,27,7,3098.0751,7475.905,0.327860796,47.78066883,52.70945833,-0.552638323,-0.751239609,-54.99209058
2025-01-27T13:28:00Z,27,7,3267.4169,7475.905,0.327860796,47.78066883,52.70945833,-0.552638323,-0.751239609,-54.99209058
2025-01-27T13:29:00Z,27,7,3434.2131,7475.905,0.327860796,47.78066883,52.70945833,-0.552638323,-0.751239609,-54.99209058
2025-01-27T13:30:00Z,27,7,3598.251,7475.905,0.327860796,47.78066883,52.70945833,-0.552638323,-0.751239609,-54.99209058
2025-01-27T13:31:00Z,27,7,3756.3113,7475.905,0.327860796,47.78066883,52.70945833,-0.552638323,-0.751239609,-54.99209058
2025-01-27T13:32:00Z,27,7,3893.8536,7475.905,0.327860796,47.78066883,52.70945833,-0.552638323,-0.751239609,-54.99209058
2025-01-27T13:33:00Z,27,7,4010.1072,7475.905,0.327860796,47.78066883,52.70945833,-0.552638323,-0.751239609,-54.99209058
2025-01-27T13:34:00Z,27,7,4146.5716,7475.905,0.327860796,47.78066883,52.70945833,-0.552638323,-0.751239609,-54.99209058
2025-01-27T13:35:00Z,27,7,4262.8163,7475.905,0.327860796,47.78066883,52.70945833,-0.552638323,-0.751239609,-54.99209058
2025-01-27T13:36:00Z,27,7,4396.1928,7475.905,0.327860796,47.78066883,52.70945833,-0.552638323,-0.751239609,-54.99209058
2025-01-27T13:37:00Z,27,7,4502.8024,7475.905,0.327860796,47.78066883,52.70945833,-0.552638323,-0.751239609,-54.99209058
2025-01-27T15:35:30Z,27,9,365.76996,3393.52,0.196666011,17.35154345,50.61779167,-0.145662174,-0.206182707,-25.16136347
2025-01-27T15:36:00Z,27,9,421.18968,3393.52,0.196666011,17.35154345,50.61779167,-0.145662174,-0.206182707,-25.16136347
2025-01-27T15:37:00Z,27,9,502.04677,3393.52,0.196666011,17.35154345,50.61779167,-0.145662174,-0.206182707,-25.16136347
2025-01-27T15:38:00Z,27,9,565.22124,3393.52,0.196666011,17.35154345,50.61779167,-0.145662174,-0.206182707,-25.16136347
2025-01-27T15:39:00Z,27,9,603.1612,3393.52,0.196666011,17.35154345,50.61779167,-0.145662174,-0.206182707,-25.16136347
2025-01-27T15:40:00Z,27,9,628.2049,3393.52,0.196666011,17.35154345,50.61779167,-0.145662174,-0.206182707,-25.16136347
2025-01-27T15:41:00Z,27,9,671.1877,3393.52,0.196666011,17.35154345,50.61779167,-0.145662174,-0.206182707,-25.16136347
2025-01-27T15:42:00Z,27,9,696.4789,3393.52,0.196666011,17.35154345,50.61779167,-0.145662174,-0.206182707,-25.16136347
2025-01-27T15:43:00Z,27,9,714.17,3393.52,0.196666011,17.35154345,50.61779167,-0.145662174,-0.206182707,-25.16136347
2025-02-27T11:53:20Z,27,3,420.250395,5860.433,0.4446129,75.25901077,59.22104167,-0.284425078,-0.342120475,-18.46750597
2025-02-27T11:54:00Z,27,3,537.1759,5860.433,0.4446129,75.25901077,59.22104167,-0.284425078,-0.342120475,-18.46750597
2025-02-27T11:55:00Z,27,3,668.44,5860.433,0.4446129,75.25901077,59.22104167,-0.284425078,-0.342120475,-18.46750597
2025-02-27T11:56:00Z,27,3,776.9225,5860.433,0.4446129,75.25901077,59.22104167,-0.284425078,-0.342120475,-18.46750597
2025-02-27T11:57:00Z,27,3,938.3727,5860.433,0.4446129,75.25901077,59.22104167,-0.284425078,-0.342120475,-18.46750597
2025-02-27T11:58:00Z,27,3,1083.1054,5860.433,0.4446129,75.25901077,59.22104167,-0.284425078,-0.342120475,-18.46750597
2025-02-27T11:59:00Z,27,3,1205.8785,5860.433,0.4446129,75.25901077,59.22104167,-0.284425078,-0.342120475,-18.46750597
2025-02-27T12:00:00Z,27,3,1334.5102,7075.179,0.4446129,75.25901077,59.22104167,-0.220262928,-0.264943085,-14.30150594
2025-02-27T12:01:00Z,27,3,1412.7935,7075.179,0.4446129,75.25901077,59.22104167,-0.220262928,-0.264943085,-14.30150594
2025-02-27T12:02:00Z,27,3,1480.9285,7075.179,0.4446129,75.25901077,59.22104167,-0.220262928,-0.264943085,-14.30150594
2025-02-27T12:03:00Z,27,3,1581.5975,7075.179,0.4446129,75.25901077,59.22104167,-0.220262928,-0.264943085,-14.30150594
2025-02-27T12:04:00Z,27,3,1690.3185,7075.179,0.4446129,75.25901077,59.22104167,-0.220262928,-0.264943085,-14.30150594
2025-02-27T09:51:10Z,27,5,380.83962,3223.928,0.178862124,112.5675355,61.15491667,-0.080928025,-0.09393128,-12.60384622
2025-02-27T09:52:00Z,27,5,405.9838,3223.928,0.178862124,112.5675355,61.15491667,-0.080928025,-0.09393128,-12.60384622
2025-02-27T09:53:00Z,27,5,431.27623,3223.928,0.178862124,112.5675355,61.15491667,-0.080928025,-0.09393128,-12.60384622
2025-02-27T09:54:00Z,27,5,448.99023,3223.928,0.178862124,112.5675355,61.15491667,-0.080928025,-0.09393128,-12.60384622
2025-02-27T09:55:00Z,27,5,474.26994,3223.928,0.178862124,112.5675355,61.15491667,-0.080928025,-0.09393128,-12.60384622
2025-02-27T09:56:00Z,27,5,499.5022,3223.928,0.178862124,112.5675355,61.15491667,-0.080928025,-0.09393128,-12.60384622
2025-02-27T09:57:00Z,27,5,502.01016,3223.928,0.178862124,112.5675355,61.15491667,-0.080928025,-0.09393128,-12.60384622
2025-02-27T10:29:50Z,27,5a,350.5134,4929.498,0.499905573,19.76930171,59.80145833,-0.02968517,-0.035317759,-1.69557266
2025-02-27T10:30:00Z,27,5a,357.96034,4929.498,0.499905573,19.76930171,59.80145833,-0.02968517,-0.035317759,-1.69557266
2025-02-27T10:31:00Z,27,5a,388.31039,4929.498,0.499905573,19.76930171,59.80145833,-0.02968517,-0.035317759,-1.69557266
2025-02-27T10:32:00Z,27,5a,408.53758,4929.498,0.499905573,19.76930171,59.80145833,-0.02968517,-0.035317759,-1.69557266
2025-02-27T10:33:00Z,27,5a,416.09078,4929.498,0.499905573,19.76930171,59.80145833,-0.02968517,-0.035317759,-1.69557266
2025-02-27T10:34:00Z,27,5a,426.16468,4929.498,0.499905573,19.76930171,59.80145833,-0.02968517,-0.035317759,-1.69557266
2025-02-27T10:35:00Z,27,5a,426.1549,4929.498,0.499905573,19.76930171,59.80145833,-0.02968517,-0.035317759,-1.69557266
2025-02-27T10:36:00Z,27,5a,441.30084,4929.498,0.499905573,19.76930171,59.80145833,-0.02968517,-0.035317759,-1.69557266
2025-02-27T13:16:30Z,27,6,325.1138,7013.68,0.305468606,66.12528027,59.465,-0.039738372,-0.047577391,-3.738051521
2025-02-27T13:17:00Z,27,6,342.80225,7013.68,0.305468606,66.12528027,59.465,-0.039738372,-0.047577391,-3.738051521
2025-02-27T13:18:00Z,27,6,375.5886,7013.68,0.305468606,66.12528027,59.465,-0.039738372,-0.047577391,-3.738051521
2025-02-27T13:19:00Z,27,6,405.82645,7013.68,0.305468606,66.12528027,59.465,-0.039738372,-0.047577391,-3.738051521
2025-02-27T13:20:00Z,27,6,446.31806,7013.68,0.305468606,66.12528027,59.465,-0.039738372,-0.047577391,-3.738051521
2025-02-27T13:21:00Z,27,6,463.92593,7013.68,0.305468606,66.12528027,59.465,-0.039738372,-0.047577391,-3.738051521
2025-02-27T13:22:00Z,27,6,486.63472,7013.68,0.305468606,66.12528027,59.465,-0.039738372,-0.047577391,-3.738051521
2025-02-27T13:23:00Z,27,6,506.67442,7013.68,0.305468606,66.12528027,59.465,-0.039738372,-0.047577391,-3.738051521
2025-02-27T13:24:00Z,27,6,531.90105,7013.68,0.305468606,66.12528027,59.465,-0.039738372,-0.047577391,-3.738051521
2025-02-27T13:25:00Z,27,6,547.05023,7013.68,0.305468606,66.12528027,59.465,-0.039738372,-0.047577391,-3.738051521
2025-02-27T13:26:00Z,27,6,574.308504,7013.68,0.305468606,66.12528027,59.465,-0.039738372,-0.047577391,-3.738051521
2025-02-27T12:32:10Z,27,7,353.534712,7475.905,0.249160202,18.393324,60.52491667,-0.020216404,-0.023736458,-2.286380404
2025-02-27T12:33:00Z,27,7,368.13333,7475.905,0.249160202,18.393324,60.52491667,-0.020216404,-0.023736458,-2.286380404
2025-02-27T12:34:00Z,27,7,385.70859,7475.905,0.249160202,18.393324,60.52491667,-0.020216404,-0.023736458,-2.286380404
2025-02-27T12:35:00Z,27,7,400.91096,7475.905,0.249160202,18.393324,60.52491667,-0.020216404,-0.023736458,-2.286380404
2025-02-27T12:36:00Z,27,7,413.57039,7475.905,0.249160202,18.393324,60.52491667,-0.020216404,-0.023736458,-2.286380404
2025-02-27T12:37:00Z,27,7,431.15949,7475.905,0.249160202,18.393324,60.52491667,-0.020216404,-0.023736458,-2.286380404
2025-02-27T12:38:00Z,27,7,441.26862,7475.905,0.249160202,18.393324,60.52491667,-0.020216404,-0.023736458,-2.286380404
2025-02-27T12:39:00Z,27,7,453.92229,7475.905,0.249160202,18.393324,60.52491667,-0.020216404,-0.023736458,-2.286380404
2025-02-27T12:40:00Z,27,7,466.56339,7475.905,0.249160202,18.393324,60.52491667,-0.020216404,-0.023736458,-2.286380404
2025-02-27T12:41:00Z,27,7,481.58537,7475.905,0.249160202,18.393324,60.52491667,-0.020216404,-0.023736458,-2.286380404
2025-02-27T12:42:00Z,27,7,489.20216,7475.905,0.249160202,18.393324,60.52491667,-0.020216404,-0.023736458,-2.286380404
2025-02-27T13:49:20Z,27,9,357.957615,3393.52,0.140803574,6.604070019,58.90379167,-0.018860575,-0.022815193,-3.888854646
2025-02-27T13:50:00Z,27,9,380.69525,3393.52,0.140803574,6.604070019,58.90379167,-0.018860575,-0.022815193,-3.888854646
2025-02-27T13:51:00Z,27,9,390.83073,3393.52,0.140803574,6.604070019,58.90379167,-0.018860575,-0.022815193,-3.888854646
2025-02-27T13:52:00Z,27,9,395.94217,3393.52,0.140803574,6.604070019,58.90379167,-0.018860575,-0.022815193,-3.888854646
2025-02-27T13:53:00Z,27,9,395.89505,3393.52,0.140803574,6.604070019,58.90379167,-0.018860575,-0.022815193,-3.888854646
2025-02-27T13:54:00Z,27,9,408.48651,3393.52,0.140803574,6.604070019,58.90379167,-0.018860575,-0.022815193,-3.888854646
2025-02-27T13:55:00Z,27,9,413.51591,3393.52,0.140803574,6.604070019,58.90379167,-0.018860575,-0.022815193,-3.888854646
2025-02-27T13:56:00Z,27,9,426.05739,3393.52,0.140803574,6.604070019,58.90379167,-0.018860575,-0.022815193,-3.888854646
2025-02-27T13:57:00Z,27,9,426.13455,3393.52,0.140803574,6.604070019,58.90379167,-0.018860575,-0.022815193,-3.888854646
2025-02-27T13:58:00Z,27,9,426.13857,3393.52,0.140803574,6.604070019,58.90379167,-0.018860575,-0.022815193,-3.888854646
2025-02-27T13:59:00Z,27,9,426.18286,3393.52,0.140803574,6.604070019,58.90379167,-0.018860575,-0.022815193,-3.888854646
2025-02-27T14:00:00Z,27,9,428.63429,2824.831,0.140803574,6.604070019,58.90379167,-0.023360398,-0.028258523,-4.816671386
2025-02-27T14:01:00Z,27,9,441.22574,2824.831,0.140803574,6.604070019,58.90379167,-0.023360398,-0.028258523,-4.816671386
2025-02-27T14:02:00Z,27,9,441.19076,2824.831,0.140803574,6.604070019,58.90379167,-0.023360398,-0.028258523,-4.816671386
2025-03-26T10:39:30Z,26,15,395.79908,3992.646,0.208870106,31.85244022,63.575625,-0.012824608,-0.014250102,-1.637392996
2025-03-26T10:40:00Z,26,15,400.86038,3992.646,0.208870106,31.85244022,63.575625,-0.012824608,-0.014250102,-1.637392996
2025-03-26T10:41:00Z,26,15,416.04069,3992.646,0.208870106,31.85244022,63.575625,-0.012824608,-0.014250102,-1.637392996
2025-03-26T10:42:00Z,26,15,426.1334,3992.646,0.208870106,31.85244022,63.575625,-0.012824608,-0.014250102,-1.637392996
2025-03-26T10:43:00Z,26,15,426.16993,3992.646,0.208870106,31.85244022,63.575625,-0.012824608,-0.014250102,-1.637392996
2025-03-26T10:44:00Z,26,15,431.17055,3992.646,0.208870106,31.85244022,63.575625,-0.012824608,-0.014250102,-1.637392996
2025-03-26T10:45:00Z,26,15,443.80436,3992.646,0.208870106,31.85244022,63.575625,-0.012824608,-0.014250102,-1.637392996
2025-03-26T10:46:00Z,26,15,456.39106,3992.646,0.208870106,31.85244022,63.575625,-0.012824608,-0.014250102,-1.637392996
2025-03-26T10:47:00Z,26,15,456.36887,3992.646,0.208870106,31.85244022,63.575625,-0.012824608,-0.014250102,-1.637392996
2025-03-26T10:48:00Z,26,15,456.3998,3992.646,0.208870106,31.85244022,63.575625,-0.012824608,-0.014250102,-1.637392996
2025-03-26T10:49:00Z,26,15,456.34367,3992.646,0.208870106,31.85244022,63.575625,-0.012824608,-0.014250102,-1.637392996
2025-03-26T10:50:00Z,26,15,456.36827,3992.646,0.208870106,31.85244022,63.575625,-0.012824608,-0.014250102,-1.637392996
2025-03-26T10:51:00Z,26,15,456.41747,3992.646,0.208870106,31.85244022,63.575625,-0.012824608,-0.014250102,-1.637392996
2025-03-26T10:52:00Z,26,15,456.3499,3992.646,0.208870106,31.85244022,63.575625,-0.012824608,-0.014250102,-1.637392996
2025-03-26T10:53:00Z,26,15,456.39623,3992.646,0.208870106,31.85244022,63.575625,-0.012824608,-0.014250102,-1.637392996
2025-03-26T10:54:00Z,26,15,471.48973,3992.646,0.208870106,31.85244022,63.575625,-0.012824608,-0.014250102,-1.637392996
2025-03-26T10:55:00Z,26,15,471.43674,3992.646,0.208870106,31.85244022,63.575625,-0.012824608,-0.014250102,-1.637392996
2025-03-26T08:54:50Z,26,5,335.30592,2805.316,0.106979611,66.81613267,63.22533333,-0.535207972,-0.598357903,-134.2366971
2025-03-26T08:55:00Z,26,5,345.34159,2805.316,0.106979611,66.81613267,63.22533333,-0.535207972,-0.598357903,-134.2366971
2025-03-26T08:56:10Z,26,5,395.81274,2805.316,0.106979611,66.81613267,63.22533333,-0.535207972,-0.598357903,-134.2366971
2025-03-26T08:57:00Z,26,5,474.16358,2805.316,0.106979611,66.81613267,63.22533333,-0.535207972,-0.598357903,-134.2366971
2025-03-26T08:58:00Z,26,5,562.50526,2805.316,0.106979611,66.81613267,63.22533333,-0.535207972,-0.598357903,-134.2366971
2025-03-26T08:59:00Z,26,5,620.52434,2805.316,0.106979611,66.81613267,63.22533333,-0.535207972,-0.598357903,-134.2366971
2025-03-26T09:00:00Z,26,5,705.1091,2805.316,0.106979611,66.81613267,63.22533333,-0.535207972,-0.598357903,-134.2366971
2025-03-26T09:01:00Z,26,5,786.6054,2805.316,0.106979611,66.81613267,63.22533333,-0.535207972,-0.598357903,-134.2366971
2025-03-26T09:02:00Z,26,5,862.9012,2805.316,0.106979611,66.81613267,63.22533333,-0.535207972,-0.598357903,-134.2366971
2025-03-26T09:03:00Z,26,5,936.2055,2805.316,0.106979611,66.81613267,63.22533333,-0.535207972,-0.598357903,-134.2366971
2025-03-26T09:04:00Z,26,5,1011.9696,2805.316,0.106979611,66.81613267,63.22533333,-0.535207972,-0.598357903,-134.2366971
2025-03-26T09:05:00Z,26,5,1061.1392,2805.316,0.106979611,66.81613267,63.22533333,-0.535207972,-0.598357903,-134.2366971
2025-03-26T09:06:00Z,26,5,1130.5527,2805.316,0.106979611,66.81613267,63.22533333,-0.535207972,-0.598357903,-134.2366971
2025-03-26T09:07:00Z,26,5,1221.4882,2805.316,0.106979611,66.81613267,63.22533333,-0.535207972,-0.598357903,-134.2366971
2025-03-26T09:08:00Z,26,5,1292.0774,2805.316,0.106979611,66.81613267,63.22533333,-0.535207972,-0.598357903,-134.2366971
2025-03-26T09:09:00Z,26,5,1332.4502,2805.316,0.106979611,66.81613267,63.22533333,-0.535207972,-0.598357903,-134.2366971
2025-03-26T09:10:00Z,26,5,1387.9553,2805.316,0.106979611,66.81613267,63.22533333,-0.535207972,-0.598357903,-134.2366971
2025-03-26T09:11:00Z,26,5,1418.28,2805.316,0.106979611,66.81613267,63.22533333,-0.535207972,-0.598357903,-134.2366971
2025-03-26T12:32:20Z,26,6,342.608475,7473.47,0.260846401,NA,61.61941667,-0.014273823,-0.016426729,-1.511393252
2025-03-26T12:33:00Z,26,6,365.25504,7473.47,0.260846401,NA,61.61941667,-0.014273823,-0.016426729,-1.511393252
2025-03-26T12:34:00Z,26,6,386.57694,7473.47,0.260846401,NA,61.61941667,-0.014273823,-0.016426729,-1.511393252
2025-03-26T12:35:00Z,26,6,408.05589,7473.47,0.260846401,NA,61.61941667,-0.014273823,-0.016426729,-1.511393252
2025-03-26T12:36:00Z,26,6,423.12418,7473.47,0.260846401,NA,61.61941667,-0.014273823,-0.016426729,-1.511393252
2025-03-26T12:37:00Z,26,6,443.71719,7473.47,0.260846401,NA,61.61941667,-0.014273823,-0.016426729,-1.511393252
2025-03-26T12:38:00Z,26,6,466.34748,7473.47,0.260846401,NA,61.61941667,-0.014273823,-0.016426729,-1.511393252
2025-03-26T12:39:00Z,26,6,471.33262,7473.47,0.260846401,NA,61.61941667,-0.014273823,-0.016426729,-1.511393252
2025-03-26T12:40:00Z,26,6,473.83993,7473.47,0.260846401,NA,61.61941667,-0.014273823,-0.016426729,-1.511393252
2025-03-26T12:41:00Z,26,6,486.44832,7473.47,0.260846401,NA,61.61941667,-0.014273823,-0.016426729,-1.511393252
2025-03-26T12:42:00Z,26,6,486.41857,7473.47,0.260846401,NA,61.61941667,-0.014273823,-0.016426729,-1.511393252
2025-03-26T12:43:00Z,26,6,486.38654,7473.47,0.260846401,NA,61.61941667,-0.014273823,-0.016426729,-1.511393252
2025-03-26T12:44:00Z,26,6,486.42835,7473.47,0.260846401,NA,61.61941667,-0.014273823,-0.016426729,-1.511393252
2025-03-26T12:45:00Z,26,6,486.43696,7473.47,0.260846401,NA,61.61941667,-0.014273823,-0.016426729,-1.511393252
2025-03-26T12:46:00Z,26,6,498.97673,7473.47,0.260846401,NA,61.61941667,-0.014273823,-0.016426729,-1.511393252
2025-03-26T12:47:00Z,26,6,509.08747,7473.47,0.260846401,NA,61.61941667,-0.014273823,-0.016426729,-1.511393252
2025-03-26T12:48:00Z,26,6,521.70553,7473.47,0.260846401,NA,61.61941667,-0.014273823,-0.016426729,-1.511393252
2025-03-26T12:49:00Z,26,6,531.61131,7473.47,0.260846401,NA,61.61941667,-0.014273823,-0.016426729,-1.511393252
2025-03-26T11:30:10Z,26,7,362.407284,11964.4,0.199539005,8.449188223,63.16841667,-0.062742074,-0.070213186,-8.445047936
2025-03-26T11:31:00Z,26,7,433.54005,11964.4,0.199539005,8.449188223,63.16841667,-0.062742074,-0.070213186,-8.445047936
2025-03-26T11:32:00Z,26,7,541.62696,11964.4,0.199539005,8.449188223,63.16841667,-0.062742074,-0.070213186,-8.445047936
2025-03-26T11:33:00Z,26,7,604.9717,11964.4,0.199539005,8.449188223,63.16841667,-0.062742074,-0.070213186,-8.445047936
2025-03-26T11:34:00Z,26,7,675.6604,11964.4,0.199539005,8.449188223,63.16841667,-0.062742074,-0.070213186,-8.445047936
2025-03-26T11:35:00Z,26,7,761.4243,11964.4,0.199539005,8.449188223,63.16841667,-0.062742074,-0.070213186,-8.445047936
2025-03-26T11:36:00Z,26,7,842.0554,11964.4,0.199539005,8.449188223,63.16841667,-0.062742074,-0.070213186,-8.445047936
2025-03-26T11:37:00Z,26,7,910.0572,11964.4,0.199539005,8.449188223,63.16841667,-0.062742074,-0.070213186,-8.445047936
2025-03-26T11:38:00Z,26,7,970.8141,11964.4,0.199539005,8.449188223,63.16841667,-0.062742074,-0.070213186,-8.445047936
2025-03-26T11:39:00Z,26,7,1021.1727,11964.4,0.199539005,8.449188223,63.16841667,-0.062742074,-0.070213186,-8.445047936
2025-03-26T11:40:00Z,26,7,1076.6719,11964.4,0.199539005,8.449188223,63.16841667,-0.062742074,-0.070213186,-8.445047936
2025-03-26T11:41:00Z,26,7,1116.9791,11964.4,0.199539005,8.449188223,63.16841667,-0.062742074,-0.070213186,-8.445047936
2025-03-26T11:42:00Z,26,7,1134.4766,11964.4,0.199539005,8.449188223,63.16841667,-0.062742074,-0.070213186,-8.445047936
2025-03-26T11:43:00Z,26,7,1152.0885,11964.4,0.199539005,8.449188223,63.16841667,-0.062742074,-0.070213186,-8.445047936
2025-03-26T13:49:50Z,26,9,350.3124,2824.831,0.109133966,NA,62.78204167,-0.01985889,-0.022382569,-4.922222491
2025-03-26T13:50:00Z,26,9,363.00896,2824.831,0.109133966,NA,62.78204167,-0.01985889,-0.022382569,-4.922222491
2025-03-26T13:51:00Z,26,9,378.32017,2824.831,0.109133966,NA,62.78204167,-0.01985889,-0.022382569,-4.922222491
2025-03-26T13:52:00Z,26,9,380.83991,2824.831,0.109133966,NA,62.78204167,-0.01985889,-0.022382569,-4.922222491
2025-03-26T13:53:00Z,26,9,380.87422,2824.831,0.109133966,NA,62.78204167,-0.01985889,-0.022382569,-4.922222491
2025-03-26T13:54:00Z,26,9,383.38326,2824.831,0.109133966,NA,62.78204167,-0.01985889,-0.022382569,-4.922222491
2025-03-26T13:55:00Z,26,9,395.89964,2824.831,0.109133966,NA,62.78204167,-0.01985889,-0.022382569,-4.922222491
2025-03-26T13:56:00Z,26,9,395.88935,2824.831,0.109133966,NA,62.78204167,-0.01985889,-0.022382569,-4.922222491
2025-03-26T13:57:00Z,26,9,395.9367,2824.831,0.109133966,NA,62.78204167,-0.01985889,-0.022382569,-4.922222491
2025-03-26T13:58:00Z,26,9,395.95198,2824.831,0.109133966,NA,62.78204167,-0.01985889,-0.022382569,-4.922222491
2025-03-26T13:59:00Z,26,9,408.40708,2824.831,0.109133966,NA,62.78204167,-0.01985889,-0.022382569,-4.922222491
2025-03-26T14:00:00Z,26,9,407.234775,2824.831,0.109133966,NA,62.78204167,-0.01985889,-0.022382569,-4.922222491
2025-04-16T12:44:30Z,16,15,350.417,NA,NA,NA,NA,NA,NA,NA
2025-04-16T12:45:00Z,16,15,570.0351,NA,NA,NA,NA,NA,NA,NA
2025-04-16T12:46:00Z,16,15,969.8225,NA,NA,NA,NA,NA,NA,NA
2025-04-16T12:47:00Z,16,15,1299.0774,NA,NA,NA,NA,NA,NA,NA
2025-04-16T12:48:00Z,16,15,1586.6996,NA,NA,NA,NA,NA,NA,NA
2025-04-16T12:49:00Z,16,15,1861.653,NA,NA,NA,NA,NA,NA,NA
2025-04-16T12:50:00Z,16,15,2136.3186,NA,NA,NA,NA,NA,NA,NA
2025-04-16T12:51:00Z,16,15,2401.5509,NA,NA,NA,NA,NA,NA,NA
2025-04-16T12:52:00Z,16,15,2646.3507,NA,NA,NA,NA,NA,NA,NA
2025-04-16T12:53:00Z,16,15,2868.4933,NA,NA,NA,NA,NA,NA,NA
2025-04-16T12:54:00Z,16,15,3097.8939,NA,NA,NA,NA,NA,NA,NA
2025-04-16T12:55:00Z,16,15,3321.4511,NA,NA,NA,NA,NA,NA,NA
2025-04-16T12:56:00Z,16,15,3552.0112,NA,NA,NA,NA,NA,NA,NA
2025-04-16T12:57:00Z,16,15,3766.6889,NA,NA,NA,NA,NA,NA,NA
2025-04-16T12:58:00Z,16,15,3965.94,NA,NA,NA,NA,NA,NA,NA
2025-04-16T12:59:00Z,16,15,4137.5932,NA,NA,NA,NA,NA,NA,NA
2025-04-16T13:00:00Z,16,15,4313.3913,NA,NA,NA,NA,NA,NA,NA
2025-04-16T13:01:00Z,16,15,4508.413,NA,NA,NA,NA,NA,NA,NA
2025-04-16T13:02:00Z,16,15,4682.6029,NA,NA,NA,NA,NA,NA,NA
2025-04-16T13:03:00Z,16,15,4841.5202,NA,NA,NA,NA,NA,NA,NA
2025-04-16T13:04:00Z,16,15,5007.8252,NA,NA,NA,NA,NA,NA,NA
2025-04-16T13:05:00Z,16,15,5166.9716,NA,NA,NA,NA,NA,NA,NA
2025-04-16T13:06:00Z,16,15,5323.4408,NA,NA,NA,NA,NA,NA,NA
2025-04-16T13:07:00Z,16,15,5494.9566,NA,NA,NA,NA,NA,NA,NA
2025-04-16T13:08:00Z,16,15,5646.6133,NA,NA,NA,NA,NA,NA,NA
2025-04-16T13:09:00Z,16,15,5811.7059,NA,NA,NA,NA,NA,NA,NA
2025-04-16T13:10:00Z,16,15,5933.9562,NA,NA,NA,NA,NA,NA,NA
2025-04-16T13:11:00Z,16,15,6075.601,NA,NA,NA,NA,NA,NA,NA
2025-04-16T08:01:10Z,16,5,354.507555,2805.316,0.060014183,NA,65.205,-0.287744769,-0.310539122,-124.1862929
2025-04-16T08:02:00Z,16,5,365.75107,2805.316,0.060014183,NA,65.205,-0.287744769,-0.310539122,-124.1862929
2025-04-16T08:03:00Z,16,5,421.3187,2805.316,0.060014183,NA,65.205,-0.287744769,-0.310539122,-124.1862929
2025-04-16T08:04:00Z,16,5,486.36509,2805.316,0.060014183,NA,65.205,-0.287744769,-0.310539122,-124.1862929
2025-04-16T08:05:00Z,16,5,547.45464,2805.316,0.060014183,NA,65.205,-0.287744769,-0.310539122,-124.1862929
2025-04-16T08:06:00Z,16,5,603.02878,2805.316,0.060014183,NA,65.205,-0.287744769,-0.310539122,-124.1862929
2025-04-16T08:07:00Z,16,5,658.6359,2805.316,0.060014183,NA,65.205,-0.287744769,-0.310539122,-124.1862929
2025-04-16T08:08:00Z,16,5,716.7588,2805.316,0.060014183,NA,65.205,-0.287744769,-0.310539122,-124.1862929
2025-04-16T08:09:00Z,16,5,761.7028,2805.316,0.060014183,NA,65.205,-0.287744769,-0.310539122,-124.1862929
2025-04-16T08:10:00Z,16,5,787.2523,2805.316,0.060014183,NA,65.205,-0.287744769,-0.310539122,-124.1862929
2025-04-16T13:38:40Z,16,6,380.63817,NA,NA,NA,NA,NA,NA,NA
2025-04-16T13:39:00Z,16,6,441.34808,NA,NA,NA,NA,NA,NA,NA
2025-04-16T13:40:00Z,16,6,584.92993,NA,NA,NA,NA,NA,NA,NA
2025-04-16T13:41:00Z,16,6,708.7487,NA,NA,NA,NA,NA,NA,NA
2025-04-16T13:42:00Z,16,6,814.8461,NA,NA,NA,NA,NA,NA,NA
2025-04-16T13:43:00Z,16,6,918.1906,NA,NA,NA,NA,NA,NA,NA
2025-04-16T13:44:00Z,16,6,1021.815,NA,NA,NA,NA,NA,NA,NA
2025-04-16T13:45:00Z,16,6,1115.1071,NA,NA,NA,NA,NA,NA,NA
2025-04-16T13:46:00Z,16,6,1213.5075,NA,NA,NA,NA,NA,NA,NA
2025-04-16T13:47:00Z,16,6,1296.8628,NA,NA,NA,NA,NA,NA,NA
2025-04-16T13:48:00Z,16,6,1374.8503,NA,NA,NA,NA,NA,NA,NA
2025-04-16T13:49:00Z,16,6,1459.1277,NA,NA,NA,NA,NA,NA,NA
2025-04-16T13:50:00Z,16,6,1543.9756,NA,NA,NA,NA,NA,NA,NA
2025-04-16T13:51:00Z,16,6,1619.6615,NA,NA,NA,NA,NA,NA,NA
2025-04-16T13:52:00Z,16,6,1690.2916,NA,NA,NA,NA,NA,NA,NA
2025-04-16T13:53:00Z,16,6,1762.8272,NA,NA,NA,NA,NA,NA,NA
2025-04-16T13:54:00Z,16,6,1821.4295,NA,NA,NA,NA,NA,NA,NA
2025-04-16T13:55:00Z,16,6,1886.982,NA,NA,NA,NA,NA,NA,NA
2025-04-16T13:56:00Z,16,6,1970.3765,NA,NA,NA,NA,NA,NA,NA
2025-04-16T12:44:30Z,16,7,350.417,NA,NA,NA,NA,NA,NA,NA
2025-04-16T12:45:00Z,16,7,570.0351,NA,NA,NA,NA,NA,NA,NA
2025-04-16T12:46:00Z,16,7,969.8225,NA,NA,NA,NA,NA,NA,NA
2025-04-16T12:47:00Z,16,7,1299.0774,NA,NA,NA,NA,NA,NA,NA
2025-04-16T12:48:00Z,16,7,1586.6996,NA,NA,NA,NA,NA,NA,NA
2025-04-16T12:49:00Z,16,7,1861.653,NA,NA,NA,NA,NA,NA,NA
2025-04-16T12:50:00Z,16,7,2136.3186,NA,NA,NA,NA,NA,NA,NA
2025-04-16T12:51:00Z,16,7,2401.5509,NA,NA,NA,NA,NA,NA,NA
2025-04-16T12:52:00Z,16,7,2646.3507,NA,NA,NA,NA,NA,NA,NA
2025-04-16T12:53:00Z,16,7,2868.4933,NA,NA,NA,NA,NA,NA,NA
2025-04-16T12:54:00Z,16,7,3097.8939,NA,NA,NA,NA,NA,NA,NA
2025-04-16T12:55:00Z,16,7,3321.4511,NA,NA,NA,NA,NA,NA,NA
2025-04-16T12:56:00Z,16,7,3552.0112,NA,NA,NA,NA,NA,NA,NA
2025-04-16T12:57:00Z,16,7,3766.6889,NA,NA,NA,NA,NA,NA,NA
2025-04-16T12:58:00Z,16,7,3965.94,NA,NA,NA,NA,NA,NA,NA
2025-04-16T12:59:00Z,16,7,4137.5932,NA,NA,NA,NA,NA,NA,NA
2025-04-16T13:00:00Z,16,7,4313.3913,NA,NA,NA,NA,NA,NA,NA
2025-04-16T13:01:00Z,16,7,4508.413,NA,NA,NA,NA,NA,NA,NA
2025-04-16T13:02:00Z,16,7,4682.6029,NA,NA,NA,NA,NA,NA,NA
2025-04-16T13:03:00Z,16,7,4841.5202,NA,NA,NA,NA,NA,NA,NA
2025-04-16T13:04:00Z,16,7,5007.8252,NA,NA,NA,NA,NA,NA,NA
2025-04-16T13:05:00Z,16,7,5166.9716,NA,NA,NA,NA,NA,NA,NA
2025-04-16T13:06:00Z,16,7,5323.4408,NA,NA,NA,NA,NA,NA,NA
2025-04-16T13:07:00Z,16,7,5494.9566,NA,NA,NA,NA,NA,NA,NA
2025-04-16T13:08:00Z,16,7,5646.6133,NA,NA,NA,NA,NA,NA,NA
2025-04-16T13:09:00Z,16,7,5811.7059,NA,NA,NA,NA,NA,NA,NA
2025-04-16T13:10:00Z,16,7,5933.9562,NA,NA,NA,NA,NA,NA,NA
2025-04-16T13:11:00Z,16,7,6075.601,NA,NA,NA,NA,NA,NA,NA
2024-05-30T14:40:00Z,30,13,749.64344,4081.731,0.021803076,0.804262301,73.38625,-0.007223012,-0.00677705,-7.459919314
2024-05-30T14:41:00Z,30,13,752.84685,4081.731,0.021803076,0.804262301,73.38625,-0.007223012,-0.00677705,-7.459919314
2024-05-30T14:42:00Z,30,13,753.07323,4081.731,0.021803076,0.804262301,73.38625,-0.007223012,-0.00677705,-7.459919314
2024-05-30T14:43:00Z,30,13,760.03837,4081.731,0.021803076,0.804262301,73.38625,-0.007223012,-0.00677705,-7.459919314
2024-05-30T14:44:00Z,30,13,764.90568,4081.731,0.021803076,0.804262301,73.38625,-0.007223012,-0.00677705,-7.459919314
2024-05-30T14:45:00Z,30,13,762.34893,4081.731,0.021803076,0.804262301,73.38625,-0.007223012,-0.00677705,-7.459919314
2024-05-30T14:46:00Z,30,13,768.58243,4081.731,0.021803076,0.804262301,73.38625,-0.007223012,-0.00677705,-7.459919314
2024-05-30T14:47:00Z,30,13,776.38078,4081.731,0.021803076,0.804262301,73.38625,-0.007223012,-0.00677705,-7.459919314
2024-05-30T14:48:00Z,30,13,764.54301,4081.731,0.021803076,0.804262301,73.38625,-0.007223012,-0.00677705,-7.459919314
2024-05-30T14:49:00Z,30,13,774.56603,4081.731,0.021803076,0.804262301,73.38625,-0.007223012,-0.00677705,-7.459919314
2024-05-30T14:50:00Z,30,13,775.83107,4081.731,0.021803076,0.804262301,73.38625,-0.007223012,-0.00677705,-7.459919314
2024-05-30T14:51:00Z,30,13,775.42668,4081.731,0.021803076,0.804262301,73.38625,-0.007223012,-0.00677705,-7.459919314
2024-05-30T14:52:00Z,30,13,775.69016,4081.731,0.021803076,0.804262301,73.38625,-0.007223012,-0.00677705,-7.459919314
2024-05-30T14:53:00Z,30,13,784.63938,4081.731,0.021803076,0.804262301,73.38625,-0.007223012,-0.00677705,-7.459919314
2024-05-30T14:54:00Z,30,13,786.07522,4081.731,0.021803076,0.804262301,73.38625,-0.007223012,-0.00677705,-7.459919314
2024-05-30T14:55:00Z,30,13,782.47897,4081.731,0.021803076,0.804262301,73.38625,-0.007223012,-0.00677705,-7.459919314
2024-05-30T14:56:00Z,30,13,784.52682,4081.731,0.021803076,0.804262301,73.38625,-0.007223012,-0.00677705,-7.459919314
2024-05-30T14:57:00Z,30,13,792.17019,4081.731,0.021803076,0.804262301,73.38625,-0.007223012,-0.00677705,-7.459919314
2024-05-30T14:58:00Z,30,13,796.71032,4081.731,0.021803076,0.804262301,73.38625,-0.007223012,-0.00677705,-7.459919314
2024-05-30T14:59:00Z,30,13,800.65699,4081.731,0.021803076,0.804262301,73.38625,-0.007223012,-0.00677705,-7.459919314
2024-05-30T15:00:00Z,30,13,793.9673,4081.731,0.021803076,0.804262301,73.38625,-0.007223012,-0.00677705,-7.459919314
2024-05-30T15:01:00Z,30,13,795.07344,4081.731,0.021803076,0.804262301,73.38625,-0.007223012,-0.00677705,-7.459919314
2024-05-30T15:02:00Z,30,13,799.57199,4081.731,0.021803076,0.804262301,73.38625,-0.007223012,-0.00677705,-7.459919314
2024-05-30T15:03:00Z,30,13,808.45443,4081.731,0.021803076,0.804262301,73.38625,-0.007223012,-0.00677705,-7.459919314
2024-05-30T15:04:00Z,30,13,816.90917,4081.731,0.021803076,0.804262301,73.38625,-0.007223012,-0.00677705,-7.459919314
2024-05-30T15:05:00Z,30,13,815.81976,4081.731,0.021803076,0.804262301,73.38625,-0.007223012,-0.00677705,-7.459919314
2024-05-30T15:06:00Z,30,13,815.76824,4081.731,0.021803076,0.804262301,73.38625,-0.007223012,-0.00677705,-7.459919314
2024-05-30T15:07:00Z,30,13,817.58551,4081.731,0.021803076,0.804262301,73.38625,-0.007223012,-0.00677705,-7.459919314
2024-05-30T15:08:00Z,30,13,828.65146,4081.731,0.021803076,0.804262301,73.38625,-0.007223012,-0.00677705,-7.459919314
2024-05-30T15:09:00Z,30,13,829.96116,4081.731,0.021803076,0.804262301,73.38625,-0.007223012,-0.00677705,-7.459919314
2024-05-30T15:10:00Z,30,13,834.75287,4081.731,0.021803076,0.804262301,73.38625,-0.007223012,-0.00677705,-7.459919314
2024-05-30T15:11:00Z,30,13,835.40849,4081.731,0.021803076,0.804262301,73.38625,-0.007223012,-0.00677705,-7.459919314
2024-05-30T15:12:00Z,30,13,837.32425,4081.731,0.021803076,0.804262301,73.38625,-0.007223012,-0.00677705,-7.459919314
2024-05-30T15:13:00Z,30,13,829.40242,4081.731,0.021803076,0.804262301,73.38625,-0.007223012,-0.00677705,-7.459919314
2024-05-30T15:14:00Z,30,13,839.90305,4081.731,0.021803076,0.804262301,73.38625,-0.007223012,-0.00677705,-7.459919314
2024-05-30T15:15:00Z,30,13,843.26921,4081.731,0.021803076,0.804262301,73.38625,-0.007223012,-0.00677705,-7.459919314
2024-05-30T15:16:00Z,30,13,842.98172,4081.731,0.021803076,0.804262301,73.38625,-0.007223012,-0.00677705,-7.459919314
2024-05-30T15:17:00Z,30,13,838.73881,4081.731,0.021803076,0.804262301,73.38625,-0.007223012,-0.00677705,-7.459919314
2024-05-30T15:18:00Z,30,13,832.91173,4081.731,0.021803076,0.804262301,73.38625,-0.007223012,-0.00677705,-7.459919314
2024-05-30T15:19:00Z,30,13,833.04921,4081.731,0.021803076,0.804262301,73.38625,-0.007223012,-0.00677705,-7.459919314
2024-05-30T15:20:00Z,30,13,840.48433,4081.731,0.021803076,0.804262301,73.38625,-0.007223012,-0.00677705,-7.459919314
2024-05-30T15:21:00Z,30,13,836.46045,4081.731,0.021803076,0.804262301,73.38625,-0.007223012,-0.00677705,-7.459919314
2024-05-30T15:22:00Z,30,13,838.58082,4081.731,0.021803076,0.804262301,73.38625,-0.007223012,-0.00677705,-7.459919314
2024-05-30T15:23:00Z,30,13,838.46595,4081.731,0.021803076,0.804262301,73.38625,-0.007223012,-0.00677705,-7.459919314
2024-05-30T15:24:00Z,30,13,836.45527,4081.731,0.021803076,0.804262301,73.38625,-0.007223012,-0.00677705,-7.459919314
2024-05-30T15:25:00Z,30,13,850.6841,4081.731,0.021803076,0.804262301,73.38625,-0.007223012,-0.00677705,-7.459919314
2024-05-30T15:26:00Z,30,13,847.21175,4081.731,0.021803076,0.804262301,73.38625,-0.007223012,-0.00677705,-7.459919314
2024-05-30T15:27:00Z,30,13,855.65214,4081.731,0.021803076,0.804262301,73.38625,-0.007223012,-0.00677705,-7.459919314
2024-05-30T15:28:00Z,30,13,848.9782,4081.731,0.021803076,0.804262301,73.38625,-0.007223012,-0.00677705,-7.459919314
2024-05-30T15:29:00Z,30,13,846.92818,4081.731,0.021803076,0.804262301,73.38625,-0.007223012,-0.00677705,-7.459919314
2024-05-30T15:30:00Z,30,13,850.89466,4081.731,0.021803076,0.804262301,73.38625,-0.007223012,-0.00677705,-7.459919314
2024-05-30T15:31:00Z,30,13,846.53877,4081.731,0.021803076,0.804262301,73.38625,-0.007223012,-0.00677705,-7.459919314
2024-05-30T15:32:00Z,30,13,860.25485,4081.731,0.021803076,0.804262301,73.38625,-0.007223012,-0.00677705,-7.459919314
2024-05-30T15:33:00Z,30,13,852.03496,4081.731,0.021803076,0.804262301,73.38625,-0.007223012,-0.00677705,-7.459919314
2024-05-30T15:34:00Z,30,13,848.2117,4081.731,0.021803076,0.804262301,73.38625,-0.007223012,-0.00677705,-7.459919314
2024-05-30T15:35:00Z,30,13,855.30011,4081.731,0.021803076,0.804262301,73.38625,-0.007223012,-0.00677705,-7.459919314
2024-05-30T15:36:00Z,30,13,856.90948,4081.731,0.021803076,0.804262301,73.38625,-0.007223012,-0.00677705,-7.459919314
2024-05-30T15:37:00Z,30,13,860.99559,4081.731,0.021803076,0.804262301,73.38625,-0.007223012,-0.00677705,-7.459919314
2024-05-30T15:38:00Z,30,13,858.84547,4081.731,0.021803076,0.804262301,73.38625,-0.007223012,-0.00677705,-7.459919314
2024-05-30T15:39:00Z,30,13,859.08984,4081.731,0.021803076,0.804262301,73.38625,-0.007223012,-0.00677705,-7.459919314
2024-05-30T08:02:10Z,30,5,892.5125,2142.973,0.038657298,23.78523365,72.257625,-0.032356668,-0.030928824,-19.20185348
2024-05-30T08:03:00Z,30,5,977.7292525,2142.973,0.038657298,23.78523365,72.257625,-0.032356668,-0.030928824,-19.20185348
2024-05-30T08:04:00Z,30,5,1021.342405,2142.973,0.038657298,23.78523365,72.257625,-0.032356668,-0.030928824,-19.20185348
2024-05-30T09:05:00Z,30,5,1082.46418,2314.87,0.038657298,23.78523365,72.257625,-0.027477208,-0.026264686,-16.30616973
2024-05-30T09:06:00Z,30,5,1096.54713,2314.87,0.038657298,23.78523365,72.257625,-0.027477208,-0.026264686,-16.30616973
2024-05-30T09:07:00Z,30,5,1085.675716,2314.87,0.038657298,23.78523365,72.257625,-0.027477208,-0.026264686,-16.30616973
2024-05-30T09:08:00Z,30,5,985.67602,2314.87,0.038657298,23.78523365,72.257625,-0.027477208,-0.026264686,-16.30616973
2024-05-30T09:09:00Z,30,5,989.75849,2314.87,0.038657298,23.78523365,72.257625,-0.027477208,-0.026264686,-16.30616973
2024-05-30T09:10:00Z,30,5,996.64033,2314.87,0.038657298,23.78523365,72.257625,-0.027477208,-0.026264686,-16.30616973
2024-05-30T09:11:00Z,30,5,989.45637,2314.87,0.038657298,23.78523365,72.257625,-0.027477208,-0.026264686,-16.30616973
2024-05-30T09:12:00Z,30,5,997.10359,2314.87,0.038657298,23.78523365,72.257625,-0.027477208,-0.026264686,-16.30616973
2024-05-30T09:13:00Z,30,5,995.15283,2314.87,0.038657298,23.78523365,72.257625,-0.027477208,-0.026264686,-16.30616973
2024-05-30T09:14:00Z,30,5,998.64989,2314.87,0.038657298,23.78523365,72.257625,-0.027477208,-0.026264686,-16.30616973
2024-05-30T09:15:00Z,30,5,1003.5753,2314.87,0.038657298,23.78523365,72.257625,-0.027477208,-0.026264686,-16.30616973
2024-05-30T09:16:00Z,30,5,1008.36561,2314.87,0.038657298,23.78523365,72.257625,-0.027477208,-0.026264686,-16.30616973
2024-05-30T09:17:00Z,30,5,994.93513,2314.87,0.038657298,23.78523365,72.257625,-0.027477208,-0.026264686,-16.30616973
2024-05-30T09:18:00Z,30,5,997.51141,2314.87,0.038657298,23.78523365,72.257625,-0.027477208,-0.026264686,-16.30616973
2024-05-30T09:19:00Z,30,5,994.92176,2314.87,0.038657298,23.78523365,72.257625,-0.027477208,-0.026264686,-16.30616973
2024-05-30T09:20:00Z,30,5,1000.02959,2314.87,0.038657298,23.78523365,72.257625,-0.027477208,-0.026264686,-16.30616973
2024-05-30T09:21:00Z,30,5,1003.43271,2314.87,0.038657298,23.78523365,72.257625,-0.027477208,-0.026264686,-16.30616973
2024-05-30T09:22:00Z,30,5,998.78457,2314.87,0.038657298,23.78523365,72.257625,-0.027477208,-0.026264686,-16.30616973
2024-05-30T09:23:00Z,30,5,995.7514,2314.87,0.038657298,23.78523365,72.257625,-0.027477208,-0.026264686,-16.30616973
2024-05-30T09:24:00Z,30,5,987.75887,2314.87,0.038657298,23.78523365,72.257625,-0.027477208,-0.026264686,-16.30616973
2024-05-30T09:25:00Z,30,5,991.59711,2314.87,0.038657298,23.78523365,72.257625,-0.027477208,-0.026264686,-16.30616973
2024-05-30T09:26:00Z,30,5,1001.31381,2314.87,0.038657298,23.78523365,72.257625,-0.027477208,-0.026264686,-16.30616973
2024-05-30T09:27:00Z,30,5,1007.37966,2314.87,0.038657298,23.78523365,72.257625,-0.027477208,-0.026264686,-16.30616973
2024-05-30T09:28:00Z,30,5,1009.21548,2314.87,0.038657298,23.78523365,72.257625,-0.027477208,-0.026264686,-16.30616973
2024-05-30T09:29:00Z,30,5,1005.47482,2314.87,0.038657298,23.78523365,72.257625,-0.027477208,-0.026264686,-16.30616973
2024-05-30T09:30:00Z,30,5,1007.76326,2314.87,0.038657298,23.78523365,72.257625,-0.027477208,-0.026264686,-16.30616973
2024-05-30T09:31:00Z,30,5,1012.53355,2314.87,0.038657298,23.78523365,72.257625,-0.027477208,-0.026264686,-16.30616973
2024-05-30T09:32:00Z,30,5,1019.49428,2314.87,0.038657298,23.78523365,72.257625,-0.027477208,-0.026264686,-16.30616973
2024-05-30T09:33:00Z,30,5,1017.89667,2314.87,0.038657298,23.78523365,72.257625,-0.027477208,-0.026264686,-16.30616973
2024-05-30T09:34:00Z,30,5,1018.66275,2314.87,0.038657298,23.78523365,72.257625,-0.027477208,-0.026264686,-16.30616973
2024-05-30T09:35:00Z,30,5,1016.72704,2314.87,0.038657298,23.78523365,72.257625,-0.027477208,-0.026264686,-16.30616973
2024-05-30T09:36:00Z,30,5,1016.33896,2314.87,0.038657298,23.78523365,72.257625,-0.027477208,-0.026264686,-16.30616973
2024-05-30T09:37:00Z,30,5,1029.0609,2314.87,0.038657298,23.78523365,72.257625,-0.027477208,-0.026264686,-16.30616973
2024-05-30T09:38:00Z,30,5,1033.64016,2314.87,0.038657298,23.78523365,72.257625,-0.027477208,-0.026264686,-16.30616973
2024-05-30T09:39:00Z,30,5,1031.80049,2314.87,0.038657298,23.78523365,72.257625,-0.027477208,-0.026264686,-16.30616973
2024-05-30T09:40:00Z,30,5,1028.23259,2314.87,0.038657298,23.78523365,72.257625,-0.027477208,-0.026264686,-16.30616973
2024-05-30T09:41:00Z,30,5,1039.28545,2314.87,0.038657298,23.78523365,72.257625,-0.027477208,-0.026264686,-16.30616973
2024-05-30T09:42:00Z,30,5,1043.04375,2314.87,0.038657298,23.78523365,72.257625,-0.027477208,-0.026264686,-16.30616973
2024-05-30T09:43:00Z,30,5,1056.01993,2314.87,0.038657298,23.78523365,72.257625,-0.027477208,-0.026264686,-16.30616973
2024-05-30T09:44:00Z,30,5,1060.99007,2314.87,0.038657298,23.78523365,72.257625,-0.027477208,-0.026264686,-16.30616973
2024-05-30T09:45:00Z,30,5,1059.0244,2314.87,0.038657298,23.78523365,72.257625,-0.027477208,-0.026264686,-16.30616973
2024-05-30T09:46:00Z,30,5,1059.36278,2314.87,0.038657298,23.78523365,72.257625,-0.027477208,-0.026264686,-16.30616973
2024-05-30T09:47:00Z,30,5,1065.86886,2314.87,0.038657298,23.78523365,72.257625,-0.027477208,-0.026264686,-16.30616973
2024-05-30T09:48:00Z,30,5,1083.22011,2314.87,0.038657298,23.78523365,72.257625,-0.027477208,-0.026264686,-16.30616973
2024-05-30T09:49:00Z,30,5,1092.92673,2314.87,0.038657298,23.78523365,72.257625,-0.027477208,-0.026264686,-16.30616973
2024-05-30T09:50:00Z,30,5,1097.79439,2314.87,0.038657298,23.78523365,72.257625,-0.027477208,-0.026264686,-16.30616973
2024-05-30T09:51:00Z,30,5,1093.7402,2314.87,0.038657298,23.78523365,72.257625,-0.027477208,-0.026264686,-16.30616973
2024-05-30T09:52:00Z,30,5,1103.21876,2314.87,0.038657298,23.78523365,72.257625,-0.027477208,-0.026264686,-16.30616973
2024-05-30T09:53:00Z,30,5,1119.39051,2314.87,0.038657298,23.78523365,72.257625,-0.027477208,-0.026264686,-16.30616973
2024-05-30T09:54:00Z,30,5,1128.22766,2314.87,0.038657298,23.78523365,72.257625,-0.027477208,-0.026264686,-16.30616973
2024-05-30T09:55:00Z,30,5,1131.50205,2314.87,0.038657298,23.78523365,72.257625,-0.027477208,-0.026264686,-16.30616973
2024-05-30T09:56:00Z,30,5,1135.95629,2314.87,0.038657298,23.78523365,72.257625,-0.027477208,-0.026264686,-16.30616973
2024-05-30T09:57:00Z,30,5,1144.25171,2314.87,0.038657298,23.78523365,72.257625,-0.027477208,-0.026264686,-16.30616973
2024-05-30T09:58:00Z,30,5,1158.21692,2314.87,0.038657298,23.78523365,72.257625,-0.027477208,-0.026264686,-16.30616973
2024-05-30T09:59:00Z,30,5,1164.60953,2314.87,0.038657298,23.78523365,72.257625,-0.027477208,-0.026264686,-16.30616973
2024-05-30T10:00:00Z,30,5,1171.40751,2314.87,0.038657298,23.78523365,72.257625,-0.027477208,-0.026264686,-16.30616973
2024-05-30T10:01:00Z,30,5,1174.98689,2314.87,0.038657298,23.78523365,72.257625,-0.027477208,-0.026264686,-16.30616973
2024-05-30T12:23:00Z,30,6,664.4421,13636.37,0.059138536,0.539530301,69.957,-0.012026837,-0.011951965,-4.850426918
2024-05-30T12:24:00Z,30,6,701.1739,13636.37,0.059138536,0.539530301,69.957,-0.012026837,-0.011951965,-4.850426918
2024-05-30T12:25:00Z,30,6,739.179,13636.37,0.059138536,0.539530301,69.957,-0.012026837,-0.011951965,-4.850426918
2024-05-30T12:26:00Z,30,6,757.91401,13636.37,0.059138536,0.539530301,69.957,-0.012026837,-0.011951965,-4.850426918
2024-05-30T12:27:00Z,30,6,763.84399,13636.37,0.059138536,0.539530301,69.957,-0.012026837,-0.011951965,-4.850426918
2024-05-30T12:28:00Z,30,6,779.47338,13636.37,0.059138536,0.539530301,69.957,-0.012026837,-0.011951965,-4.850426918
2024-05-30T12:29:00Z,30,6,787.21293,13636.37,0.059138536,0.539530301,69.957,-0.012026837,-0.011951965,-4.850426918
2024-05-30T12:30:00Z,30,6,799.06841,13636.37,0.059138536,0.539530301,69.957,-0.012026837,-0.011951965,-4.850426918
2024-05-30T12:31:00Z,30,6,810.90128,13636.37,0.059138536,0.539530301,69.957,-0.012026837,-0.011951965,-4.850426918
2024-05-30T12:32:00Z,30,6,821.93937,13636.37,0.059138536,0.539530301,69.957,-0.012026837,-0.011951965,-4.850426918
2024-05-30T12:33:00Z,30,6,829.44001,13636.37,0.059138536,0.539530301,69.957,-0.012026837,-0.011951965,-4.850426918
2024-05-30T12:34:00Z,30,6,836.63321,13636.37,0.059138536,0.539530301,69.957,-0.012026837,-0.011951965,-4.850426918
2024-05-30T12:35:00Z,30,6,851.74985,13636.37,0.059138536,0.539530301,69.957,-0.012026837,-0.011951965,-4.850426918
2024-05-30T12:36:00Z,30,6,864.76803,13636.37,0.059138536,0.539530301,69.957,-0.012026837,-0.011951965,-4.850426918
2024-05-30T12:37:00Z,30,6,873.95084,13636.37,0.059138536,0.539530301,69.957,-0.012026837,-0.011951965,-4.850426918
2024-05-30T12:38:00Z,30,6,882.49924,13636.37,0.059138536,0.539530301,69.957,-0.012026837,-0.011951965,-4.850426918
2024-05-30T12:39:00Z,30,6,893.8412,13636.37,0.059138536,0.539530301,69.957,-0.012026837,-0.011951965,-4.850426918
2024-05-30T12:40:00Z,30,6,917.91532,13636.37,0.059138536,0.539530301,69.957,-0.012026837,-0.011951965,-4.850426918
2024-05-30T12:41:00Z,30,6,932.96294,13636.37,0.059138536,0.539530301,69.957,-0.012026837,-0.011951965,-4.850426918
2024-05-30T12:42:00Z,30,6,941.64637,13636.37,0.059138536,0.539530301,69.957,-0.012026837,-0.011951965,-4.850426918
2024-05-30T12:43:00Z,30,6,956.73662,13636.37,0.059138536,0.539530301,69.957,-0.012026837,-0.011951965,-4.850426918
2024-05-30T12:44:00Z,30,6,967.58081,13636.37,0.059138536,0.539530301,69.957,-0.012026837,-0.011951965,-4.850426918
2024-05-30T12:45:00Z,30,6,974.97078,13636.37,0.059138536,0.539530301,69.957,-0.012026837,-0.011951965,-4.850426918
2024-05-30T12:46:00Z,30,6,988.99787,13636.37,0.059138536,0.539530301,69.957,-0.012026837,-0.011951965,-4.850426918
2024-05-30T12:47:00Z,30,6,1013.28878,13636.37,0.059138536,0.539530301,69.957,-0.012026837,-0.011951965,-4.850426918
2024-05-30T12:48:00Z,30,6,1016.00639,13636.37,0.059138536,0.539530301,69.957,-0.012026837,-0.011951965,-4.850426918
2024-05-30T12:49:00Z,30,6,1015.99708,13636.37,0.059138536,0.539530301,69.957,-0.012026837,-0.011951965,-4.850426918
2024-05-30T12:50:00Z,30,6,1034.0806,13636.37,0.059138536,0.539530301,69.957,-0.012026837,-0.011951965,-4.850426918
2024-05-30T12:51:00Z,30,6,1046.49048,13636.37,0.059138536,0.539530301,69.957,-0.012026837,-0.011951965,-4.850426918
2024-05-30T12:52:00Z,30,6,1059.96905,13636.37,0.059138536,0.539530301,69.957,-0.012026837,-0.011951965,-4.850426918
2024-05-30T12:53:00Z,30,6,1075.33279,13636.37,0.059138536,0.539530301,69.957,-0.012026837,-0.011951965,-4.850426918
2024-05-30T12:54:00Z,30,6,1084.36811,13636.37,0.059138536,0.539530301,69.957,-0.012026837,-0.011951965,-4.850426918
2024-05-30T12:55:00Z,30,6,1100.59565,13636.37,0.059138536,0.539530301,69.957,-0.012026837,-0.011951965,-4.850426918
2024-05-30T12:56:00Z,30,6,1111.00969,13636.37,0.059138536,0.539530301,69.957,-0.012026837,-0.011951965,-4.850426918
2024-05-30T12:57:00Z,30,6,1131.424,13636.37,0.059138536,0.539530301,69.957,-0.012026837,-0.011951965,-4.850426918
2024-05-30T12:58:00Z,30,6,1147.54339,13636.37,0.059138536,0.539530301,69.957,-0.012026837,-0.011951965,-4.850426918
2024-05-30T12:59:00Z,30,6,1152.96335,13636.37,0.059138536,0.539530301,69.957,-0.012026837,-0.011951965,-4.850426918
2024-05-30T13:00:00Z,30,6,1154.77208,13609.71,0.059138536,0.539530301,69.957,-0.012052999,-0.011977963,-4.86097784
2024-05-30T13:01:00Z,30,6,1163.15276,13609.71,0.059138536,0.539530301,69.957,-0.012052999,-0.011977963,-4.86097784
2024-05-30T13:02:00Z,30,6,1162.95067,13609.71,0.059138536,0.539530301,69.957,-0.012052999,-0.011977963,-4.86097784
2024-05-30T13:03:00Z,30,6,1178.37181,13609.71,0.059138536,0.539530301,69.957,-0.012052999,-0.011977963,-4.86097784
2024-05-30T13:04:00Z,30,6,1200.26249,13609.71,0.059138536,0.539530301,69.957,-0.012052999,-0.011977963,-4.86097784
2024-05-30T13:05:00Z,30,6,1213.95414,13609.71,0.059138536,0.539530301,69.957,-0.012052999,-0.011977963,-4.86097784
2024-05-30T13:06:00Z,30,6,1234.66231,13609.71,0.059138536,0.539530301,69.957,-0.012052999,-0.011977963,-4.86097784
2024-05-30T13:07:00Z,30,6,1261.79109,13609.71,0.059138536,0.539530301,69.957,-0.012052999,-0.011977963,-4.86097784
2024-05-30T13:08:00Z,30,6,1280.85006,13609.71,0.059138536,0.539530301,69.957,-0.012052999,-0.011977963,-4.86097784
2024-05-30T13:09:00Z,30,6,1300.07199,13609.71,0.059138536,0.539530301,69.957,-0.012052999,-0.011977963,-4.86097784
2024-05-30T13:10:00Z,30,6,1319.88416,13609.71,0.059138536,0.539530301,69.957,-0.012052999,-0.011977963,-4.86097784
2024-05-30T13:11:00Z,30,6,1323.46116,13609.71,0.059138536,0.539530301,69.957,-0.012052999,-0.011977963,-4.86097784
2024-05-30T13:12:00Z,30,6,1328.29676,13609.71,0.059138536,0.539530301,69.957,-0.012052999,-0.011977963,-4.86097784
2024-05-30T13:13:00Z,30,6,1353.6831,13609.71,0.059138536,0.539530301,69.957,-0.012052999,-0.011977963,-4.86097784
2024-07-11T12:12:40Z,11,15,792.3951,8306.523,0.216097905,34.41356071,76.44125,-0.373280047,-0.333046429,-36.98839316
2024-07-11T12:13:00Z,11,15,844.39145,8306.523,0.216097905,34.41356071,76.44125,-0.373280047,-0.333046429,-36.98839316
2024-07-11T12:14:00Z,11,15,961.82408,8306.523,0.216097905,34.41356071,76.44125,-0.373280047,-0.333046429,-36.98839316
2024-07-11T12:15:00Z,11,15,1219.64213,8306.523,0.216097905,34.41356071,76.44125,-0.373280047,-0.333046429,-36.98839316
2024-07-11T12:16:00Z,11,15,1447.62548,8306.523,0.216097905,34.41356071,76.44125,-0.373280047,-0.333046429,-36.98839316
2024-07-11T12:17:00Z,11,15,1529.02701,8306.523,0.216097905,34.41356071,76.44125,-0.373280047,-0.333046429,-36.98839316
2024-07-11T12:18:00Z,11,15,1744.55463,8306.523,0.216097905,34.41356071,76.44125,-0.373280047,-0.333046429,-36.98839316
2024-07-11T12:19:00Z,11,15,2010.95587,8306.523,0.216097905,34.41356071,76.44125,-0.373280047,-0.333046429,-36.98839316
2024-07-11T12:20:00Z,11,15,2163.62741,8306.523,0.216097905,34.41356071,76.44125,-0.373280047,-0.333046429,-36.98839316
2024-07-11T12:21:00Z,11,15,2325.56058,8306.523,0.216097905,34.41356071,76.44125,-0.373280047,-0.333046429,-36.98839316
2024-07-11T12:22:00Z,11,15,2416.47469,8306.523,0.216097905,34.41356071,76.44125,-0.373280047,-0.333046429,-36.98839316
2024-07-11T12:23:00Z,11,15,2509.77734,8306.523,0.216097905,34.41356071,76.44125,-0.373280047,-0.333046429,-36.98839316
2024-07-11T12:24:00Z,11,15,2608.248888,8306.523,0.216097905,34.41356071,76.44125,-0.373280047,-0.333046429,-36.98839316
2024-07-11T10:01:20Z,11,5,2034.862788,6961.397,0.316709428,201.0327834,76.57904167,-0.056008755,-0.049854762,-3.777956037
2024-07-11T10:02:00Z,11,5,1855.716275,6961.397,0.316709428,201.0327834,76.57904167,-0.056008755,-0.049854762,-3.777956037
2024-07-11T10:03:00Z,11,5,1926.55645,6961.397,0.316709428,201.0327834,76.57904167,-0.056008755,-0.049854762,-3.777956037
2024-07-11T10:04:00Z,11,5,1961.773275,6961.397,0.316709428,201.0327834,76.57904167,-0.056008755,-0.049854762,-3.777956037
2024-07-11T10:05:00Z,11,5,2006.64793,6961.397,0.316709428,201.0327834,76.57904167,-0.056008755,-0.049854762,-3.777956037
2024-07-11T10:06:00Z,11,5,2055.758775,6961.397,0.316709428,201.0327834,76.57904167,-0.056008755,-0.049854762,-3.777956037
2024-07-11T10:07:00Z,11,5,2117.50532,6961.397,0.316709428,201.0327834,76.57904167,-0.056008755,-0.049854762,-3.777956037
2024-07-11T10:08:00Z,11,5,2172.115435,6961.397,0.316709428,201.0327834,76.57904167,-0.056008755,-0.049854762,-3.777956037
2024-07-11T10:09:00Z,11,5,2219.10892,6961.397,0.316709428,201.0327834,76.57904167,-0.056008755,-0.049854762,-3.777956037
2024-07-11T10:10:00Z,11,5,2259.861135,6961.397,0.316709428,201.0327834,76.57904167,-0.056008755,-0.049854762,-3.777956037
2024-07-11T10:11:00Z,11,5,2290.8186,6961.397,0.316709428,201.0327834,76.57904167,-0.056008755,-0.049854762,-3.777956037
2024-07-11T10:12:00Z,11,5,2324.39382,6961.397,0.316709428,201.0327834,76.57904167,-0.056008755,-0.049854762,-3.777956037
2024-07-11T10:13:00Z,11,5,2362.285415,6961.397,0.316709428,201.0327834,76.57904167,-0.056008755,-0.049854762,-3.777956037
2024-07-11T10:14:00Z,11,5,2411.166695,6961.397,0.316709428,201.0327834,76.57904167,-0.056008755,-0.049854762,-3.777956037
2024-07-11T10:15:00Z,11,5,2237.794944,6961.397,0.316709428,201.0327834,76.57904167,-0.056008755,-0.049854762,-3.777956037
2024-07-11T10:16:00Z,11,5,1467.23094,6961.397,0.316709428,201.0327834,76.57904167,-0.056008755,-0.049854762,-3.777956037
2024-07-11T10:17:00Z,11,5,1490.20872,6961.397,0.316709428,201.0327834,76.57904167,-0.056008755,-0.049854762,-3.777956037
2024-07-11T10:18:00Z,11,5,1506.57808,6961.397,0.316709428,201.0327834,76.57904167,-0.056008755,-0.049854762,-3.777956037
2024-07-11T10:19:00Z,11,5,1528.85537,6961.397,0.316709428,201.0327834,76.57904167,-0.056008755,-0.049854762,-3.777956037
2024-07-11T10:20:00Z,11,5,1608.96988,6961.397,0.316709428,201.0327834,76.57904167,-0.056008755,-0.049854762,-3.777956037
2024-07-11T10:21:00Z,11,5,1644.8565,6961.397,0.316709428,201.0327834,76.57904167,-0.056008755,-0.049854762,-3.777956037
2024-07-11T10:22:00Z,11,5,1664.66671,6961.397,0.316709428,201.0327834,76.57904167,-0.056008755,-0.049854762,-3.777956037
2024-07-11T10:23:00Z,11,5,1678.93131,6961.397,0.316709428,201.0327834,76.57904167,-0.056008755,-0.049854762,-3.777956037
2024-07-11T10:24:00Z,11,5,1725.52828,6961.397,0.316709428,201.0327834,76.57904167,-0.056008755,-0.049854762,-3.777956037
2024-07-11T10:25:00Z,11,5,1762.51313,6961.397,0.316709428,201.0327834,76.57904167,-0.056008755,-0.049854762,-3.777956037
2024-07-11T10:26:00Z,11,5,1807.40924,6961.397,0.316709428,201.0327834,76.57904167,-0.056008755,-0.049854762,-3.777956037
2024-07-11T10:27:00Z,11,5,1839.74686,6961.397,0.316709428,201.0327834,76.57904167,-0.056008755,-0.049854762,-3.777956037
2024-07-11T10:28:00Z,11,5,1878.09531,6961.397,0.316709428,201.0327834,76.57904167,-0.056008755,-0.049854762,-3.777956037
2024-07-11T10:29:00Z,11,5,1940.63499,6961.397,0.316709428,201.0327834,76.57904167,-0.056008755,-0.049854762,-3.777956037
2024-07-11T10:30:00Z,11,5,1986.5181,6961.397,0.316709428,201.0327834,76.57904167,-0.056008755,-0.049854762,-3.777956037
2024-07-11T10:31:00Z,11,5,2021.3795,6961.397,0.316709428,201.0327834,76.57904167,-0.056008755,-0.049854762,-3.777956037
2024-07-11T10:32:00Z,11,5,2065.75432,6961.397,0.316709428,201.0327834,76.57904167,-0.056008755,-0.049854762,-3.777956037
2024-07-11T10:33:00Z,11,5,2107.8099,6961.397,0.316709428,201.0327834,76.57904167,-0.056008755,-0.049854762,-3.777956037
2024-07-11T10:34:00Z,11,5,2142.74361,6961.397,0.316709428,201.0327834,76.57904167,-0.056008755,-0.049854762,-3.777956037
2024-07-11T10:35:00Z,11,5,2197.61724,6961.397,0.316709428,201.0327834,76.57904167,-0.056008755,-0.049854762,-3.777956037
2024-07-11T10:36:00Z,11,5,2228.84634,6961.397,0.316709428,201.0327834,76.57904167,-0.056008755,-0.049854762,-3.777956037
2024-07-11T10:37:00Z,11,5,2287.80482,6961.397,0.316709428,201.0327834,76.57904167,-0.056008755,-0.049854762,-3.777956037
2024-07-11T10:38:00Z,11,5,2318.18657,6961.397,0.316709428,201.0327834,76.57904167,-0.056008755,-0.049854762,-3.777956037
2024-07-11T10:39:00Z,11,5,2351.42579,6961.397,0.316709428,201.0327834,76.57904167,-0.056008755,-0.049854762,-3.777956037
2024-07-11T10:40:00Z,11,5,2382.7825,6961.397,0.316709428,201.0327834,76.57904167,-0.056008755,-0.049854762,-3.777956037
2024-07-11T10:41:00Z,11,5,2450.92785,6961.397,0.316709428,201.0327834,76.57904167,-0.056008755,-0.049854762,-3.777956037
2024-07-11T10:42:00Z,11,5,2497.8856,6961.397,0.316709428,201.0327834,76.57904167,-0.056008755,-0.049854762,-3.777956037
2024-07-11T10:43:00Z,11,5,2519.21474,6961.397,0.316709428,201.0327834,76.57904167,-0.056008755,-0.049854762,-3.777956037
2024-07-11T10:44:00Z,11,5,2547.58938,6961.397,0.316709428,201.0327834,76.57904167,-0.056008755,-0.049854762,-3.777956037
2024-07-11T10:45:00Z,11,5,2585.61835,6961.397,0.316709428,201.0327834,76.57904167,-0.056008755,-0.049854762,-3.777956037
2024-07-11T10:46:00Z,11,5,2623.0323,6961.397,0.316709428,201.0327834,76.57904167,-0.056008755,-0.049854762,-3.777956037
2024-07-11T10:47:00Z,11,5,2649.31744,6961.397,0.316709428,201.0327834,76.57904167,-0.056008755,-0.049854762,-3.777956037
2024-07-11T10:48:00Z,11,5,2719.09757,6961.397,0.316709428,201.0327834,76.57904167,-0.056008755,-0.049854762,-3.777956037
2024-07-11T10:49:00Z,11,5,2757.78342,6961.397,0.316709428,201.0327834,76.57904167,-0.056008755,-0.049854762,-3.777956037
2024-07-11T10:50:00Z,11,5,2758.51674,6961.397,0.316709428,201.0327834,76.57904167,-0.056008755,-0.049854762,-3.777956037
2024-07-11T10:51:00Z,11,5,2771.76025,6961.397,0.316709428,201.0327834,76.57904167,-0.056008755,-0.049854762,-3.777956037
2024-07-11T10:52:00Z,11,5,2763.61771,6961.397,0.316709428,201.0327834,76.57904167,-0.056008755,-0.049854762,-3.777956037
2024-07-11T10:53:00Z,11,5,2791.63115,6961.397,0.316709428,201.0327834,76.57904167,-0.056008755,-0.049854762,-3.777956037
2024-07-11T10:54:00Z,11,5,2839.85702,6961.397,0.316709428,201.0327834,76.57904167,-0.056008755,-0.049854762,-3.777956037
2024-07-11T10:55:00Z,11,5,2831.1885,6961.397,0.316709428,201.0327834,76.57904167,-0.056008755,-0.049854762,-3.777956037
2024-07-11T10:56:00Z,11,5,2827.06452,6961.397,0.316709428,201.0327834,76.57904167,-0.056008755,-0.049854762,-3.777956037
2024-07-11T10:57:00Z,11,5,2825.0558,6961.397,0.316709428,201.0327834,76.57904167,-0.056008755,-0.049854762,-3.777956037
2024-07-11T10:58:00Z,11,5,2851.06913,6961.397,0.316709428,201.0327834,76.57904167,-0.056008755,-0.049854762,-3.777956037
2024-07-11T10:59:00Z,11,5,2876.61479,6961.397,0.316709428,201.0327834,76.57904167,-0.056008755,-0.049854762,-3.777956037
2024-07-11T11:00:00Z,11,5,2896.88882,6844.521,0.316709428,201.0327834,76.57904167,-0.057666985,-0.051330793,-3.889808502
2024-07-11T13:13:20Z,11,6,20118.9135,9438.768,0.146682712,7.482124232,73.537,1.846724615,1.728053377,282.7414398
2024-07-11T13:14:00Z,11,6,18952.8388,9438.768,0.146682712,7.482124232,73.537,1.846724615,1.728053377,282.7414398
2024-07-11T13:15:00Z,11,6,17403.9831,9438.768,0.146682712,7.482124232,73.537,1.846724615,1.728053377,282.7414398
2024-07-11T13:16:00Z,11,6,15978.3204,9438.768,0.146682712,7.482124232,73.537,1.846724615,1.728053377,282.7414398
2024-07-11T13:17:00Z,11,6,14274.1921,9438.768,0.146682712,7.482124232,73.537,1.846724615,1.728053377,282.7414398
2024-07-11T13:18:00Z,11,6,13018.8247,9438.768,0.146682712,7.482124232,73.537,1.846724615,1.728053377,282.7414398
2024-07-11T13:19:00Z,11,6,11834.9854,9438.768,0.146682712,7.482124232,73.537,1.846724615,1.728053377,282.7414398
2024-07-11T13:20:00Z,11,6,11023.6476,9438.768,0.146682712,7.482124232,73.537,1.846724615,1.728053377,282.7414398
2024-07-11T13:21:00Z,11,6,10110.6999,9438.768,0.146682712,7.482124232,73.537,1.846724615,1.728053377,282.7414398
2024-07-11T13:22:00Z,11,6,9153.07008,9438.768,0.146682712,7.482124232,73.537,1.846724615,1.728053377,282.7414398
2024-07-11T13:53:20Z,11,6,1399.382005,9438.768,0.146682712,7.482124232,73.537,1.846724615,1.728053377,282.7414398
2024-07-11T13:54:00Z,11,6,1723.449,9438.768,0.146682712,7.482124232,73.537,1.846724615,1.728053377,282.7414398
2024-10-25T13:25:10Z,25,13,380.7333,4180.398,0.09202743,8.79270607,68.77045833,-0.033331301,-0.033803954,-8.815794407
2024-10-25T13:26:00Z,25,13,403.40028,4180.398,0.09202743,8.79270607,68.77045833,-0.033331301,-0.033803954,-8.815794407
2024-10-25T13:27:00Z,25,13,410.96428,4180.398,0.09202743,8.79270607,68.77045833,-0.033331301,-0.033803954,-8.815794407
2024-10-25T13:28:00Z,25,13,426.41175,4180.398,0.09202743,8.79270607,68.77045833,-0.033331301,-0.033803954,-8.815794407
2024-10-25T13:30:50Z,25,13,441.4224,4180.398,0.09202743,8.79270607,68.77045833,-0.033331301,-0.033803954,-8.815794407
2024-10-25T13:31:00Z,25,13,441.5232,4180.398,0.09202743,8.79270607,68.77045833,-0.033331301,-0.033803954,-8.815794407
2024-10-25T13:33:20Z,25,13,456.424905,4180.398,0.09202743,8.79270607,68.77045833,-0.033331301,-0.033803954,-8.815794407
2024-10-25T13:34:00Z,25,13,456.66006,4180.398,0.09202743,8.79270607,68.77045833,-0.033331301,-0.033803954,-8.815794407
2024-10-25T09:50:30Z,25,15,546.66366,1413.367,0.143249695,8.126216002,69.3495,0.905681583,0.909495156,152.3764759
2024-10-25T09:51:00Z,25,15,739.3229,1413.367,0.143249695,8.126216002,69.3495,0.905681583,0.909495156,152.3764759
2024-10-25T09:52:00Z,25,15,1040.2064,1413.367,0.143249695,8.126216002,69.3495,0.905681583,0.909495156,152.3764759
2024-10-25T09:53:00Z,25,15,1300.2723,1413.367,0.143249695,8.126216002,69.3495,0.905681583,0.909495156,152.3764759
2024-10-25T09:54:00Z,25,15,1567.9756,1413.367,0.143249695,8.126216002,69.3495,0.905681583,0.909495156,152.3764759
2024-10-25T09:55:00Z,25,15,1815.8984,1413.367,0.143249695,8.126216002,69.3495,0.905681583,0.909495156,152.3764759
2024-10-25T09:56:00Z,25,15,2052.6637,1413.367,0.143249695,8.126216002,69.3495,0.905681583,0.909495156,152.3764759
2024-10-25T09:57:00Z,25,15,2300.1043,1413.367,0.143249695,8.126216002,69.3495,0.905681583,0.909495156,152.3764759
2024-10-25T09:58:00Z,25,15,2529.8409,1413.367,0.143249695,8.126216002,69.3495,0.905681583,0.909495156,152.3764759
2024-10-25T09:59:00Z,25,15,2743.5397,1413.367,0.143249695,8.126216002,69.3495,0.905681583,0.909495156,152.3764759
2024-10-25T10:00:00Z,25,15,2963.5751,1413.367,0.143249695,8.126216002,69.3495,0.905681583,0.909495156,152.3764759
2024-10-25T10:01:00Z,25,15,3166.0338,1413.367,0.143249695,8.126216002,69.3495,0.905681583,0.909495156,152.3764759
2024-10-25T10:02:00Z,25,15,3357.9482,1413.367,0.143249695,8.126216002,69.3495,0.905681583,0.909495156,152.3764759
2024-10-25T10:03:00Z,25,15,3554.782,1413.367,0.143249695,8.126216002,69.3495,0.905681583,0.909495156,152.3764759
2024-10-25T10:04:00Z,25,15,3736.1334,1413.367,0.143249695,8.126216002,69.3495,0.905681583,0.909495156,152.3764759
2024-10-25T10:05:00Z,25,15,3931.0198,1413.367,0.143249695,8.126216002,69.3495,0.905681583,0.909495156,152.3764759
2024-10-25T10:06:00Z,25,15,4122.8194,1413.367,0.143249695,8.126216002,69.3495,0.905681583,0.909495156,152.3764759
2024-10-25T10:07:00Z,25,15,4258.9426,1413.367,0.143249695,8.126216002,69.3495,0.905681583,0.909495156,152.3764759
2024-10-25T11:22:00Z,25,3,411.06708,5182.004,0.363585946,41.01458693,68.47758333,-0.030937091,-0.031531698,-2.081380622
2024-10-25T11:23:50Z,25,3,410.90412,5182.004,0.363585946,41.01458693,68.47758333,-0.030937091,-0.031531698,-2.081380622
2024-10-25T11:24:00Z,25,3,418.6797,5182.004,0.363585946,41.01458693,68.47758333,-0.030937091,-0.031531698,-2.081380622
2024-10-25T11:25:00Z,25,3,436.59066,5182.004,0.363585946,41.01458693,68.47758333,-0.030937091,-0.031531698,-2.081380622
2024-10-25T11:26:00Z,25,3,449.21362,5182.004,0.363585946,41.01458693,68.47758333,-0.030937091,-0.031531698,-2.081380622
2024-10-25T11:27:00Z,25,3,458.91936,5182.004,0.363585946,41.01458693,68.47758333,-0.030937091,-0.031531698,-2.081380622
2024-10-25T11:28:00Z,25,3,474.34359,5182.004,0.363585946,41.01458693,68.47758333,-0.030937091,-0.031531698,-2.081380622
2024-10-25T11:29:00Z,25,3,486.87485,5182.004,0.363585946,41.01458693,68.47758333,-0.030937091,-0.031531698,-2.081380622
2024-10-25T11:30:00Z,25,3,504.39889,5182.004,0.363585946,41.01458693,68.47758333,-0.030937091,-0.031531698,-2.081380622
2024-10-25T11:31:00Z,25,3,516.943005,5182.004,0.363585946,41.01458693,68.47758333,-0.030937091,-0.031531698,-2.081380622
2024-10-25T08:27:10Z,25,5,551.097192,8635.243,0.056975517,35.25264269,69.50683333,-0.020546699,-0.020576135,-8.667358585
2024-10-25T08:28:00Z,25,5,575.78184,8635.243,0.056975517,35.25264269,69.50683333,-0.020546699,-0.020576135,-8.667358585
2024-10-25T08:29:10Z,25,5,602.583924,8635.243,0.056975517,35.25264269,69.50683333,-0.020546699,-0.020576135,-8.667358585
2024-10-25T08:30:00Z,25,5,618.7323,8635.243,0.056975517,35.25264269,69.50683333,-0.020546699,-0.020576135,-8.667358585
2024-10-25T08:31:00Z,25,5,636.1538,8635.243,0.056975517,35.25264269,69.50683333,-0.020546699,-0.020576135,-8.667358585
2024-10-25T08:32:00Z,25,5,638.6269,8635.243,0.056975517,35.25264269,69.50683333,-0.020546699,-0.020576135,-8.667358585
2024-10-25T08:33:00Z,25,5,653.8423,8635.243,0.056975517,35.25264269,69.50683333,-0.020546699,-0.020576135,-8.667358585
2024-10-25T08:34:00Z,25,5,658.8624,8635.243,0.056975517,35.25264269,69.50683333,-0.020546699,-0.020576135,-8.667358585
2024-10-25T08:35:00Z,25,5,668.7912,8635.243,0.056975517,35.25264269,69.50683333,-0.020546699,-0.020576135,-8.667358585
2024-10-25T09:11:00Z,25,5a,921.7171,4210.08,0.450465352,13.88169414,68.26308333,-0.626282714,-0.640701986,-34.13547257
2024-10-25T09:12:00Z,25,5a,1109.5036,4210.08,0.450465352,13.88169414,68.26308333,-0.626282714,-0.640701986,-34.13547257
2024-10-25T09:13:00Z,25,5a,1260.0905,4210.08,0.450465352,13.88169414,68.26308333,-0.626282714,-0.640701986,-34.13547257
2024-10-25T09:14:00Z,25,5a,1383.7353,4210.08,0.450465352,13.88169414,68.26308333,-0.626282714,-0.640701986,-34.13547257
2024-10-25T09:15:00Z,25,5a,1502.4669,4210.08,0.450465352,13.88169414,68.26308333,-0.626282714,-0.640701986,-34.13547257
2024-10-25T09:16:00Z,25,5a,1605.996,4210.08,0.450465352,13.88169414,68.26308333,-0.626282714,-0.640701986,-34.13547257
2024-10-25T09:17:00Z,25,5a,1706.9334,4210.08,0.450465352,13.88169414,68.26308333,-0.626282714,-0.640701986,-34.13547257
2024-10-25T09:18:00Z,25,5a,1797.8447,4210.08,0.450465352,13.88169414,68.26308333,-0.626282714,-0.640701986,-34.13547257
2024-10-25T09:19:00Z,25,5a,1896.3292,4210.08,0.450465352,13.88169414,68.26308333,-0.626282714,-0.640701986,-34.13547257
2024-10-25T09:20:00Z,25,5a,1984.7497,4210.08,0.450465352,13.88169414,68.26308333,-0.626282714,-0.640701986,-34.13547257
2024-10-25T09:21:00Z,25,5a,2065.5878,4210.08,0.450465352,13.88169414,68.26308333,-0.626282714,-0.640701986,-34.13547257
2024-10-25T09:22:00Z,25,5a,2151.2595,4210.08,0.450465352,13.88169414,68.26308333,-0.626282714,-0.640701986,-34.13547257
2024-10-25T09:23:00Z,25,5a,2232.1942,4210.08,0.450465352,13.88169414,68.26308333,-0.626282714,-0.640701986,-34.13547257
2024-10-25T09:24:00Z,25,5a,2307.8984,4210.08,0.450465352,13.88169414,68.26308333,-0.626282714,-0.640701986,-34.13547257
2024-10-25T09:25:00Z,25,5a,2381.3736,4210.08,0.450465352,13.88169414,68.26308333,-0.626282714,-0.640701986,-34.13547257
2024-10-25T12:13:40Z,25,6,509.79309,11548.536,0.370021358,108.0441526,68.8635,-0.1951374,-0.197598698,-12.81647301
2024-10-25T12:14:00Z,25,6,624.73866,11548.536,0.370021358,108.0441526,68.8635,-0.1951374,-0.197598698,-12.81647301
2024-10-25T12:15:00Z,25,6,862.7832,11548.536,0.370021358,108.0441526,68.8635,-0.1951374,-0.197598698,-12.81647301
2024-10-25T12:16:00Z,25,6,1099.9753,11548.536,0.370021358,108.0441526,68.8635,-0.1951374,-0.197598698,-12.81647301
2024-10-25T12:17:00Z,25,6,1385.0634,11548.536,0.370021358,108.0441526,68.8635,-0.1951374,-0.197598698,-12.81647301
2024-10-25T12:18:00Z,25,6,1584.3359,11548.536,0.370021358,108.0441526,68.8635,-0.1951374,-0.197598698,-12.81647301
2024-10-25T12:19:00Z,25,6,1758.0073,11548.536,0.370021358,108.0441526,68.8635,-0.1951374,-0.197598698,-12.81647301
2024-10-25T12:20:00Z,25,6,1884.4418,11548.536,0.370021358,108.0441526,68.8635,-0.1951374,-0.197598698,-12.81647301
2024-10-25T12:21:00Z,25,6,2000.4503,11548.536,0.370021358,108.0441526,68.8635,-0.1951374,-0.197598698,-12.81647301
2024-10-25T12:22:00Z,25,6,2096.2641,11548.536,0.370021358,108.0441526,68.8635,-0.1951374,-0.197598698,-12.81647301
2024-10-25T12:23:00Z,25,6,2179.5526,11548.536,0.370021358,108.0441526,68.8635,-0.1951374,-0.197598698,-12.81647301
2024-10-25T12:24:00Z,25,6,2232.3675,11548.536,0.370021358,108.0441526,68.8635,-0.1951374,-0.197598698,-12.81647301
2024-10-25T12:25:00Z,25,6,2284.25025,11548.536,0.370021358,108.0441526,68.8635,-0.1951374,-0.197598698,-12.81647301
2024-10-25T11:49:10Z,25,6a,505.046412,12559.68,0.230144859,NA,67.99858333,-0.256744344,-0.26388378,-27.51836712
2024-10-25T11:50:00Z,25,6a,769.4947,12559.68,0.230144859,NA,67.99858333,-0.256744344,-0.26388378,-27.51836712
2024-10-25T11:51:00Z,25,6a,1019.3985,12559.68,0.230144859,NA,67.99858333,-0.256744344,-0.26388378,-27.51836712
2024-10-25T11:52:00Z,25,6a,1243.892,12559.68,0.230144859,NA,67.99858333,-0.256744344,-0.26388378,-27.51836712
2024-10-25T11:53:00Z,25,6a,1463.4582,12559.68,0.230144859,NA,67.99858333,-0.256744344,-0.26388378,-27.51836712
2024-10-25T11:54:00Z,25,6a,1693.0929,12559.68,0.230144859,NA,67.99858333,-0.256744344,-0.26388378,-27.51836712
2024-10-25T11:55:00Z,25,6a,1917.7014,12559.68,0.230144859,NA,67.99858333,-0.256744344,-0.26388378,-27.51836712
2024-10-25T11:56:00Z,25,6a,2110.6948,12559.68,0.230144859,NA,67.99858333,-0.256744344,-0.26388378,-27.51836712
2024-10-25T11:57:00Z,25,6a,2323.4588,12559.68,0.230144859,NA,67.99858333,-0.256744344,-0.26388378,-27.51836712
2024-10-25T11:58:00Z,25,6a,2530.7629,12559.68,0.230144859,NA,67.99858333,-0.256744344,-0.26388378,-27.51836712
2024-10-25T11:59:00Z,25,6a,2735.1928,12559.68,0.230144859,NA,67.99858333,-0.256744344,-0.26388378,-27.51836712
2024-10-25T12:00:00Z,25,6a,2924.5464,1924.756,0.230144859,NA,67.99858333,1.890162718,1.942723552,202.5913828
2024-10-25T12:01:00Z,25,6a,3112.4958,1924.756,0.230144859,NA,67.99858333,1.890162718,1.942723552,202.5913828
2024-10-25T12:02:00Z,25,6a,3196.5654,1924.756,0.230144859,NA,67.99858333,1.890162718,1.942723552,202.5913828
2024-10-25T10:48:40Z,25,7,441.72498,2233.951,0.20831663,9.834510741,69.407,-0.051208046,-0.051376185,-5.919011039
2024-10-25T10:49:00Z,25,7,441.49907,2233.951,0.20831663,9.834510741,69.407,-0.051208046,-0.051376185,-5.919011039
2024-10-25T10:50:00Z,25,7,441.52232,2233.951,0.20831663,9.834510741,69.407,-0.051208046,-0.051376185,-5.919011039
2024-10-25T10:51:00Z,25,7,441.58524,2233.951,0.20831663,9.834510741,69.407,-0.051208046,-0.051376185,-5.919011039
2024-10-25T10:52:00Z,25,7,449.0933,2233.951,0.20831663,9.834510741,69.407,-0.051208046,-0.051376185,-5.919011039
2024-10-25T10:53:00Z,25,7,456.62934,2233.951,0.20831663,9.834510741,69.407,-0.051208046,-0.051376185,-5.919011039
2024-10-25T10:54:00Z,25,7,471.78882,2233.951,0.20831663,9.834510741,69.407,-0.051208046,-0.051376185,-5.919011039
2024-10-25T10:55:00Z,25,7,484.40342,2233.951,0.20831663,9.834510741,69.407,-0.051208046,-0.051376185,-5.919011039
2024-10-25T10:56:00Z,25,7,486.92189,2233.951,0.20831663,9.834510741,69.407,-0.051208046,-0.051376185,-5.919011039
2024-10-25T10:57:00Z,25,7,502.44802,2233.951,0.20831663,9.834510741,69.407,-0.051208046,-0.051376185,-5.919011039
2024-10-25T10:58:00Z,25,7,502.5247,2233.951,0.20831663,9.834510741,69.407,-0.051208046,-0.051376185,-5.919011039
2024-10-25T10:59:00Z,25,7,507.5771,2233.951,0.20831663,9.834510741,69.407,-0.051208046,-0.051376185,-5.919011039
2024-10-25T11:00:00Z,25,7,517.6654,2233.951,0.20831663,9.834510741,69.407,-0.051208046,-0.051376185,-5.919011039
2024-10-25T11:01:00Z,25,7,532.71952,2233.951,0.20831663,9.834510741,69.407,-0.051208046,-0.051376185,-5.919011039
2024-10-25T11:02:00Z,25,7,532.63123,2233.951,0.20831663,9.834510741,69.407,-0.051208046,-0.051376185,-5.919011039
2024-10-25T12:53:00Z,25,9,385.73862,11406.38,0.189070453,15.4378007,67.770875,-0.017721334,-0.018288067,-2.321428836
2024-10-25T12:54:00Z,25,9,403.43829,11406.38,0.189070453,15.4378007,67.770875,-0.017721334,-0.018288067,-2.321428836
2024-10-25T12:55:00Z,25,9,413.50044,11406.38,0.189070453,15.4378007,67.770875,-0.017721334,-0.018288067,-2.321428836
2024-10-25T12:56:00Z,25,9,428.60179,11406.38,0.189070453,15.4378007,67.770875,-0.017721334,-0.018288067,-2.321428836
2024-10-25T12:57:00Z,25,9,441.53073,11406.38,0.189070453,15.4378007,67.770875,-0.017721334,-0.018288067,-2.321428836
2024-10-25T12:58:00Z,25,9,459.12534,11406.38,0.189070453,15.4378007,67.770875,-0.017721334,-0.018288067,-2.321428836
2024-10-25T12:59:00Z,25,9,479.27569,11406.38,0.189070453,15.4378007,67.770875,-0.017721334,-0.018288067,-2.321428836
2024-10-25T13:00:00Z,25,9,496.82804,11406.38,0.189070453,15.4378007,67.770875,-0.017721334,-0.018288067,-2.321428836
2024-10-25T13:01:00Z,25,9,516.87742,11406.38,0.189070453,15.4378007,67.770875,-0.017721334,-0.018288067,-2.321428836
2024-10-25T13:02:00Z,25,9,526.96388,11406.38,0.189070453,15.4378007,67.770875,-0.017721334,-0.018288067,-2.321428836
2024-10-25T13:03:00Z,25,9,544.52712,11406.38,0.189070453,15.4378007,67.770875,-0.017721334,-0.018288067,-2.321428836
2024-10-25T13:04:00Z,25,9,567.53574,11406.38,0.189070453,15.4378007,67.770875,-0.017721334,-0.018288067,-2.321428836
2024-10-25T13:05:00Z,25,9,585.13672,11406.38,0.189070453,15.4378007,67.770875,-0.017721334,-0.018288067,-2.321428836
2024-10-25T13:06:00Z,25,9,603.919125,11406.38,0.189070453,15.4378007,67.770875,-0.017721334,-0.018288067,-2.321428836
2024-11-01T08:35:30Z,1,5,628.45452,4564.343,0.042176871,25.98000409,69.65704167,1.643316339,1.641628089,934.1393255
2024-11-01T08:36:00Z,1,5,1070.4211,4564.343,0.042176871,25.98000409,69.65704167,1.643316339,1.641628089,934.1393255
2024-11-01T08:37:00Z,1,5,1688.9741,4564.343,0.042176871,25.98000409,69.65704167,1.643316339,1.641628089,934.1393255
2024-11-01T08:38:00Z,1,5,2186.2835,4564.343,0.042176871,25.98000409,69.65704167,1.643316339,1.641628089,934.1393255
2024-11-01T08:39:00Z,1,5,2652.4859,4564.343,0.042176871,25.98000409,69.65704167,1.643316339,1.641628089,934.1393255
2024-11-01T08:40:00Z,1,5,3152.3303,4564.343,0.042176871,25.98000409,69.65704167,1.643316339,1.641628089,934.1393255
2024-11-01T08:41:00Z,1,5,3619.7439,4564.343,0.042176871,25.98000409,69.65704167,1.643316339,1.641628089,934.1393255
2024-11-01T08:42:00Z,1,5,4046.1382,4564.343,0.042176871,25.98000409,69.65704167,1.643316339,1.641628089,934.1393255
2024-11-01T08:43:00Z,1,5,4452.3547,4564.343,0.042176871,25.98000409,69.65704167,1.643316339,1.641628089,934.1393255
2024-11-01T08:44:00Z,1,5,4870.0135,4564.343,0.042176871,25.98000409,69.65704167,1.643316339,1.641628089,934.1393255
2024-11-01T08:45:00Z,1,5,5267.673,4564.343,0.042176871,25.98000409,69.65704167,1.643316339,1.641628089,934.1393255
2024-11-01T08:46:00Z,1,5,5623.4734,4564.343,0.042176871,25.98000409,69.65704167,1.643316339,1.641628089,934.1393255
2024-11-01T08:47:00Z,1,5,5992.1408,4564.343,0.042176871,25.98000409,69.65704167,1.643316339,1.641628089,934.1393255
2024-11-01T08:48:00Z,1,5,6311.17,4564.343,0.042176871,25.98000409,69.65704167,1.643316339,1.641628089,934.1393255
2024-11-01T08:49:00Z,1,5,6610.05,4564.343,0.042176871,25.98000409,69.65704167,1.643316339,1.641628089,934.1393255
2024-11-01T08:50:00Z,1,5,6880.351,4564.343,0.042176871,25.98000409,69.65704167,1.643316339,1.641628089,934.1393255
2024-11-01T08:51:00Z,1,5,7148.003,4564.343,0.042176871,25.98000409,69.65704167,1.643316339,1.641628089,934.1393255
2024-11-01T08:52:00Z,1,5,7423.195,4564.343,0.042176871,25.98000409,69.65704167,1.643316339,1.641628089,934.1393255
2024-11-01T10:36:30Z,1,6,709.2594,10979.754,0.30001853,58.69255294,69.19929167,-2.458706232,-2.475154081,-198.0000969
2024-11-01T10:37:00Z,1,6,1176.45,10979.754,0.30001853,58.69255294,69.19929167,-2.458706232,-2.475154081,-198.0000969
2024-11-01T10:38:00Z,1,6,1779.8834,10979.754,0.30001853,58.69255294,69.19929167,-2.458706232,-2.475154081,-198.0000969
2024-11-01T10:39:00Z,1,6,2261.9634,10979.754,0.30001853,58.69255294,69.19929167,-2.458706232,-2.475154081,-198.0000969
2024-11-01T10:40:00Z,1,6,2738.0606,10979.754,0.30001853,58.69255294,69.19929167,-2.458706232,-2.475154081,-198.0000969
2024-11-01T10:41:00Z,1,6,3230.8105,10979.754,0.30001853,58.69255294,69.19929167,-2.458706232,-2.475154081,-198.0000969
2024-11-01T10:42:00Z,1,6,3695.4253,10979.754,0.30001853,58.69255294,69.19929167,-2.458706232,-2.475154081,-198.0000969
2024-11-01T10:43:00Z,1,6,4116.751,10979.754,0.30001853,58.69255294,69.19929167,-2.458706232,-2.475154081,-198.0000969
2024-11-01T10:44:00Z,1,6,4518.1847,10979.754,0.30001853,58.69255294,69.19929167,-2.458706232,-2.475154081,-198.0000969
2024-11-01T10:45:00Z,1,6,4937.9809,10979.754,0.30001853,58.69255294,69.19929167,-2.458706232,-2.475154081,-198.0000969
2024-11-01T10:46:00Z,1,6,5330.7418,10979.754,0.30001853,58.69255294,69.19929167,-2.458706232,-2.475154081,-198.0000969
2024-11-01T10:47:00Z,1,6,5681.694,10979.754,0.30001853,58.69255294,69.19929167,-2.458706232,-2.475154081,-198.0000969
2024-11-01T10:48:00Z,1,6,6050.0897,10979.754,0.30001853,58.69255294,69.19929167,-2.458706232,-2.475154081,-198.0000969
2024-11-01T10:49:00Z,1,6,6361.297,10979.754,0.30001853,58.69255294,69.19929167,-2.458706232,-2.475154081,-198.0000969
2024-11-01T10:50:00Z,1,6,6655.718,10979.754,0.30001853,58.69255294,69.19929167,-2.458706232,-2.475154081,-198.0000969
2024-11-01T10:51:00Z,1,6,6928.401,10979.754,0.30001853,58.69255294,69.19929167,-2.458706232,-2.475154081,-198.0000969
2024-11-01T10:52:00Z,1,6,7190.914,10979.754,0.30001853,58.69255294,69.19929167,-2.458706232,-2.475154081,-198.0000969
2024-11-01T10:53:00Z,1,6,7471.083,10979.754,0.30001853,58.69255294,69.19929167,-2.458706232,-2.475154081,-198.0000969
2024-11-01T10:54:00Z,1,6,7772.47,10979.754,0.30001853,58.69255294,69.19929167,-2.458706232,-2.475154081,-198.0000969
2024-11-01T10:55:00Z,1,6,8008.48,10979.754,0.30001853,58.69255294,69.19929167,-2.458706232,-2.475154081,-198.0000969
2024-11-01T10:56:00Z,1,6,8215.587,10979.754,0.30001853,58.69255294,69.19929167,-2.458706232,-2.475154081,-198.0000969
2024-11-01T10:57:00Z,1,6,8412.356,10979.754,0.30001853,58.69255294,69.19929167,-2.458706232,-2.475154081,-198.0000969
2024-11-01T10:58:00Z,1,6,8624.268,10979.754,0.30001853,58.69255294,69.19929167,-2.458706232,-2.475154081,-198.0000969
2024-11-01T10:59:00Z,1,6,8828.567,10979.754,0.30001853,58.69255294,69.19929167,-2.458706232,-2.475154081,-198.0000969
2024-11-01T11:00:00Z,1,6,8998.054,10014.36,0.30001853,58.69255294,69.19929167,-6.780044285,-6.825400311,-545.9983011
2024-11-01T11:01:00Z,1,6,9177.131,10014.36,0.30001853,58.69255294,69.19929167,-6.780044285,-6.825400311,-545.9983011
2024-11-01T11:02:00Z,1,6,9308.527,10014.36,0.30001853,58.69255294,69.19929167,-6.780044285,-6.825400311,-545.9983011
2024-11-01T11:03:00Z,1,6,9465.081,10014.36,0.30001853,58.69255294,69.19929167,-6.780044285,-6.825400311,-545.9983011
2024-11-01T12:18:30Z,1,9,366.03866,3957.608,0.140225032,6.322836221,68.74220833,-0.034980739,-0.035498747,-6.075733525
2024-11-01T12:19:00Z,1,9,371.09731,3957.608,0.140225032,6.322836221,68.74220833,-0.034980739,-0.035498747,-6.075733525
2024-11-01T12:20:00Z,1,9,391.33478,3957.608,0.140225032,6.322836221,68.74220833,-0.034980739,-0.035498747,-6.075733525
2024-11-01T12:21:00Z,1,9,401.37249,3957.608,0.140225032,6.322836221,68.74220833,-0.034980739,-0.035498747,-6.075733525
2024-11-01T12:22:00Z,1,9,411.46994,3957.608,0.140225032,6.322836221,68.74220833,-0.034980739,-0.035498747,-6.075733525
2024-11-01T12:23:00Z,1,9,423.97605,3957.608,0.140225032,6.322836221,68.74220833,-0.034980739,-0.035498747,-6.075733525
2024-11-01T12:24:00Z,1,9,436.4793,3957.608,0.140225032,6.322836221,68.74220833,-0.034980739,-0.035498747,-6.075733525
2024-11-01T12:25:00Z,1,9,441.46527,3957.608,0.140225032,6.322836221,68.74220833,-0.034980739,-0.035498747,-6.075733525
2024-11-01T12:26:00Z,1,9,456.57073,3957.608,0.140225032,6.322836221,68.74220833,-0.034980739,-0.035498747,-6.075733525
2024-11-01T12:27:00Z,1,9,461.61386,3957.608,0.140225032,6.322836221,68.74220833,-0.034980739,-0.035498747,-6.075733525
2024-11-01T12:28:00Z,1,9,471.61533,3957.608,0.140225032,6.322836221,68.74220833,-0.034980739,-0.035498747,-6.075733525
2024-11-01T12:29:00Z,1,9,491.88917,3957.608,0.140225032,6.322836221,68.74220833,-0.034980739,-0.035498747,-6.075733525
2024-11-01T12:30:00Z,1,9,507.32979,3957.608,0.140225032,6.322836221,68.74220833,-0.034980739,-0.035498747,-6.075733525
2024-11-01T12:31:00Z,1,9,517.3349,3957.608,0.140225032,6.322836221,68.74220833,-0.034980739,-0.035498747,-6.075733525
2024-11-01T12:32:00Z,1,9,517.30585,3957.608,0.140225032,6.322836221,68.74220833,-0.034980739,-0.035498747,-6.075733525
2024-11-01T12:33:00Z,1,9,529.96022,3957.608,0.140225032,6.322836221,68.74220833,-0.034980739,-0.035498747,-6.075733525
2024-11-01T12:34:00Z,1,9,532.46308,3957.608,0.140225032,6.322836221,68.74220833,-0.034980739,-0.035498747,-6.075733525
2024-11-01T12:35:00Z,1,9,544.95385,3957.608,0.140225032,6.322836221,68.74220833,-0.034980739,-0.035498747,-6.075733525
2024-11-01T12:36:00Z,1,9,560.08791,3957.608,0.140225032,6.322836221,68.74220833,-0.034980739,-0.035498747,-6.075733525
2024-11-01T12:37:00Z,1,9,567.66403,3957.608,0.140225032,6.322836221,68.74220833,-0.034980739,-0.035498747,-6.075733525
2024-11-01T12:38:00Z,1,9,577.6764,3957.608,0.140225032,6.322836221,68.74220833,-0.034980739,-0.035498747,-6.075733525
2024-11-01T12:39:00Z,1,9,577.66936,3957.608,0.140225032,6.322836221,68.74220833,-0.034980739,-0.035498747,-6.075733525
2024-11-01T12:40:00Z,1,9,582.73631,3957.608,0.140225032,6.322836221,68.74220833,-0.034980739,-0.035498747,-6.075733525
2024-11-01T12:41:00Z,1,9,597.79782,3957.608,0.140225032,6.322836221,68.74220833,-0.034980739,-0.035498747,-6.075733525
2024-11-01T12:42:00Z,1,9,612.9928,3957.608,0.140225032,6.322836221,68.74220833,-0.034980739,-0.035498747,-6.075733525
2024-11-01T12:43:00Z,1,9,628.3682,3957.608,0.140225032,6.322836221,68.74220833,-0.034980739,-0.035498747,-6.075733525
2024-11-01T12:44:00Z,1,9,628.3277,3957.608,0.140225032,6.322836221,68.74220833,-0.034980739,-0.035498747,-6.075733525
2024-01-05T09:37:00Z,5,5,426.60745,3375.242,0.285012368,180.6224939,54.87104167,-0.043158448,-0.056304595,-4.741233864
2024-01-05T09:38:00Z,5,5,405.9321667,3375.242,0.285012368,180.6224939,54.87104167,-0.043158448,-0.056304595,-4.741233864
2024-01-05T09:39:00Z,5,5,417.4713833,3375.242,0.285012368,180.6224939,54.87104167,-0.043158448,-0.056304595,-4.741233864
2024-01-05T09:40:00Z,5,5,437.6264167,3375.242,0.285012368,180.6224939,54.87104167,-0.043158448,-0.056304595,-4.741233864
2024-01-05T09:41:00Z,5,5,447.2978,3375.242,0.285012368,180.6224939,54.87104167,-0.043158448,-0.056304595,-4.741233864
2024-01-05T09:42:00Z,5,5,469.6701,3375.242,0.285012368,180.6224939,54.87104167,-0.043158448,-0.056304595,-4.741233864
2024-01-05T09:43:00Z,5,5,501.96025,3375.242,0.285012368,180.6224939,54.87104167,-0.043158448,-0.056304595,-4.741233864
2024-01-05T09:44:00Z,5,5,541.1791333,3375.242,0.285012368,180.6224939,54.87104167,-0.043158448,-0.056304595,-4.741233864
2024-01-05T09:45:00Z,5,5,575.29255,3375.242,0.285012368,180.6224939,54.87104167,-0.043158448,-0.056304595,-4.741233864
2024-01-05T09:46:00Z,5,5,602.846,3375.242,0.285012368,180.6224939,54.87104167,-0.043158448,-0.056304595,-4.741233864
2024-01-05T09:47:00Z,5,5,619.4404,3375.242,0.285012368,180.6224939,54.87104167,-0.043158448,-0.056304595,-4.741233864
2024-01-05T09:48:00Z,5,5,600.96845,3375.242,0.285012368,180.6224939,54.87104167,-0.043158448,-0.056304595,-4.741233864
2024-01-05T09:49:00Z,5,5,623.2607333,3375.242,0.285012368,180.6224939,54.87104167,-0.043158448,-0.056304595,-4.741233864
2024-01-05T09:50:00Z,5,5,626.5422167,3375.242,0.285012368,180.6224939,54.87104167,-0.043158448,-0.056304595,-4.741233864
2024-01-05T09:51:00Z,5,5,659.22955,3375.242,0.285012368,180.6224939,54.87104167,-0.043158448,-0.056304595,-4.741233864
2024-01-05T09:52:00Z,5,5,666.7810667,3375.242,0.285012368,180.6224939,54.87104167,-0.043158448,-0.056304595,-4.741233864
2024-01-05T09:53:00Z,5,5,682.1777667,3375.242,0.285012368,180.6224939,54.87104167,-0.043158448,-0.056304595,-4.741233864
2024-01-05T09:54:00Z,5,5,680.36215,3375.242,0.285012368,180.6224939,54.87104167,-0.043158448,-0.056304595,-4.741233864
2024-01-05T09:55:00Z,5,5,681.2535167,3375.242,0.285012368,180.6224939,54.87104167,-0.043158448,-0.056304595,-4.741233864
2024-01-05T09:56:00Z,5,5,679.4740833,3375.242,0.285012368,180.6224939,54.87104167,-0.043158448,-0.056304595,-4.741233864
2024-01-05T09:57:00Z,5,5,678.1284167,3375.242,0.285012368,180.6224939,54.87104167,-0.043158448,-0.056304595,-4.741233864
2024-01-05T09:58:00Z,5,5,681.8729667,3375.242,0.285012368,180.6224939,54.87104167,-0.043158448,-0.056304595,-4.741233864
2024-01-05T09:59:00Z,5,5,684.4131,3375.242,0.285012368,180.6224939,54.87104167,-0.043158448,-0.056304595,-4.741233864
2024-01-05T10:00:00Z,5,5,687.5096,3344.355,0.285012368,180.6224939,54.87104167,-0.043664781,-0.056965158,-4.796857811
2024-01-05T10:01:00Z,5,5,691.2954167,3344.355,0.285012368,180.6224939,54.87104167,-0.043664781,-0.056965158,-4.796857811
2024-01-05T10:02:00Z,5,5,697.8700167,3344.355,0.285012368,180.6224939,54.87104167,-0.043664781,-0.056965158,-4.796857811
2024-01-05T10:03:00Z,5,5,711.6312,3344.355,0.285012368,180.6224939,54.87104167,-0.043664781,-0.056965158,-4.796857811
2023-11-01T11:20:00Z,1,14,713.7320333,1004.816,0.467071834,NA,68.47058333,-0.298942135,-0.304782287,-15.66092055
2023-11-01T11:21:00Z,1,14,702.176,1004.816,0.467071834,NA,68.47058333,-0.298942135,-0.304782287,-15.66092055
2023-11-01T11:22:00Z,1,14,696.18515,1004.816,0.467071834,NA,68.47058333,-0.298942135,-0.304782287,-15.66092055
2023-11-01T11:23:00Z,1,14,699.2770833,1004.816,0.467071834,NA,68.47058333,-0.298942135,-0.304782287,-15.66092055
2023-11-01T11:24:00Z,1,14,701.86345,1004.816,0.467071834,NA,68.47058333,-0.298942135,-0.304782287,-15.66092055
2023-11-01T11:25:00Z,1,14,706.2198333,1004.816,0.467071834,NA,68.47058333,-0.298942135,-0.304782287,-15.66092055
2023-11-01T11:26:00Z,1,14,714.3180667,1004.816,0.467071834,NA,68.47058333,-0.298942135,-0.304782287,-15.66092055
2023-11-01T11:27:00Z,1,14,728.1098333,1004.816,0.467071834,NA,68.47058333,-0.298942135,-0.304782287,-15.66092055
2023-11-01T11:28:00Z,1,14,739.5579833,1004.816,0.467071834,NA,68.47058333,-0.298942135,-0.304782287,-15.66092055
2023-11-01T11:29:00Z,1,14,748.3487167,1004.816,0.467071834,NA,68.47058333,-0.298942135,-0.304782287,-15.66092055
2023-11-01T11:30:00Z,1,14,755.4158333,1004.816,0.467071834,NA,68.47058333,-0.298942135,-0.304782287,-15.66092055
2023-11-01T11:31:00Z,1,14,761.2231167,1004.816,0.467071834,NA,68.47058333,-0.298942135,-0.304782287,-15.66092055
2023-11-01T11:32:00Z,1,14,763.14795,1004.816,0.467071834,NA,68.47058333,-0.298942135,-0.304782287,-15.66092055
2023-11-01T11:33:00Z,1,14,767.7879,1004.816,0.467071834,NA,68.47058333,-0.298942135,-0.304782287,-15.66092055
2023-11-01T11:34:00Z,1,14,795.7507167,1004.816,0.467071834,NA,68.47058333,-0.298942135,-0.304782287,-15.66092055
2023-11-01T11:35:00Z,1,14,793.8348833,1004.816,0.467071834,NA,68.47058333,-0.298942135,-0.304782287,-15.66092055
2023-11-01T11:36:00Z,1,14,790.0957,1004.816,0.467071834,NA,68.47058333,-0.298942135,-0.304782287,-15.66092055
2023-11-01T11:37:00Z,1,14,786.3849,1004.816,0.467071834,NA,68.47058333,-0.298942135,-0.304782287,-15.66092055
2023-11-01T11:38:00Z,1,14,789.9403167,1004.816,0.467071834,NA,68.47058333,-0.298942135,-0.304782287,-15.66092055
2023-11-01T11:39:00Z,1,14,754.1091,1004.816,0.467071834,NA,68.47058333,-0.298942135,-0.304782287,-15.66092055
2023-11-01T12:08:30Z,1,3,714.0472,6744.454,0.323240054,28.76809326,67.20851323,-9.80E-04,-0.001020978,-0.075805821
2023-11-01T12:09:00Z,1,3,708.2430333,6744.454,0.323240054,28.76809326,67.20851323,-9.80E-04,-0.001020978,-0.075805821
2023-11-01T12:10:00Z,1,3,697.5000167,6744.454,0.323240054,28.76809326,67.20851323,-9.80E-04,-0.001020978,-0.075805821
2023-11-01T12:11:00Z,1,3,692.6826333,6744.454,0.323240054,28.76809326,67.20851323,-9.80E-04,-0.001020978,-0.075805821
2023-11-01T12:12:00Z,1,3,697.5172,6744.454,0.323240054,28.76809326,67.20851323,-9.80E-04,-0.001020978,-0.075805821
2023-11-01T12:13:00Z,1,3,704.4320333,6744.454,0.323240054,28.76809326,67.20851323,-9.80E-04,-0.001020978,-0.075805821
2023-11-01T12:14:00Z,1,3,721.457075,6744.454,0.323240054,28.76809326,67.20851323,-9.80E-04,-0.001020978,-0.075805821
2023-11-01T09:56:00Z,1,5a,434.69795,17383.67,0.453269539,14.19495265,67.29983333,-0.012215882,-0.01270941,-0.672945815
2023-11-01T09:57:00Z,1,5a,437.1967833,17383.67,0.453269539,14.19495265,67.29983333,-0.012215882,-0.01270941,-0.672945815
2023-11-01T09:58:00Z,1,5a,448.30575,17383.67,0.453269539,14.19495265,67.29983333,-0.012215882,-0.01270941,-0.672945815
2023-11-01T09:59:00Z,1,5a,461.8775,17383.67,0.453269539,14.19495265,67.29983333,-0.012215882,-0.01270941,-0.672945815
2023-11-01T10:00:00Z,1,5a,477.22795,17233.45,0.453269539,14.19495265,67.29983333,-0.012327458,-0.012825493,-0.679092274
2023-11-01T10:01:00Z,1,5a,500.6185167,17233.45,0.453269539,14.19495265,67.29983333,-0.012327458,-0.012825493,-0.679092274
2023-11-01T10:02:00Z,1,5a,520.5241333,17233.45,0.453269539,14.19495265,67.29983333,-0.012327458,-0.012825493,-0.679092274
2023-11-01T10:03:00Z,1,5a,539.6406333,17233.45,0.453269539,14.19495265,67.29983333,-0.012327458,-0.012825493,-0.679092274
2023-11-01T10:04:00Z,1,5a,562.1575667,17233.45,0.453269539,14.19495265,67.29983333,-0.012327458,-0.012825493,-0.679092274
2023-11-01T10:05:00Z,1,5a,586.5439667,17233.45,0.453269539,14.19495265,67.29983333,-0.012327458,-0.012825493,-0.679092274
2023-11-01T10:06:00Z,1,5a,606.0689,17233.45,0.453269539,14.19495265,67.29983333,-0.012327458,-0.012825493,-0.679092274
2023-11-01T10:07:00Z,1,5a,624.8927667,17233.45,0.453269539,14.19495265,67.29983333,-0.012327458,-0.012825493,-0.679092274
2023-11-01T10:08:00Z,1,5a,639.8751,17233.45,0.453269539,14.19495265,67.29983333,-0.012327458,-0.012825493,-0.679092274
2023-11-01T10:09:00Z,1,5a,658.5392,17233.45,0.453269539,14.19495265,67.29983333,-0.012327458,-0.012825493,-0.679092274
2023-11-01T10:10:00Z,1,5a,674.8492167,17233.45,0.453269539,14.19495265,67.29983333,-0.012327458,-0.012825493,-0.679092274
2023-11-01T10:11:00Z,1,5a,695.68315,17233.45,0.453269539,14.19495265,67.29983333,-0.012327458,-0.012825493,-0.679092274
2023-11-01T10:12:00Z,1,5a,719.5870167,17233.45,0.453269539,14.19495265,67.29983333,-0.012327458,-0.012825493,-0.679092274
2023-11-01T10:13:00Z,1,5a,732.0145167,17233.45,0.453269539,14.19495265,67.29983333,-0.012327458,-0.012825493,-0.679092274
2023-11-01T10:14:00Z,1,5a,750.14775,17233.45,0.453269539,14.19495265,67.29983333,-0.012327458,-0.012825493,-0.679092274
2023-11-01T10:15:00Z,1,5a,759.9700167,17233.45,0.453269539,14.19495265,67.29983333,-0.012327458,-0.012825493,-0.679092274
2023-11-01T10:16:00Z,1,5a,777.5875,17233.45,0.453269539,14.19495265,67.29983333,-0.012327458,-0.012825493,-0.679092274
2023-11-01T10:17:00Z,1,5a,786.5933833,17233.45,0.453269539,14.19495265,67.29983333,-0.012327458,-0.012825493,-0.679092274
2023-11-01T10:18:00Z,1,5a,785.74135,17233.45,0.453269539,14.19495265,67.29983333,-0.012327458,-0.012825493,-0.679092274
2023-11-01T13:34:20Z,1,6,674.977225,11130.56,0.252976288,35.7267784,68.27016667,-0.008228515,-0.008417965,-0.798616968
2023-11-01T13:35:00Z,1,6,685.5182833,11130.56,0.252976288,35.7267784,68.27016667,-0.008228515,-0.008417965,-0.798616968
2023-11-01T13:36:00Z,1,6,692.08565,11130.56,0.252976288,35.7267784,68.27016667,-0.008228515,-0.008417965,-0.798616968
2023-11-01T13:37:00Z,1,6,693.2150333,11130.56,0.252976288,35.7267784,68.27016667,-0.008228515,-0.008417965,-0.798616968
2023-11-01T13:38:00Z,1,6,705.72715,11130.56,0.252976288,35.7267784,68.27016667,-0.008228515,-0.008417965,-0.798616968
2023-11-01T13:39:00Z,1,6,713.1749167,11130.56,0.252976288,35.7267784,68.27016667,-0.008228515,-0.008417965,-0.798616968
2023-11-01T13:40:00Z,1,6,722.0392,11130.56,0.252976288,35.7267784,68.27016667,-0.008228515,-0.008417965,-0.798616968
2023-11-01T13:41:00Z,1,6,730.93965,11130.56,0.252976288,35.7267784,68.27016667,-0.008228515,-0.008417965,-0.798616968
2023-11-01T13:42:00Z,1,6,736.5333667,11130.56,0.252976288,35.7267784,68.27016667,-0.008228515,-0.008417965,-0.798616968
2023-11-01T13:43:00Z,1,6,746.9354167,11130.56,0.252976288,35.7267784,68.27016667,-0.008228515,-0.008417965,-0.798616968
2023-11-01T13:44:00Z,1,6,759.5624333,11130.56,0.252976288,35.7267784,68.27016667,-0.008228515,-0.008417965,-0.798616968
2023-11-01T13:45:00Z,1,6,778.2558833,11130.56,0.252976288,35.7267784,68.27016667,-0.008228515,-0.008417965,-0.798616968
2023-11-01T13:46:00Z,1,6,795.8959167,11130.56,0.252976288,35.7267784,68.27016667,-0.008228515,-0.008417965,-0.798616968
2023-11-01T13:47:00Z,1,6,805.22385,11130.56,0.252976288,35.7267784,68.27016667,-0.008228515,-0.008417965,-0.798616968
2023-11-01T13:48:00Z,1,6,808.3949,11130.56,0.252976288,35.7267784,68.27016667,-0.008228515,-0.008417965,-0.798616968
2023-11-01T13:49:00Z,1,6,817.89315,11130.56,0.252976288,35.7267784,68.27016667,-0.008228515,-0.008417965,-0.798616968
2023-11-01T13:50:00Z,1,6,822.5027667,11130.56,0.252976288,35.7267784,68.27016667,-0.008228515,-0.008417965,-0.798616968
2023-11-01T13:51:00Z,1,6,828.8697833,11130.56,0.252976288,35.7267784,68.27016667,-0.008228515,-0.008417965,-0.798616968
2023-11-01T13:52:00Z,1,6,834.18825,11130.56,0.252976288,35.7267784,68.27016667,-0.008228515,-0.008417965,-0.798616968
2023-11-01T13:53:00Z,1,6,834.6399333,11130.56,0.252976288,35.7267784,68.27016667,-0.008228515,-0.008417965,-0.798616968
2023-11-01T13:54:00Z,1,6,843.3850667,11130.56,0.252976288,35.7267784,68.27016667,-0.008228515,-0.008417965,-0.798616968
2023-11-01T13:55:00Z,1,6,838.7269333,11130.56,0.252976288,35.7267784,68.27016667,-0.008228515,-0.008417965,-0.798616968
2023-11-01T13:56:00Z,1,6,832.2708167,11130.56,0.252976288,35.7267784,68.27016667,-0.008228515,-0.008417965,-0.798616968
2023-11-01T13:57:00Z,1,6,832.3483333,11130.56,0.252976288,35.7267784,68.27016667,-0.008228515,-0.008417965,-0.798616968
2023-11-01T13:58:00Z,1,6,834.5458,11130.56,0.252976288,35.7267784,68.27016667,-0.008228515,-0.008417965,-0.798616968
2023-11-01T13:59:00Z,1,6,847.0725833,11130.56,0.252976288,35.7267784,68.27016667,-0.008228515,-0.008417965,-0.798616968
2023-11-01T14:00:00Z,1,6,866.6924833,11056.73,0.252976288,35.7267784,68.27016667,-0.008288441,-0.00847927,-0.804433067
2023-11-01T14:01:00Z,1,6,880.8782667,11056.73,0.252976288,35.7267784,68.27016667,-0.008288441,-0.00847927,-0.804433067
2023-11-01T14:02:00Z,1,6,897.8937667,11056.73,0.252976288,35.7267784,68.27016667,-0.008288441,-0.00847927,-0.804433067
2023-11-01T14:03:00Z,1,6,906.8980333,11056.73,0.252976288,35.7267784,68.27016667,-0.008288441,-0.00847927,-0.804433067
2023-11-01T14:04:00Z,1,6,908.9635833,11056.73,0.252976288,35.7267784,68.27016667,-0.008288441,-0.00847927,-0.804433067
2023-11-01T14:05:00Z,1,6,911.4052167,11056.73,0.252976288,35.7267784,68.27016667,-0.008288441,-0.00847927,-0.804433067
2023-11-01T14:06:00Z,1,6,910.3793333,11056.73,0.252976288,35.7267784,68.27016667,-0.008288441,-0.00847927,-0.804433067
2023-11-01T14:07:00Z,1,6,919.025025,11056.73,0.252976288,35.7267784,68.27016667,-0.008288441,-0.00847927,-0.804433067
2023-11-01T12:32:00Z,1,7,744.31615,4485.295,0.130552447,1.934874616,68.842375,-0.02000458,-0.020263166,-3.725062161
2023-11-01T12:33:00Z,1,7,731.10315,4485.295,0.130552447,1.934874616,68.842375,-0.02000458,-0.020263166,-3.725062161
2023-11-01T12:34:00Z,1,7,725.7122,4485.295,0.130552447,1.934874616,68.842375,-0.02000458,-0.020263166,-3.725062161
2023-11-01T12:35:00Z,1,7,723.9657,4485.295,0.130552447,1.934874616,68.842375,-0.02000458,-0.020263166,-3.725062161
2023-11-01T12:36:00Z,1,7,730.9362333,4485.295,0.130552447,1.934874616,68.842375,-0.02000458,-0.020263166,-3.725062161
2023-11-01T12:37:00Z,1,7,740.1685167,4485.295,0.130552447,1.934874616,68.842375,-0.02000458,-0.020263166,-3.725062161
2023-11-01T12:38:00Z,1,7,748.4672667,4485.295,0.130552447,1.934874616,68.842375,-0.02000458,-0.020263166,-3.725062161
2023-11-01T12:39:00Z,1,7,757.2604667,4485.295,0.130552447,1.934874616,68.842375,-0.02000458,-0.020263166,-3.725062161
2023-11-01T12:40:00Z,1,7,766.9581,4485.295,0.130552447,1.934874616,68.842375,-0.02000458,-0.020263166,-3.725062161
2023-11-01T12:41:00Z,1,7,782.9163333,4485.295,0.130552447,1.934874616,68.842375,-0.02000458,-0.020263166,-3.725062161
2023-11-01T12:42:00Z,1,7,801.6171833,4485.295,0.130552447,1.934874616,68.842375,-0.02000458,-0.020263166,-3.725062161
2023-11-01T14:37:00Z,1,9,754.0079,2687.313,0.101983041,2.440182732,65.83770833,-0.053515195,-0.057116035,-13.44130177
2023-11-01T14:38:00Z,1,9,755.7158667,2687.313,0.101983041,2.440182732,65.83770833,-0.053515195,-0.057116035,-13.44130177
2023-11-01T14:39:00Z,1,9,759.53605,2687.313,0.101983041,2.440182732,65.83770833,-0.053515195,-0.057116035,-13.44130177
2023-11-01T14:40:00Z,1,9,759.7116,2687.313,0.101983041,2.440182732,65.83770833,-0.053515195,-0.057116035,-13.44130177
2023-11-01T14:41:00Z,1,9,758.7814333,2687.313,0.101983041,2.440182732,65.83770833,-0.053515195,-0.057116035,-13.44130177
2023-11-01T14:42:00Z,1,9,759.1228333,2687.313,0.101983041,2.440182732,65.83770833,-0.053515195,-0.057116035,-13.44130177
2023-11-01T14:43:00Z,1,9,768.8626333,2687.313,0.101983041,2.440182732,65.83770833,-0.053515195,-0.057116035,-13.44130177
2023-11-01T14:44:00Z,1,9,789.4292167,2687.313,0.101983041,2.440182732,65.83770833,-0.053515195,-0.057116035,-13.44130177
2023-11-01T14:45:00Z,1,9,802.4199833,2687.313,0.101983041,2.440182732,65.83770833,-0.053515195,-0.057116035,-13.44130177
2023-11-01T14:46:00Z,1,9,818.3745,2687.313,0.101983041,2.440182732,65.83770833,-0.053515195,-0.057116035,-13.44130177
2023-11-01T14:47:00Z,1,9,821.43385,2687.313,0.101983041,2.440182732,65.83770833,-0.053515195,-0.057116035,-13.44130177
2023-11-01T14:48:00Z,1,9,836.53315,2687.313,0.101983041,2.440182732,65.83770833,-0.053515195,-0.057116035,-13.44130177
2023-11-01T14:49:00Z,1,9,844.4437167,2687.313,0.101983041,2.440182732,65.83770833,-0.053515195,-0.057116035,-13.44130177
2023-11-01T14:50:00Z,1,9,861.9716833,2687.313,0.101983041,2.440182732,65.83770833,-0.053515195,-0.057116035,-13.44130177
2023-11-01T14:51:00Z,1,9,870.8549667,2687.313,0.101983041,2.440182732,65.83770833,-0.053515195,-0.057116035,-13.44130177
2023-11-01T14:52:00Z,1,9,888.2562667,2687.313,0.101983041,2.440182732,65.83770833,-0.053515195,-0.057116035,-13.44130177
2023-11-01T14:53:00Z,1,9,884.2041667,2687.313,0.101983041,2.440182732,65.83770833,-0.053515195,-0.057116035,-13.44130177
2023-11-01T14:54:00Z,1,9,848.939,2687.313,0.101983041,2.440182732,65.83770833,-0.053515195,-0.057116035,-13.44130177
2024-11-22T12:22:10Z,22,6,2030.428296,6021.774,0.187241965,15.2013972,65.92275,-2.605442299,-2.776352864,-355.8629009
2024-11-22T12:23:00Z,22,6,2315.15784,6021.774,0.187241965,15.2013972,65.92275,-2.605442299,-2.776352864,-355.8629009
2024-11-22T12:24:00Z,22,6,2603.37378,6021.774,0.187241965,15.2013972,65.92275,-2.605442299,-2.776352864,-355.8629009
2024-11-22T12:25:00Z,22,6,2892.069,6021.774,0.187241965,15.2013972,65.92275,-2.605442299,-2.776352864,-355.8629009
2024-11-22T12:26:00Z,22,6,3285.74622,6021.774,0.187241965,15.2013972,65.92275,-2.605442299,-2.776352864,-355.8629009
2024-11-22T12:27:00Z,22,6,3693.5316,6021.774,0.187241965,15.2013972,65.92275,-2.605442299,-2.776352864,-355.8629009
2024-11-22T12:28:00Z,22,6,4027.4346,6021.774,0.187241965,15.2013972,65.92275,-2.605442299,-2.776352864,-355.8629009
2024-11-22T12:29:00Z,22,6,4194.5202,6021.774,0.187241965,15.2013972,65.92275,-2.605442299,-2.776352864,-355.8629009
2024-11-22T12:30:00Z,22,6,4300.6242,6021.774,0.187241965,15.2013972,65.92275,-2.605442299,-2.776352864,-355.8629009
2024-11-22T12:31:00Z,22,6,4451.8752,6021.774,0.187241965,15.2013972,65.92275,-2.605442299,-2.776352864,-355.8629009
2024-11-22T12:32:00Z,22,6,4618.5894,6021.774,0.187241965,15.2013972,65.92275,-2.605442299,-2.776352864,-355.8629009
2024-11-22T12:33:00Z,22,6,4755.0318,6021.774,0.187241965,15.2013972,65.92275,-2.605442299,-2.776352864,-355.8629009
2024-11-22T12:34:00Z,22,6,4966.1928,6021.774,0.187241965,15.2013972,65.92275,-2.605442299,-2.776352864,-355.8629009
2024-11-22T11:41:40Z,22,6,1833.89436,6021.774,0.187241965,15.2013972,65.92275,-0.212870421,-0.226834194,-29.07478923
2024-11-22T11:42:00Z,22,6,1909.7847,6021.774,0.187241965,15.2013972,65.92275,-0.212870421,-0.226834194,-29.07478923
2024-11-22T11:43:00Z,22,6,2061.45318,6021.774,0.187241965,15.2013972,65.92275,-0.212870421,-0.226834194,-29.07478923
2024-11-22T11:44:00Z,22,6,2181.0384,6021.774,0.187241965,15.2013972,65.92275,-0.212870421,-0.226834194,-29.07478923
2024-11-22T11:45:00Z,22,6,2256.57354,6021.774,0.187241965,15.2013972,65.92275,-0.212870421,-0.226834194,-29.07478923
2024-11-22T11:46:00Z,22,6,2287.11108,6021.774,0.187241965,15.2013972,65.92275,-0.212870421,-0.226834194,-29.07478923
2024-11-22T11:47:00Z,22,6,2317.23102,6021.774,0.187241965,15.2013972,65.92275,-0.212870421,-0.226834194,-29.07478923
2024-11-22T11:48:00Z,22,6,2377.08324,6021.774,0.187241965,15.2013972,65.92275,-0.212870421,-0.226834194,-29.07478923
2024-11-22T11:49:00Z,22,6,2377.20402,6021.774,0.187241965,15.2013972,65.92275,-0.212870421,-0.226834194,-29.07478923
2024-11-22T09:34:10Z,22,5,3118.512384,2542.524,0.034511311,21.1939139,62.832875,0.563667321,0.634680597,441.3722296
2024-11-22T09:35:00Z,22,5,3696.82074,2542.524,0.034511311,21.1939139,62.832875,0.563667321,0.634680597,441.3722296
2024-11-22T09:36:00Z,22,5,4245.1926,2542.524,0.034511311,21.1939139,62.832875,0.563667321,0.634680597,441.3722296
2024-11-22T09:37:00Z,22,5,4881.4608,2542.524,0.034511311,21.1939139,62.832875,0.563667321,0.634680597,441.3722296
2024-11-22T09:38:00Z,22,5,5533.803,2542.524,0.034511311,21.1939139,62.832875,0.563667321,0.634680597,441.3722296
2024-11-22T09:39:00Z,22,5,6155.3898,2542.524,0.034511311,21.1939139,62.832875,0.563667321,0.634680597,441.3722296
2024-11-22T09:40:00Z,22,5,6774.4572,2542.524,0.034511311,21.1939139,62.832875,0.563667321,0.634680597,441.3722296
2024-11-22T09:41:00Z,22,5,7338.018,2542.524,0.034511311,21.1939139,62.832875,0.563667321,0.634680597,441.3722296
2024-11-22T09:42:00Z,22,5,7883.6028,2542.524,0.034511311,21.1939139,62.832875,0.563667321,0.634680597,441.3722296
2024-11-22T09:43:00Z,22,5,8338.1412,2542.524,0.034511311,21.1939139,62.832875,0.563667321,0.634680597,441.3722296
2024-11-22T09:44:00Z,22,5,8898.7554,2542.524,0.034511311,21.1939139,62.832875,0.563667321,0.634680597,441.3722296
2024-11-22T09:45:00Z,22,5,9429.4788,2542.524,0.034511311,21.1939139,62.832875,0.563667321,0.634680597,441.3722296
2024-11-22T09:46:00Z,22,5,9944.4114,2542.524,0.034511311,21.1939139,62.832875,0.563667321,0.634680597,441.3722296
2024-11-22T09:47:00Z,22,5,10367.4348,2542.524,0.034511311,21.1939139,62.832875,0.563667321,0.634680597,441.3722296
2024-11-22T09:48:00Z,22,5,10761.5202,2542.524,0.034511311,21.1939139,62.832875,0.563667321,0.634680597,441.3722296
2024-11-22T09:49:00Z,22,5,11187.4332,2542.524,0.034511311,21.1939139,62.832875,0.563667321,0.634680597,441.3722296
2024-11-22T09:50:00Z,22,5,11655.3306,2542.524,0.034511311,21.1939139,62.832875,0.563667321,0.634680597,441.3722296
2024-11-22T09:51:00Z,22,5,12079.2558,2542.524,0.034511311,21.1939139,62.832875,0.563667321,0.634680597,441.3722296
2024-11-22T09:52:00Z,22,5,12412.0416,2542.524,0.034511311,21.1939139,62.832875,0.563667321,0.634680597,441.3722296
2024-11-22T13:25:10Z,22,9,2122.394256,3764.232,0.076795491,1.049650684,56.827625,-1.037590202,-1.304943888,-407.8189079
2024-11-22T13:26:00Z,22,9,2225.48124,3764.232,0.076795491,1.049650684,56.827625,-1.037590202,-1.304943888,-407.8189079
2024-11-22T13:27:00Z,22,9,2361.18528,3764.232,0.076795491,1.049650684,56.827625,-1.037590202,-1.304943888,-407.8189079
2024-11-22T13:28:00Z,22,9,2398.92291,3764.232,0.076795491,1.049650684,56.827625,-1.037590202,-1.304943888,-407.8189079
2024-11-22T13:29:30Z,22,9,2527.50684,3764.232,0.076795491,1.049650684,56.827625,-1.037590202,-1.304943888,-407.8189079
2024-11-22T13:30:00Z,22,9,2602.7541,3764.232,0.076795491,1.049650684,56.827625,-1.037590202,-1.304943888,-407.8189079
2024-11-22T13:34:20Z,22,9,2785.35348,3764.232,0.076795491,1.049650684,56.827625,-1.037590202,-1.304943888,-407.8189079
2023-12-06T13:00:10Z,6,14,648.53982,1004.816,0.513959428,NA,62.64008333,-0.11694784,-0.132152373,-6.171025929
2023-12-06T13:01:00Z,6,14,629.7747,1004.816,0.513959428,NA,62.64008333,-0.11694784,-0.132152373,-6.171025929
2023-12-06T13:02:00Z,6,14,621.3186167,1004.816,0.513959428,NA,62.64008333,-0.11694784,-0.132152373,-6.171025929
2023-12-06T13:03:00Z,6,14,623.31305,1004.816,0.513959428,NA,62.64008333,-0.11694784,-0.132152373,-6.171025929
2023-12-06T13:04:00Z,6,14,631.03725,1004.816,0.513959428,NA,62.64008333,-0.11694784,-0.132152373,-6.171025929
2023-12-06T13:05:00Z,6,14,637.5112833,1004.816,0.513959428,NA,62.64008333,-0.11694784,-0.132152373,-6.171025929
2023-12-06T13:06:00Z,6,14,641.0749667,1004.816,0.513959428,NA,62.64008333,-0.11694784,-0.132152373,-6.171025929
2023-12-06T13:07:00Z,6,14,646.5035833,1004.816,0.513959428,NA,62.64008333,-0.11694784,-0.132152373,-6.171025929
2023-12-06T13:08:00Z,6,14,653.4558667,1004.816,0.513959428,NA,62.64008333,-0.11694784,-0.132152373,-6.171025929
2023-12-06T13:09:00Z,6,14,654.3955,1004.816,0.513959428,NA,62.64008333,-0.11694784,-0.132152373,-6.171025929
2023-12-06T13:10:00Z,6,14,665.7769167,1004.816,0.513959428,NA,62.64008333,-0.11694784,-0.132152373,-6.171025929
2023-12-06T13:11:00Z,6,14,674.4786,1004.816,0.513959428,NA,62.64008333,-0.11694784,-0.132152373,-6.171025929
2023-12-06T10:51:50Z,6,5,409.7124,4325.972,0.200716626,126.5385688,62.96866667,-0.033764745,-0.037932409,-4.535637243
2023-12-06T10:52:00Z,6,5,408.2475167,4325.972,0.200716626,126.5385688,62.96866667,-0.033764745,-0.037932409,-4.535637243
2023-12-06T10:53:00Z,6,5,388.6160667,4325.972,0.200716626,126.5385688,62.96866667,-0.033764745,-0.037932409,-4.535637243
2023-12-06T10:54:00Z,6,5,385.5203667,4325.972,0.200716626,126.5385688,62.96866667,-0.033764745,-0.037932409,-4.535637243
2023-12-06T10:55:00Z,6,5,391.4806167,4325.972,0.200716626,126.5385688,62.96866667,-0.033764745,-0.037932409,-4.535637243
2023-12-06T10:56:00Z,6,5,407.41445,4325.972,0.200716626,126.5385688,62.96866667,-0.033764745,-0.037932409,-4.535637243
2023-12-06T10:57:00Z,6,5,427.2553,4325.972,0.200716626,126.5385688,62.96866667,-0.033764745,-0.037932409,-4.535637243
2023-12-06T10:58:00Z,6,5,444.5612833,4325.972,0.200716626,126.5385688,62.96866667,-0.033764745,-0.037932409,-4.535637243
2023-12-06T10:59:00Z,6,5,463.9288833,4325.972,0.200716626,126.5385688,62.96866667,-0.033764745,-0.037932409,-4.535637243
2023-12-06T11:00:00Z,6,5,485.7152333,4159.918,0.200716626,126.5385688,62.96866667,-0.035308895,-0.039667156,-4.743063698
2023-12-06T11:01:00Z,6,5,505.8775,4159.918,0.200716626,126.5385688,62.96866667,-0.035308895,-0.039667156,-4.743063698
2023-12-06T11:02:00Z,6,5,528.9409,4159.918,0.200716626,126.5385688,62.96866667,-0.035308895,-0.039667156,-4.743063698
2023-12-06T14:40:00Z,6,6,615.23295,10319.43,0.234268726,28.53962445,63.18275,-0.009234249,-0.010333832,-1.058664403
2023-12-06T14:41:00Z,6,6,595.5079667,10319.43,0.234268726,28.53962445,63.18275,-0.009234249,-0.010333832,-1.058664403
2023-12-06T14:42:00Z,6,6,591.33895,10319.43,0.234268726,28.53962445,63.18275,-0.009234249,-0.010333832,-1.058664403
2023-12-06T14:43:00Z,6,6,594.5388667,10319.43,0.234268726,28.53962445,63.18275,-0.009234249,-0.010333832,-1.058664403
2023-12-06T14:44:00Z,6,6,601.9221833,10319.43,0.234268726,28.53962445,63.18275,-0.009234249,-0.010333832,-1.058664403
2023-12-06T14:45:00Z,6,6,613.5031667,10319.43,0.234268726,28.53962445,63.18275,-0.009234249,-0.010333832,-1.058664403
2023-12-06T14:46:00Z,6,6,623.1747667,10319.43,0.234268726,28.53962445,63.18275,-0.009234249,-0.010333832,-1.058664403
2023-12-06T14:47:00Z,6,6,634.0420833,10319.43,0.234268726,28.53962445,63.18275,-0.009234249,-0.010333832,-1.058664403
2023-12-06T14:48:00Z,6,6,645.9021167,10319.43,0.234268726,28.53962445,63.18275,-0.009234249,-0.010333832,-1.058664403
2023-12-06T14:49:00Z,6,6,656.8969333,10319.43,0.234268726,28.53962445,63.18275,-0.009234249,-0.010333832,-1.058664403
2023-12-06T14:50:00Z,6,6,665.2888,10319.43,0.234268726,28.53962445,63.18275,-0.009234249,-0.010333832,-1.058664403
2023-12-06T14:51:00Z,6,6,678.1737,10319.43,0.234268726,28.53962445,63.18275,-0.009234249,-0.010333832,-1.058664403
2023-12-06T14:52:00Z,6,6,699.88916,10319.43,0.234268726,28.53962445,63.18275,-0.009234249,-0.010333832,-1.058664403
2023-12-06T15:19:20Z,6,9,711.255675,3986.563,0.092948583,1.850791881,57.605125,-0.006774983,-0.008395377,-2.16774732
2023-12-06T15:20:00Z,6,9,697.58305,3986.563,0.092948583,1.850791881,57.605125,-0.006774983,-0.008395377,-2.16774732
2023-12-06T15:21:00Z,6,9,686.9695833,3986.563,0.092948583,1.850791881,57.605125,-0.006774983,-0.008395377,-2.16774732
2023-12-06T15:22:00Z,6,9,684.0050833,3986.563,0.092948583,1.850791881,57.605125,-0.006774983,-0.008395377,-2.16774732
2023-12-06T15:23:00Z,6,9,688.3082667,3986.563,0.092948583,1.850791881,57.605125,-0.006774983,-0.008395377,-2.16774732
2023-12-06T15:24:00Z,6,9,686.9218,3986.563,0.092948583,1.850791881,57.605125,-0.006774983,-0.008395377,-2.16774732
2023-12-06T15:25:00Z,6,9,691.56575,3986.563,0.092948583,1.850791881,57.605125,-0.006774983,-0.008395377,-2.16774732
2023-12-06T15:26:00Z,6,9,697.4722167,3986.563,0.092948583,1.850791881,57.605125,-0.006774983,-0.008395377,-2.16774732
2023-12-06T15:27:00Z,6,9,701.20885,3986.563,0.092948583,1.850791881,57.605125,-0.006774983,-0.008395377,-2.16774732
2023-12-06T15:28:00Z,6,9,705.0269667,3986.563,0.092948583,1.850791881,57.605125,-0.006774983,-0.008395377,-2.16774732
2023-12-06T15:29:00Z,6,9,710.52485,3986.563,0.092948583,1.850791881,57.605125,-0.006774983,-0.008395377,-2.16774732
2023-12-06T15:30:00Z,6,9,714.13995,3986.563,0.092948583,1.850791881,57.605125,-0.006774983,-0.008395377,-2.16774732
2023-12-06T15:31:00Z,6,9,712.0218,3986.563,0.092948583,1.850791881,57.605125,-0.006774983,-0.008395377,-2.16774732
2023-12-06T15:32:00Z,6,9,733.7989,3986.563,0.092948583,1.850791881,57.605125,-0.006774983,-0.008395377,-2.16774732
2024-12-09T09:25:40Z,9,5,2329.16652,2353.895,0.039109157,24.06212386,56.87233333,2.152726136,2.704675383,1659.7701
2024-12-09T09:26:00Z,9,5,2451.43728,2353.895,0.039109157,24.06212386,56.87233333,2.152726136,2.704675383,1659.7701
2024-12-09T09:27:00Z,9,5,2618.7333,2353.895,0.039109157,24.06212386,56.87233333,2.152726136,2.704675383,1659.7701
2024-12-09T09:28:00Z,9,5,2740.302,2353.895,0.039109157,24.06212386,56.87233333,2.152726136,2.704675383,1659.7701
2024-12-09T09:29:00Z,9,5,2816.20032,2353.895,0.039109157,24.06212386,56.87233333,2.152726136,2.704675383,1659.7701
2024-12-09T09:30:00Z,9,5,2849.439888,2353.895,0.039109157,24.06212386,56.87233333,2.152726136,2.704675383,1659.7701
2024-12-13T15:02:30Z,13,13,350.53264,1004.816,0.056819055,3.910208369,56.35283333,-0.187318141,-0.237662875,-100.387255
2024-12-13T15:03:00Z,13,13,355.5735,1004.816,0.056819055,3.910208369,56.35283333,-0.187318141,-0.237662875,-100.387255
2024-12-13T15:04:00Z,13,13,373.28126,1004.816,0.056819055,3.910208369,56.35283333,-0.187318141,-0.237662875,-100.387255
2024-12-13T15:05:00Z,13,13,393.48283,1004.816,0.056819055,3.910208369,56.35283333,-0.187318141,-0.237662875,-100.387255
2024-12-13T15:06:00Z,13,13,395.92195,1004.816,0.056819055,3.910208369,56.35283333,-0.187318141,-0.237662875,-100.387255
2024-12-13T15:07:00Z,13,13,403.49638,1004.816,0.056819055,3.910208369,56.35283333,-0.187318141,-0.237662875,-100.387255
2024-12-13T11:36:00Z,13,15,660.91974,4022.262,0.080274045,1.055374777,55.52083333,-0.341699916,-0.44035282,-131.6548542
2024-12-13T11:37:00Z,13,15,827.7718,4022.262,0.080274045,1.055374777,55.52083333,-0.341699916,-0.44035282,-131.6548542
2024-12-13T11:38:00Z,13,15,959.3479,4022.262,0.080274045,1.055374777,55.52083333,-0.341699916,-0.44035282,-131.6548542
2024-12-13T11:39:00Z,13,15,1067.8591,4022.262,0.080274045,1.055374777,55.52083333,-0.341699916,-0.44035282,-131.6548542
2024-12-13T11:40:00Z,13,15,1173.9764,4022.262,0.080274045,1.055374777,55.52083333,-0.341699916,-0.44035282,-131.6548542
2024-12-13T11:41:00Z,13,15,1260.6165,4022.262,0.080274045,1.055374777,55.52083333,-0.341699916,-0.44035282,-131.6548542
2024-12-13T11:42:00Z,13,15,1345.3947,4022.262,0.080274045,1.055374777,55.52083333,-0.341699916,-0.44035282,-131.6548542
2024-12-13T11:43:00Z,13,15,1416.3973,4022.262,0.080274045,1.055374777,55.52083333,-0.341699916,-0.44035282,-131.6548542
2024-12-13T11:44:00Z,13,15,1487.1525,4022.262,0.080274045,1.055374777,55.52083333,-0.341699916,-0.44035282,-131.6548542
2024-12-13T11:45:00Z,13,15,1552.7124,4022.262,0.080274045,1.055374777,55.52083333,-0.341699916,-0.44035282,-131.6548542
2024-12-13T11:46:00Z,13,15,1615.8881,4022.262,0.080274045,1.055374777,55.52083333,-0.341699916,-0.44035282,-131.6548542
2024-12-13T11:47:00Z,13,15,1681.6785,4022.262,0.080274045,1.055374777,55.52083333,-0.341699916,-0.44035282,-131.6548542
2024-12-13T11:48:00Z,13,15,1739.7426,4022.262,0.080274045,1.055374777,55.52083333,-0.341699916,-0.44035282,-131.6548542
2024-12-13T11:49:00Z,13,15,1787.5353,4022.262,0.080274045,1.055374777,55.52083333,-0.341699916,-0.44035282,-131.6548542
2024-12-13T11:50:00Z,13,15,1840.5988,4022.262,0.080274045,1.055374777,55.52083333,-0.341699916,-0.44035282,-131.6548542
2024-12-13T11:51:00Z,13,15,1885.5189,4022.262,0.080274045,1.055374777,55.52083333,-0.341699916,-0.44035282,-131.6548542
2024-12-13T11:52:00Z,13,15,1941.6608,4022.262,0.080274045,1.055374777,55.52083333,-0.341699916,-0.44035282,-131.6548542
2024-12-13T11:53:00Z,13,15,1971.9642,4022.262,0.080274045,1.055374777,55.52083333,-0.341699916,-0.44035282,-131.6548542
2024-12-13T12:38:50Z,13,3,365.8083,3344.355,0.116689692,1.359279368,54.87,-0.116594826,-0.152109838,-31.2849922
2024-12-13T12:39:00Z,13,3,411.37722,3344.355,0.116689692,1.359279368,54.87,-0.116594826,-0.152109838,-31.2849922
2024-12-13T12:40:00Z,13,3,461.59355,3344.355,0.116689692,1.359279368,54.87,-0.116594826,-0.152109838,-31.2849922
2024-12-13T12:41:00Z,13,3,487.02519,3344.355,0.116689692,1.359279368,54.87,-0.116594826,-0.152109838,-31.2849922
2024-12-13T12:42:00Z,13,3,502.29003,3344.355,0.116689692,1.359279368,54.87,-0.116594826,-0.152109838,-31.2849922
2024-12-13T13:13:30Z,13,6,526.36744,1090.647,0.148406142,7.578662246,61.35475,0.502258718,0.580860275,93.9357795
2024-12-13T13:14:00Z,13,6,878.1791,1090.647,0.148406142,7.578662246,61.35475,0.502258718,0.580860275,93.9357795
2024-12-13T13:15:00Z,13,6,1408.5483,1090.647,0.148406142,7.578662246,61.35475,0.502258718,0.580860275,93.9357795
2024-12-13T13:16:00Z,13,6,1858.0192,1090.647,0.148406142,7.578662246,61.35475,0.502258718,0.580860275,93.9357795
2024-12-13T13:17:00Z,13,6,2241.629,1090.647,0.148406142,7.578662246,61.35475,0.502258718,0.580860275,93.9357795
2024-12-13T13:18:00Z,13,6,2523.9931,1090.647,0.148406142,7.578662246,61.35475,0.502258718,0.580860275,93.9357795
2024-12-13T13:19:00Z,13,6,2784.257,1090.647,0.148406142,7.578662246,61.35475,0.502258718,0.580860275,93.9357795
2024-12-13T13:20:00Z,13,6,3018.9126,1090.647,0.148406142,7.578662246,61.35475,0.502258718,0.580860275,93.9357795
2024-12-13T13:21:00Z,13,6,3223.3187,1090.647,0.148406142,7.578662246,61.35475,0.502258718,0.580860275,93.9357795
2024-12-13T13:22:00Z,13,6,3408.5141,1090.647,0.148406142,7.578662246,61.35475,0.502258718,0.580860275,93.9357795
2024-12-13T13:23:00Z,13,6,3596.0114,1090.647,0.148406142,7.578662246,61.35475,0.502258718,0.580860275,93.9357795
2024-12-13T13:24:00Z,13,6,3788.7567,1090.647,0.148406142,7.578662246,61.35475,0.502258718,0.580860275,93.9357795
2024-12-13T13:25:00Z,13,6,3955.4097,1090.647,0.148406142,7.578662246,61.35475,0.502258718,0.580860275,93.9357795
2024-12-13T13:26:00Z,13,6,4142.1496,1090.647,0.148406142,7.578662246,61.35475,0.502258718,0.580860275,93.9357795
2024-12-13T13:27:00Z,13,6,4347.8451,1090.647,0.148406142,7.578662246,61.35475,0.502258718,0.580860275,93.9357795
2024-12-13T13:28:00Z,13,6,4550.5413,1090.647,0.148406142,7.578662246,61.35475,0.502258718,0.580860275,93.9357795
2024-12-13T13:29:00Z,13,6,4699.9637,1090.647,0.148406142,7.578662246,61.35475,0.502258718,0.580860275,93.9357795
2024-12-13T13:30:00Z,13,6,4856.5159,1090.647,0.148406142,7.578662246,61.35475,0.502258718,0.580860275,93.9357795
2024-12-13T13:31:00Z,13,6,4997.8135,1090.647,0.148406142,7.578662246,61.35475,0.502258718,0.580860275,93.9357795
2024-12-13T13:32:00Z,13,6,5163.9353,1090.647,0.148406142,7.578662246,61.35475,0.502258718,0.580860275,93.9357795
2024-12-13T13:33:00Z,13,6,5280.4728,1090.647,0.148406142,7.578662246,61.35475,0.502258718,0.580860275,93.9357795
2024-12-13T13:34:00Z,13,6,5409.2276,1090.647,0.148406142,7.578662246,61.35475,0.502258718,0.580860275,93.9357795
2024-12-13T13:35:00Z,13,6,5511.3699,1090.647,0.148406142,7.578662246,61.35475,0.502258718,0.580860275,93.9357795
2024-12-13T14:17:40Z,13,9,335.75364,NA,0.055228228,0.396294013,51.59316667,NA,NA,NA
2024-12-13T14:18:00Z,13,9,348.31364,NA,0.055228228,0.396294013,51.59316667,NA,NA,NA
2024-12-13T14:19:00Z,13,9,365.97807,NA,0.055228228,0.396294013,51.59316667,NA,NA,NA
2024-12-13T14:20:00Z,13,9,380.82924,NA,0.055228228,0.396294013,51.59316667,NA,NA,NA
2024-12-13T14:21:00Z,13,9,388.29396,NA,0.055228228,0.396294013,51.59316667,NA,NA,NA
2024-12-13T14:22:00Z,13,9,395.88761,NA,0.055228228,0.396294013,51.59316667,NA,NA,NA
2024-12-13T14:23:00Z,13,9,406.04875,NA,0.055228228,0.396294013,51.59316667,NA,NA,NA
2024-12-13T14:24:00Z,13,9,411.06328,NA,0.055228228,0.396294013,51.59316667,NA,NA,NA
2024-12-13T14:25:00Z,13,9,422.35983,NA,0.055228228,0.396294013,51.59316667,NA,NA,NA
2023-12-19T12:16:30Z,19,14,774.73065,1004.816,1.048292963,NA,57.986125,-0.006569916,-0.008084098,-0.185080281
2023-12-19T12:17:00Z,19,14,804.0805833,1004.816,1.048292963,NA,57.986125,-0.006569916,-0.008084098,-0.185080281
2023-12-19T12:18:00Z,19,14,799.6728333,1004.816,1.048292963,NA,57.986125,-0.006569916,-0.008084098,-0.185080281
2023-12-19T12:19:00Z,19,14,794.7187167,1004.816,1.048292963,NA,57.986125,-0.006569916,-0.008084098,-0.185080281
2023-12-19T12:20:00Z,19,14,790.5771667,1004.816,1.048292963,NA,57.986125,-0.006569916,-0.008084098,-0.185080281
2023-12-19T12:21:00Z,19,14,791.9803833,1004.816,1.048292963,NA,57.986125,-0.006569916,-0.008084098,-0.185080281
2023-12-19T12:22:00Z,19,14,783.6944,1004.816,1.048292963,NA,57.986125,-0.006569916,-0.008084098,-0.185080281
2023-12-19T12:23:00Z,19,14,781.1307,1004.816,1.048292963,NA,57.986125,-0.006569916,-0.008084098,-0.185080281
2023-12-19T12:24:00Z,19,14,783.3759833,1004.816,1.048292963,NA,57.986125,-0.006569916,-0.008084098,-0.185080281
2023-12-19T12:25:00Z,19,14,782.90855,1004.816,1.048292963,NA,57.986125,-0.006569916,-0.008084098,-0.185080281
2023-12-19T12:26:00Z,19,14,782.6094,1004.816,1.048292963,NA,57.986125,-0.006569916,-0.008084098,-0.185080281
2023-12-19T12:27:00Z,19,14,787.5199,1004.816,1.048292963,NA,57.986125,-0.006569916,-0.008084098,-0.185080281
2023-12-19T12:28:00Z,19,14,790.0213333,1004.816,1.048292963,NA,57.986125,-0.006569916,-0.008084098,-0.185080281
2023-12-19T12:29:00Z,19,14,792.0075,1004.816,1.048292963,NA,57.986125,-0.006569916,-0.008084098,-0.185080281
2023-12-19T12:50:30Z,19,14,792.3466333,1004.816,1.048292963,NA,57.986125,-0.006569916,-0.008084098,-0.185080281
2023-12-19T12:51:00Z,19,14,776.2055,1004.816,1.048292963,NA,57.986125,-0.006569916,-0.008084098,-0.185080281
2023-12-19T12:52:00Z,19,14,753.3511833,1004.816,1.048292963,NA,57.986125,-0.006569916,-0.008084098,-0.185080281
2023-12-19T12:53:00Z,19,14,741.5704333,1004.816,1.048292963,NA,57.986125,-0.006569916,-0.008084098,-0.185080281
2023-12-19T12:54:00Z,19,14,709.2427,1004.816,1.048292963,NA,57.986125,-0.006569916,-0.008084098,-0.185080281
2023-12-19T13:12:00Z,19,14,816.4408833,1004.816,1.048292963,NA,57.986125,-0.006569916,-0.008084098,-0.185080281
2023-12-19T13:13:00Z,19,14,782.71445,1004.816,1.048292963,NA,57.986125,-0.006569916,-0.008084098,-0.185080281
2023-12-19T13:14:00Z,19,14,760.8823833,1004.816,1.048292963,NA,57.986125,-0.006569916,-0.008084098,-0.185080281
2023-12-19T13:15:00Z,19,14,744.0046167,1004.816,1.048292963,NA,57.986125,-0.006569916,-0.008084098,-0.185080281
2023-12-19T13:32:00Z,19,14,861.41365,1004.816,1.048292963,NA,57.986125,-0.006569916,-0.008084098,-0.185080281
2023-12-19T13:33:00Z,19,14,809.3672333,1004.816,1.048292963,NA,57.986125,-0.006569916,-0.008084098,-0.185080281
2023-12-19T13:34:00Z,19,14,785.4696667,1004.816,1.048292963,NA,57.986125,-0.006569916,-0.008084098,-0.185080281
2023-12-19T13:35:00Z,19,14,786.2187,1004.816,1.048292963,NA,57.986125,-0.006569916,-0.008084098,-0.185080281
2023-12-19T13:36:00Z,19,14,791.0579,1004.816,1.048292963,NA,57.986125,-0.006569916,-0.008084098,-0.185080281
2023-12-19T13:37:00Z,19,14,785.6458667,1004.816,1.048292963,NA,57.986125,-0.006569916,-0.008084098,-0.185080281
2023-12-19T13:38:00Z,19,14,784.9458333,1004.816,1.048292963,NA,57.986125,-0.006569916,-0.008084098,-0.185080281
2023-12-19T13:39:00Z,19,14,787.6875167,1004.816,1.048292963,NA,57.986125,-0.006569916,-0.008084098,-0.185080281
2023-12-19T13:40:00Z,19,14,786.5488833,1004.816,1.048292963,NA,57.986125,-0.006569916,-0.008084098,-0.185080281
2023-12-19T13:41:00Z,19,14,782.27925,1004.816,1.048292963,NA,57.986125,-0.006569916,-0.008084098,-0.185080281
2023-12-19T13:42:00Z,19,14,783.8974333,1004.816,1.048292963,NA,57.986125,-0.006569916,-0.008084098,-0.185080281
2023-12-19T13:43:00Z,19,14,793.5559,1004.816,1.048292963,NA,57.986125,-0.006569916,-0.008084098,-0.185080281
2023-12-19T13:44:00Z,19,14,808.28895,1004.816,1.048292963,NA,57.986125,-0.006569916,-0.008084098,-0.185080281
2023-12-19T11:00:40Z,19,15,743.7952,8757.557,0.50826007,697.914794,57.950125,-0.141260996,-0.173934289,-8.213163256
2023-12-19T11:01:00Z,19,15,1126.423417,8757.557,0.50826007,697.914794,57.950125,-0.141260996,-0.173934289,-8.213163256
2023-12-19T11:02:00Z,19,15,1465.812167,8757.557,0.50826007,697.914794,57.950125,-0.141260996,-0.173934289,-8.213163256
2023-12-19T11:03:00Z,19,15,1712.8595,8757.557,0.50826007,697.914794,57.950125,-0.141260996,-0.173934289,-8.213163256
2023-12-19T11:04:00Z,19,15,1887.441833,8757.557,0.50826007,697.914794,57.950125,-0.141260996,-0.173934289,-8.213163256
2023-12-19T11:05:00Z,19,15,2009.460833,8757.557,0.50826007,697.914794,57.950125,-0.141260996,-0.173934289,-8.213163256
2023-12-19T11:06:00Z,19,15,2095.250333,8757.557,0.50826007,697.914794,57.950125,-0.141260996,-0.173934289,-8.213163256
2023-12-19T11:07:00Z,19,15,2155.069,8757.557,0.50826007,697.914794,57.950125,-0.141260996,-0.173934289,-8.213163256
2023-12-19T11:08:00Z,19,15,2198.586,8757.557,0.50826007,697.914794,57.950125,-0.141260996,-0.173934289,-8.213163256
2023-12-19T11:09:00Z,19,15,2231.331667,8757.557,0.50826007,697.914794,57.950125,-0.141260996,-0.173934289,-8.213163256
2023-12-19T11:10:00Z,19,15,2257.3415,8757.557,0.50826007,697.914794,57.950125,-0.141260996,-0.173934289,-8.213163256
2023-12-19T11:11:00Z,19,15,2279.772167,8757.557,0.50826007,697.914794,57.950125,-0.141260996,-0.173934289,-8.213163256
2023-12-19T11:12:00Z,19,15,2294.858833,8757.557,0.50826007,697.914794,57.950125,-0.141260996,-0.173934289,-8.213163256
2023-12-19T11:13:00Z,19,15,2310.261333,8757.557,0.50826007,697.914794,57.950125,-0.141260996,-0.173934289,-8.213163256
2023-12-19T11:14:00Z,19,15,2243.992,8757.557,0.50826007,697.914794,57.950125,-0.141260996,-0.173934289,-8.213163256
2023-12-19T11:00:40Z,19,3,743.7952,8053.117,0.878715799,589.472378,58.62899812,-0.16449777,-0.200053915,-5.463989576
2023-12-19T11:01:00Z,19,3,1126.423417,8053.117,0.878715799,589.472378,58.62899812,-0.16449777,-0.200053915,-5.463989576
2023-12-19T11:02:00Z,19,3,1465.812167,8053.117,0.878715799,589.472378,58.62899812,-0.16449777,-0.200053915,-5.463989576
2023-12-19T11:03:00Z,19,3,1712.8595,8053.117,0.878715799,589.472378,58.62899812,-0.16449777,-0.200053915,-5.463989576
2023-12-19T11:04:00Z,19,3,1887.441833,8053.117,0.878715799,589.472378,58.62899812,-0.16449777,-0.200053915,-5.463989576
2023-12-19T11:05:00Z,19,3,2009.460833,8053.117,0.878715799,589.472378,58.62899812,-0.16449777,-0.200053915,-5.463989576
2023-12-19T11:06:00Z,19,3,2095.250333,8053.117,0.878715799,589.472378,58.62899812,-0.16449777,-0.200053915,-5.463989576
2023-12-19T11:07:00Z,19,3,2155.069,8053.117,0.878715799,589.472378,58.62899812,-0.16449777,-0.200053915,-5.463989576
2023-12-19T11:08:00Z,19,3,2198.586,8053.117,0.878715799,589.472378,58.62899812,-0.16449777,-0.200053915,-5.463989576
2023-12-19T11:09:00Z,19,3,2231.331667,8053.117,0.878715799,589.472378,58.62899812,-0.16449777,-0.200053915,-5.463989576
2023-12-19T11:10:00Z,19,3,2257.3415,8053.117,0.878715799,589.472378,58.62899812,-0.16449777,-0.200053915,-5.463989576
2023-12-19T11:11:00Z,19,3,2279.772167,8053.117,0.878715799,589.472378,58.62899812,-0.16449777,-0.200053915,-5.463989576
2023-12-19T11:12:00Z,19,3,2294.858833,8053.117,0.878715799,589.472378,58.62899812,-0.16449777,-0.200053915,-5.463989576
2023-12-19T11:13:00Z,19,3,2310.261333,8053.117,0.878715799,589.472378,58.62899812,-0.16449777,-0.200053915,-5.463989576
2023-12-19T11:14:00Z,19,3,2331.1855,8053.117,0.878715799,589.472378,58.62899812,-0.16449777,-0.200053915,-5.463989576
2023-12-19T10:01:50Z,19,5,444.28,3363.2,0.756587391,486.5083308,59.39270833,-0.055831917,-0.066934509,-2.123255324
2023-12-19T10:02:00Z,19,5,457.53755,3363.2,0.756587391,486.5083308,59.39270833,-0.055831917,-0.066934509,-2.123255324
2023-12-19T10:03:00Z,19,5,452.6567,3363.2,0.756587391,486.5083308,59.39270833,-0.055831917,-0.066934509,-2.123255324
2023-12-19T10:04:00Z,19,5,455.8918167,3363.2,0.756587391,486.5083308,59.39270833,-0.055831917,-0.066934509,-2.123255324
2023-12-19T10:05:00Z,19,5,463.0828,3363.2,0.756587391,486.5083308,59.39270833,-0.055831917,-0.066934509,-2.123255324
2023-12-19T10:06:00Z,19,5,473.5494833,3363.2,0.756587391,486.5083308,59.39270833,-0.055831917,-0.066934509,-2.123255324
2023-12-19T10:07:00Z,19,5,485.5066,3363.2,0.756587391,486.5083308,59.39270833,-0.055831917,-0.066934509,-2.123255324
2023-12-19T10:08:00Z,19,5,501.9168,3363.2,0.756587391,486.5083308,59.39270833,-0.055831917,-0.066934509,-2.123255324
2023-12-19T10:09:00Z,19,5,516.7858,3363.2,0.756587391,486.5083308,59.39270833,-0.055831917,-0.066934509,-2.123255324
2023-12-19T10:10:00Z,19,5,535.9475333,3363.2,0.756587391,486.5083308,59.39270833,-0.055831917,-0.066934509,-2.123255324
2023-12-19T10:11:00Z,19,5,556.7382667,3363.2,0.756587391,486.5083308,59.39270833,-0.055831917,-0.066934509,-2.123255324
2023-12-19T10:12:00Z,19,5,581.2220333,3363.2,0.756587391,486.5083308,59.39270833,-0.055831917,-0.066934509,-2.123255324
2023-12-19T10:13:00Z,19,5,606.7168167,3363.2,0.756587391,486.5083308,59.39270833,-0.055831917,-0.066934509,-2.123255324
2023-12-19T10:14:00Z,19,5,624.3288,3363.2,0.756587391,486.5083308,59.39270833,-0.055831917,-0.066934509,-2.123255324
2023-12-19T10:15:00Z,19,5,646.61455,3363.2,0.756587391,486.5083308,59.39270833,-0.055831917,-0.066934509,-2.123255324
2023-12-19T10:16:00Z,19,5,657.5894667,3363.2,0.756587391,486.5083308,59.39270833,-0.055831917,-0.066934509,-2.123255324
2023-12-19T10:17:00Z,19,5,673.3397,3363.2,0.756587391,486.5083308,59.39270833,-0.055831917,-0.066934509,-2.123255324
2023-12-19T10:18:00Z,19,5,682.2636833,3363.2,0.756587391,486.5083308,59.39270833,-0.055831917,-0.066934509,-2.123255324
2023-12-19T10:19:00Z,19,5,690.5467167,3363.2,0.756587391,486.5083308,59.39270833,-0.055831917,-0.066934509,-2.123255324
2023-12-19T10:20:00Z,19,5,683.9104167,3363.2,0.756587391,486.5083308,59.39270833,-0.055831917,-0.066934509,-2.123255324
2023-12-19T10:21:00Z,19,5,690.3513667,3363.2,0.756587391,486.5083308,59.39270833,-0.055831917,-0.066934509,-2.123255324
2023-12-19T10:22:00Z,19,5,693.9466667,3363.2,0.756587391,486.5083308,59.39270833,-0.055831917,-0.066934509,-2.123255324
2023-12-19T10:23:00Z,19,5,706.4421833,3363.2,0.756587391,486.5083308,59.39270833,-0.055831917,-0.066934509,-2.123255324
2023-12-19T10:24:00Z,19,5,742.0381,3363.2,0.756587391,486.5083308,59.39270833,-0.055831917,-0.066934509,-2.123255324
2023-12-19T10:25:00Z,19,5,766.9627167,3363.2,0.756587391,486.5083308,59.39270833,-0.055831917,-0.066934509,-2.123255324
2023-12-19T10:26:00Z,19,5,785.6079167,3363.2,0.756587391,486.5083308,59.39270833,-0.055831917,-0.066934509,-2.123255324
2023-12-19T10:27:00Z,19,5,805.7809333,3363.2,0.756587391,486.5083308,59.39270833,-0.055831917,-0.066934509,-2.123255324
2023-12-19T10:28:00Z,19,5,777.3348,3363.2,0.756587391,486.5083308,59.39270833,-0.055831917,-0.066934509,-2.123255324
2023-12-19T10:03:00Z,19,7,452.6567,9377.646,0.721386802,743.2785186,60.17370833,-0.017867765,-0.021117843,-0.702574855
2023-12-19T10:04:00Z,19,7,455.8918167,9377.646,0.721386802,743.2785186,60.17370833,-0.017867765,-0.021117843,-0.702574855
2023-12-19T10:05:00Z,19,7,463.0828,9377.646,0.721386802,743.2785186,60.17370833,-0.017867765,-0.021117843,-0.702574855
2023-12-19T10:06:00Z,19,7,473.5494833,9377.646,0.721386802,743.2785186,60.17370833,-0.017867765,-0.021117843,-0.702574855
2023-12-19T10:07:00Z,19,7,485.5066,9377.646,0.721386802,743.2785186,60.17370833,-0.017867765,-0.021117843,-0.702574855
2023-12-19T10:08:00Z,19,7,501.9168,9377.646,0.721386802,743.2785186,60.17370833,-0.017867765,-0.021117843,-0.702574855
2023-12-19T10:09:00Z,19,7,516.7858,9377.646,0.721386802,743.2785186,60.17370833,-0.017867765,-0.021117843,-0.702574855
2023-12-19T10:10:00Z,19,7,535.9475333,9377.646,0.721386802,743.2785186,60.17370833,-0.017867765,-0.021117843,-0.702574855
2023-12-19T10:11:00Z,19,7,556.7382667,9377.646,0.721386802,743.2785186,60.17370833,-0.017867765,-0.021117843,-0.702574855
2023-12-19T10:12:00Z,19,7,581.2220333,9377.646,0.721386802,743.2785186,60.17370833,-0.017867765,-0.021117843,-0.702574855
2023-12-19T10:13:00Z,19,7,606.7168167,9377.646,0.721386802,743.2785186,60.17370833,-0.017867765,-0.021117843,-0.702574855
2023-12-19T10:14:00Z,19,7,624.3288,9377.646,0.721386802,743.2785186,60.17370833,-0.017867765,-0.021117843,-0.702574855
2023-12-19T10:15:00Z,19,7,646.61455,9377.646,0.721386802,743.2785186,60.17370833,-0.017867765,-0.021117843,-0.702574855
2023-12-19T10:16:00Z,19,7,657.5894667,9377.646,0.721386802,743.2785186,60.17370833,-0.017867765,-0.021117843,-0.702574855
2023-12-19T10:17:00Z,19,7,673.3397,9377.646,0.721386802,743.2785186,60.17370833,-0.017867765,-0.021117843,-0.702574855
2023-12-19T10:18:00Z,19,7,682.2636833,9377.646,0.721386802,743.2785186,60.17370833,-0.017867765,-0.021117843,-0.702574855
2023-12-19T10:19:00Z,19,7,690.5467167,9377.646,0.721386802,743.2785186,60.17370833,-0.017867765,-0.021117843,-0.702574855
2023-12-19T10:20:00Z,19,7,683.9104167,9377.646,0.721386802,743.2785186,60.17370833,-0.017867765,-0.021117843,-0.702574855
2023-12-19T10:21:00Z,19,7,690.3513667,9377.646,0.721386802,743.2785186,60.17370833,-0.017867765,-0.021117843,-0.702574855
2023-12-19T10:22:00Z,19,7,693.9466667,9377.646,0.721386802,743.2785186,60.17370833,-0.017867765,-0.021117843,-0.702574855
2023-12-19T10:23:00Z,19,7,706.4421833,9377.646,0.721386802,743.2785186,60.17370833,-0.017867765,-0.021117843,-0.702574855
2023-12-19T10:24:00Z,19,7,742.0381,9377.646,0.721386802,743.2785186,60.17370833,-0.017867765,-0.021117843,-0.702574855
2023-12-19T10:25:00Z,19,7,766.9627167,9377.646,0.721386802,743.2785186,60.17370833,-0.017867765,-0.021117843,-0.702574855
2023-12-19T10:26:00Z,19,7,785.6079167,9377.646,0.721386802,743.2785186,60.17370833,-0.017867765,-0.021117843,-0.702574855
2023-12-19T10:27:00Z,19,7,805.7809333,9377.646,0.721386802,743.2785186,60.17370833,-0.017867765,-0.021117843,-0.702574855
2023-12-19T10:28:00Z,19,7,826.2127,9377.646,0.721386802,743.2785186,60.17370833,-0.017867765,-0.021117843,-0.702574855
2024-01-05T12:05:50Z,5,14,761.1271,1004.816,0.636482385,NA,56.98041667,-0.196027992,-0.245790809,-9.268095305
2024-01-05T12:06:00Z,5,14,743.4766,1004.816,0.636482385,NA,56.98041667,-0.196027992,-0.245790809,-9.268095305
2024-01-05T12:07:00Z,5,14,738.0828167,1004.816,0.636482385,NA,56.98041667,-0.196027992,-0.245790809,-9.268095305
2024-01-05T12:08:00Z,5,14,729.3363167,1004.816,0.636482385,NA,56.98041667,-0.196027992,-0.245790809,-9.268095305
2024-01-05T12:09:00Z,5,14,727.9752667,1004.816,0.636482385,NA,56.98041667,-0.196027992,-0.245790809,-9.268095305
2024-01-05T12:10:00Z,5,14,736.4736,1004.816,0.636482385,NA,56.98041667,-0.196027992,-0.245790809,-9.268095305
2024-01-05T12:11:00Z,5,14,742.2643333,1004.816,0.636482385,NA,56.98041667,-0.196027992,-0.245790809,-9.268095305
2024-01-05T12:12:00Z,5,14,751.7102333,1004.816,0.636482385,NA,56.98041667,-0.196027992,-0.245790809,-9.268095305
2024-01-05T12:13:00Z,5,14,757.4639833,1004.816,0.636482385,NA,56.98041667,-0.196027992,-0.245790809,-9.268095305
2024-01-05T12:14:00Z,5,14,765.3840333,1004.816,0.636482385,NA,56.98041667,-0.196027992,-0.245790809,-9.268095305
2024-01-05T12:15:00Z,5,14,772.8148167,1004.816,0.636482385,NA,56.98041667,-0.196027992,-0.245790809,-9.268095305
2024-01-05T12:16:00Z,5,14,786.37545,1004.816,0.636482385,NA,56.98041667,-0.196027992,-0.245790809,-9.268095305
2024-01-05T12:17:00Z,5,14,791.26335,1004.816,0.636482385,NA,56.98041667,-0.196027992,-0.245790809,-9.268095305
2024-01-05T12:18:00Z,5,14,792.5516667,1004.816,0.636482385,NA,56.98041667,-0.196027992,-0.245790809,-9.268095305
2024-01-05T15:35:50Z,5,6a,637.0341,1245.823,0.239374423,NA,52.15875,-0.330011044,-0.453426571,-45.46115484
2024-01-05T15:36:00Z,5,6a,623.7624167,1245.823,0.239374423,NA,52.15875,-0.330011044,-0.453426571,-45.46115484
2024-01-05T15:37:00Z,5,6a,595.4056167,1245.823,0.239374423,NA,52.15875,-0.330011044,-0.453426571,-45.46115484
2024-01-05T15:38:00Z,5,6a,594.37785,1245.823,0.239374423,NA,52.15875,-0.330011044,-0.453426571,-45.46115484
2024-01-05T15:39:00Z,5,6a,606.08495,1245.823,0.239374423,NA,52.15875,-0.330011044,-0.453426571,-45.46115484
2024-01-05T15:40:00Z,5,6a,622.5833833,1245.823,0.239374423,NA,52.15875,-0.330011044,-0.453426571,-45.46115484
2024-01-05T15:41:00Z,5,6a,648.7960667,1245.823,0.239374423,NA,52.15875,-0.330011044,-0.453426571,-45.46115484
2024-01-05T15:42:00Z,5,6a,675.2582833,1245.823,0.239374423,NA,52.15875,-0.330011044,-0.453426571,-45.46115484
2024-01-05T15:43:00Z,5,6a,696.0055667,1245.823,0.239374423,NA,52.15875,-0.330011044,-0.453426571,-45.46115484
2024-01-05T15:44:00Z,5,6a,717.2999833,1245.823,0.239374423,NA,52.15875,-0.330011044,-0.453426571,-45.46115484
2024-01-05T15:45:00Z,5,6a,736.1294167,1245.823,0.239374423,NA,52.15875,-0.330011044,-0.453426571,-45.46115484
2024-01-05T15:46:00Z,5,6a,760.2788,1245.823,0.239374423,NA,52.15875,-0.330011044,-0.453426571,-45.46115484
2024-01-05T15:47:00Z,5,6a,777.2203167,1245.823,0.239374423,NA,52.15875,-0.330011044,-0.453426571,-45.46115484
2024-01-05T15:48:00Z,5,6a,800.6710833,1245.823,0.239374423,NA,52.15875,-0.330011044,-0.453426571,-45.46115484
2024-01-05T15:49:00Z,5,6a,815.1031333,1245.823,0.239374423,NA,52.15875,-0.330011044,-0.453426571,-45.46115484
2024-01-05T15:50:00Z,5,6a,828.4584167,1245.823,0.239374423,NA,52.15875,-0.330011044,-0.453426571,-45.46115484
2024-01-05T15:51:00Z,5,6a,831.0903667,1245.823,0.239374423,NA,52.15875,-0.330011044,-0.453426571,-45.46115484
2024-01-05T15:52:00Z,5,6a,832.77725,1245.823,0.239374423,NA,52.15875,-0.330011044,-0.453426571,-45.46115484
2024-01-05T15:53:00Z,5,6a,795.0522,1245.823,0.239374423,NA,52.15875,-0.330011044,-0.453426571,-45.46115484
2024-02-09T13:06:40Z,9,13,841.7328192,2525.272,0.17345855,25.52866017,58.71183333,5.440162867,6.6050205,913.8811083
2024-02-09T13:07:00Z,9,13,973.700658,2525.272,0.17345855,25.52866017,58.71183333,5.440162867,6.6050205,913.8811083
2024-02-09T13:08:00Z,9,13,1170.556443,2525.272,0.17345855,25.52866017,58.71183333,5.440162867,6.6050205,913.8811083
2024-02-09T13:09:00Z,9,13,1356.120952,2525.272,0.17345855,25.52866017,58.71183333,5.440162867,6.6050205,913.8811083
2024-02-09T13:10:00Z,9,13,1534.405845,2525.272,0.17345855,25.52866017,58.71183333,5.440162867,6.6050205,913.8811083
2024-02-09T13:11:00Z,9,13,1697.550649,2525.272,0.17345855,25.52866017,58.71183333,5.440162867,6.6050205,913.8811083
2024-02-09T13:12:00Z,9,13,1871.00571,2525.272,0.17345855,25.52866017,58.71183333,5.440162867,6.6050205,913.8811083
2024-02-09T13:13:00Z,9,13,2029.366752,2525.272,0.17345855,25.52866017,58.71183333,5.440162867,6.6050205,913.8811083
2024-02-09T13:14:00Z,9,13,2169.453283,2525.272,0.17345855,25.52866017,58.71183333,5.440162867,6.6050205,913.8811083
2024-02-09T13:15:00Z,9,13,2329.938534,2525.272,0.17345855,25.52866017,58.71183333,5.440162867,6.6050205,913.8811083
2024-02-09T13:16:00Z,9,13,2471.157906,2525.272,0.17345855,25.52866017,58.71183333,5.440162867,6.6050205,913.8811083
2024-02-09T13:17:00Z,9,13,2608.887498,2525.272,0.17345855,25.52866017,58.71183333,5.440162867,6.6050205,913.8811083
2024-02-09T13:18:10Z,9,13,2751.175678,2525.272,0.17345855,25.52866017,58.71183333,5.440162867,6.6050205,913.8811083
2024-02-09T13:19:00Z,9,13,2815.315776,2525.272,0.17345855,25.52866017,58.71183333,5.440162867,6.6050205,913.8811083
2024-02-09T10:58:10Z,9,6,504.2178086,12721.81,0.346952867,89.65475375,56.771625,-0.078857718,-0.099277292,-6.867373745
2024-02-09T10:59:00Z,9,6,684.2645964,12721.81,0.346952867,89.65475375,56.771625,-0.078857718,-0.099277292,-6.867373745
2024-02-09T11:00:00Z,9,6,847.083237,7013.68,0.346952867,89.65475375,56.771625,-0.169758233,-0.213715768,-14.78350204
2024-02-09T11:01:00Z,9,6,991.5597762,7013.68,0.346952867,89.65475375,56.771625,-0.169758233,-0.213715768,-14.78350204
2024-02-09T11:02:00Z,9,6,1125.636624,7013.68,0.346952867,89.65475375,56.771625,-0.169758233,-0.213715768,-14.78350204
2024-02-09T11:03:00Z,9,6,1238.923526,7013.68,0.346952867,89.65475375,56.771625,-0.169758233,-0.213715768,-14.78350204
2024-02-09T11:04:00Z,9,6,1344.540733,7013.68,0.346952867,89.65475375,56.771625,-0.169758233,-0.213715768,-14.78350204
2024-02-09T11:05:00Z,9,6,1431.709146,7013.68,0.346952867,89.65475375,56.771625,-0.169758233,-0.213715768,-14.78350204
2024-02-09T11:06:00Z,9,6,1508.821289,7013.68,0.346952867,89.65475375,56.771625,-0.169758233,-0.213715768,-14.78350204
2024-02-09T11:07:00Z,9,6,1578.777295,7013.68,0.346952867,89.65475375,56.771625,-0.169758233,-0.213715768,-14.78350204
2024-02-09T11:08:00Z,9,6,1637.044038,7013.68,0.346952867,89.65475375,56.771625,-0.169758233,-0.213715768,-14.78350204
2024-02-09T11:09:00Z,9,6,1701.378118,7013.68,0.346952867,89.65475375,56.771625,-0.169758233,-0.213715768,-14.78350204
2024-02-09T11:10:00Z,9,6,1767.465731,7013.68,0.346952867,89.65475375,56.771625,-0.169758233,-0.213715768,-14.78350204
2024-02-09T11:11:00Z,9,6,1832.201238,7013.68,0.346952867,89.65475375,56.771625,-0.169758233,-0.213715768,-14.78350204
2024-02-09T11:12:00Z,9,6,1891.657858,7013.68,0.346952867,89.65475375,56.771625,-0.169758233,-0.213715768,-14.78350204
2024-02-09T11:13:00Z,9,6,1958.08998,7013.68,0.346952867,89.65475375,56.771625,-0.169758233,-0.213715768,-14.78350204
2024-02-09T11:14:00Z,9,6,2021.285574,7013.68,0.346952867,89.65475375,56.771625,-0.169758233,-0.213715768,-14.78350204
2024-02-09T11:15:00Z,9,6,2061.781722,7013.68,0.346952867,89.65475375,56.771625,-0.169758233,-0.213715768,-14.78350204
2024-02-09T12:19:40Z,9,9,464.2354962,3784.3,0.262140093,41.00668322,55.680375,-1.466842862,-1.884567656,-172.5398939
2024-02-09T12:20:00Z,9,9,589.3606908,3784.3,0.262140093,41.00668322,55.680375,-1.466842862,-1.884567656,-172.5398939
2024-02-09T12:21:00Z,9,9,776.6590356,3784.3,0.262140093,41.00668322,55.680375,-1.466842862,-1.884567656,-172.5398939
2024-02-09T12:22:00Z,9,9,940.3069032,3784.3,0.262140093,41.00668322,55.680375,-1.466842862,-1.884567656,-172.5398939
2024-02-09T12:23:00Z,9,9,1104.465861,3784.3,0.262140093,41.00668322,55.680375,-1.466842862,-1.884567656,-172.5398939
2024-02-09T12:24:00Z,9,9,1264.060738,3784.3,0.262140093,41.00668322,55.680375,-1.466842862,-1.884567656,-172.5398939
2024-02-09T12:25:00Z,9,9,1407.437271,3784.3,0.262140093,41.00668322,55.680375,-1.466842862,-1.884567656,-172.5398939
2024-02-09T12:26:00Z,9,9,1546.95059,3784.3,0.262140093,41.00668322,55.680375,-1.466842862,-1.884567656,-172.5398939
2024-02-09T12:27:00Z,9,9,1681.488988,3784.3,0.262140093,41.00668322,55.680375,-1.466842862,-1.884567656,-172.5398939
2024-02-09T12:28:00Z,9,9,1810.136044,3784.3,0.262140093,41.00668322,55.680375,-1.466842862,-1.884567656,-172.5398939
2024-02-09T12:29:00Z,9,9,1939.281918,3784.3,0.262140093,41.00668322,55.680375,-1.466842862,-1.884567656,-172.5398939
2024-02-09T12:30:00Z,9,9,2061.946068,3784.3,0.262140093,41.00668322,55.680375,-1.466842862,-1.884567656,-172.5398939
2024-02-09T12:31:00Z,9,9,2175.851664,3784.3,0.262140093,41.00668322,55.680375,-1.466842862,-1.884567656,-172.5398939
2024-02-09T12:32:00Z,9,9,2298.7272,3784.3,0.262140093,41.00668322,55.680375,-1.466842862,-1.884567656,-172.5398939
2024-02-09T12:33:00Z,9,9,2411.76432,3784.3,0.262140093,41.00668322,55.680375,-1.466842862,-1.884567656,-172.5398939
2024-02-09T12:34:00Z,9,9,2511.537689,3784.3,0.262140093,41.00668322,55.680375,-1.466842862,-1.884567656,-172.5398939
2024-02-09T12:35:00Z,9,9,2628.825402,3784.3,0.262140093,41.00668322,55.680375,-1.466842862,-1.884567656,-172.5398939
2024-02-09T12:36:00Z,9,9,2737.80003,3784.3,0.262140093,41.00668322,55.680375,-1.466842862,-1.884567656,-172.5398939
2024-02-09T12:37:00Z,9,9,2850.351168,3784.3,0.262140093,41.00668322,55.680375,-1.466842862,-1.884567656,-172.5398939
2024-02-09T12:38:00Z,9,9,2930.881884,3784.3,0.262140093,41.00668322,55.680375,-1.466842862,-1.884567656,-172.5398939
2024-03-25T09:15:10Z,25,5,578.089344,4021.938,0.200700754,126.536919,62.83279167,-0.043196097,-0.04863813,-5.816196974
2024-03-25T09:16:00Z,25,5,620.74068,4021.938,0.200700754,126.536919,62.83279167,-0.043196097,-0.04863813,-5.816196974
2024-03-25T09:17:00Z,25,5,649.16152,4021.938,0.200700754,126.536919,62.83279167,-0.043196097,-0.04863813,-5.816196974
2024-03-25T09:18:00Z,25,5,647.39542,4021.938,0.200700754,126.536919,62.83279167,-0.043196097,-0.04863813,-5.816196974
2024-03-25T09:19:00Z,25,5,659.67587,4021.938,0.200700754,126.536919,62.83279167,-0.043196097,-0.04863813,-5.816196974
2024-03-25T09:20:00Z,25,5,686.31794,4021.938,0.200700754,126.536919,62.83279167,-0.043196097,-0.04863813,-5.816196974
2024-03-25T09:21:00Z,25,5,691.37033,4021.938,0.200700754,126.536919,62.83279167,-0.043196097,-0.04863813,-5.816196974
2024-03-25T09:22:00Z,25,5,698.00829,4021.938,0.200700754,126.536919,62.83279167,-0.043196097,-0.04863813,-5.816196974
2024-03-25T09:23:00Z,25,5,722.15976,4021.938,0.200700754,126.536919,62.83279167,-0.043196097,-0.04863813,-5.816196974
2024-03-25T09:24:00Z,25,5,722.04559,4021.938,0.200700754,126.536919,62.83279167,-0.043196097,-0.04863813,-5.816196974
2024-03-25T09:25:00Z,25,5,739.86857,4021.938,0.200700754,126.536919,62.83279167,-0.043196097,-0.04863813,-5.816196974
2024-03-25T09:26:00Z,25,5,755.43034,4021.938,0.200700754,126.536919,62.83279167,-0.043196097,-0.04863813,-5.816196974
2024-03-25T09:27:00Z,25,5,767.8293,4021.938,0.200700754,126.536919,62.83279167,-0.043196097,-0.04863813,-5.816196974
2024-03-25T09:28:00Z,25,5,781.7061,4021.938,0.200700754,126.536919,62.83279167,-0.043196097,-0.04863813,-5.816196974
2024-03-25T09:29:00Z,25,5,794.69152,4021.938,0.200700754,126.536919,62.83279167,-0.043196097,-0.04863813,-5.816196974
2024-03-25T09:30:00Z,25,5,793.82947,4021.938,0.200700754,126.536919,62.83279167,-0.043196097,-0.04863813,-5.816196974
2024-03-25T09:31:00Z,25,5,804.89927,4021.938,0.200700754,126.536919,62.83279167,-0.043196097,-0.04863813,-5.816196974
2024-03-25T09:32:00Z,25,5,813.96154,4021.938,0.200700754,126.536919,62.83279167,-0.043196097,-0.04863813,-5.816196974
2024-03-25T09:33:00Z,25,5,833.52661,4021.938,0.200700754,126.536919,62.83279167,-0.043196097,-0.04863813,-5.816196974
2024-03-25T09:34:00Z,25,5,850.62432,4021.938,0.200700754,126.536919,62.83279167,-0.043196097,-0.04863813,-5.816196974
2024-03-25T09:35:00Z,25,5,849.79706,4021.938,0.200700754,126.536919,62.83279167,-0.043196097,-0.04863813,-5.816196974
2024-03-25T09:36:00Z,25,5,877.3107,4021.938,0.200700754,126.536919,62.83279167,-0.043196097,-0.04863813,-5.816196974
2024-03-25T09:37:00Z,25,5,889.14826,4021.938,0.200700754,126.536919,62.83279167,-0.043196097,-0.04863813,-5.816196974
2024-03-25T09:38:00Z,25,5,899.73219,4021.938,0.200700754,126.536919,62.83279167,-0.043196097,-0.04863813,-5.816196974
2024-03-25T09:39:00Z,25,5,917.017416,4021.938,0.200700754,126.536919,62.83279167,-0.043196097,-0.04863813,-5.816196974
2024-07-29T11:12:50Z,29,15,801.7695,4026.08,0.292017862,99.19256507,76.38316667,1.401857876,1.251861836,102.8864598
2024-07-29T11:13:00Z,29,15,893.88621,4026.08,0.292017862,99.19256507,76.38316667,1.401857876,1.251861836,102.8864598
2024-07-29T11:14:00Z,29,15,1265.80531,4026.08,0.292017862,99.19256507,76.38316667,1.401857876,1.251861836,102.8864598
2024-07-29T11:15:00Z,29,15,1605.67484,4026.08,0.292017862,99.19256507,76.38316667,1.401857876,1.251861836,102.8864598
2024-07-29T11:16:00Z,29,15,1935.73989,4026.08,0.292017862,99.19256507,76.38316667,1.401857876,1.251861836,102.8864598
2024-07-29T11:17:00Z,29,15,2227.80796,4026.08,0.292017862,99.19256507,76.38316667,1.401857876,1.251861836,102.8864598
2024-07-29T11:18:00Z,29,15,2489.7152,4026.08,0.292017862,99.19256507,76.38316667,1.401857876,1.251861836,102.8864598
2024-07-29T11:19:00Z,29,15,2698.66247,4026.08,0.292017862,99.19256507,76.38316667,1.401857876,1.251861836,102.8864598
2024-07-29T11:20:00Z,29,15,2849.07777,4026.08,0.292017862,99.19256507,76.38316667,1.401857876,1.251861836,102.8864598
2024-07-29T11:21:00Z,29,15,3002.39373,4026.08,0.292017862,99.19256507,76.38316667,1.401857876,1.251861836,102.8864598
2024-07-29T11:22:00Z,29,15,3229.16461,4026.08,0.292017862,99.19256507,76.38316667,1.401857876,1.251861836,102.8864598
2024-07-29T11:23:00Z,29,15,3369.3765,4026.08,0.292017862,99.19256507,76.38316667,1.401857876,1.251861836,102.8864598
2024-07-29T11:24:00Z,29,15,3638.64466,4026.08,0.292017862,99.19256507,76.38316667,1.401857876,1.251861836,102.8864598
2024-07-29T11:25:00Z,29,15,3952.59697,4026.08,0.292017862,99.19256507,76.38316667,1.401857876,1.251861836,102.8864598
2024-07-29T11:26:00Z,29,15,4343.50763,4026.08,0.292017862,99.19256507,76.38316667,1.401857876,1.251861836,102.8864598
2024-07-29T11:27:00Z,29,15,4505.6529,4026.08,0.292017862,99.19256507,76.38316667,1.401857876,1.251861836,102.8864598
2024-07-29T11:28:00Z,29,15,4721.3271,4026.08,0.292017862,99.19256507,76.38316667,1.401857876,1.251861836,102.8864598
2024-07-29T11:29:00Z,29,15,4994.0674,4026.08,0.292017862,99.19256507,76.38316667,1.401857876,1.251861836,102.8864598
2024-07-29T11:30:00Z,29,15,5015.5161,4026.08,0.292017862,99.19256507,76.38316667,1.401857876,1.251861836,102.8864598
2024-07-29T11:31:00Z,29,15,5172.3371,4026.08,0.292017862,99.19256507,76.38316667,1.401857876,1.251861836,102.8864598
2024-07-29T11:32:00Z,29,15,5345.3001,4026.08,0.292017862,99.19256507,76.38316667,1.401857876,1.251861836,102.8864598
2024-07-29T11:33:00Z,29,15,5481.3325,4026.08,0.292017862,99.19256507,76.38316667,1.401857876,1.251861836,102.8864598
2024-07-29T11:34:00Z,29,15,5570.1772,4026.08,0.292017862,99.19256507,76.38316667,1.401857876,1.251861836,102.8864598
2024-07-29T11:35:00Z,29,15,5575.1479,4026.08,0.292017862,99.19256507,76.38316667,1.401857876,1.251861836,102.8864598
2024-07-29T11:36:00Z,29,15,5653.6123,4026.08,0.292017862,99.19256507,76.38316667,1.401857876,1.251861836,102.8864598
2024-07-29T11:37:00Z,29,15,5716.7796,4026.08,0.292017862,99.19256507,76.38316667,1.401857876,1.251861836,102.8864598
2024-07-29T11:38:00Z,29,15,5795.7648,4026.08,0.292017862,99.19256507,76.38316667,1.401857876,1.251861836,102.8864598
2024-07-29T11:39:00Z,29,15,5812.9428,4026.08,0.292017862,99.19256507,76.38316667,1.401857876,1.251861836,102.8864598
2024-07-29T09:51:30Z,29,5,1722.98714,6713.144,0.476947773,304.5953607,76.36179167,-0.026257155,-0.023454575,-1.180233649
2024-07-29T09:52:00Z,29,5,1504.81338,6713.144,0.476947773,304.5953607,76.36179167,-0.026257155,-0.023454575,-1.180233649
2024-07-29T09:53:00Z,29,5,1543.13971,6713.144,0.476947773,304.5953607,76.36179167,-0.026257155,-0.023454575,-1.180233649
2024-07-29T09:54:00Z,29,5,1556.875705,6713.144,0.476947773,304.5953607,76.36179167,-0.026257155,-0.023454575,-1.180233649
2024-07-29T09:55:00Z,29,5,1573.981465,6713.144,0.476947773,304.5953607,76.36179167,-0.026257155,-0.023454575,-1.180233649
2024-07-29T09:56:00Z,29,5,1866.625368,6713.144,0.476947773,304.5953607,76.36179167,-0.026257155,-0.023454575,-1.180233649
2024-07-29T08:57:00Z,29,5,1961.721843,6662.922,0.476947773,304.5953607,76.36179167,-0.026551773,-0.023717747,-1.193476444
2024-07-29T08:58:00Z,29,5,1980.124808,6662.922,0.476947773,304.5953607,76.36179167,-0.026551773,-0.023717747,-1.193476444
2024-07-29T08:59:00Z,29,5,2003.80901,6662.922,0.476947773,304.5953607,76.36179167,-0.026551773,-0.023717747,-1.193476444
2024-07-29T09:00:00Z,29,5,1313.19692,6713.144,0.476947773,304.5953607,76.36179167,-0.026257155,-0.023454575,-1.180233649
2024-07-29T09:01:00Z,29,5,1340.749148,6713.144,0.476947773,304.5953607,76.36179167,-0.026257155,-0.023454575,-1.180233649
2024-07-29T09:02:00Z,29,5,1362.570528,6713.144,0.476947773,304.5953607,76.36179167,-0.026257155,-0.023454575,-1.180233649
2024-07-29T09:03:00Z,29,5,1388.934313,6713.144,0.476947773,304.5953607,76.36179167,-0.026257155,-0.023454575,-1.180233649
2024-07-29T09:04:00Z,29,5,1423.662695,6713.144,0.476947773,304.5953607,76.36179167,-0.026257155,-0.023454575,-1.180233649
2024-07-29T09:05:00Z,29,5,1449.87458,6713.144,0.476947773,304.5953607,76.36179167,-0.026257155,-0.023454575,-1.180233649
2024-07-29T09:06:00Z,29,5,1474.774123,6713.144,0.476947773,304.5953607,76.36179167,-0.026257155,-0.023454575,-1.180233649
2024-07-29T09:07:00Z,29,5,1495.99408,6713.144,0.476947773,304.5953607,76.36179167,-0.026257155,-0.023454575,-1.180233649
2024-07-29T09:08:00Z,29,5,1520.477963,6713.144,0.476947773,304.5953607,76.36179167,-0.026257155,-0.023454575,-1.180233649
2024-07-29T09:09:00Z,29,5,1546.29321,6713.144,0.476947773,304.5953607,76.36179167,-0.026257155,-0.023454575,-1.180233649
2024-07-29T09:10:00Z,29,5,1568.184993,6713.144,0.476947773,304.5953607,76.36179167,-0.026257155,-0.023454575,-1.180233649
2024-07-29T09:11:00Z,29,5,1589.630595,6713.144,0.476947773,304.5953607,76.36179167,-0.026257155,-0.023454575,-1.180233649
2024-07-29T09:12:00Z,29,5,1614.213423,6713.144,0.476947773,304.5953607,76.36179167,-0.026257155,-0.023454575,-1.180233649
2024-07-29T09:13:00Z,29,5,1636.660883,6713.144,0.476947773,304.5953607,76.36179167,-0.026257155,-0.023454575,-1.180233649
2024-07-29T09:14:00Z,29,5,1664.241565,6713.144,0.476947773,304.5953607,76.36179167,-0.026257155,-0.023454575,-1.180233649
2024-07-29T09:15:00Z,29,5,1701.947818,6713.144,0.476947773,304.5953607,76.36179167,-0.026257155,-0.023454575,-1.180233649
2024-07-29T09:16:00Z,29,5,1726.45473,6713.144,0.476947773,304.5953607,76.36179167,-0.026257155,-0.023454575,-1.180233649
2024-07-29T09:17:00Z,29,5,1744.61161,6713.144,0.476947773,304.5953607,76.36179167,-0.026257155,-0.023454575,-1.180233649
2024-07-29T09:18:00Z,29,5,1764.69545,6713.144,0.476947773,304.5953607,76.36179167,-0.026257155,-0.023454575,-1.180233649
2024-07-29T09:19:00Z,29,5,1785.758713,6713.144,0.476947773,304.5953607,76.36179167,-0.026257155,-0.023454575,-1.180233649
2024-07-29T09:20:00Z,29,5,1817.623098,6713.144,0.476947773,304.5953607,76.36179167,-0.026257155,-0.023454575,-1.180233649
2024-07-29T09:21:00Z,29,5,1843.317088,6713.144,0.476947773,304.5953607,76.36179167,-0.026257155,-0.023454575,-1.180233649
2024-07-29T09:22:00Z,29,5,1868.641688,6713.144,0.476947773,304.5953607,76.36179167,-0.026257155,-0.023454575,-1.180233649
2024-07-29T09:23:00Z,29,5,1886.67409,6713.144,0.476947773,304.5953607,76.36179167,-0.026257155,-0.023454575,-1.180233649
2024-07-29T09:24:00Z,29,5,1906.31126,6713.144,0.476947773,304.5953607,76.36179167,-0.026257155,-0.023454575,-1.180233649
2024-07-29T09:25:00Z,29,5,1795.91672,6713.144,0.476947773,304.5953607,76.36179167,-0.026257155,-0.023454575,-1.180233649
2024-07-29T09:26:00Z,29,5,1645.34566,6713.144,0.476947773,304.5953607,76.36179167,-0.026257155,-0.023454575,-1.180233649
2024-07-29T09:27:00Z,29,5,1666.12257,6713.144,0.476947773,304.5953607,76.36179167,-0.026257155,-0.023454575,-1.180233649
2024-07-29T09:28:00Z,29,5,1686.02861,6713.144,0.476947773,304.5953607,76.36179167,-0.026257155,-0.023454575,-1.180233649
2024-07-29T09:29:00Z,29,5,1703.59238,6713.144,0.476947773,304.5953607,76.36179167,-0.026257155,-0.023454575,-1.180233649
2024-07-29T09:30:00Z,29,5,1732.88969,6713.144,0.476947773,304.5953607,76.36179167,-0.026257155,-0.023454575,-1.180233649
2024-07-29T09:31:00Z,29,5,1759.47303,6713.144,0.476947773,304.5953607,76.36179167,-0.026257155,-0.023454575,-1.180233649
2024-07-29T09:32:00Z,29,5,1778.30086,6713.144,0.476947773,304.5953607,76.36179167,-0.026257155,-0.023454575,-1.180233649
2024-07-29T09:33:00Z,29,5,1799.13041,6713.144,0.476947773,304.5953607,76.36179167,-0.026257155,-0.023454575,-1.180233649
2024-07-29T09:34:00Z,29,5,1818.19932,6713.144,0.476947773,304.5953607,76.36179167,-0.026257155,-0.023454575,-1.180233649
2024-07-29T09:35:00Z,29,5,1835.67335,6713.144,0.476947773,304.5953607,76.36179167,-0.026257155,-0.023454575,-1.180233649
2024-07-29T09:36:00Z,29,5,1865.73835,6713.144,0.476947773,304.5953607,76.36179167,-0.026257155,-0.023454575,-1.180233649
2024-07-29T09:37:00Z,29,5,1893.75256,6713.144,0.476947773,304.5953607,76.36179167,-0.026257155,-0.023454575,-1.180233649
2024-07-29T09:38:00Z,29,5,1914.84223,6713.144,0.476947773,304.5953607,76.36179167,-0.026257155,-0.023454575,-1.180233649
2024-07-29T09:39:00Z,29,5,1929.02353,6713.144,0.476947773,304.5953607,76.36179167,-0.026257155,-0.023454575,-1.180233649
2024-07-29T09:40:00Z,29,5,1959.30728,6713.144,0.476947773,304.5953607,76.36179167,-0.026257155,-0.023454575,-1.180233649
2024-07-29T09:41:00Z,29,5,1978.38284,6713.144,0.476947773,304.5953607,76.36179167,-0.026257155,-0.023454575,-1.180233649
2024-07-29T09:42:00Z,29,5,2003.52124,6713.144,0.476947773,304.5953607,76.36179167,-0.026257155,-0.023454575,-1.180233649
2024-07-29T09:43:00Z,29,5,2034.71093,6713.144,0.476947773,304.5953607,76.36179167,-0.026257155,-0.023454575,-1.180233649
2024-07-29T09:44:00Z,29,5,2067.51356,6713.144,0.476947773,304.5953607,76.36179167,-0.026257155,-0.023454575,-1.180233649
2024-07-29T09:45:00Z,29,5,2079.53592,6713.144,0.476947773,304.5953607,76.36179167,-0.026257155,-0.023454575,-1.180233649
2024-07-29T09:46:00Z,29,5,2091.97912,6713.144,0.476947773,304.5953607,76.36179167,-0.026257155,-0.023454575,-1.180233649
2024-07-29T09:47:00Z,29,5,2122.00443,6713.144,0.476947773,304.5953607,76.36179167,-0.026257155,-0.023454575,-1.180233649
2024-07-29T09:48:00Z,29,5,2152.53164,6713.144,0.476947773,304.5953607,76.36179167,-0.026257155,-0.023454575,-1.180233649
2024-07-29T09:49:00Z,29,5,2171.41351,6713.144,0.476947773,304.5953607,76.36179167,-0.026257155,-0.023454575,-1.180233649
2024-07-29T09:50:00Z,29,5,2187.00174,6713.144,0.476947773,304.5953607,76.36179167,-0.026257155,-0.023454575,-1.180233649
2024-07-29T12:41:30Z,29,6,2747.582712,9438.768,0.302858206,60.42922066,74.32966667,-0.233280531,-0.215449086,-17.07326391
2024-07-29T12:42:00Z,29,6,2142.187513,9438.768,0.302858206,60.42922066,74.32966667,-0.233280531,-0.215449086,-17.07326391
2024-07-29T12:43:00Z,29,6,2367.398775,9438.768,0.302858206,60.42922066,74.32966667,-0.233280531,-0.215449086,-17.07326391
2024-07-29T12:44:00Z,29,6,2535.996995,9438.768,0.302858206,60.42922066,74.32966667,-0.233280531,-0.215449086,-17.07326391
2024-07-29T12:45:00Z,29,6,2670.002038,9438.768,0.302858206,60.42922066,74.32966667,-0.233280531,-0.215449086,-17.07326391
2024-07-29T12:46:00Z,29,6,2798.674585,9438.768,0.302858206,60.42922066,74.32966667,-0.233280531,-0.215449086,-17.07326391
2024-07-29T12:47:00Z,29,6,2920.728668,9438.768,0.302858206,60.42922066,74.32966667,-0.233280531,-0.215449086,-17.07326391
2024-07-29T12:48:00Z,29,6,3039.708718,9438.768,0.302858206,60.42922066,74.32966667,-0.233280531,-0.215449086,-17.07326391
2024-07-29T12:49:00Z,29,6,3186.5344,9438.768,0.302858206,60.42922066,74.32966667,-0.233280531,-0.215449086,-17.07326391
2024-07-29T12:50:00Z,29,6,3322.85121,9438.768,0.302858206,60.42922066,74.32966667,-0.233280531,-0.215449086,-17.07326391
2024-07-29T12:51:00Z,29,6,3422.401745,9438.768,0.302858206,60.42922066,74.32966667,-0.233280531,-0.215449086,-17.07326391
2024-07-29T12:52:00Z,29,6,3484.639603,9438.768,0.302858206,60.42922066,74.32966667,-0.233280531,-0.215449086,-17.07326391
2024-07-29T12:53:00Z,29,6,3642.80777,9438.768,0.302858206,60.42922066,74.32966667,-0.233280531,-0.215449086,-17.07326391
2024-07-29T12:54:00Z,29,6,3777.839293,9438.768,0.302858206,60.42922066,74.32966667,-0.233280531,-0.215449086,-17.07326391
2024-07-29T12:55:00Z,29,6,3896.728063,9438.768,0.302858206,60.42922066,74.32966667,-0.233280531,-0.215449086,-17.07326391
2024-07-29T12:56:00Z,29,6,4000.015005,9438.768,0.302858206,60.42922066,74.32966667,-0.233280531,-0.215449086,-17.07326391
2024-07-29T12:57:00Z,29,6,4071.445315,9438.768,0.302858206,60.42922066,74.32966667,-0.233280531,-0.215449086,-17.07326391
2024-07-29T12:58:00Z,29,6,4205.84262,9438.768,0.302858206,60.42922066,74.32966667,-0.233280531,-0.215449086,-17.07326391
2024-07-29T12:59:00Z,29,6,3885.93438,9438.768,0.302858206,60.42922066,74.32966667,-0.233280531,-0.215449086,-17.07326391
2024-07-29T13:00:00Z,29,6,3165.38838,9438.768,0.302858206,60.42922066,74.32966667,-0.233280531,-0.215449086,-17.07326391
2024-07-29T13:01:00Z,29,6,3329.22317,9438.768,0.302858206,60.42922066,74.32966667,-0.233280531,-0.215449086,-17.07326391
2024-07-29T13:02:00Z,29,6,3271.30776,9438.768,0.302858206,60.42922066,74.32966667,-0.233280531,-0.215449086,-17.07326391
2024-07-29T13:03:00Z,29,6,3383.18855,9438.768,0.302858206,60.42922066,74.32966667,-0.233280531,-0.215449086,-17.07326391
2024-07-29T13:04:00Z,29,6,3561.42528,9438.768,0.302858206,60.42922066,74.32966667,-0.233280531,-0.215449086,-17.07326391
2024-07-29T13:05:00Z,29,6,3703.02898,9438.768,0.302858206,60.42922066,74.32966667,-0.233280531,-0.215449086,-17.07326391
2024-07-29T13:06:00Z,29,6,3441.77232,9438.768,0.302858206,60.42922066,74.32966667,-0.233280531,-0.215449086,-17.07326391
2024-07-29T13:07:00Z,29,6,3377.85861,9438.768,0.302858206,60.42922066,74.32966667,-0.233280531,-0.215449086,-17.07326391
2024-07-29T13:08:00Z,29,6,3549.46585,9438.768,0.302858206,60.42922066,74.32966667,-0.233280531,-0.215449086,-17.07326391
2024-07-29T13:09:00Z,29,6,3770.14071,9438.768,0.302858206,60.42922066,74.32966667,-0.233280531,-0.215449086,-17.07326391
2024-07-29T13:10:00Z,29,6,3851.77632,9438.768,0.302858206,60.42922066,74.32966667,-0.233280531,-0.215449086,-17.07326391
2024-07-29T13:11:00Z,29,6,3878.32179,9438.768,0.302858206,60.42922066,74.32966667,-0.233280531,-0.215449086,-17.07326391
2024-07-29T13:12:00Z,29,6,3923.80723,9438.768,0.302858206,60.42922066,74.32966667,-0.233280531,-0.215449086,-17.07326391
2024-07-29T13:13:00Z,29,6,4025.53956,9438.768,0.302858206,60.42922066,74.32966667,-0.233280531,-0.215449086,-17.07326391
2024-07-29T13:14:00Z,29,6,3923.87506,9438.768,0.302858206,60.42922066,74.32966667,-0.233280531,-0.215449086,-17.07326391
2024-07-29T13:15:00Z,29,6,4153.10875,9438.768,0.302858206,60.42922066,74.32966667,-0.233280531,-0.215449086,-17.07326391
2024-07-29T13:16:00Z,29,6,4321.268,9438.768,0.302858206,60.42922066,74.32966667,-0.233280531,-0.215449086,-17.07326391
2024-07-29T13:17:00Z,29,6,4436.747,9438.768,0.302858206,60.42922066,74.32966667,-0.233280531,-0.215449086,-17.07326391
2024-07-29T13:18:00Z,29,6,4482.4542,9438.768,0.302858206,60.42922066,74.32966667,-0.233280531,-0.215449086,-17.07326391
2024-07-29T13:19:00Z,29,6,4588.5609,9438.768,0.302858206,60.42922066,74.32966667,-0.233280531,-0.215449086,-17.07326391
2024-07-29T13:20:00Z,29,6,4654.8712,9438.768,0.302858206,60.42922066,74.32966667,-0.233280531,-0.215449086,-17.07326391
2024-07-29T13:21:00Z,29,6,4790.639,9438.768,0.302858206,60.42922066,74.32966667,-0.233280531,-0.215449086,-17.07326391
2024-07-29T13:22:00Z,29,6,4851.2968,9438.768,0.302858206,60.42922066,74.32966667,-0.233280531,-0.215449086,-17.07326391
2024-07-29T13:23:00Z,29,6,4880.771,9438.768,0.302858206,60.42922066,74.32966667,-0.233280531,-0.215449086,-17.07326391
2024-07-29T13:24:00Z,29,6,4986.359,9438.768,0.302858206,60.42922066,74.32966667,-0.233280531,-0.215449086,-17.07326391
2024-07-29T13:25:00Z,29,6,5086.8433,9438.768,0.302858206,60.42922066,74.32966667,-0.233280531,-0.215449086,-17.07326391
2024-07-29T13:26:00Z,29,6,5188.0066,9438.768,0.302858206,60.42922066,74.32966667,-0.233280531,-0.215449086,-17.07326391
2024-07-29T13:27:00Z,29,6,5281.5168,9438.768,0.302858206,60.42922066,74.32966667,-0.233280531,-0.215449086,-17.07326391
2024-07-29T13:28:00Z,29,6,5362.0924,9438.768,0.302858206,60.42922066,74.32966667,-0.233280531,-0.215449086,-17.07326391
2024-07-29T13:29:00Z,29,6,5419.0997,9438.768,0.302858206,60.42922066,74.32966667,-0.233280531,-0.215449086,-17.07326391
2024-07-29T13:30:00Z,29,6,5527.1545,9438.768,0.302858206,60.42922066,74.32966667,-0.233280531,-0.215449086,-17.07326391
2024-07-29T13:31:00Z,29,6,5558.805,9438.768,0.302858206,60.42922066,74.32966667,-0.233280531,-0.215449086,-17.07326391
2024-07-29T13:32:00Z,29,6,5665.6117,9438.768,0.302858206,60.42922066,74.32966667,-0.233280531,-0.215449086,-17.07326391
2024-07-29T13:33:00Z,29,6,5832.1018,9438.768,0.302858206,60.42922066,74.32966667,-0.233280531,-0.215449086,-17.07326391
2024-07-29T13:34:00Z,29,6,5938.8308,9438.768,0.302858206,60.42922066,74.32966667,-0.233280531,-0.215449086,-17.07326391
2024-07-29T13:35:00Z,29,6,6014.9712,9438.768,0.302858206,60.42922066,74.32966667,-0.233280531,-0.215449086,-17.07326391
2024-07-29T13:36:00Z,29,6,6115.1692,9438.768,0.302858206,60.42922066,74.32966667,-0.233280531,-0.215449086,-17.07326391
2024-07-29T13:37:00Z,29,6,6131.6885,9438.768,0.302858206,60.42922066,74.32966667,-0.233280531,-0.215449086,-17.07326391
2024-07-29T13:38:00Z,29,6,6130.1611,9438.768,0.302858206,60.42922066,74.32966667,-0.233280531,-0.215449086,-17.07326391
2024-07-29T13:39:00Z,29,6,6204.8854,9438.768,0.302858206,60.42922066,74.32966667,-0.233280531,-0.215449086,-17.07326391
2024-07-29T13:40:00Z,29,6,6235.7806,9438.768,0.302858206,60.42922066,74.32966667,-0.233280531,-0.215449086,-17.07326391
2024-07-29T12:15:00Z,29,6a,718.57919,1573.128,0.292340088,NA,76.43375,-0.493194294,-0.440035838,-36.12525452
2024-07-29T12:16:00Z,29,6a,775.53,1573.128,0.292340088,NA,76.43375,-0.493194294,-0.440035838,-36.12525452
2024-07-29T12:17:00Z,29,6a,823.65122,1573.128,0.292340088,NA,76.43375,-0.493194294,-0.440035838,-36.12525452
2024-07-29T12:18:00Z,29,6a,843.07097,1573.128,0.292340088,NA,76.43375,-0.493194294,-0.440035838,-36.12525452
2024-07-29T12:19:00Z,29,6a,856.85404,1573.128,0.292340088,NA,76.43375,-0.493194294,-0.440035838,-36.12525452
2024-07-29T12:20:00Z,29,6a,868.92834,1573.128,0.292340088,NA,76.43375,-0.493194294,-0.440035838,-36.12525452
2024-07-29T12:21:00Z,29,6a,887.80615,1573.128,0.292340088,NA,76.43375,-0.493194294,-0.440035838,-36.12525452
2024-07-29T12:22:00Z,29,6a,905.15201,1573.128,0.292340088,NA,76.43375,-0.493194294,-0.440035838,-36.12525452
2024-07-29T12:23:00Z,29,6a,928.29653,1573.128,0.292340088,NA,76.43375,-0.493194294,-0.440035838,-36.12525452
2024-07-29T12:24:00Z,29,6a,936.35794,1573.128,0.292340088,NA,76.43375,-0.493194294,-0.440035838,-36.12525452
2024-07-29T12:25:00Z,29,6a,952.27447,1573.128,0.292340088,NA,76.43375,-0.493194294,-0.440035838,-36.12525452
2024-07-29T12:26:00Z,29,6a,985.35038,1573.128,0.292340088,NA,76.43375,-0.493194294,-0.440035838,-36.12525452
2024-07-29T12:27:00Z,29,6a,1023.94894,1573.128,0.292340088,NA,76.43375,-0.493194294,-0.440035838,-36.12525452
2024-07-29T14:49:20Z,29,9,703.29945,5518.321,0.149697123,7.740795171,77.67870833,-0.114990125,-0.100544975,-16.11974475
2024-07-29T14:50:00Z,29,9,703.38898,5518.321,0.149697123,7.740795171,77.67870833,-0.114990125,-0.100544975,-16.11974475
2024-07-29T14:51:00Z,29,9,727.36097,5518.321,0.149697123,7.740795171,77.67870833,-0.114990125,-0.100544975,-16.11974475
2024-07-29T14:52:00Z,29,9,779.43992,5518.321,0.149697123,7.740795171,77.67870833,-0.114990125,-0.100544975,-16.11974475
2024-07-29T14:53:00Z,29,9,804.0725,5518.321,0.149697123,7.740795171,77.67870833,-0.114990125,-0.100544975,-16.11974475
2024-07-29T14:54:00Z,29,9,841.98065,5518.321,0.149697123,7.740795171,77.67870833,-0.114990125,-0.100544975,-16.11974475
2024-07-29T14:55:00Z,29,9,887.42661,5518.321,0.149697123,7.740795171,77.67870833,-0.114990125,-0.100544975,-16.11974475
2024-07-29T14:56:00Z,29,9,915.0512,5518.321,0.149697123,7.740795171,77.67870833,-0.114990125,-0.100544975,-16.11974475
2024-07-29T14:57:00Z,29,9,960.08815,5518.321,0.149697123,7.740795171,77.67870833,-0.114990125,-0.100544975,-16.11974475
2024-07-29T14:58:00Z,29,9,982.54898,5518.321,0.149697123,7.740795171,77.67870833,-0.114990125,-0.100544975,-16.11974475
2024-07-29T14:59:00Z,29,9,1013.56465,5518.321,0.149697123,7.740795171,77.67870833,-0.114990125,-0.100544975,-16.11974475
2024-07-29T15:00:00Z,29,9,1049.24946,5518.321,0.149697123,7.740795171,77.67870833,-0.114990125,-0.100544975,-16.11974475
2024-07-29T15:01:00Z,29,9,1080.29929,5518.321,0.149697123,7.740795171,77.67870833,-0.114990125,-0.100544975,-16.11974475
2024-07-29T15:02:00Z,29,9,1121.90204,5518.321,0.149697123,7.740795171,77.67870833,-0.114990125,-0.100544975,-16.11974475
2024-07-29T15:03:00Z,29,9,1149.66803,5518.321,0.149697123,7.740795171,77.67870833,-0.114990125,-0.100544975,-16.11974475
2024-07-29T15:04:00Z,29,9,1167.74679,5518.321,0.149697123,7.740795171,77.67870833,-0.114990125,-0.100544975,-16.11974475
2024-07-29T15:05:00Z,29,9,1189.07334,5518.321,0.149697123,7.740795171,77.67870833,-0.114990125,-0.100544975,-16.11974475
2024-07-29T15:06:00Z,29,9,1239.89894,5518.321,0.149697123,7.740795171,77.67870833,-0.114990125,-0.100544975,-16.11974475
2024-07-29T15:07:00Z,29,9,1285.95047,5518.321,0.149697123,7.740795171,77.67870833,-0.114990125,-0.100544975,-16.11974475
2024-07-29T15:08:00Z,29,9,1332.95176,5518.321,0.149697123,7.740795171,77.67870833,-0.114990125,-0.100544975,-16.11974475
2024-07-29T15:09:00Z,29,9,1354.08266,5518.321,0.149697123,7.740795171,77.67870833,-0.114990125,-0.100544975,-16.11974475
2024-07-29T15:10:00Z,29,9,1368.42615,5518.321,0.149697123,7.740795171,77.67870833,-0.114990125,-0.100544975,-16.11974475
2024-07-29T15:11:00Z,29,9,1384.13905,5518.321,0.149697123,7.740795171,77.67870833,-0.114990125,-0.100544975,-16.11974475
2024-07-29T15:12:00Z,29,9,1426.88651,5518.321,0.149697123,7.740795171,77.67870833,-0.114990125,-0.100544975,-16.11974475
2024-07-29T15:13:00Z,29,9,1460.04929,5518.321,0.149697123,7.740795171,77.67870833,-0.114990125,-0.100544975,-16.11974475
2024-07-29T15:14:00Z,29,9,1479.97731,5518.321,0.149697123,7.740795171,77.67870833,-0.114990125,-0.100544975,-16.11974475
2024-07-29T15:15:00Z,29,9,1506.61014,5518.321,0.149697123,7.740795171,77.67870833,-0.114990125,-0.100544975,-16.11974475
2024-07-29T15:16:00Z,29,9,1549.13164,5518.321,0.149697123,7.740795171,77.67870833,-0.114990125,-0.100544975,-16.11974475
2024-07-29T15:17:00Z,29,9,1586.47622,5518.321,0.149697123,7.740795171,77.67870833,-0.114990125,-0.100544975,-16.11974475
2024-07-29T15:18:00Z,29,9,1620.85308,5518.321,0.149697123,7.740795171,77.67870833,-0.114990125,-0.100544975,-16.11974475
2024-07-29T15:19:00Z,29,9,1663.19419,5518.321,0.149697123,7.740795171,77.67870833,-0.114990125,-0.100544975,-16.11974475
2024-07-29T15:20:00Z,29,9,1691.48336,5518.321,0.149697123,7.740795171,77.67870833,-0.114990125,-0.100544975,-16.11974475
2024-07-29T15:21:00Z,29,9,1713.75407,5518.321,0.149697123,7.740795171,77.67870833,-0.114990125,-0.100544975,-16.11974475
2024-07-29T15:22:00Z,29,9,1743.23317,5518.321,0.149697123,7.740795171,77.67870833,-0.114990125,-0.100544975,-16.11974475
2024-07-29T15:23:00Z,29,9,1786.27337,5518.321,0.149697123,7.740795171,77.67870833,-0.114990125,-0.100544975,-16.11974475
2024-07-29T15:24:00Z,29,9,1845.64653,5518.321,0.149697123,7.740795171,77.67870833,-0.114990125,-0.100544975,-16.11974475
2024-07-29T15:25:00Z,29,9,1862.4795,5518.321,0.149697123,7.740795171,77.67870833,-0.114990125,-0.100544975,-16.11974475
2024-07-29T15:26:00Z,29,9,1871.40751,5518.321,0.149697123,7.740795171,77.67870833,-0.114990125,-0.100544975,-16.11974475
2024-07-29T15:27:00Z,29,9,1873.16185,5518.321,0.149697123,7.740795171,77.67870833,-0.114990125,-0.100544975,-16.11974475
2024-07-29T15:28:00Z,29,9,1889.5114,5518.321,0.149697123,7.740795171,77.67870833,-0.114990125,-0.100544975,-16.11974475
2024-07-29T15:29:00Z,29,9,1929.02206,5518.321,0.149697123,7.740795171,77.67870833,-0.114990125,-0.100544975,-16.11974475
2024-07-29T15:30:00Z,29,9,2010.847755,5518.321,0.149697123,7.740795171,77.67870833,-0.114990125,-0.100544975,-16.11974475
2024-07-29T15:31:00Z,29,9,2053.3513,5518.321,0.149697123,7.740795171,77.67870833,-0.114990125,-0.100544975,-16.11974475
2024-07-29T15:32:00Z,29,9,2074.45686,5518.321,0.149697123,7.740795171,77.67870833,-0.114990125,-0.100544975,-16.11974475
2024-07-29T15:33:00Z,29,9,2083.45823,5518.321,0.149697123,7.740795171,77.67870833,-0.114990125,-0.100544975,-16.11974475
2024-07-29T15:34:00Z,29,9,2071.03372,5518.321,0.149697123,7.740795171,77.67870833,-0.114990125,-0.100544975,-16.11974475
2024-07-29T15:35:00Z,29,9,2061.3355,5518.321,0.149697123,7.740795171,77.67870833,-0.114990125,-0.100544975,-16.11974475
2024-07-29T15:36:00Z,29,9,2072.41181,5518.321,0.149697123,7.740795171,77.67870833,-0.114990125,-0.100544975,-16.11974475
2024-07-29T15:37:00Z,29,9,2085.68626,5518.321,0.149697123,7.740795171,77.67870833,-0.114990125,-0.100544975,-16.11974475
2024-07-29T15:38:00Z,29,9,2107.2401,5518.321,0.149697123,7.740795171,77.67870833,-0.114990125,-0.100544975,-16.11974475
2024-07-29T15:39:00Z,29,9,2119.94538,5518.321,0.149697123,7.740795171,77.67870833,-0.114990125,-0.100544975,-16.11974475
2024-07-29T15:40:00Z,29,9,2115.67776,5518.321,0.149697123,7.740795171,77.67870833,-0.114990125,-0.100544975,-16.11974475
2024-08-01T10:14:20Z,1,3,742.015365,9327.649,0.407236689,57.89635282,76.91233333,-0.012931898,-0.011450438,-0.674817659
2024-08-01T10:15:00Z,1,3,740.31286,9327.649,0.407236689,57.89635282,76.91233333,-0.012931898,-0.011450438,-0.674817659
2024-08-01T10:16:00Z,1,3,752.94709,9327.649,0.407236689,57.89635282,76.91233333,-0.012931898,-0.011450438,-0.674817659
2024-08-01T10:17:00Z,1,3,769.07166,9327.649,0.407236689,57.89635282,76.91233333,-0.012931898,-0.011450438,-0.674817659
2024-08-01T10:18:00Z,1,3,779.02055,9327.649,0.407236689,57.89635282,76.91233333,-0.012931898,-0.011450438,-0.674817659
2024-08-01T10:19:00Z,1,3,789.69485,9327.649,0.407236689,57.89635282,76.91233333,-0.012931898,-0.011450438,-0.674817659
2024-08-01T10:20:00Z,1,3,818.20039,9327.649,0.407236689,57.89635282,76.91233333,-0.012931898,-0.011450438,-0.674817659
2024-08-01T10:21:00Z,1,3,821.73511,9327.649,0.407236689,57.89635282,76.91233333,-0.012931898,-0.011450438,-0.674817659
2024-08-01T10:22:00Z,1,3,825.9531,9327.649,0.407236689,57.89635282,76.91233333,-0.012931898,-0.011450438,-0.674817659
2024-08-01T10:23:00Z,1,3,825.27018,9327.649,0.407236689,57.89635282,76.91233333,-0.012931898,-0.011450438,-0.674817659
2024-08-01T10:24:00Z,1,3,817.91787,9327.649,0.407236689,57.89635282,76.91233333,-0.012931898,-0.011450438,-0.674817659
2024-08-01T10:25:00Z,1,3,811.41172,9327.649,0.407236689,57.89635282,76.91233333,-0.012931898,-0.011450438,-0.674817659
2024-08-01T10:26:00Z,1,3,810.66048,9327.649,0.407236689,57.89635282,76.91233333,-0.012931898,-0.011450438,-0.674817659
2024-08-01T15:28:10Z,1,3,886.225956,10078.31,0.407236689,57.89635282,76.91233333,-0.011875829,-0.010515351,-0.619709449
2024-08-01T09:39:30Z,1,7,673.442,3474.255,0.25661214,20.59438558,76.78229167,-0.112331594,-0.099667199,-9.321510623
2024-08-01T09:40:00Z,1,7,714.19523,3474.255,0.25661214,20.59438558,76.78229167,-0.112331594,-0.099667199,-9.321510623
2024-08-01T09:41:00Z,1,7,758.72335,3474.255,0.25661214,20.59438558,76.78229167,-0.112331594,-0.099667199,-9.321510623
2024-08-01T09:42:00Z,1,7,793.87378,3474.255,0.25661214,20.59438558,76.78229167,-0.112331594,-0.099667199,-9.321510623
2024-08-01T09:43:00Z,1,7,816.43121,3474.255,0.25661214,20.59438558,76.78229167,-0.112331594,-0.099667199,-9.321510623
2024-08-01T09:44:00Z,1,7,835.2309,3474.255,0.25661214,20.59438558,76.78229167,-0.112331594,-0.099667199,-9.321510623
2024-08-01T09:45:00Z,1,7,855.33098,3474.255,0.25661214,20.59438558,76.78229167,-0.112331594,-0.099667199,-9.321510623
2024-08-01T09:46:00Z,1,7,877.98571,3474.255,0.25661214,20.59438558,76.78229167,-0.112331594,-0.099667199,-9.321510623
2024-08-01T09:47:00Z,1,7,901.29354,3474.255,0.25661214,20.59438558,76.78229167,-0.112331594,-0.099667199,-9.321510623
2024-08-01T09:48:00Z,1,7,919.63347,3474.255,0.25661214,20.59438558,76.78229167,-0.112331594,-0.099667199,-9.321510623
2024-08-01T09:49:00Z,1,7,924.09128,3474.255,0.25661214,20.59438558,76.78229167,-0.112331594,-0.099667199,-9.321510623
2024-08-01T09:50:00Z,1,7,940.58139,3474.255,0.25661214,20.59438558,76.78229167,-0.112331594,-0.099667199,-9.321510623
2024-08-01T09:51:00Z,1,7,959.98455,3474.255,0.25661214,20.59438558,76.78229167,-0.112331594,-0.099667199,-9.321510623
2024-08-01T09:52:00Z,1,7,984.51038,3474.255,0.25661214,20.59438558,76.78229167,-0.112331594,-0.099667199,-9.321510623
2024-08-01T09:53:00Z,1,7,1002.27029,3474.255,0.25661214,20.59438558,76.78229167,-0.112331594,-0.099667199,-9.321510623
2024-08-01T09:54:00Z,1,7,1015.20923,3474.255,0.25661214,20.59438558,76.78229167,-0.112331594,-0.099667199,-9.321510623
2024-08-01T09:55:00Z,1,7,1035.18324,3474.255,0.25661214,20.59438558,76.78229167,-0.112331594,-0.099667199,-9.321510623
2024-08-01T09:56:00Z,1,7,1059.61688,3474.255,0.25661214,20.59438558,76.78229167,-0.112331594,-0.099667199,-9.321510623
2024-08-01T09:57:00Z,1,7,1084.0627,3474.255,0.25661214,20.59438558,76.78229167,-0.112331594,-0.099667199,-9.321510623
2024-08-01T09:58:00Z,1,7,1108.21662,3474.255,0.25661214,20.59438558,76.78229167,-0.112331594,-0.099667199,-9.321510623
2024-08-01T09:59:00Z,1,7,1133.47157,3474.255,0.25661214,20.59438558,76.78229167,-0.112331594,-0.099667199,-9.321510623
2024-08-01T10:00:00Z,1,7,1136.39988,3742.647,0.25661214,20.59438558,76.78229167,-0.100763657,-0.089403446,-8.361579057
2024-10-04T14:13:10Z,4,13,410.829216,4180.398,0.072829883,5.925557807,75.485125,-0.027360059,-0.024794671,-8.170713324
2024-10-04T14:14:00Z,4,13,410.8238,4180.398,0.072829883,5.925557807,75.485125,-0.027360059,-0.024794671,-8.170713324
2024-10-04T14:15:00Z,4,13,426.06261,4180.398,0.072829883,5.925557807,75.485125,-0.027360059,-0.024794671,-8.170713324
2024-10-04T14:16:00Z,4,13,426.09275,4180.398,0.072829883,5.925557807,75.485125,-0.027360059,-0.024794671,-8.170713324
2024-10-04T14:17:00Z,4,13,441.03651,4180.398,0.072829883,5.925557807,75.485125,-0.027360059,-0.024794671,-8.170713324
2024-10-04T14:18:00Z,4,13,443.45373,4180.398,0.072829883,5.925557807,75.485125,-0.027360059,-0.024794671,-8.170713324
2024-10-04T14:19:00Z,4,13,456.05952,4180.398,0.072829883,5.925557807,75.485125,-0.027360059,-0.024794671,-8.170713324
2024-10-04T14:20:00Z,4,13,468.51369,4180.398,0.072829883,5.925557807,75.485125,-0.027360059,-0.024794671,-8.170713324
2024-10-04T14:21:00Z,4,13,471.04261,4180.398,0.072829883,5.925557807,75.485125,-0.027360059,-0.024794671,-8.170713324
2024-10-04T14:22:00Z,4,13,476.17822,4180.398,0.072829883,5.925557807,75.485125,-0.027360059,-0.024794671,-8.170713324
2024-10-04T14:23:00Z,4,13,486.50075,4180.398,0.072829883,5.925557807,75.485125,-0.027360059,-0.024794671,-8.170713324
2024-10-04T14:24:00Z,4,13,496.63093,4180.398,0.072829883,5.925557807,75.485125,-0.027360059,-0.024794671,-8.170713324
2024-10-04T14:25:00Z,4,13,501.58215,4180.398,0.072829883,5.925557807,75.485125,-0.027360059,-0.024794671,-8.170713324
2024-10-04T10:06:00Z,4,15,693.87467,6443.836,0.229963155,42.78823907,76.30366667,-2.729978841,-2.441458046,-254.8016572
2024-10-04T10:07:00Z,4,15,1112.7464,6443.836,0.229963155,42.78823907,76.30366667,-2.729978841,-2.441458046,-254.8016572
2024-10-04T10:08:00Z,4,15,1519.5439,6443.836,0.229963155,42.78823907,76.30366667,-2.729978841,-2.441458046,-254.8016572
2024-10-04T10:09:00Z,4,15,1891.7621,6443.836,0.229963155,42.78823907,76.30366667,-2.729978841,-2.441458046,-254.8016572
2024-10-04T10:10:00Z,4,15,2288.8049,6443.836,0.229963155,42.78823907,76.30366667,-2.729978841,-2.441458046,-254.8016572
2024-10-04T10:11:00Z,4,15,2621.8419,6443.836,0.229963155,42.78823907,76.30366667,-2.729978841,-2.441458046,-254.8016572
2024-10-04T10:12:00Z,4,15,2937.238,6443.836,0.229963155,42.78823907,76.30366667,-2.729978841,-2.441458046,-254.8016572
2024-10-04T10:13:00Z,4,15,3255.857,6443.836,0.229963155,42.78823907,76.30366667,-2.729978841,-2.441458046,-254.8016572
2024-10-04T10:14:00Z,4,15,3542.8143,6443.836,0.229963155,42.78823907,76.30366667,-2.729978841,-2.441458046,-254.8016572
2024-10-04T10:15:00Z,4,15,3848.1115,6443.836,0.229963155,42.78823907,76.30366667,-2.729978841,-2.441458046,-254.8016572
2024-10-04T10:16:00Z,4,15,4118.0613,6443.836,0.229963155,42.78823907,76.30366667,-2.729978841,-2.441458046,-254.8016572
2024-10-04T10:17:00Z,4,15,4425.2337,6443.836,0.229963155,42.78823907,76.30366667,-2.729978841,-2.441458046,-254.8016572
2024-10-04T10:18:00Z,4,15,4710.7763,6443.836,0.229963155,42.78823907,76.30366667,-2.729978841,-2.441458046,-254.8016572
2024-10-04T10:19:00Z,4,15,4930.5561,6443.836,0.229963155,42.78823907,76.30366667,-2.729978841,-2.441458046,-254.8016572
2024-10-04T11:06:40Z,4,3,395.82372,3225.154,0.395103328,52.72719209,75.43622222,-0.23707666,-0.215037611,-13.06215943
2024-10-04T11:07:00Z,4,3,410.82474,3225.154,0.395103328,52.72719209,75.43622222,-0.23707666,-0.215037611,-13.06215943
2024-10-04T11:08:00Z,4,3,459.09558,3225.154,0.395103328,52.72719209,75.43622222,-0.23707666,-0.215037611,-13.06215943
2024-10-04T11:09:00Z,4,3,516.99322,3225.154,0.395103328,52.72719209,75.43622222,-0.23707666,-0.215037611,-13.06215943
2024-10-04T11:10:00Z,4,3,572.56779,3225.154,0.395103328,52.72719209,75.43622222,-0.23707666,-0.215037611,-13.06215943
2024-10-04T11:11:00Z,4,3,620.0945,3225.154,0.395103328,52.72719209,75.43622222,-0.23707666,-0.215037611,-13.06215943
2024-10-04T11:12:00Z,4,3,663.4059,3225.154,0.395103328,52.72719209,75.43622222,-0.23707666,-0.215037611,-13.06215943
2024-10-04T11:13:00Z,4,3,706.3278,3225.154,0.395103328,52.72719209,75.43622222,-0.23707666,-0.215037611,-13.06215943
2024-10-04T08:04:30Z,4,5,520.154188,8379.938,0.130018058,81.44150623,75.60066667,-0.00575778,-0.005208685,-0.96146987
2024-10-04T08:05:00Z,4,5,484.9292,8379.938,0.130018058,81.44150623,75.60066667,-0.00575778,-0.005208685,-0.96146987
2024-10-04T08:06:00Z,4,5,494.517575,8379.938,0.130018058,81.44150623,75.60066667,-0.00575778,-0.005208685,-0.96146987
2024-10-04T08:07:00Z,4,5,502.0514525,8379.938,0.130018058,81.44150623,75.60066667,-0.00575778,-0.005208685,-0.96146987
2024-10-04T08:08:00Z,4,5,509.566265,8379.938,0.130018058,81.44150623,75.60066667,-0.00575778,-0.005208685,-0.96146987
2024-10-04T08:09:00Z,4,5,515.268725,8379.938,0.130018058,81.44150623,75.60066667,-0.00575778,-0.005208685,-0.96146987
2024-10-04T08:10:00Z,4,5,520.9696125,8379.938,0.130018058,81.44150623,75.60066667,-0.00575778,-0.005208685,-0.96146987
2024-10-04T08:11:00Z,4,5,524.3635852,8379.938,0.130018058,81.44150623,75.60066667,-0.00575778,-0.005208685,-0.96146987
2024-10-04T08:12:00Z,4,5,471.72745,8379.938,0.130018058,81.44150623,75.60066667,-0.00575778,-0.005208685,-0.96146987
2024-10-04T08:13:00Z,4,5,484.38863,8379.938,0.130018058,81.44150623,75.60066667,-0.00575778,-0.005208685,-0.96146987
2024-10-04T08:14:00Z,4,5,486.85477,8379.938,0.130018058,81.44150623,75.60066667,-0.00575778,-0.005208685,-0.96146987
2024-10-04T08:15:00Z,4,5,486.859,8379.938,0.130018058,81.44150623,75.60066667,-0.00575778,-0.005208685,-0.96146987
2024-10-04T08:16:00Z,4,5,497.00408,8379.938,0.130018058,81.44150623,75.60066667,-0.00575778,-0.005208685,-0.96146987
2024-10-04T08:17:00Z,4,5,502.00073,8379.938,0.130018058,81.44150623,75.60066667,-0.00575778,-0.005208685,-0.96146987
2024-10-04T08:18:00Z,4,5,501.99035,8379.938,0.130018058,81.44150623,75.60066667,-0.00575778,-0.005208685,-0.96146987
2024-10-04T08:19:00Z,4,5,502.04344,8379.938,0.130018058,81.44150623,75.60066667,-0.00575778,-0.005208685,-0.96146987
2024-10-04T08:20:00Z,4,5,514.59991,8379.938,0.130018058,81.44150623,75.60066667,-0.00575778,-0.005208685,-0.96146987
2024-10-04T08:21:00Z,4,5,517.13215,8379.938,0.130018058,81.44150623,75.60066667,-0.00575778,-0.005208685,-0.96146987
2024-10-04T08:22:00Z,4,5,519.73016,8379.938,0.130018058,81.44150623,75.60066667,-0.00575778,-0.005208685,-0.96146987
2024-10-04T08:23:00Z,4,5,532.27374,8379.938,0.130018058,81.44150623,75.60066667,-0.00575778,-0.005208685,-0.96146987
2024-10-04T08:24:00Z,4,5,532.22419,8379.938,0.130018058,81.44150623,75.60066667,-0.00575778,-0.005208685,-0.96146987
2024-10-04T08:25:00Z,4,5,532.29075,8379.938,0.130018058,81.44150623,75.60066667,-0.00575778,-0.005208685,-0.96146987
2024-10-04T08:26:00Z,4,5,542.4977,8379.938,0.130018058,81.44150623,75.60066667,-0.00575778,-0.005208685,-0.96146987
2024-10-04T08:27:00Z,4,5,547.56426,8379.938,0.130018058,81.44150623,75.60066667,-0.00575778,-0.005208685,-0.96146987
2024-10-04T08:28:00Z,4,5,552.62159,8379.938,0.130018058,81.44150623,75.60066667,-0.00575778,-0.005208685,-0.96146987
2024-10-04T08:29:00Z,4,5,562.76265,8379.938,0.130018058,81.44150623,75.60066667,-0.00575778,-0.005208685,-0.96146987
2024-10-04T08:30:00Z,4,5,562.74403,8379.938,0.130018058,81.44150623,75.60066667,-0.00575778,-0.005208685,-0.96146987
2024-10-04T08:31:00Z,4,5,562.67948,8379.938,0.130018058,81.44150623,75.60066667,-0.00575778,-0.005208685,-0.96146987
2024-10-04T08:32:00Z,4,5,562.61455,8379.938,0.130018058,81.44150623,75.60066667,-0.00575778,-0.005208685,-0.96146987
2024-10-04T08:33:00Z,4,5,570.11706,8379.938,0.130018058,81.44150623,75.60066667,-0.00575778,-0.005208685,-0.96146987
2024-10-04T08:34:00Z,4,5,577.60988,8379.938,0.130018058,81.44150623,75.60066667,-0.00575778,-0.005208685,-0.96146987
2024-10-04T08:35:00Z,4,5,577.63366,8379.938,0.130018058,81.44150623,75.60066667,-0.00575778,-0.005208685,-0.96146987
2024-10-04T08:36:00Z,4,5,577.66082,8379.938,0.130018058,81.44150623,75.60066667,-0.00575778,-0.005208685,-0.96146987
2024-10-04T08:37:00Z,4,5,577.61793,8379.938,0.130018058,81.44150623,75.60066667,-0.00575778,-0.005208685,-0.96146987
2024-10-04T08:38:00Z,4,5,585.11483,8379.938,0.130018058,81.44150623,75.60066667,-0.00575778,-0.005208685,-0.96146987
2024-10-04T08:39:00Z,4,5,592.75024,8379.938,0.130018058,81.44150623,75.60066667,-0.00575778,-0.005208685,-0.96146987
2024-10-04T08:40:00Z,4,5,592.75926,8379.938,0.130018058,81.44150623,75.60066667,-0.00575778,-0.005208685,-0.96146987
2024-10-04T08:41:00Z,4,5,592.69902,8379.938,0.130018058,81.44150623,75.60066667,-0.00575778,-0.005208685,-0.96146987
2024-10-04T08:42:00Z,4,5,592.69897,8379.938,0.130018058,81.44150623,75.60066667,-0.00575778,-0.005208685,-0.96146987
2024-10-04T08:43:00Z,4,5,605.32788,8379.938,0.130018058,81.44150623,75.60066667,-0.00575778,-0.005208685,-0.96146987
2024-10-04T08:44:00Z,4,5,607.8428,8379.938,0.130018058,81.44150623,75.60066667,-0.00575778,-0.005208685,-0.96146987
2024-10-04T08:45:00Z,4,5,612.809,8379.938,0.130018058,81.44150623,75.60066667,-0.00575778,-0.005208685,-0.96146987
2024-10-04T08:46:00Z,4,5,622.9281,8379.938,0.130018058,81.44150623,75.60066667,-0.00575778,-0.005208685,-0.96146987
2024-10-04T08:47:00Z,4,5,622.9164,8379.938,0.130018058,81.44150623,75.60066667,-0.00575778,-0.005208685,-0.96146987
2024-10-04T08:48:00Z,4,5,622.8729,8379.938,0.130018058,81.44150623,75.60066667,-0.00575778,-0.005208685,-0.96146987
2024-10-04T08:49:00Z,4,5,622.9132,8379.938,0.130018058,81.44150623,75.60066667,-0.00575778,-0.005208685,-0.96146987
2024-10-04T08:50:00Z,4,5,633.0042,8379.938,0.130018058,81.44150623,75.60066667,-0.00575778,-0.005208685,-0.96146987
2024-10-04T08:51:00Z,4,5,637.984,8379.938,0.130018058,81.44150623,75.60066667,-0.00575778,-0.005208685,-0.96146987
2024-10-04T08:52:00Z,4,5,637.9624,8379.938,0.130018058,81.44150623,75.60066667,-0.00575778,-0.005208685,-0.96146987
2024-10-04T08:53:00Z,4,5,638.0199,8379.938,0.130018058,81.44150623,75.60066667,-0.00575778,-0.005208685,-0.96146987
2024-10-04T08:54:00Z,4,5,640.4801,8379.938,0.130018058,81.44150623,75.60066667,-0.00575778,-0.005208685,-0.96146987
2024-10-04T08:55:00Z,4,5,653.0137,8379.938,0.130018058,81.44150623,75.60066667,-0.00575778,-0.005208685,-0.96146987
2024-10-04T08:56:00Z,4,5,653.0678,8379.938,0.130018058,81.44150623,75.60066667,-0.00575778,-0.005208685,-0.96146987
2024-10-04T08:57:00Z,4,5,668.6549,8379.938,0.130018058,81.44150623,75.60066667,-0.00575778,-0.005208685,-0.96146987
2024-10-04T08:58:00Z,4,5,668.5472,8379.938,0.130018058,81.44150623,75.60066667,-0.00575778,-0.005208685,-0.96146987
2024-10-04T08:59:00Z,4,5,668.6351,8379.938,0.130018058,81.44150623,75.60066667,-0.00575778,-0.005208685,-0.96146987
2024-10-04T09:00:00Z,4,5,668.5994,8379.938,0.130018058,81.44150623,75.60066667,-0.00575778,-0.005208685,-0.96146987
2024-10-04T09:01:00Z,4,5,683.6792,8379.938,0.130018058,81.44150623,75.60066667,-0.00575778,-0.005208685,-0.96146987
2024-10-04T09:02:00Z,4,5,688.7199,8379.938,0.130018058,81.44150623,75.60066667,-0.00575778,-0.005208685,-0.96146987
2024-10-04T09:03:00Z,4,5,698.8319,8379.938,0.130018058,81.44150623,75.60066667,-0.00575778,-0.005208685,-0.96146987
2024-10-04T09:36:10Z,4,5a,555.11052,14306.2,0.486909394,18.07926337,75.31916667,-0.126352937,-0.114810057,-5.659043374
2024-10-04T09:37:00Z,4,5a,734.0829,14306.2,0.486909394,18.07926337,75.31916667,-0.126352937,-0.114810057,-5.659043374
2024-10-04T09:38:00Z,4,5a,925.9757,14306.2,0.486909394,18.07926337,75.31916667,-0.126352937,-0.114810057,-5.659043374
2024-10-04T09:39:00Z,4,5a,1067.2953,14306.2,0.486909394,18.07926337,75.31916667,-0.126352937,-0.114810057,-5.659043374
2024-10-04T09:40:00Z,4,5a,1198.6108,14306.2,0.486909394,18.07926337,75.31916667,-0.126352937,-0.114810057,-5.659043374
2024-10-04T09:41:00Z,4,5a,1319.3858,14306.2,0.486909394,18.07926337,75.31916667,-0.126352937,-0.114810057,-5.659043374
2024-10-04T09:42:00Z,4,5a,1443.3257,14306.2,0.486909394,18.07926337,75.31916667,-0.126352937,-0.114810057,-5.659043374
2024-10-04T09:43:00Z,4,5a,1554.2736,14306.2,0.486909394,18.07926337,75.31916667,-0.126352937,-0.114810057,-5.659043374
2024-10-04T09:44:00Z,4,5a,1652.6169,14306.2,0.486909394,18.07926337,75.31916667,-0.126352937,-0.114810057,-5.659043374
2024-10-04T09:45:00Z,4,5a,1738.4331,14306.2,0.486909394,18.07926337,75.31916667,-0.126352937,-0.114810057,-5.659043374
2024-10-04T09:46:00Z,4,5a,1825.18572,14306.2,0.486909394,18.07926337,75.31916667,-0.126352937,-0.114810057,-5.659043374
2024-10-04T11:40:30Z,4,6,1103.890144,10445.418,0.427561158,165.1093408,75.32645833,-0.035218972,-0.032001569,-1.796322332
2024-10-04T11:41:00Z,4,6,854.24043,10445.418,0.427561158,165.1093408,75.32645833,-0.035218972,-0.032001569,-1.796322332
2024-10-04T11:42:00Z,4,6,870.623015,10445.418,0.427561158,165.1093408,75.32645833,-0.035218972,-0.032001569,-1.796322332
2024-10-04T11:43:00Z,4,6,896.66055,10445.418,0.427561158,165.1093408,75.32645833,-0.035218972,-0.032001569,-1.796322332
2024-10-04T11:44:00Z,4,6,920.659145,10445.418,0.427561158,165.1093408,75.32645833,-0.035218972,-0.032001569,-1.796322332
2024-10-04T11:45:00Z,4,6,955.864035,10445.418,0.427561158,165.1093408,75.32645833,-0.035218972,-0.032001569,-1.796322332
2024-10-04T11:46:00Z,4,6,1005.120285,10445.418,0.427561158,165.1093408,75.32645833,-0.035218972,-0.032001569,-1.796322332
2024-10-04T11:47:00Z,4,6,1059.33585,10445.418,0.427561158,165.1093408,75.32645833,-0.035218972,-0.032001569,-1.796322332
2024-10-04T11:48:00Z,4,6,1104.798575,10445.418,0.427561158,165.1093408,75.32645833,-0.035218972,-0.032001569,-1.796322332
2024-10-04T11:49:00Z,4,6,1142.558925,10445.418,0.427561158,165.1093408,75.32645833,-0.035218972,-0.032001569,-1.796322332
2024-10-04T11:50:00Z,4,6,1058.555373,10445.418,0.427561158,165.1093408,75.32645833,-0.035218972,-0.032001569,-1.796322332
2024-10-04T11:51:00Z,4,6,789.5511,10445.418,0.427561158,165.1093408,75.32645833,-0.035218972,-0.032001569,-1.796322332
2024-10-04T11:52:00Z,4,6,819.7972,10445.418,0.427561158,165.1093408,75.32645833,-0.035218972,-0.032001569,-1.796322332
2024-10-04T11:53:00Z,4,6,819.7384,10445.418,0.427561158,165.1093408,75.32645833,-0.035218972,-0.032001569,-1.796322332
2024-10-04T11:54:00Z,4,6,834.7538,10445.418,0.427561158,165.1093408,75.32645833,-0.035218972,-0.032001569,-1.796322332
2024-10-04T11:55:00Z,4,6,849.8048,10445.418,0.427561158,165.1093408,75.32645833,-0.035218972,-0.032001569,-1.796322332
2024-10-04T11:56:00Z,4,6,854.911,10445.418,0.427561158,165.1093408,75.32645833,-0.035218972,-0.032001569,-1.796322332
2024-10-04T11:57:00Z,4,6,849.7641,10445.418,0.427561158,165.1093408,75.32645833,-0.035218972,-0.032001569,-1.796322332
2024-10-04T11:58:00Z,4,6,859.9956,10445.418,0.427561158,165.1093408,75.32645833,-0.035218972,-0.032001569,-1.796322332
2024-10-04T11:59:00Z,4,6,880.1875,10445.418,0.427561158,165.1093408,75.32645833,-0.035218972,-0.032001569,-1.796322332
2024-10-04T12:00:00Z,4,6,895.1611,10445.418,0.427561158,165.1093408,75.32645833,-0.035218972,-0.032001569,-1.796322332
2024-10-04T12:01:00Z,4,6,895.2155,10445.418,0.427561158,165.1093408,75.32645833,-0.035218972,-0.032001569,-1.796322332
2024-10-04T12:02:00Z,4,6,895.2021,10445.418,0.427561158,165.1093408,75.32645833,-0.035218972,-0.032001569,-1.796322332
2024-10-04T12:03:00Z,4,6,907.7408,10445.418,0.427561158,165.1093408,75.32645833,-0.035218972,-0.032001569,-1.796322332
2024-10-04T12:04:00Z,4,6,971.0438,10445.418,0.427561158,165.1093408,75.32645833,-0.035218972,-0.032001569,-1.796322332
2024-10-04T12:05:00Z,4,6,1028.9743,10445.418,0.427561158,165.1093408,75.32645833,-0.035218972,-0.032001569,-1.796322332
2024-10-04T12:06:00Z,4,6,1094.3687,10445.418,0.427561158,165.1093408,75.32645833,-0.035218972,-0.032001569,-1.796322332
2024-10-04T12:07:00Z,4,6,1137.3736,10445.418,0.427561158,165.1093408,75.32645833,-0.035218972,-0.032001569,-1.796322332
2024-10-04T12:08:00Z,4,6,1188.0346,10445.418,0.427561158,165.1093408,75.32645833,-0.035218972,-0.032001569,-1.796322332
2024-10-04T12:09:00Z,4,6,1233.2837,10445.418,0.427561158,165.1093408,75.32645833,-0.035218972,-0.032001569,-1.796322332
2024-10-04T12:10:00Z,4,6,1266.0504,10445.418,0.427561158,165.1093408,75.32645833,-0.035218972,-0.032001569,-1.796322332
2024-10-04T12:11:00Z,4,6,1303.9231,10445.418,0.427561158,165.1093408,75.32645833,-0.035218972,-0.032001569,-1.796322332
2024-10-04T12:12:00Z,4,6,1331.5768,10445.418,0.427561158,165.1093408,75.32645833,-0.035218972,-0.032001569,-1.796322332
2024-10-04T12:13:00Z,4,6,1364.4331,10445.418,0.427561158,165.1093408,75.32645833,-0.035218972,-0.032001569,-1.796322332
2024-10-04T12:14:00Z,4,6,1409.8295,10445.418,0.427561158,165.1093408,75.32645833,-0.035218972,-0.032001569,-1.796322332
2024-10-04T12:15:00Z,4,6,1457.8153,10445.418,0.427561158,165.1093408,75.32645833,-0.035218972,-0.032001569,-1.796322332
2024-10-04T12:16:00Z,4,6,1485.6623,10445.418,0.427561158,165.1093408,75.32645833,-0.035218972,-0.032001569,-1.796322332
2024-10-04T12:17:00Z,4,6,1503.1401,10445.418,0.427561158,165.1093408,75.32645833,-0.035218972,-0.032001569,-1.796322332
2024-10-04T12:18:00Z,4,6,1523.3558,10445.418,0.427561158,165.1093408,75.32645833,-0.035218972,-0.032001569,-1.796322332
2024-10-04T12:19:00Z,4,6,1555.6311,10445.418,0.427561158,165.1093408,75.32645833,-0.035218972,-0.032001569,-1.796322332
2024-10-04T12:20:00Z,4,6,1583.7946,10445.418,0.427561158,165.1093408,75.32645833,-0.035218972,-0.032001569,-1.796322332
2024-10-04T12:21:00Z,4,6,1621.6675,10445.418,0.427561158,165.1093408,75.32645833,-0.035218972,-0.032001569,-1.796322332
2024-10-04T12:22:00Z,4,6,1647.0831,10445.418,0.427561158,165.1093408,75.32645833,-0.035218972,-0.032001569,-1.796322332
2024-10-04T12:23:00Z,4,6,1669.7736,10445.418,0.427561158,165.1093408,75.32645833,-0.035218972,-0.032001569,-1.796322332
2024-10-04T12:24:00Z,4,6,1705.0529,10445.418,0.427561158,165.1093408,75.32645833,-0.035218972,-0.032001569,-1.796322332
2024-10-04T12:25:00Z,4,6,1740.3443,10445.418,0.427561158,165.1093408,75.32645833,-0.035218972,-0.032001569,-1.796322332
2024-10-04T12:26:00Z,4,6,1783.2124,10445.418,0.427561158,165.1093408,75.32645833,-0.035218972,-0.032001569,-1.796322332
2024-10-04T12:27:00Z,4,6,1820.7949,10445.418,0.427561158,165.1093408,75.32645833,-0.035218972,-0.032001569,-1.796322332
2024-10-04T12:28:00Z,4,6,1846.1797,10445.418,0.427561158,165.1093408,75.32645833,-0.035218972,-0.032001569,-1.796322332
2024-10-04T12:29:00Z,4,6,1861.2053,10445.418,0.427561158,165.1093408,75.32645833,-0.035218972,-0.032001569,-1.796322332
2024-10-04T12:30:00Z,4,6,1886.6188,10445.418,0.427561158,165.1093408,75.32645833,-0.035218972,-0.032001569,-1.796322332
2024-10-04T12:31:00Z,4,6,1921.9989,10445.418,0.427561158,165.1093408,75.32645833,-0.035218972,-0.032001569,-1.796322332
2024-10-04T12:32:00Z,4,6,1954.7604,10445.418,0.427561158,165.1093408,75.32645833,-0.035218972,-0.032001569,-1.796322332
2024-10-04T12:33:00Z,4,6,1982.4413,10445.418,0.427561158,165.1093408,75.32645833,-0.035218972,-0.032001569,-1.796322332
2024-10-04T12:34:00Z,4,6,2005.0966,10445.418,0.427561158,165.1093408,75.32645833,-0.035218972,-0.032001569,-1.796322332
2024-10-04T12:35:00Z,4,6,2035.4946,10445.418,0.427561158,165.1093408,75.32645833,-0.035218972,-0.032001569,-1.796322332
2024-10-04T12:36:00Z,4,6,2058.0377,10445.418,0.427561158,165.1093408,75.32645833,-0.035218972,-0.032001569,-1.796322332
2024-10-04T12:37:00Z,4,6,2078.3017,10445.418,0.427561158,165.1093408,75.32645833,-0.035218972,-0.032001569,-1.796322332
2024-10-04T12:38:00Z,4,6,2105.9601,10445.418,0.427561158,165.1093408,75.32645833,-0.035218972,-0.032001569,-1.796322332
2024-10-04T12:39:00Z,4,6,2131.3547,10445.418,0.427561158,165.1093408,75.32645833,-0.035218972,-0.032001569,-1.796322332
2024-10-04T10:45:40Z,4,7,373.09719,1077.366,0.253452518,19.48306755,76.00629167,-0.247807879,-0.22266258,-21.08443019
2024-10-04T10:46:00Z,4,7,380.64561,1077.366,0.253452518,19.48306755,76.00629167,-0.247807879,-0.22266258,-21.08443019
2024-10-04T10:47:00Z,4,7,390.75329,1077.366,0.253452518,19.48306755,76.00629167,-0.247807879,-0.22266258,-21.08443019
2024-10-04T10:48:00Z,4,7,395.76027,1077.366,0.253452518,19.48306755,76.00629167,-0.247807879,-0.22266258,-21.08443019
2024-10-04T10:49:00Z,4,7,398.27026,1077.366,0.253452518,19.48306755,76.00629167,-0.247807879,-0.22266258,-21.08443019
2024-10-04T10:50:00Z,4,7,410.93501,1077.366,0.253452518,19.48306755,76.00629167,-0.247807879,-0.22266258,-21.08443019
2024-10-04T10:51:00Z,4,7,426.04615,1077.366,0.253452518,19.48306755,76.00629167,-0.247807879,-0.22266258,-21.08443019
2024-10-04T10:52:00Z,4,7,446.57138,1077.366,0.253452518,19.48306755,76.00629167,-0.247807879,-0.22266258,-21.08443019
2024-10-04T10:53:00Z,4,7,466.78571,1077.366,0.253452518,19.48306755,76.00629167,-0.247807879,-0.22266258,-21.08443019
2024-10-04T10:54:00Z,4,7,477.8058,1077.366,0.253452518,19.48306755,76.00629167,-0.247807879,-0.22266258,-21.08443019
2024-10-04T13:22:40Z,4,9,403.8474,8906.689,0.193682526,16.60009672,76.78266667,-0.028478304,-0.025267627,-3.131015825
2024-10-04T13:23:00Z,4,9,507.23479,8906.689,0.193682526,16.60009672,76.78266667,-0.028478304,-0.025267627,-3.131015825
2024-10-04T13:24:00Z,4,9,623.25717,8906.689,0.193682526,16.60009672,76.78266667,-0.028478304,-0.025267627,-3.131015825
2024-10-04T13:25:00Z,4,9,706.3595,8906.689,0.193682526,16.60009672,76.78266667,-0.028478304,-0.025267627,-3.131015825
2024-10-04T13:26:00Z,4,9,777.1273,8906.689,0.193682526,16.60009672,76.78266667,-0.028478304,-0.025267627,-3.131015825
2024-10-04T13:27:00Z,4,9,830.0051,8906.689,0.193682526,16.60009672,76.78266667,-0.028478304,-0.025267627,-3.131015825
2024-10-04T13:28:00Z,4,9,890.423,8906.689,0.193682526,16.60009672,76.78266667,-0.028478304,-0.025267627,-3.131015825
2024-10-04T13:29:00Z,4,9,943.3158,8906.689,0.193682526,16.60009672,76.78266667,-0.028478304,-0.025267627,-3.131015825
2024-10-04T13:30:00Z,4,9,973.1816,8906.689,0.193682526,16.60009672,76.78266667,-0.028478304,-0.025267627,-3.131015825
2024-10-04T13:31:00Z,4,9,1001.4099,8906.689,0.193682526,16.60009672,76.78266667,-0.028478304,-0.025267627,-3.131015825
2024-10-04T13:32:00Z,4,9,1028.9956,8906.689,0.193682526,16.60009672,76.78266667,-0.028478304,-0.025267627,-3.131015825
2024-10-04T13:33:00Z,4,9,1031.4581,8906.689,0.193682526,16.60009672,76.78266667,-0.028478304,-0.025267627,-3.131015825
2024-10-04T13:34:00Z,4,9,1036.6344,8906.689,0.193682526,16.60009672,76.78266667,-0.028478304,-0.025267627,-3.131015825
2024-10-04T13:35:00Z,4,9,1046.8295,8906.689,0.193682526,16.60009672,76.78266667,-0.028478304,-0.025267627,-3.131015825
2024-10-04T13:36:00Z,4,9,1046.808,8906.689,0.193682526,16.60009672,76.78266667,-0.028478304,-0.025267627,-3.131015825
2024-10-04T13:37:00Z,4,9,1049.3972,8906.689,0.193682526,16.60009672,76.78266667,-0.028478304,-0.025267627,-3.131015825
2024-10-04T13:38:00Z,4,9,1071.8765,8906.689,0.193682526,16.60009672,76.78266667,-0.028478304,-0.025267627,-3.131015825
2024-10-04T13:39:00Z,4,9,1104.6473,8906.689,0.193682526,16.60009672,76.78266667,-0.028478304,-0.025267627,-3.131015825
2024-10-04T13:40:00Z,4,9,1114.7226,8906.689,0.193682526,16.60009672,76.78266667,-0.028478304,-0.025267627,-3.131015825
2024-10-04T13:41:00Z,4,9,1122.1671,8906.689,0.193682526,16.60009672,76.78266667,-0.028478304,-0.025267627,-3.131015825
2024-10-04T13:42:00Z,4,9,1144.8136,8906.689,0.193682526,16.60009672,76.78266667,-0.028478304,-0.025267627,-3.131015825
2024-10-04T13:43:00Z,4,9,1167.678,8906.689,0.193682526,16.60009672,76.78266667,-0.028478304,-0.025267627,-3.131015825
2024-10-04T13:44:00Z,4,9,1167.6971,8906.689,0.193682526,16.60009672,76.78266667,-0.028478304,-0.025267627,-3.131015825
2024-10-04T13:45:00Z,4,9,1167.7697,8906.689,0.193682526,16.60009672,76.78266667,-0.028478304,-0.025267627,-3.131015825
2024-10-04T13:46:00Z,4,9,1159.9833,8906.689,0.193682526,16.60009672,76.78266667,-0.028478304,-0.025267627,-3.131015825
2024-10-04T13:47:00Z,4,9,1152.3098,8906.689,0.193682526,16.60009672,76.78266667,-0.028478304,-0.025267627,-3.131015825
2024-10-04T13:48:00Z,4,9,1142.2951,8906.689,0.193682526,16.60009672,76.78266667,-0.028478304,-0.025267627,-3.131015825
2024-10-04T13:49:00Z,4,9,1127.1895,8906.689,0.193682526,16.60009672,76.78266667,-0.028478304,-0.025267627,-3.131015825
2024-10-04T13:50:00Z,4,9,1125.1417,8906.689,0.193682526,16.60009672,76.78266667,-0.028478304,-0.025267627,-3.131015825
2024-10-04T13:51:00Z,4,9,1167.5934,8906.689,0.193682526,16.60009672,76.78266667,-0.028478304,-0.025267627,-3.131015825
2024-10-04T13:52:00Z,4,9,1190.2635,8906.689,0.193682526,16.60009672,76.78266667,-0.028478304,-0.025267627,-3.131015825
2024-10-04T13:53:00Z,4,9,1205.3795,8906.689,0.193682526,16.60009672,76.78266667,-0.028478304,-0.025267627,-3.131015825
2024-10-04T13:54:00Z,4,9,1233.3842,8906.689,0.193682526,16.60009672,76.78266667,-0.028478304,-0.025267627,-3.131015825
2024-10-04T13:55:00Z,4,9,1243.461,8906.689,0.193682526,16.60009672,76.78266667,-0.028478304,-0.025267627,-3.131015825
2024-10-04T13:56:00Z,4,9,1243.471,8906.689,0.193682526,16.60009672,76.78266667,-0.028478304,-0.025267627,-3.131015825
2024-10-04T13:57:00Z,4,9,1247.16975,8906.689,0.193682526,16.60009672,76.78266667,-0.028478304,-0.025267627,-3.131015825
2023-11-01T15:27:00Z,1,13,861.6084167,4695.205,0.096741421,11.64558467,68.24183333,-0.023294976,-0.023846125,-5.915842429
2023-11-01T15:28:00Z,1,13,854.0789,4695.205,0.096741421,11.64558467,68.24183333,-0.023294976,-0.023846125,-5.915842429
2023-11-01T15:29:00Z,1,13,860.7749333,4695.205,0.096741421,11.64558467,68.24183333,-0.023294976,-0.023846125,-5.915842429
2023-11-01T15:30:00Z,1,13,853.1966667,4695.205,0.096741421,11.64558467,68.24183333,-0.023294976,-0.023846125,-5.915842429
2023-11-01T15:31:00Z,1,13,826.7272167,4695.205,0.096741421,11.64558467,68.24183333,-0.023294976,-0.023846125,-5.915842429
2023-11-01T15:32:00Z,1,13,818.3396,4695.205,0.096741421,11.64558467,68.24183333,-0.023294976,-0.023846125,-5.915842429
2023-11-01T15:33:00Z,1,13,834.2853667,4695.205,0.096741421,11.64558467,68.24183333,-0.023294976,-0.023846125,-5.915842429
2023-11-01T15:34:00Z,1,13,834.55965,4695.205,0.096741421,11.64558467,68.24183333,-0.023294976,-0.023846125,-5.915842429
2023-11-01T15:35:00Z,1,13,836.3074667,4695.205,0.096741421,11.64558467,68.24183333,-0.023294976,-0.023846125,-5.915842429
2023-11-01T15:36:00Z,1,13,845.7633833,4695.205,0.096741421,11.64558467,68.24183333,-0.023294976,-0.023846125,-5.915842429
2023-11-01T15:37:00Z,1,13,856.467,4695.205,0.096741421,11.64558467,68.24183333,-0.023294976,-0.023846125,-5.915842429
2023-11-01T15:38:00Z,1,13,868.4897167,4695.205,0.096741421,11.64558467,68.24183333,-0.023294976,-0.023846125,-5.915842429
2023-11-01T15:39:00Z,1,13,890.0100167,4695.205,0.096741421,11.64558467,68.24183333,-0.023294976,-0.023846125,-5.915842429
2023-11-01T15:40:00Z,1,13,912.1414,4695.205,0.096741421,11.64558467,68.24183333,-0.023294976,-0.023846125,-5.915842429
2023-11-01T15:41:00Z,1,13,929.8956333,4695.205,0.096741421,11.64558467,68.24183333,-0.023294976,-0.023846125,-5.915842429
2023-11-01T15:42:00Z,1,13,949.5912,4695.205,0.096741421,11.64558467,68.24183333,-0.023294976,-0.023846125,-5.915842429
2023-11-01T15:43:00Z,1,13,967.97515,4695.205,0.096741421,11.64558467,68.24183333,-0.023294976,-0.023846125,-5.915842429
2023-11-01T15:44:00Z,1,13,984.39646,4695.205,0.096741421,11.64558467,68.24183333,-0.023294976,-0.023846125,-5.915842429
2023-12-19T15:20:00Z,19,13,682.46505,4360.498,0.53558507,170.3762553,58.13679167,-0.033927946,-0.041635654,-1.865727335
2023-12-19T15:21:00Z,19,13,677.5530667,4360.498,0.53558507,170.3762553,58.13679167,-0.033927946,-0.041635654,-1.865727335
2023-12-19T15:22:00Z,19,13,684.4614667,4360.498,0.53558507,170.3762553,58.13679167,-0.033927946,-0.041635654,-1.865727335
2023-12-19T15:23:00Z,19,13,692.5685833,4360.498,0.53558507,170.3762553,58.13679167,-0.033927946,-0.041635654,-1.865727335
2023-12-19T15:24:00Z,19,13,707.4314,4360.498,0.53558507,170.3762553,58.13679167,-0.033927946,-0.041635654,-1.865727335
2023-12-19T15:25:00Z,19,13,721.8925667,4360.498,0.53558507,170.3762553,58.13679167,-0.033927946,-0.041635654,-1.865727335
2023-12-19T15:26:00Z,19,13,734.2957667,4360.498,0.53558507,170.3762553,58.13679167,-0.033927946,-0.041635654,-1.865727335
2023-12-19T15:27:00Z,19,13,744.4195167,4360.498,0.53558507,170.3762553,58.13679167,-0.033927946,-0.041635654,-1.865727335
2023-12-19T15:28:00Z,19,13,755.1985,4360.498,0.53558507,170.3762553,58.13679167,-0.033927946,-0.041635654,-1.865727335
2023-12-19T15:29:00Z,19,13,767.4078167,4360.498,0.53558507,170.3762553,58.13679167,-0.033927946,-0.041635654,-1.865727335
2023-12-19T15:30:00Z,19,13,781.7407833,4360.498,0.53558507,170.3762553,58.13679167,-0.033927946,-0.041635654,-1.865727335
2023-12-19T15:31:00Z,19,13,790.2496167,4360.498,0.53558507,170.3762553,58.13679167,-0.033927946,-0.041635654,-1.865727335
2023-12-19T15:32:00Z,19,13,804.3138167,4360.498,0.53558507,170.3762553,58.13679167,-0.033927946,-0.041635654,-1.865727335
2023-12-19T15:33:00Z,19,13,819.2057833,4360.498,0.53558507,170.3762553,58.13679167,-0.033927946,-0.041635654,-1.865727335
2023-12-19T15:34:00Z,19,13,836.2607333,4360.498,0.53558507,170.3762553,58.13679167,-0.033927946,-0.041635654,-1.865727335
2023-12-19T15:35:00Z,19,13,854.6213333,4360.498,0.53558507,170.3762553,58.13679167,-0.033927946,-0.041635654,-1.865727335
2023-12-19T12:50:00Z,19,6a,811.21125,7747.794,0.586132066,NA,57.41054167,-0.001506842,-0.001874154,-0.076739871
2023-12-19T12:51:00Z,19,6a,776.2055,7747.794,0.586132066,NA,57.41054167,-0.001506842,-0.001874154,-0.076739871
2023-12-19T12:52:00Z,19,6a,753.3511833,7747.794,0.586132066,NA,57.41054167,-0.001506842,-0.001874154,-0.076739871
2023-12-19T12:53:00Z,19,6a,741.5704333,7747.794,0.586132066,NA,57.41054167,-0.001506842,-0.001874154,-0.076739871
2023-12-19T12:54:00Z,19,6a,709.2427,7747.794,0.586132066,NA,57.41054167,-0.001506842,-0.001874154,-0.076739871
2023-12-19T13:12:00Z,19,6a,816.4408833,7834.375,0.586132066,NA,57.41054167,-0.001488251,-0.001851032,-0.075793123
2023-12-19T13:13:00Z,19,6a,782.71445,7834.375,0.586132066,NA,57.41054167,-0.001488251,-0.001851032,-0.075793123
2023-12-19T13:14:00Z,19,6a,760.8823833,7834.375,0.586132066,NA,57.41054167,-0.001488251,-0.001851032,-0.075793123
2023-12-19T13:15:00Z,19,6a,744.0046167,7834.375,0.586132066,NA,57.41054167,-0.001488251,-0.001851032,-0.075793123
2023-12-19T13:16:00Z,19,6a,704.0552,7834.375,0.586132066,NA,57.41054167,-0.001488251,-0.001851032,-0.075793123
2023-12-19T13:33:00Z,19,6a,809.3672333,7834.375,0.586132066,NA,57.41054167,-0.001488251,-0.001851032,-0.075793123
2023-12-19T13:34:00Z,19,6a,785.4696667,7834.375,0.586132066,NA,57.41054167,-0.001488251,-0.001851032,-0.075793123
2023-12-19T13:35:00Z,19,6a,786.2187,7834.375,0.586132066,NA,57.41054167,-0.001488251,-0.001851032,-0.075793123
2023-12-19T13:36:00Z,19,6a,791.0579,7834.375,0.586132066,NA,57.41054167,-0.001488251,-0.001851032,-0.075793123
2023-12-19T13:37:00Z,19,6a,785.6458667,7834.375,0.586132066,NA,57.41054167,-0.001488251,-0.001851032,-0.075793123
2023-12-19T13:38:00Z,19,6a,784.9458333,7834.375,0.586132066,NA,57.41054167,-0.001488251,-0.001851032,-0.075793123
2023-12-19T13:39:00Z,19,6a,787.6875167,7834.375,0.586132066,NA,57.41054167,-0.001488251,-0.001851032,-0.075793123
2023-12-19T13:40:00Z,19,6a,786.5488833,7834.375,0.586132066,NA,57.41054167,-0.001488251,-0.001851032,-0.075793123
2023-12-19T13:41:00Z,19,6a,782.27925,7834.375,0.586132066,NA,57.41054167,-0.001488251,-0.001851032,-0.075793123
2023-12-19T13:42:00Z,19,6a,783.8974333,7834.375,0.586132066,NA,57.41054167,-0.001488251,-0.001851032,-0.075793123
2023-12-19T13:43:00Z,19,6a,793.5559,7834.375,0.586132066,NA,57.41054167,-0.001488251,-0.001851032,-0.075793123
2023-12-19T13:44:00Z,19,6a,767.2612,7834.375,0.586132066,NA,57.41054167,-0.001488251,-0.001851032,-0.075793123
=======,,,,,,,,,,
Date,day,ID,CO2,CO2_enviro,depth,Q,Temp,KCO2_dh,k600_dh,KO2_1d
2025-01-03T09:52:40Z,3,5,552.81112,3976.076,0.059249035,36.55054988,58.67629167,-0.692498765,-0.841339213,-325.2180126
2025-01-03T09:53:00Z,3,5,651.17214,3976.076,0.059249035,36.55054988,58.67629167,-0.692498765,-0.841339213,-325.2180126
2025-01-03T09:54:00Z,3,5,787.6483,3976.076,0.059249035,36.55054988,58.67629167,-0.692498765,-0.841339213,-325.2180126
2025-01-03T09:55:00Z,3,5,903.3085,3976.076,0.059249035,36.55054988,58.67629167,-0.692498765,-0.841339213,-325.2180126
2025-01-03T09:56:00Z,3,5,1020.1503,3976.076,0.059249035,36.55054988,58.67629167,-0.692498765,-0.841339213,-325.2180126
2025-01-03T09:57:00Z,3,5,1131.2664,3976.076,0.059249035,36.55054988,58.67629167,-0.692498765,-0.841339213,-325.2180126
2025-01-03T09:58:00Z,3,5,1245.0018,3976.076,0.059249035,36.55054988,58.67629167,-0.692498765,-0.841339213,-325.2180126
2025-01-03T09:59:00Z,3,5,1364.0482,3976.076,0.059249035,36.55054988,58.67629167,-0.692498765,-0.841339213,-325.2180126
2025-01-03T10:00:00Z,3,5,1474.9166,3997.498,0.059249035,36.55054988,58.67629167,-0.683052061,-0.829862106,-320.7815597
2025-01-03T10:01:00Z,3,5,1588.5683,3997.498,0.059249035,36.55054988,58.67629167,-0.683052061,-0.829862106,-320.7815597
2025-01-03T10:02:00Z,3,5,1697.2862,3997.498,0.059249035,36.55054988,58.67629167,-0.683052061,-0.829862106,-320.7815597
2025-01-03T10:03:00Z,3,5,1810.8437,3997.498,0.059249035,36.55054988,58.67629167,-0.683052061,-0.829862106,-320.7815597
2025-01-03T10:04:00Z,3,5,1907.8354,3997.498,0.059249035,36.55054988,58.67629167,-0.683052061,-0.829862106,-320.7815597
2025-01-03T10:05:00Z,3,5,2010.3537,3997.498,0.059249035,36.55054988,58.67629167,-0.683052061,-0.829862106,-320.7815597
2025-01-03T10:06:00Z,3,5,2101.2491,3997.498,0.059249035,36.55054988,58.67629167,-0.683052061,-0.829862106,-320.7815597
2025-01-03T10:07:00Z,3,5,2197.3595,3997.498,0.059249035,36.55054988,58.67629167,-0.683052061,-0.829862106,-320.7815597
2025-01-03T10:08:00Z,3,5,2285.7293,3997.498,0.059249035,36.55054988,58.67629167,-0.683052061,-0.829862106,-320.7815597
2025-01-03T10:09:00Z,3,5,2374.191,3997.498,0.059249035,36.55054988,58.67629167,-0.683052061,-0.829862106,-320.7815597
2025-01-03T10:10:00Z,3,5,2427.1398,3997.498,0.059249035,36.55054988,58.67629167,-0.683052061,-0.829862106,-320.7815597
2025-01-03T12:38:40Z,3,6,350.63274,12349.884,0.128743864,4.997027401,60.61083333,-0.024813078,-0.029095112,-5.380016765
2025-01-03T12:39:00Z,3,6,373.26353,12349.884,0.128743864,4.997027401,60.61083333,-0.024813078,-0.029095112,-5.380016765
2025-01-03T12:40:00Z,3,6,416.19861,12349.884,0.128743864,4.997027401,60.61083333,-0.024813078,-0.029095112,-5.380016765
2025-01-03T12:41:00Z,3,6,449.03064,12349.884,0.128743864,4.997027401,60.61083333,-0.024813078,-0.029095112,-5.380016765
2025-01-03T12:42:00Z,3,6,471.85906,12349.884,0.128743864,4.997027401,60.61083333,-0.024813078,-0.029095112,-5.380016765
2025-01-03T12:43:00Z,3,6,491.99708,12349.884,0.128743864,4.997027401,60.61083333,-0.024813078,-0.029095112,-5.380016765
2025-01-03T12:44:00Z,3,6,524.70108,12349.884,0.128743864,4.997027401,60.61083333,-0.024813078,-0.029095112,-5.380016765
2025-01-03T12:45:00Z,3,6,557.33857,12349.884,0.128743864,4.997027401,60.61083333,-0.024813078,-0.029095112,-5.380016765
2025-01-03T12:46:00Z,3,6,582.69085,12349.884,0.128743864,4.997027401,60.61083333,-0.024813078,-0.029095112,-5.380016765
2025-01-03T12:47:00Z,3,6,610.43532,12349.884,0.128743864,4.997027401,60.61083333,-0.024813078,-0.029095112,-5.380016765
2025-01-03T12:48:00Z,3,6,635.6915,12349.884,0.128743864,4.997027401,60.61083333,-0.024813078,-0.029095112,-5.380016765
2025-01-03T12:49:00Z,3,6,663.506,12349.884,0.128743864,4.997027401,60.61083333,-0.024813078,-0.029095112,-5.380016765
2025-01-03T12:50:00Z,3,6,685.3974,12349.884,0.128743864,4.997027401,60.61083333,-0.024813078,-0.029095112,-5.380016765
2025-01-03T13:20:30Z,3,9,335.25396,3903.276,0.050095875,7.169917228,50.861625,-0.026571209,-0.037428937,-14.5652303
2025-01-03T13:21:00Z,3,9,350.40201,3903.276,0.050095875,7.169917228,50.861625,-0.026571209,-0.037428937,-14.5652303
2025-01-03T13:22:00Z,3,9,385.7534,3903.276,0.050095875,7.169917228,50.861625,-0.026571209,-0.037428937,-14.5652303
2025-01-03T13:23:00Z,3,9,406.00798,3903.276,0.050095875,7.169917228,50.861625,-0.026571209,-0.037428937,-14.5652303
2025-01-03T13:24:00Z,3,9,423.74661,3903.276,0.050095875,7.169917228,50.861625,-0.026571209,-0.037428937,-14.5652303
2025-01-03T13:25:00Z,3,9,433.78784,3903.276,0.050095875,7.169917228,50.861625,-0.026571209,-0.037428937,-14.5652303
2025-01-03T13:26:00Z,3,9,441.3456,3903.276,0.050095875,7.169917228,50.861625,-0.026571209,-0.037428937,-14.5652303
2025-01-03T13:27:00Z,3,9,456.53091,3903.276,0.050095875,7.169917228,50.861625,-0.026571209,-0.037428937,-14.5652303
2025-01-03T13:28:00Z,3,9,459.037,3903.276,0.050095875,7.169917228,50.861625,-0.026571209,-0.037428937,-14.5652303
2025-01-03T13:29:00Z,3,9,471.67578,3903.276,0.050095875,7.169917228,50.861625,-0.026571209,-0.037428937,-14.5652303
2025-01-03T13:30:00Z,3,9,471.68833,3903.276,0.050095875,7.169917228,50.861625,-0.026571209,-0.037428937,-14.5652303
2025-01-03T13:31:00Z,3,9,471.71322,3903.276,0.050095875,7.169917228,50.861625,-0.026571209,-0.037428937,-14.5652303
2025-01-03T13:32:00Z,3,9,476.73028,3903.276,0.050095875,7.169917228,50.861625,-0.026571209,-0.037428937,-14.5652303
2025-01-03T13:33:00Z,3,9,486.80654,3903.276,0.050095875,7.169917228,50.861625,-0.026571209,-0.037428937,-14.5652303
2025-01-03T13:34:00Z,3,9,486.803832,3903.276,0.050095875,7.169917228,50.861625,-0.026571209,-0.037428937,-14.5652303
2024-01-05T11:25:30Z,5,15,638.4584667,8509.227,0.195852248,24.58773499,53.76770833,-0.01915435,-0.025524129,-2.698824733
2024-01-05T11:26:00Z,5,15,642.7364667,8509.227,0.195852248,24.58773499,53.76770833,-0.01915435,-0.025524129,-2.698824733
2024-01-05T11:27:00Z,5,15,635.9666667,8509.227,0.195852248,24.58773499,53.76770833,-0.01915435,-0.025524129,-2.698824733
2024-01-05T11:28:00Z,5,15,641.0975833,8509.227,0.195852248,24.58773499,53.76770833,-0.01915435,-0.025524129,-2.698824733
2024-01-05T11:29:00Z,5,15,652.9905167,8509.227,0.195852248,24.58773499,53.76770833,-0.01915435,-0.025524129,-2.698824733
2024-01-05T11:30:00Z,5,15,674.2066333,8509.227,0.195852248,24.58773499,53.76770833,-0.01915435,-0.025524129,-2.698824733
2024-01-05T11:31:00Z,5,15,683.9499833,8509.227,0.195852248,24.58773499,53.76770833,-0.01915435,-0.025524129,-2.698824733
2024-01-05T11:32:00Z,5,15,698.2788833,8509.227,0.195852248,24.58773499,53.76770833,-0.01915435,-0.025524129,-2.698824733
2024-01-05T11:33:00Z,5,15,714.5691167,8509.227,0.195852248,24.58773499,53.76770833,-0.01915435,-0.025524129,-2.698824733
2024-01-05T11:34:00Z,5,15,735.5882667,8509.227,0.195852248,24.58773499,53.76770833,-0.01915435,-0.025524129,-2.698824733
2024-01-05T11:35:00Z,5,15,751.78595,8509.227,0.195852248,24.58773499,53.76770833,-0.01915435,-0.025524129,-2.698824733
2024-01-05T11:36:00Z,5,15,768.78395,8509.227,0.195852248,24.58773499,53.76770833,-0.01915435,-0.025524129,-2.698824733
2024-01-05T11:37:00Z,5,15,790.97775,8509.227,0.195852248,24.58773499,53.76770833,-0.01915435,-0.025524129,-2.698824733
2024-01-05T11:38:00Z,5,15,805.5544167,8509.227,0.195852248,24.58773499,53.76770833,-0.01915435,-0.025524129,-2.698824733
2024-01-05T11:39:00Z,5,15,824.42255,8509.227,0.195852248,24.58773499,53.76770833,-0.01915435,-0.025524129,-2.698824733
2024-01-05T11:40:00Z,5,15,845.4793,8509.227,0.195852248,24.58773499,53.76770833,-0.01915435,-0.025524129,-2.698824733
2024-01-05T11:41:00Z,5,15,864.4904167,8509.227,0.195852248,24.58773499,53.76770833,-0.01915435,-0.025524129,-2.698824733
2024-01-05T11:42:00Z,5,15,888.9312,8509.227,0.195852248,24.58773499,53.76770833,-0.01915435,-0.025524129,-2.698824733
2024-01-05T14:38:30Z,5,3,456.1238667,6443.836,0.422753905,66.03055663,54.8325956,-0.001219018,-0.001591961,-0.079714887
2024-01-05T14:39:00Z,5,3,472.4819333,6443.836,0.422753905,66.03055663,54.8325956,-0.001219018,-0.001591961,-0.079714887
2024-01-05T14:40:00Z,5,3,467.4976833,6443.836,0.422753905,66.03055663,54.8325956,-0.001219018,-0.001591961,-0.079714887
2024-01-05T14:41:00Z,5,3,465.8963,6443.836,0.422753905,66.03055663,54.8325956,-0.001219018,-0.001591961,-0.079714887
2024-01-05T14:42:00Z,5,3,473.38745,6443.836,0.422753905,66.03055663,54.8325956,-0.001219018,-0.001591961,-0.079714887
2024-01-05T14:43:00Z,5,3,469.5789,6443.836,0.422753905,66.03055663,54.8325956,-0.001219018,-0.001591961,-0.079714887
2024-01-05T14:44:00Z,5,3,466.0401167,6443.836,0.422753905,66.03055663,54.8325956,-0.001219018,-0.001591961,-0.079714887
2024-01-05T14:45:00Z,5,3,472.25595,6443.836,0.422753905,66.03055663,54.8325956,-0.001219018,-0.001591961,-0.079714887
2024-01-05T14:46:00Z,5,3,486.7487833,6443.836,0.422753905,66.03055663,54.8325956,-0.001219018,-0.001591961,-0.079714887
2024-01-05T14:47:00Z,5,3,492.1356167,6443.836,0.422753905,66.03055663,54.8325956,-0.001219018,-0.001591961,-0.079714887
2024-01-05T14:48:00Z,5,3,444.5809,6443.836,0.422753905,66.03055663,54.8325956,-0.001219018,-0.001591961,-0.079714887
2024-01-05T10:26:20Z,5,5a,618.29095,5480.453,0.525990518,23.63912195,55.26229167,-0.022810224,-0.029546149,-1.199737093
2024-01-05T10:27:00Z,5,5a,588.5360667,5480.453,0.525990518,23.63912195,55.26229167,-0.022810224,-0.029546149,-1.199737093
2024-01-05T10:28:00Z,5,5a,582.10225,5480.453,0.525990518,23.63912195,55.26229167,-0.022810224,-0.029546149,-1.199737093
2024-01-05T10:29:00Z,5,5a,591.7928833,5480.453,0.525990518,23.63912195,55.26229167,-0.022810224,-0.029546149,-1.199737093
2024-01-05T10:30:00Z,5,5a,605.75835,5480.453,0.525990518,23.63912195,55.26229167,-0.022810224,-0.029546149,-1.199737093
2024-01-05T10:31:00Z,5,5a,620.4759833,5480.453,0.525990518,23.63912195,55.26229167,-0.022810224,-0.029546149,-1.199737093
2024-01-05T10:32:00Z,5,5a,634.0827333,5480.453,0.525990518,23.63912195,55.26229167,-0.022810224,-0.029546149,-1.199737093
2024-01-05T10:33:00Z,5,5a,648.8245,5480.453,0.525990518,23.63912195,55.26229167,-0.022810224,-0.029546149,-1.199737093
2024-01-05T10:34:00Z,5,5a,662.1822167,5480.453,0.525990518,23.63912195,55.26229167,-0.022810224,-0.029546149,-1.199737093
2024-01-05T10:35:00Z,5,5a,675.8962833,5480.453,0.525990518,23.63912195,55.26229167,-0.022810224,-0.029546149,-1.199737093
2024-01-05T10:36:00Z,5,5a,690.6093167,5480.453,0.525990518,23.63912195,55.26229167,-0.022810224,-0.029546149,-1.199737093
2024-01-05T10:37:00Z,5,5a,705.7031833,5480.453,0.525990518,23.63912195,55.26229167,-0.022810224,-0.029546149,-1.199737093
2024-01-05T10:38:00Z,5,5a,713.405,5480.453,0.525990518,23.63912195,55.26229167,-0.022810224,-0.029546149,-1.199737093
2024-01-05T10:39:00Z,5,5a,723.8342333,5480.453,0.525990518,23.63912195,55.26229167,-0.022810224,-0.029546149,-1.199737093
2024-01-05T10:40:00Z,5,5a,742.4081,5480.453,0.525990518,23.63912195,55.26229167,-0.022810224,-0.029546149,-1.199737093
2024-01-05T10:41:00Z,5,5a,751.1917,5480.453,0.525990518,23.63912195,55.26229167,-0.022810224,-0.029546149,-1.199737093
2024-01-05T10:42:00Z,5,5a,762.0679833,5480.453,0.525990518,23.63912195,55.26229167,-0.022810224,-0.029546149,-1.199737093
2024-01-05T10:43:00Z,5,5a,768.7947333,5480.453,0.525990518,23.63912195,55.26229167,-0.022810224,-0.029546149,-1.199737093
2024-01-05T10:44:00Z,5,5a,777.4957,5480.453,0.525990518,23.63912195,55.26229167,-0.022810224,-0.029546149,-1.199737093
2024-01-05T10:45:00Z,5,5a,782.2970667,5480.453,0.525990518,23.63912195,55.26229167,-0.022810224,-0.029546149,-1.199737093
2024-01-05T10:46:00Z,5,5a,790.0646667,5480.453,0.525990518,23.63912195,55.26229167,-0.022810224,-0.029546149,-1.199737093
2024-01-05T10:47:00Z,5,5a,805.0716333,5480.453,0.525990518,23.63912195,55.26229167,-0.022810224,-0.029546149,-1.199737093
2024-01-05T15:36:20Z,5,6,612.310275,7115.516,0.44772678,187.3398457,57.34741667,-0.027545496,-0.034306205,-1.708059945
2024-01-05T15:37:00Z,5,6,595.4056167,7115.516,0.44772678,187.3398457,57.34741667,-0.027545496,-0.034306205,-1.708059945
2024-01-05T15:38:00Z,5,6,594.37785,7115.516,0.44772678,187.3398457,57.34741667,-0.027545496,-0.034306205,-1.708059945
2024-01-05T15:39:00Z,5,6,606.08495,7115.516,0.44772678,187.3398457,57.34741667,-0.027545496,-0.034306205,-1.708059945
2024-01-05T15:40:00Z,5,6,622.5833833,7115.516,0.44772678,187.3398457,57.34741667,-0.027545496,-0.034306205,-1.708059945
2024-01-05T15:41:00Z,5,6,648.7960667,7115.516,0.44772678,187.3398457,57.34741667,-0.027545496,-0.034306205,-1.708059945
2024-01-05T15:42:00Z,5,6,675.2582833,7115.516,0.44772678,187.3398457,57.34741667,-0.027545496,-0.034306205,-1.708059945
2024-01-05T15:43:00Z,5,6,696.0055667,7115.516,0.44772678,187.3398457,57.34741667,-0.027545496,-0.034306205,-1.708059945
2024-01-05T15:44:00Z,5,6,717.2999833,7115.516,0.44772678,187.3398457,57.34741667,-0.027545496,-0.034306205,-1.708059945
2024-01-05T15:45:00Z,5,6,736.1294167,7115.516,0.44772678,187.3398457,57.34741667,-0.027545496,-0.034306205,-1.708059945
2024-01-05T15:46:00Z,5,6,760.2788,7115.516,0.44772678,187.3398457,57.34741667,-0.027545496,-0.034306205,-1.708059945
2024-01-05T15:47:00Z,5,6,777.2203167,7115.516,0.44772678,187.3398457,57.34741667,-0.027545496,-0.034306205,-1.708059945
2024-01-05T15:48:00Z,5,6,800.6710833,7115.516,0.44772678,187.3398457,57.34741667,-0.027545496,-0.034306205,-1.708059945
2024-01-05T15:49:00Z,5,6,815.1031333,7115.516,0.44772678,187.3398457,57.34741667,-0.027545496,-0.034306205,-1.708059945
2024-01-05T15:50:00Z,5,6,828.4584167,7115.516,0.44772678,187.3398457,57.34741667,-0.027545496,-0.034306205,-1.708059945
2024-01-05T15:51:00Z,5,6,831.0903667,7115.516,0.44772678,187.3398457,57.34741667,-0.027545496,-0.034306205,-1.708059945
2024-01-05T15:52:00Z,5,6,832.77725,7115.516,0.44772678,187.3398457,57.34741667,-0.027545496,-0.034306205,-1.708059945
2024-01-05T13:13:40Z,5,7,669.2205,8812.951,0.232294434,28.43589356,57.088375,-0.017669774,-0.022110587,-2.110928165
2024-01-05T13:14:00Z,5,7,659.60835,8812.951,0.232294434,28.43589356,57.088375,-0.017669774,-0.022110587,-2.110928165
2024-01-05T13:15:00Z,5,7,649.2162333,8812.951,0.232294434,28.43589356,57.088375,-0.017669774,-0.022110587,-2.110928165
2024-01-05T13:16:00Z,5,7,659.7800667,8812.951,0.232294434,28.43589356,57.088375,-0.017669774,-0.022110587,-2.110928165
2024-01-05T13:17:00Z,5,7,672.9309667,8812.951,0.232294434,28.43589356,57.088375,-0.017669774,-0.022110587,-2.110928165
2024-01-05T13:18:00Z,5,7,688.4529833,8812.951,0.232294434,28.43589356,57.088375,-0.017669774,-0.022110587,-2.110928165
2024-01-05T13:19:00Z,5,7,707.1372667,8812.951,0.232294434,28.43589356,57.088375,-0.017669774,-0.022110587,-2.110928165
2024-01-05T13:20:00Z,5,7,727.5391667,8812.951,0.232294434,28.43589356,57.088375,-0.017669774,-0.022110587,-2.110928165
2024-01-05T13:21:00Z,5,7,745.48425,8812.951,0.232294434,28.43589356,57.088375,-0.017669774,-0.022110587,-2.110928165
2024-01-05T13:22:00Z,5,7,757.9560167,8812.951,0.232294434,28.43589356,57.088375,-0.017669774,-0.022110587,-2.110928165
2024-01-05T13:23:00Z,5,7,776.6542667,8812.951,0.232294434,28.43589356,57.088375,-0.017669774,-0.022110587,-2.110928165
2024-01-05T13:24:00Z,5,7,797.7893833,8812.951,0.232294434,28.43589356,57.088375,-0.017669774,-0.022110587,-2.110928165
2024-01-05T13:25:00Z,5,7,813.6241833,8812.951,0.232294434,28.43589356,57.088375,-0.017669774,-0.022110587,-2.110928165
2024-01-05T13:26:00Z,5,7,828.9356,8812.951,0.232294434,28.43589356,57.088375,-0.017669774,-0.022110587,-2.110928165
2024-01-05T16:35:30Z,5,9,680.5770333,4167.053,0.3046193,194.2730505,52.26745833,-0.041153994,-0.056427577,-3.718708456
2024-01-05T16:36:00Z,5,9,668.8850333,4167.053,0.3046193,194.2730505,52.26745833,-0.041153994,-0.056427577,-3.718708456
2024-01-05T16:37:00Z,5,9,659.08975,4167.053,0.3046193,194.2730505,52.26745833,-0.041153994,-0.056427577,-3.718708456
2024-01-05T16:38:00Z,5,9,664.77905,4167.053,0.3046193,194.2730505,52.26745833,-0.041153994,-0.056427577,-3.718708456
2024-01-05T16:39:00Z,5,9,678.8306333,4167.053,0.3046193,194.2730505,52.26745833,-0.041153994,-0.056427577,-3.718708456
2024-01-05T16:40:00Z,5,9,692.5418,4167.053,0.3046193,194.2730505,52.26745833,-0.041153994,-0.056427577,-3.718708456
2024-01-05T16:41:00Z,5,9,706.0780333,4167.053,0.3046193,194.2730505,52.26745833,-0.041153994,-0.056427577,-3.718708456
2024-01-05T16:42:00Z,5,9,721.2655333,4167.053,0.3046193,194.2730505,52.26745833,-0.041153994,-0.056427577,-3.718708456
2024-01-05T16:43:00Z,5,9,737.0114667,4167.053,0.3046193,194.2730505,52.26745833,-0.041153994,-0.056427577,-3.718708456
2024-01-05T16:44:00Z,5,9,751.6314833,4167.053,0.3046193,194.2730505,52.26745833,-0.041153994,-0.056427577,-3.718708456
2024-01-05T16:45:00Z,5,9,766.96065,4167.053,0.3046193,194.2730505,52.26745833,-0.041153994,-0.056427577,-3.718708456
2024-01-05T16:46:00Z,5,9,786.66855,4167.053,0.3046193,194.2730505,52.26745833,-0.041153994,-0.056427577,-3.718708456
2024-01-05T16:47:00Z,5,9,801.8627,4167.053,0.3046193,194.2730505,52.26745833,-0.041153994,-0.056427577,-3.718708456
2024-01-05T16:48:00Z,5,9,816.59095,4167.053,0.3046193,194.2730505,52.26745833,-0.041153994,-0.056427577,-3.718708456
2024-01-05T16:49:00Z,5,9,835.7211167,4167.053,0.3046193,194.2730505,52.26745833,-0.041153994,-0.056427577,-3.718708456
2024-01-05T16:50:00Z,5,9,856.2965833,4167.053,0.3046193,194.2730505,52.26745833,-0.041153994,-0.056427577,-3.718708456
2024-01-05T16:51:00Z,5,9,861.8070833,4167.053,0.3046193,194.2730505,52.26745833,-0.041153994,-0.056427577,-3.718708456
2024-01-05T16:52:00Z,5,9,882.9331167,4167.053,0.3046193,194.2730505,52.26745833,-0.041153994,-0.056427577,-3.718708456
2024-01-05T16:53:00Z,5,9,898.0209167,4167.053,0.3046193,194.2730505,52.26745833,-0.041153994,-0.056427577,-3.718708456
2024-01-05T16:54:00Z,5,9,920.0393333,4167.053,0.3046193,194.2730505,52.26745833,-0.041153994,-0.056427577,-3.718708456
2024-01-05T16:55:00Z,5,9,940.1059833,4167.053,0.3046193,194.2730505,52.26745833,-0.041153994,-0.056427577,-3.718708456
2024-01-05T16:56:00Z,5,9,950.9309333,4167.053,0.3046193,194.2730505,52.26745833,-0.041153994,-0.056427577,-3.718708456
2024-01-05T16:57:00Z,5,9,960.9849667,4167.053,0.3046193,194.2730505,52.26745833,-0.041153994,-0.056427577,-3.718708456
2024-01-05T16:58:00Z,5,9,968.6241667,4167.053,0.3046193,194.2730505,52.26745833,-0.041153994,-0.056427577,-3.718708456
2024-01-05T16:59:00Z,5,9,978.8821833,4167.053,0.3046193,194.2730505,52.26745833,-0.041153994,-0.056427577,-3.718708456
2024-01-05T17:00:00Z,5,9,987.8469,4167.053,0.3046193,194.2730505,52.26745833,-0.041153994,-0.056427577,-3.718708456
2024-01-05T17:01:00Z,5,9,994.1327,4167.053,0.3046193,194.2730505,52.26745833,-0.041153994,-0.056427577,-3.718708456
2024-01-05T17:02:00Z,5,9,996.0322,4167.053,0.3046193,194.2730505,52.26745833,-0.041153994,-0.056427577,-3.718708456
2025-01-27T11:29:50Z,27,15,351.12894,1052.144,0.274027142,80.15759003,52.302625,-0.377725428,-0.517554435,-37.94430848
2025-01-27T11:30:00Z,27,15,360.88335,1052.144,0.274027142,80.15759003,52.302625,-0.377725428,-0.517554435,-37.94430848
2025-01-27T11:31:00Z,27,15,388.48729,1052.144,0.274027142,80.15759003,52.302625,-0.377725428,-0.517554435,-37.94430848
2025-01-27T11:32:00Z,27,15,421.32764,1052.144,0.274027142,80.15759003,52.302625,-0.377725428,-0.517554435,-37.94430848
2025-01-27T11:33:00Z,27,15,444.07087,1052.144,0.274027142,80.15759003,52.302625,-0.377725428,-0.517554435,-37.94430848
2025-01-27T11:34:00Z,27,15,464.2612,1052.144,0.274027142,80.15759003,52.302625,-0.377725428,-0.517554435,-37.94430848
2025-01-27T11:35:00Z,27,15,484.47184,1052.144,0.274027142,80.15759003,52.302625,-0.377725428,-0.517554435,-37.94430848
2025-01-27T11:36:00Z,27,15,502.16847,1052.144,0.274027142,80.15759003,52.302625,-0.377725428,-0.517554435,-37.94430848
2025-01-27T11:37:00Z,27,15,517.3149,1052.144,0.274027142,80.15759003,52.302625,-0.377725428,-0.517554435,-37.94430848
2025-01-27T12:41:10Z,27,3,329.190888,5860.433,0.514403687,118.9612007,52.18670833,-0.014878933,-0.020436213,-0.796047889
2025-01-27T12:42:00Z,27,3,360.49376,5860.433,0.514403687,118.9612007,52.18670833,-0.014878933,-0.020436213,-0.796047889
2025-01-27T12:43:00Z,27,3,413.53889,5860.433,0.514403687,118.9612007,52.18670833,-0.014878933,-0.020436213,-0.796047889
2025-01-27T12:44:00Z,27,3,438.8019,5860.433,0.514403687,118.9612007,52.18670833,-0.014878933,-0.020436213,-0.796047889
2025-01-27T12:45:00Z,27,3,456.50045,5860.433,0.514403687,118.9612007,52.18670833,-0.014878933,-0.020436213,-0.796047889
2025-01-27T12:46:00Z,27,3,469.1347,5860.433,0.514403687,118.9612007,52.18670833,-0.014878933,-0.020436213,-0.796047889
2025-01-27T12:47:00Z,27,3,479.29841,5860.433,0.514403687,118.9612007,52.18670833,-0.014878933,-0.020436213,-0.796047889
2025-01-27T12:48:00Z,27,3,486.8412,5860.433,0.514403687,118.9612007,52.18670833,-0.014878933,-0.020436213,-0.796047889
2025-01-27T12:49:00Z,27,3,499.4326,5860.433,0.514403687,118.9612007,52.18670833,-0.014878933,-0.020436213,-0.796047889
2025-01-27T12:50:00Z,27,3,501.94353,5860.433,0.514403687,118.9612007,52.18670833,-0.014878933,-0.020436213,-0.796047889
2025-01-27T12:51:00Z,27,3,501.95751,5860.433,0.514403687,118.9612007,52.18670833,-0.014878933,-0.020436213,-0.796047889
2025-01-27T12:52:00Z,27,3,504.55889,5860.433,0.514403687,118.9612007,52.18670833,-0.014878933,-0.020436213,-0.796047889
2025-01-27T12:53:00Z,27,3,517.17207,5860.433,0.514403687,118.9612007,52.18670833,-0.014878933,-0.020436213,-0.796047889
2025-01-27T12:54:00Z,27,3,517.13253,5860.433,0.514403687,118.9612007,52.18670833,-0.014878933,-0.020436213,-0.796047889
2025-01-27T12:55:00Z,27,3,517.0896,5860.433,0.514403687,118.9612007,52.18670833,-0.014878933,-0.020436213,-0.796047889
2025-01-27T12:56:00Z,27,3,517.12426,5860.433,0.514403687,118.9612007,52.18670833,-0.014878933,-0.020436213,-0.796047889
2025-01-27T12:57:00Z,27,3,517.19837,5860.433,0.514403687,118.9612007,52.18670833,-0.014878933,-0.020436213,-0.796047889
2025-01-27T12:58:00Z,27,3,519.69617,5860.433,0.514403687,118.9612007,52.18670833,-0.014878933,-0.020436213,-0.796047889
2025-01-27T12:59:00Z,27,3,532.242072,5860.433,0.514403687,118.9612007,52.18670833,-0.014878933,-0.020436213,-0.796047889
2025-01-27T09:50:10Z,27,5,560.080524,3799.521,0.216853459,135.7237834,53.521625,-0.128816442,-0.172421356,-16.38583843
2025-01-27T09:51:00Z,27,5,641.3857,3799.521,0.216853459,135.7237834,53.521625,-0.128816442,-0.172421356,-16.38583843
2025-01-27T09:52:00Z,27,5,692.0735,3799.521,0.216853459,135.7237834,53.521625,-0.128816442,-0.172421356,-16.38583843
2025-01-27T09:53:00Z,27,5,737.4093,3799.521,0.216853459,135.7237834,53.521625,-0.128816442,-0.172421356,-16.38583843
2025-01-27T09:54:00Z,27,5,780.3886,3799.521,0.216853459,135.7237834,53.521625,-0.128816442,-0.172421356,-16.38583843
2025-01-27T09:55:00Z,27,5,820.9112,3799.521,0.216853459,135.7237834,53.521625,-0.128816442,-0.172421356,-16.38583843
2025-01-27T09:56:00Z,27,5,861.0197,3799.521,0.216853459,135.7237834,53.521625,-0.128816442,-0.172421356,-16.38583843
2025-01-27T09:57:00Z,27,5,891.4099,3799.521,0.216853459,135.7237834,53.521625,-0.128816442,-0.172421356,-16.38583843
2025-01-27T09:58:00Z,27,5,919.2887,3799.521,0.216853459,135.7237834,53.521625,-0.128816442,-0.172421356,-16.38583843
2025-01-27T09:59:00Z,27,5,942.1046,3799.521,0.216853459,135.7237834,53.521625,-0.128816442,-0.172421356,-16.38583843
2025-01-27T10:00:00Z,27,5,984.8531,3533.539,0.216853459,135.7237834,53.521625,-0.142750754,-0.191072493,-18.15832482
2025-01-27T10:01:00Z,27,5,1027.4483,3533.539,0.216853459,135.7237834,53.521625,-0.142750754,-0.191072493,-18.15832482
2025-01-27T10:02:00Z,27,5,1055.74,3533.539,0.216853459,135.7237834,53.521625,-0.142750754,-0.191072493,-18.15832482
2025-01-27T10:03:00Z,27,5,1074.6552,3533.539,0.216853459,135.7237834,53.521625,-0.142750754,-0.191072493,-18.15832482
2025-01-27T10:47:00Z,27,5a,438.31809,12143.25,0.519697921,22.67373126,53.17225,-0.05988922,-0.080714428,-3.176849642
2025-01-27T10:48:00Z,27,5a,552.51584,12143.25,0.519697921,22.67373126,53.17225,-0.05988922,-0.080714428,-3.176849642
2025-01-27T10:49:00Z,27,5a,658.5824,12143.25,0.519697921,22.67373126,53.17225,-0.05988922,-0.080714428,-3.176849642
2025-01-27T10:50:00Z,27,5a,752.1045,12143.25,0.519697921,22.67373126,53.17225,-0.05988922,-0.080714428,-3.176849642
2025-01-27T10:51:00Z,27,5a,837.7373,12143.25,0.519697921,22.67373126,53.17225,-0.05988922,-0.080714428,-3.176849642
2025-01-27T10:52:00Z,27,5a,913.4186,12143.25,0.519697921,22.67373126,53.17225,-0.05988922,-0.080714428,-3.176849642
2025-01-27T10:53:00Z,27,5a,986.8649,12143.25,0.519697921,22.67373126,53.17225,-0.05988922,-0.080714428,-3.176849642
2025-01-27T10:54:00Z,27,5a,1062.4126,12143.25,0.519697921,22.67373126,53.17225,-0.05988922,-0.080714428,-3.176849642
2025-01-27T10:55:00Z,27,5a,1143.3357,12143.25,0.519697921,22.67373126,53.17225,-0.05988922,-0.080714428,-3.176849642
2025-01-27T10:56:00Z,27,5a,1216.7487,12143.25,0.519697921,22.67373126,53.17225,-0.05988922,-0.080714428,-3.176849642
2025-01-27T10:57:00Z,27,5a,1292.3608,12143.25,0.519697921,22.67373126,53.17225,-0.05988922,-0.080714428,-3.176849642
2025-01-27T10:58:00Z,27,5a,1355.3774,12143.25,0.519697921,22.67373126,53.17225,-0.05988922,-0.080714428,-3.176849642
2025-01-27T10:59:00Z,27,5a,1416.0853,12143.25,0.519697921,22.67373126,53.17225,-0.05988922,-0.080714428,-3.176849642
2025-01-27T11:00:00Z,27,5a,1474.3424,12143.25,0.519697921,22.67373126,53.17225,-0.05988922,-0.080714428,-3.176849642
2025-01-27T11:01:00Z,27,5a,1519.7202,12143.25,0.519697921,22.67373126,53.17225,-0.05988922,-0.080714428,-3.176849642
2025-01-27T11:02:00Z,27,5a,1562.5143,12143.25,0.519697921,22.67373126,53.17225,-0.05988922,-0.080714428,-3.176849642
2025-01-27T11:03:00Z,27,5a,1618.0483,12143.25,0.519697921,22.67373126,53.17225,-0.05988922,-0.080714428,-3.176849642
2025-01-27T11:04:00Z,27,5a,1673.7927,12143.25,0.519697921,22.67373126,53.17225,-0.05988922,-0.080714428,-3.176849642
2025-01-27T11:05:00Z,27,5a,1719.2792,12143.25,0.519697921,22.67373126,53.17225,-0.05988922,-0.080714428,-3.176849642
2025-01-27T11:06:00Z,27,5a,1767.1913,12143.25,0.519697921,22.67373126,53.17225,-0.05988922,-0.080714428,-3.176849642
2025-01-27T11:07:00Z,27,5a,1797.8256,12143.25,0.519697921,22.67373126,53.17225,-0.05988922,-0.080714428,-3.176849642
2025-01-27T14:01:00Z,27,6,345.56298,6640.656,0.391295963,126.741991,53.25191667,-0.015229389,-0.020489854,-1.073105151
2025-01-27T14:02:00Z,27,6,363.34752,6640.656,0.391295963,126.741991,53.25191667,-0.015229389,-0.020489854,-1.073105151
2025-01-27T14:03:00Z,27,6,388.56315,6640.656,0.391295963,126.741991,53.25191667,-0.015229389,-0.020489854,-1.073105151
2025-01-27T14:04:00Z,27,6,403.54298,6640.656,0.391295963,126.741991,53.25191667,-0.015229389,-0.020489854,-1.073105151
2025-01-27T14:05:00Z,27,6,411.1283,6640.656,0.391295963,126.741991,53.25191667,-0.015229389,-0.020489854,-1.073105151
2025-01-27T14:06:00Z,27,6,416.13249,6640.656,0.391295963,126.741991,53.25191667,-0.015229389,-0.020489854,-1.073105151
2025-01-27T14:07:00Z,27,6,426.22489,6640.656,0.391295963,126.741991,53.25191667,-0.015229389,-0.020489854,-1.073105151
2025-01-27T14:08:00Z,27,6,431.00872,6640.656,0.391295963,126.741991,53.25191667,-0.015229389,-0.020489854,-1.073105151
2025-01-27T14:09:00Z,27,6,438.90413,6640.656,0.391295963,126.741991,53.25191667,-0.015229389,-0.020489854,-1.073105151
2025-01-27T14:10:00Z,27,6,441.49314,6640.656,0.391295963,126.741991,53.25191667,-0.015229389,-0.020489854,-1.073105151
2025-01-27T14:48:10Z,27,6a,450.504288,1244.816,0.2948331,30.66053852,50.15525,-1.105959122,-1.579121446,-102.8863155
2025-01-27T14:49:00Z,27,6a,524.82014,1244.816,0.2948331,30.66053852,50.15525,-1.105959122,-1.579121446,-102.8863155
2025-01-27T14:50:00Z,27,6a,610.60166,1244.816,0.2948331,30.66053852,50.15525,-1.105959122,-1.579121446,-102.8863155
2025-01-27T14:51:00Z,27,6a,661.0075,1244.816,0.2948331,30.66053852,50.15525,-1.105959122,-1.579121446,-102.8863155
2025-01-27T14:52:00Z,27,6a,698.9079,1244.816,0.2948331,30.66053852,50.15525,-1.105959122,-1.579121446,-102.8863155
2025-01-27T14:53:00Z,27,6a,721.6478,1244.816,0.2948331,30.66053852,50.15525,-1.105959122,-1.579121446,-102.8863155
2025-01-27T14:54:00Z,27,6a,741.8457,1244.816,0.2948331,30.66053852,50.15525,-1.105959122,-1.579121446,-102.8863155
2025-01-27T14:55:00Z,27,6a,762.0423,1244.816,0.2948331,30.66053852,50.15525,-1.105959122,-1.579121446,-102.8863155
2025-01-27T14:56:00Z,27,6a,782.3111,1244.816,0.2948331,30.66053852,50.15525,-1.105959122,-1.579121446,-102.8863155
2025-01-27T14:57:00Z,27,6a,812.6366,1244.816,0.2948331,30.66053852,50.15525,-1.105959122,-1.579121446,-102.8863155
2025-01-27T14:58:00Z,27,6a,840.5307,1244.816,0.2948331,30.66053852,50.15525,-1.105959122,-1.579121446,-102.8863155
2025-01-27T14:59:00Z,27,6a,878.176,1244.816,0.2948331,30.66053852,50.15525,-1.105959122,-1.579121446,-102.8863155
2025-01-27T15:00:00Z,27,6a,905.9423,1350.485,0.2948331,30.66053852,50.15525,-0.77350457,-1.104432913,-71.95838763
2025-01-27T15:01:00Z,27,6a,928.6998,1350.485,0.2948331,30.66053852,50.15525,-0.77350457,-1.104432913,-71.95838763
2025-01-27T15:02:00Z,27,6a,951.4152,1350.485,0.2948331,30.66053852,50.15525,-0.77350457,-1.104432913,-71.95838763
2025-01-27T15:03:00Z,27,6a,979.2701,1350.485,0.2948331,30.66053852,50.15525,-0.77350457,-1.104432913,-71.95838763
2025-01-27T15:04:00Z,27,6a,998.96148,1350.485,0.2948331,30.66053852,50.15525,-0.77350457,-1.104432913,-71.95838763
2025-01-27T13:14:10Z,27,7,395.991756,7475.905,0.327860796,79.72634188,52.70945833,-0.552638323,-0.751239609,-46.43224547
2025-01-27T13:15:00Z,27,7,615.70584,7475.905,0.327860796,79.72634188,52.70945833,-0.552638323,-0.751239609,-46.43224547
2025-01-27T13:16:00Z,27,7,887.1049,7475.905,0.327860796,79.72634188,52.70945833,-0.552638323,-0.751239609,-46.43224547
2025-01-27T13:17:00Z,27,7,1125.6249,7475.905,0.327860796,79.72634188,52.70945833,-0.552638323,-0.751239609,-46.43224547
2025-01-27T13:18:00Z,27,7,1365.4845,7475.905,0.327860796,79.72634188,52.70945833,-0.552638323,-0.751239609,-46.43224547
2025-01-27T13:19:00Z,27,7,1587.7378,7475.905,0.327860796,79.72634188,52.70945833,-0.552638323,-0.751239609,-46.43224547
2025-01-27T13:20:00Z,27,7,1784.6778,7475.905,0.327860796,79.72634188,52.70945833,-0.552638323,-0.751239609,-46.43224547
2025-01-27T13:21:00Z,27,7,1988.3284,7475.905,0.327860796,79.72634188,52.70945833,-0.552638323,-0.751239609,-46.43224547
2025-01-27T13:22:00Z,27,7,2168.5901,7475.905,0.327860796,79.72634188,52.70945833,-0.552638323,-0.751239609,-46.43224547
2025-01-27T13:23:00Z,27,7,2380.7354,7475.905,0.327860796,79.72634188,52.70945833,-0.552638323,-0.751239609,-46.43224547
2025-01-27T13:24:00Z,27,7,2587.8706,7475.905,0.327860796,79.72634188,52.70945833,-0.552638323,-0.751239609,-46.43224547
2025-01-27T13:25:00Z,27,7,2774.773,7475.905,0.327860796,79.72634188,52.70945833,-0.552638323,-0.751239609,-46.43224547
2025-01-27T13:26:00Z,27,7,2941.5628,7475.905,0.327860796,79.72634188,52.70945833,-0.552638323,-0.751239609,-46.43224547
2025-01-27T13:27:00Z,27,7,3098.0751,7475.905,0.327860796,79.72634188,52.70945833,-0.552638323,-0.751239609,-46.43224547
2025-01-27T13:28:00Z,27,7,3267.4169,7475.905,0.327860796,79.72634188,52.70945833,-0.552638323,-0.751239609,-46.43224547
2025-01-27T13:29:00Z,27,7,3434.2131,7475.905,0.327860796,79.72634188,52.70945833,-0.552638323,-0.751239609,-46.43224547
2025-01-27T13:30:00Z,27,7,3598.251,7475.905,0.327860796,79.72634188,52.70945833,-0.552638323,-0.751239609,-46.43224547
2025-01-27T13:31:00Z,27,7,3756.3113,7475.905,0.327860796,79.72634188,52.70945833,-0.552638323,-0.751239609,-46.43224547
2025-01-27T13:32:00Z,27,7,3893.8536,7475.905,0.327860796,79.72634188,52.70945833,-0.552638323,-0.751239609,-46.43224547
2025-01-27T13:33:00Z,27,7,4010.1072,7475.905,0.327860796,79.72634188,52.70945833,-0.552638323,-0.751239609,-46.43224547
2025-01-27T13:34:00Z,27,7,4146.5716,7475.905,0.327860796,79.72634188,52.70945833,-0.552638323,-0.751239609,-46.43224547
2025-01-27T13:35:00Z,27,7,4262.8163,7475.905,0.327860796,79.72634188,52.70945833,-0.552638323,-0.751239609,-46.43224547
2025-01-27T13:36:00Z,27,7,4396.1928,7475.905,0.327860796,79.72634188,52.70945833,-0.552638323,-0.751239609,-46.43224547
2025-01-27T13:37:00Z,27,7,4502.8024,7475.905,0.327860796,79.72634188,52.70945833,-0.552638323,-0.751239609,-46.43224547
2025-01-27T15:35:30Z,27,9,365.76996,3903.276,0.196666011,87.22459427,50.61779167,-0.122379107,-0.173225862,-17.08053997
2025-01-27T15:36:00Z,27,9,421.18968,3903.276,0.196666011,87.22459427,50.61779167,-0.122379107,-0.173225862,-17.08053997
2025-01-27T15:37:00Z,27,9,502.04677,3903.276,0.196666011,87.22459427,50.61779167,-0.122379107,-0.173225862,-17.08053997
2025-01-27T15:38:00Z,27,9,565.22124,3903.276,0.196666011,87.22459427,50.61779167,-0.122379107,-0.173225862,-17.08053997
2025-01-27T15:39:00Z,27,9,603.1612,3903.276,0.196666011,87.22459427,50.61779167,-0.122379107,-0.173225862,-17.08053997
2025-01-27T15:40:00Z,27,9,628.2049,3903.276,0.196666011,87.22459427,50.61779167,-0.122379107,-0.173225862,-17.08053997
2025-01-27T15:41:00Z,27,9,671.1877,3903.276,0.196666011,87.22459427,50.61779167,-0.122379107,-0.173225862,-17.08053997
2025-01-27T15:42:00Z,27,9,696.4789,3903.276,0.196666011,87.22459427,50.61779167,-0.122379107,-0.173225862,-17.08053997
2025-01-27T15:43:00Z,27,9,714.17,3903.276,0.196666011,87.22459427,50.61779167,-0.122379107,-0.173225862,-17.08053997
2025-02-27T11:53:20Z,27,3,420.250395,5860.433,0.4446129,76.79554966,59.22104167,-0.284425078,-0.342120475,-17.81618607
2025-02-27T11:54:00Z,27,3,537.1759,5860.433,0.4446129,76.79554966,59.22104167,-0.284425078,-0.342120475,-17.81618607
2025-02-27T11:55:00Z,27,3,668.44,5860.433,0.4446129,76.79554966,59.22104167,-0.284425078,-0.342120475,-17.81618607
2025-02-27T11:56:00Z,27,3,776.9225,5860.433,0.4446129,76.79554966,59.22104167,-0.284425078,-0.342120475,-17.81618607
2025-02-27T11:57:00Z,27,3,938.3727,5860.433,0.4446129,76.79554966,59.22104167,-0.284425078,-0.342120475,-17.81618607
2025-02-27T11:58:00Z,27,3,1083.1054,5860.433,0.4446129,76.79554966,59.22104167,-0.284425078,-0.342120475,-17.81618607
2025-02-27T11:59:00Z,27,3,1205.8785,5860.433,0.4446129,76.79554966,59.22104167,-0.284425078,-0.342120475,-17.81618607
2025-02-27T12:00:00Z,27,3,1334.5102,7075.179,0.4446129,76.79554966,59.22104167,-0.220262928,-0.264943085,-13.79711431
2025-02-27T12:01:00Z,27,3,1412.7935,7075.179,0.4446129,76.79554966,59.22104167,-0.220262928,-0.264943085,-13.79711431
2025-02-27T12:02:00Z,27,3,1480.9285,7075.179,0.4446129,76.79554966,59.22104167,-0.220262928,-0.264943085,-13.79711431
2025-02-27T12:03:00Z,27,3,1581.5975,7075.179,0.4446129,76.79554966,59.22104167,-0.220262928,-0.264943085,-13.79711431
2025-02-27T12:04:00Z,27,3,1690.3185,7075.179,0.4446129,76.79554966,59.22104167,-0.220262928,-0.264943085,-13.79711431
2025-02-27T09:51:10Z,27,5,380.83962,4233.432,0.178862124,111.7054904,61.15491667,-0.059033646,-0.068518982,-9.221700217
2025-02-27T09:52:00Z,27,5,405.9838,4233.432,0.178862124,111.7054904,61.15491667,-0.059033646,-0.068518982,-9.221700217
2025-02-27T09:53:00Z,27,5,431.27623,4233.432,0.178862124,111.7054904,61.15491667,-0.059033646,-0.068518982,-9.221700217
2025-02-27T09:54:00Z,27,5,448.99023,4233.432,0.178862124,111.7054904,61.15491667,-0.059033646,-0.068518982,-9.221700217
2025-02-27T09:55:00Z,27,5,474.26994,4233.432,0.178862124,111.7054904,61.15491667,-0.059033646,-0.068518982,-9.221700217
2025-02-27T09:56:00Z,27,5,499.5022,4233.432,0.178862124,111.7054904,61.15491667,-0.059033646,-0.068518982,-9.221700217
2025-02-27T09:57:00Z,27,5,502.01016,4233.432,0.178862124,111.7054904,61.15491667,-0.059033646,-0.068518982,-9.221700217
2025-02-27T10:29:50Z,27,5a,350.5134,4929.498,0.499905573,19.81286733,59.80145833,-0.02968517,-0.035317759,-1.655428256
2025-02-27T10:30:00Z,27,5a,357.96034,4929.498,0.499905573,19.81286733,59.80145833,-0.02968517,-0.035317759,-1.655428256
2025-02-27T10:31:00Z,27,5a,388.31039,4929.498,0.499905573,19.81286733,59.80145833,-0.02968517,-0.035317759,-1.655428256
2025-02-27T10:32:00Z,27,5a,408.53758,4929.498,0.499905573,19.81286733,59.80145833,-0.02968517,-0.035317759,-1.655428256
2025-02-27T10:33:00Z,27,5a,416.09078,4929.498,0.499905573,19.81286733,59.80145833,-0.02968517,-0.035317759,-1.655428256
2025-02-27T10:34:00Z,27,5a,426.16468,4929.498,0.499905573,19.81286733,59.80145833,-0.02968517,-0.035317759,-1.655428256
2025-02-27T10:35:00Z,27,5a,426.1549,4929.498,0.499905573,19.81286733,59.80145833,-0.02968517,-0.035317759,-1.655428256
2025-02-27T10:36:00Z,27,5a,441.30084,4929.498,0.499905573,19.81286733,59.80145833,-0.02968517,-0.035317759,-1.655428256
2025-02-27T13:16:30Z,27,6,325.1138,7013.68,0.305468606,61.72800316,59.465,-0.039738372,-0.047577391,-3.624557215
2025-02-27T13:17:00Z,27,6,342.80225,7013.68,0.305468606,61.72800316,59.465,-0.039738372,-0.047577391,-3.624557215
2025-02-27T13:18:00Z,27,6,375.5886,7013.68,0.305468606,61.72800316,59.465,-0.039738372,-0.047577391,-3.624557215
2025-02-27T13:19:00Z,27,6,405.82645,7013.68,0.305468606,61.72800316,59.465,-0.039738372,-0.047577391,-3.624557215
2025-02-27T13:20:00Z,27,6,446.31806,7013.68,0.305468606,61.72800316,59.465,-0.039738372,-0.047577391,-3.624557215
2025-02-27T13:21:00Z,27,6,463.92593,7013.68,0.305468606,61.72800316,59.465,-0.039738372,-0.047577391,-3.624557215
2025-02-27T13:22:00Z,27,6,486.63472,7013.68,0.305468606,61.72800316,59.465,-0.039738372,-0.047577391,-3.624557215
2025-02-27T13:23:00Z,27,6,506.67442,7013.68,0.305468606,61.72800316,59.465,-0.039738372,-0.047577391,-3.624557215
2025-02-27T13:24:00Z,27,6,531.90105,7013.68,0.305468606,61.72800316,59.465,-0.039738372,-0.047577391,-3.624557215
2025-02-27T13:25:00Z,27,6,547.05023,7013.68,0.305468606,61.72800316,59.465,-0.039738372,-0.047577391,-3.624557215
2025-02-27T13:26:00Z,27,6,574.308504,7013.68,0.305468606,61.72800316,59.465,-0.039738372,-0.047577391,-3.624557215
2025-02-27T12:32:10Z,27,7,353.534712,7475.905,0.249160202,35.02466568,60.52491667,-0.020216404,-0.023736458,-2.264660008
2025-02-27T12:33:00Z,27,7,368.13333,7475.905,0.249160202,35.02466568,60.52491667,-0.020216404,-0.023736458,-2.264660008
2025-02-27T12:34:00Z,27,7,385.70859,7475.905,0.249160202,35.02466568,60.52491667,-0.020216404,-0.023736458,-2.264660008
2025-02-27T12:35:00Z,27,7,400.91096,7475.905,0.249160202,35.02466568,60.52491667,-0.020216404,-0.023736458,-2.264660008
2025-02-27T12:36:00Z,27,7,413.57039,7475.905,0.249160202,35.02466568,60.52491667,-0.020216404,-0.023736458,-2.264660008
2025-02-27T12:37:00Z,27,7,431.15949,7475.905,0.249160202,35.02466568,60.52491667,-0.020216404,-0.023736458,-2.264660008
2025-02-27T12:38:00Z,27,7,441.26862,7475.905,0.249160202,35.02466568,60.52491667,-0.020216404,-0.023736458,-2.264660008
2025-02-27T12:39:00Z,27,7,453.92229,7475.905,0.249160202,35.02466568,60.52491667,-0.020216404,-0.023736458,-2.264660008
2025-02-27T12:40:00Z,27,7,466.56339,7475.905,0.249160202,35.02466568,60.52491667,-0.020216404,-0.023736458,-2.264660008
2025-02-27T12:41:00Z,27,7,481.58537,7475.905,0.249160202,35.02466568,60.52491667,-0.020216404,-0.023736458,-2.264660008
2025-02-27T12:42:00Z,27,7,489.20216,7475.905,0.249160202,35.02466568,60.52491667,-0.020216404,-0.023736458,-2.264660008
2025-02-27T13:49:20Z,27,9,357.957615,3393.52,0.140803574,47.33480003,58.90379167,-0.018860575,-0.022815193,-3.728620169
2025-02-27T13:50:00Z,27,9,380.69525,3393.52,0.140803574,47.33480003,58.90379167,-0.018860575,-0.022815193,-3.728620169
2025-02-27T13:51:00Z,27,9,390.83073,3393.52,0.140803574,47.33480003,58.90379167,-0.018860575,-0.022815193,-3.728620169
2025-02-27T13:52:00Z,27,9,395.94217,3393.52,0.140803574,47.33480003,58.90379167,-0.018860575,-0.022815193,-3.728620169
2025-02-27T13:53:00Z,27,9,395.89505,3393.52,0.140803574,47.33480003,58.90379167,-0.018860575,-0.022815193,-3.728620169
2025-02-27T13:54:00Z,27,9,408.48651,3393.52,0.140803574,47.33480003,58.90379167,-0.018860575,-0.022815193,-3.728620169
2025-02-27T13:55:00Z,27,9,413.51591,3393.52,0.140803574,47.33480003,58.90379167,-0.018860575,-0.022815193,-3.728620169
2025-02-27T13:56:00Z,27,9,426.05739,3393.52,0.140803574,47.33480003,58.90379167,-0.018860575,-0.022815193,-3.728620169
2025-02-27T13:57:00Z,27,9,426.13455,3393.52,0.140803574,47.33480003,58.90379167,-0.018860575,-0.022815193,-3.728620169
2025-02-27T13:58:00Z,27,9,426.13857,3393.52,0.140803574,47.33480003,58.90379167,-0.018860575,-0.022815193,-3.728620169
2025-02-27T13:59:00Z,27,9,426.18286,3393.52,0.140803574,47.33480003,58.90379167,-0.018860575,-0.022815193,-3.728620169
2025-02-27T14:00:00Z,27,9,428.63429,3785.734,0.140803574,47.33480003,58.90379167,-0.016648776,-0.020139631,-3.291360962
2025-02-27T14:01:00Z,27,9,441.22574,3785.734,0.140803574,47.33480003,58.90379167,-0.016648776,-0.020139631,-3.291360962
2025-02-27T14:02:00Z,27,9,441.19076,3785.734,0.140803574,47.33480003,58.90379167,-0.016648776,-0.020139631,-3.291360962
2025-03-26T10:39:30Z,26,15,395.79908,3992.646,0.208870106,30.85426788,63.575625,-0.012824608,-0.014250102,-1.722293373
2025-03-26T10:40:00Z,26,15,400.86038,3992.646,0.208870106,30.85426788,63.575625,-0.012824608,-0.014250102,-1.722293373
2025-03-26T10:41:00Z,26,15,416.04069,3992.646,0.208870106,30.85426788,63.575625,-0.012824608,-0.014250102,-1.722293373
2025-03-26T10:42:00Z,26,15,426.1334,3992.646,0.208870106,30.85426788,63.575625,-0.012824608,-0.014250102,-1.722293373
2025-03-26T10:43:00Z,26,15,426.16993,3992.646,0.208870106,30.85426788,63.575625,-0.012824608,-0.014250102,-1.722293373
2025-03-26T10:44:00Z,26,15,431.17055,3992.646,0.208870106,30.85426788,63.575625,-0.012824608,-0.014250102,-1.722293373
2025-03-26T10:45:00Z,26,15,443.80436,3992.646,0.208870106,30.85426788,63.575625,-0.012824608,-0.014250102,-1.722293373
2025-03-26T10:46:00Z,26,15,456.39106,3992.646,0.208870106,30.85426788,63.575625,-0.012824608,-0.014250102,-1.722293373
2025-03-26T10:47:00Z,26,15,456.36887,3992.646,0.208870106,30.85426788,63.575625,-0.012824608,-0.014250102,-1.722293373
2025-03-26T10:48:00Z,26,15,456.3998,3992.646,0.208870106,30.85426788,63.575625,-0.012824608,-0.014250102,-1.722293373
2025-03-26T10:49:00Z,26,15,456.34367,3992.646,0.208870106,30.85426788,63.575625,-0.012824608,-0.014250102,-1.722293373
2025-03-26T10:50:00Z,26,15,456.36827,3992.646,0.208870106,30.85426788,63.575625,-0.012824608,-0.014250102,-1.722293373
2025-03-26T10:51:00Z,26,15,456.41747,3992.646,0.208870106,30.85426788,63.575625,-0.012824608,-0.014250102,-1.722293373
2025-03-26T10:52:00Z,26,15,456.3499,3992.646,0.208870106,30.85426788,63.575625,-0.012824608,-0.014250102,-1.722293373
2025-03-26T10:53:00Z,26,15,456.39623,3992.646,0.208870106,30.85426788,63.575625,-0.012824608,-0.014250102,-1.722293373
2025-03-26T10:54:00Z,26,15,471.48973,3992.646,0.208870106,30.85426788,63.575625,-0.012824608,-0.014250102,-1.722293373
2025-03-26T10:55:00Z,26,15,471.43674,3992.646,0.208870106,30.85426788,63.575625,-0.012824608,-0.014250102,-1.722293373
2025-03-26T08:54:50Z,26,5,335.30592,11624.58,0.106979611,66.43134856,63.22533333,-0.072734755,-0.081316829,-19.06075523
2025-03-26T08:55:00Z,26,5,345.34159,11624.58,0.106979611,66.43134856,63.22533333,-0.072734755,-0.081316829,-19.06075523
2025-03-26T08:56:10Z,26,5,395.81274,11624.58,0.106979611,66.43134856,63.22533333,-0.072734755,-0.081316829,-19.06075523
2025-03-26T08:57:00Z,26,5,474.16358,11624.58,0.106979611,66.43134856,63.22533333,-0.072734755,-0.081316829,-19.06075523
2025-03-26T08:58:00Z,26,5,562.50526,11624.58,0.106979611,66.43134856,63.22533333,-0.072734755,-0.081316829,-19.06075523
2025-03-26T08:59:00Z,26,5,620.52434,11624.58,0.106979611,66.43134856,63.22533333,-0.072734755,-0.081316829,-19.06075523
2025-03-26T09:00:00Z,26,5,705.1091,11624.58,0.106979611,66.43134856,63.22533333,-0.072734755,-0.081316829,-19.06075523
2025-03-26T09:01:00Z,26,5,786.6054,11624.58,0.106979611,66.43134856,63.22533333,-0.072734755,-0.081316829,-19.06075523
2025-03-26T09:02:00Z,26,5,862.9012,11624.58,0.106979611,66.43134856,63.22533333,-0.072734755,-0.081316829,-19.06075523
2025-03-26T09:03:00Z,26,5,936.2055,11624.58,0.106979611,66.43134856,63.22533333,-0.072734755,-0.081316829,-19.06075523
2025-03-26T09:04:00Z,26,5,1011.9696,11624.58,0.106979611,66.43134856,63.22533333,-0.072734755,-0.081316829,-19.06075523
2025-03-26T09:05:00Z,26,5,1061.1392,11624.58,0.106979611,66.43134856,63.22533333,-0.072734755,-0.081316829,-19.06075523
2025-03-26T09:06:00Z,26,5,1130.5527,11624.58,0.106979611,66.43134856,63.22533333,-0.072734755,-0.081316829,-19.06075523
2025-03-26T09:07:00Z,26,5,1221.4882,11624.58,0.106979611,66.43134856,63.22533333,-0.072734755,-0.081316829,-19.06075523
2025-03-26T09:08:00Z,26,5,1292.0774,11624.58,0.106979611,66.43134856,63.22533333,-0.072734755,-0.081316829,-19.06075523
2025-03-26T09:09:00Z,26,5,1332.4502,11624.58,0.106979611,66.43134856,63.22533333,-0.072734755,-0.081316829,-19.06075523
2025-03-26T09:10:00Z,26,5,1387.9553,11624.58,0.106979611,66.43134856,63.22533333,-0.072734755,-0.081316829,-19.06075523
2025-03-26T09:11:00Z,26,5,1418.28,11624.58,0.106979611,66.43134856,63.22533333,-0.072734755,-0.081316829,-19.06075523
2025-03-26T12:32:20Z,26,6,342.608475,6243.942,0.260846401,38.93185375,61.61941667,-0.017346135,-0.019962435,-1.859439576
2025-03-26T12:33:00Z,26,6,365.25504,6243.942,0.260846401,38.93185375,61.61941667,-0.017346135,-0.019962435,-1.859439576
2025-03-26T12:34:00Z,26,6,386.57694,6243.942,0.260846401,38.93185375,61.61941667,-0.017346135,-0.019962435,-1.859439576
2025-03-26T12:35:00Z,26,6,408.05589,6243.942,0.260846401,38.93185375,61.61941667,-0.017346135,-0.019962435,-1.859439576
2025-03-26T12:36:00Z,26,6,423.12418,6243.942,0.260846401,38.93185375,61.61941667,-0.017346135,-0.019962435,-1.859439576
2025-03-26T12:37:00Z,26,6,443.71719,6243.942,0.260846401,38.93185375,61.61941667,-0.017346135,-0.019962435,-1.859439576
2025-03-26T12:38:00Z,26,6,466.34748,6243.942,0.260846401,38.93185375,61.61941667,-0.017346135,-0.019962435,-1.859439576
2025-03-26T12:39:00Z,26,6,471.33262,6243.942,0.260846401,38.93185375,61.61941667,-0.017346135,-0.019962435,-1.859439576
2025-03-26T12:40:00Z,26,6,473.83993,6243.942,0.260846401,38.93185375,61.61941667,-0.017346135,-0.019962435,-1.859439576
2025-03-26T12:41:00Z,26,6,486.44832,6243.942,0.260846401,38.93185375,61.61941667,-0.017346135,-0.019962435,-1.859439576
2025-03-26T12:42:00Z,26,6,486.41857,6243.942,0.260846401,38.93185375,61.61941667,-0.017346135,-0.019962435,-1.859439576
2025-03-26T12:43:00Z,26,6,486.38654,6243.942,0.260846401,38.93185375,61.61941667,-0.017346135,-0.019962435,-1.859439576
2025-03-26T12:44:00Z,26,6,486.42835,6243.942,0.260846401,38.93185375,61.61941667,-0.017346135,-0.019962435,-1.859439576
2025-03-26T12:45:00Z,26,6,486.43696,6243.942,0.260846401,38.93185375,61.61941667,-0.017346135,-0.019962435,-1.859439576
2025-03-26T12:46:00Z,26,6,498.97673,6243.942,0.260846401,38.93185375,61.61941667,-0.017346135,-0.019962435,-1.859439576
2025-03-26T12:47:00Z,26,6,509.08747,6243.942,0.260846401,38.93185375,61.61941667,-0.017346135,-0.019962435,-1.859439576
2025-03-26T12:48:00Z,26,6,521.70553,6243.942,0.260846401,38.93185375,61.61941667,-0.017346135,-0.019962435,-1.859439576
2025-03-26T12:49:00Z,26,6,531.61131,6243.942,0.260846401,38.93185375,61.61941667,-0.017346135,-0.019962435,-1.859439576
2025-03-26T11:30:10Z,26,7,362.407284,2411.111,0.199539005,17.95864423,63.16841667,-0.53882027,-0.602981152,-75.69675656
2025-03-26T11:31:00Z,26,7,433.54005,2411.111,0.199539005,17.95864423,63.16841667,-0.53882027,-0.602981152,-75.69675656
2025-03-26T11:32:00Z,26,7,541.62696,2411.111,0.199539005,17.95864423,63.16841667,-0.53882027,-0.602981152,-75.69675656
2025-03-26T11:33:00Z,26,7,604.9717,2411.111,0.199539005,17.95864423,63.16841667,-0.53882027,-0.602981152,-75.69675656
2025-03-26T11:34:00Z,26,7,675.6604,2411.111,0.199539005,17.95864423,63.16841667,-0.53882027,-0.602981152,-75.69675656
2025-03-26T11:35:00Z,26,7,761.4243,2411.111,0.199539005,17.95864423,63.16841667,-0.53882027,-0.602981152,-75.69675656
2025-03-26T11:36:00Z,26,7,842.0554,2411.111,0.199539005,17.95864423,63.16841667,-0.53882027,-0.602981152,-75.69675656
2025-03-26T11:37:00Z,26,7,910.0572,2411.111,0.199539005,17.95864423,63.16841667,-0.53882027,-0.602981152,-75.69675656
2025-03-26T11:38:00Z,26,7,970.8141,2411.111,0.199539005,17.95864423,63.16841667,-0.53882027,-0.602981152,-75.69675656
2025-03-26T11:39:00Z,26,7,1021.1727,2411.111,0.199539005,17.95864423,63.16841667,-0.53882027,-0.602981152,-75.69675656
2025-03-26T11:40:00Z,26,7,1076.6719,2411.111,0.199539005,17.95864423,63.16841667,-0.53882027,-0.602981152,-75.69675656
2025-03-26T11:41:00Z,26,7,1116.9791,2411.111,0.199539005,17.95864423,63.16841667,-0.53882027,-0.602981152,-75.69675656
2025-03-26T11:42:00Z,26,7,1134.4766,2411.111,0.199539005,17.95864423,63.16841667,-0.53882027,-0.602981152,-75.69675656
2025-03-26T11:43:00Z,26,7,1152.0885,2411.111,0.199539005,17.95864423,63.16841667,-0.53882027,-0.602981152,-75.69675656
2025-03-26T13:49:50Z,26,9,350.3124,4029.421,0.109133966,29.70791835,62.78204167,-0.013252503,-0.014936638,-3.401887131
2025-03-26T13:50:00Z,26,9,363.00896,4029.421,0.109133966,29.70791835,62.78204167,-0.013252503,-0.014936638,-3.401887131
2025-03-26T13:51:00Z,26,9,378.32017,4029.421,0.109133966,29.70791835,62.78204167,-0.013252503,-0.014936638,-3.401887131
2025-03-26T13:52:00Z,26,9,380.83991,4029.421,0.109133966,29.70791835,62.78204167,-0.013252503,-0.014936638,-3.401887131
2025-03-26T13:53:00Z,26,9,380.87422,4029.421,0.109133966,29.70791835,62.78204167,-0.013252503,-0.014936638,-3.401887131
2025-03-26T13:54:00Z,26,9,383.38326,4029.421,0.109133966,29.70791835,62.78204167,-0.013252503,-0.014936638,-3.401887131
2025-03-26T13:55:00Z,26,9,395.89964,4029.421,0.109133966,29.70791835,62.78204167,-0.013252503,-0.014936638,-3.401887131
2025-03-26T13:56:00Z,26,9,395.88935,4029.421,0.109133966,29.70791835,62.78204167,-0.013252503,-0.014936638,-3.401887131
2025-03-26T13:57:00Z,26,9,395.9367,4029.421,0.109133966,29.70791835,62.78204167,-0.013252503,-0.014936638,-3.401887131
2025-03-26T13:58:00Z,26,9,395.95198,4029.421,0.109133966,29.70791835,62.78204167,-0.013252503,-0.014936638,-3.401887131
2025-03-26T13:59:00Z,26,9,408.40708,4029.421,0.109133966,29.70791835,62.78204167,-0.013252503,-0.014936638,-3.401887131
2025-03-26T14:00:00Z,26,9,407.234775,4029.421,0.109133966,29.70791835,62.78204167,-0.013252503,-0.014936638,-3.401887131
2025-04-16T12:44:30Z,16,15,350.417,8306.523,0.110322969,3.332026521,65.00254167,-1.023245092,-1.108534987,-260.7612373
2025-04-16T12:45:00Z,16,15,570.0351,8306.523,0.110322969,3.332026521,65.00254167,-1.023245092,-1.108534987,-260.7612373
2025-04-16T12:46:00Z,16,15,969.8225,8306.523,0.110322969,3.332026521,65.00254167,-1.023245092,-1.108534987,-260.7612373
2025-04-16T12:47:00Z,16,15,1299.0774,8306.523,0.110322969,3.332026521,65.00254167,-1.023245092,-1.108534987,-260.7612373
2025-04-16T12:48:00Z,16,15,1586.6996,8306.523,0.110322969,3.332026521,65.00254167,-1.023245092,-1.108534987,-260.7612373
2025-04-16T12:49:00Z,16,15,1861.653,8306.523,0.110322969,3.332026521,65.00254167,-1.023245092,-1.108534987,-260.7612373
2025-04-16T12:50:00Z,16,15,2136.3186,8306.523,0.110322969,3.332026521,65.00254167,-1.023245092,-1.108534987,-260.7612373
2025-04-16T12:51:00Z,16,15,2401.5509,8306.523,0.110322969,3.332026521,65.00254167,-1.023245092,-1.108534987,-260.7612373
2025-04-16T12:52:00Z,16,15,2646.3507,8306.523,0.110322969,3.332026521,65.00254167,-1.023245092,-1.108534987,-260.7612373
2025-04-16T12:53:00Z,16,15,2868.4933,8306.523,0.110322969,3.332026521,65.00254167,-1.023245092,-1.108534987,-260.7612373
2025-04-16T12:54:00Z,16,15,3097.8939,8306.523,0.110322969,3.332026521,65.00254167,-1.023245092,-1.108534987,-260.7612373
2025-04-16T12:55:00Z,16,15,3321.4511,8306.523,0.110322969,3.332026521,65.00254167,-1.023245092,-1.108534987,-260.7612373
2025-04-16T12:56:00Z,16,15,3552.0112,8306.523,0.110322969,3.332026521,65.00254167,-1.023245092,-1.108534987,-260.7612373
2025-04-16T12:57:00Z,16,15,3766.6889,8306.523,0.110322969,3.332026521,65.00254167,-1.023245092,-1.108534987,-260.7612373
2025-04-16T12:58:00Z,16,15,3965.94,8306.523,0.110322969,3.332026521,65.00254167,-1.023245092,-1.108534987,-260.7612373
2025-04-16T12:59:00Z,16,15,4137.5932,8306.523,0.110322969,3.332026521,65.00254167,-1.023245092,-1.108534987,-260.7612373
2025-04-16T13:00:00Z,16,15,4313.3913,8306.523,0.110322969,3.332026521,65.00254167,-1.023245092,-1.108534987,-260.7612373
2025-04-16T13:01:00Z,16,15,4508.413,8306.523,0.110322969,3.332026521,65.00254167,-1.023245092,-1.108534987,-260.7612373
2025-04-16T13:02:00Z,16,15,4682.6029,8306.523,0.110322969,3.332026521,65.00254167,-1.023245092,-1.108534987,-260.7612373
2025-04-16T13:03:00Z,16,15,4841.5202,8306.523,0.110322969,3.332026521,65.00254167,-1.023245092,-1.108534987,-260.7612373
2025-04-16T13:04:00Z,16,15,5007.8252,8306.523,0.110322969,3.332026521,65.00254167,-1.023245092,-1.108534987,-260.7612373
2025-04-16T13:05:00Z,16,15,5166.9716,8306.523,0.110322969,3.332026521,65.00254167,-1.023245092,-1.108534987,-260.7612373
2025-04-16T13:06:00Z,16,15,5323.4408,8306.523,0.110322969,3.332026521,65.00254167,-1.023245092,-1.108534987,-260.7612373
2025-04-16T13:07:00Z,16,15,5494.9566,8306.523,0.110322969,3.332026521,65.00254167,-1.023245092,-1.108534987,-260.7612373
2025-04-16T13:08:00Z,16,15,5646.6133,8306.523,0.110322969,3.332026521,65.00254167,-1.023245092,-1.108534987,-260.7612373
2025-04-16T13:09:00Z,16,15,5811.7059,8306.523,0.110322969,3.332026521,65.00254167,-1.023245092,-1.108534987,-260.7612373
2025-04-16T13:10:00Z,16,15,5933.9562,8306.523,0.110322969,3.332026521,65.00254167,-1.023245092,-1.108534987,-260.7612373
2025-04-16T13:11:00Z,16,15,6075.601,8306.523,0.110322969,3.332026521,65.00254167,-1.023245092,-1.108534987,-260.7612373
2025-04-16T08:01:10Z,16,5,354.507555,2805.316,0.05560707,34.27950603,65.06004167,-0.287174379,-0.31071448,-145.2093958
2025-04-16T08:02:00Z,16,5,365.75107,2805.316,0.05560707,34.27950603,65.06004167,-0.287174379,-0.31071448,-145.2093958
2025-04-16T08:03:00Z,16,5,421.3187,2805.316,0.05560707,34.27950603,65.06004167,-0.287174379,-0.31071448,-145.2093958
2025-04-16T08:04:00Z,16,5,486.36509,2805.316,0.05560707,34.27950603,65.06004167,-0.287174379,-0.31071448,-145.2093958
2025-04-16T08:05:00Z,16,5,547.45464,2805.316,0.05560707,34.27950603,65.06004167,-0.287174379,-0.31071448,-145.2093958
2025-04-16T08:06:00Z,16,5,603.02878,2805.316,0.05560707,34.27950603,65.06004167,-0.287174379,-0.31071448,-145.2093958
2025-04-16T08:07:00Z,16,5,658.6359,2805.316,0.05560707,34.27950603,65.06004167,-0.287174379,-0.31071448,-145.2093958
2025-04-16T08:08:00Z,16,5,716.7588,2805.316,0.05560707,34.27950603,65.06004167,-0.287174379,-0.31071448,-145.2093958
2025-04-16T08:09:00Z,16,5,761.7028,2805.316,0.05560707,34.27950603,65.06004167,-0.287174379,-0.31071448,-145.2093958
2025-04-16T08:10:00Z,16,5,787.2523,2805.316,0.05560707,34.27950603,65.06004167,-0.287174379,-0.31071448,-145.2093958
2025-04-16T13:38:40Z,16,6,380.63817,6502.668,0.194673192,16.75565485,64.53808333,-0.212718071,-0.232296838,-30.69840499
2025-04-16T13:39:00Z,16,6,441.34808,6502.668,0.194673192,16.75565485,64.53808333,-0.212718071,-0.232296838,-30.69840499
2025-04-16T13:40:00Z,16,6,584.92993,6502.668,0.194673192,16.75565485,64.53808333,-0.212718071,-0.232296838,-30.69840499
2025-04-16T13:41:00Z,16,6,708.7487,6502.668,0.194673192,16.75565485,64.53808333,-0.212718071,-0.232296838,-30.69840499
2025-04-16T13:42:00Z,16,6,814.8461,6502.668,0.194673192,16.75565485,64.53808333,-0.212718071,-0.232296838,-30.69840499
2025-04-16T13:43:00Z,16,6,918.1906,6502.668,0.194673192,16.75565485,64.53808333,-0.212718071,-0.232296838,-30.69840499
2025-04-16T13:44:00Z,16,6,1021.815,6502.668,0.194673192,16.75565485,64.53808333,-0.212718071,-0.232296838,-30.69840499
2025-04-16T13:45:00Z,16,6,1115.1071,6502.668,0.194673192,16.75565485,64.53808333,-0.212718071,-0.232296838,-30.69840499
2025-04-16T13:46:00Z,16,6,1213.5075,6502.668,0.194673192,16.75565485,64.53808333,-0.212718071,-0.232296838,-30.69840499
2025-04-16T13:47:00Z,16,6,1296.8628,6502.668,0.194673192,16.75565485,64.53808333,-0.212718071,-0.232296838,-30.69840499
2025-04-16T13:48:00Z,16,6,1374.8503,6502.668,0.194673192,16.75565485,64.53808333,-0.212718071,-0.232296838,-30.69840499
2025-04-16T13:49:00Z,16,6,1459.1277,6502.668,0.194673192,16.75565485,64.53808333,-0.212718071,-0.232296838,-30.69840499
2025-04-16T13:50:00Z,16,6,1543.9756,6502.668,0.194673192,16.75565485,64.53808333,-0.212718071,-0.232296838,-30.69840499
2025-04-16T13:51:00Z,16,6,1619.6615,6502.668,0.194673192,16.75565485,64.53808333,-0.212718071,-0.232296838,-30.69840499
2025-04-16T13:52:00Z,16,6,1690.2916,6502.668,0.194673192,16.75565485,64.53808333,-0.212718071,-0.232296838,-30.69840499
2025-04-16T13:53:00Z,16,6,1762.8272,6502.668,0.194673192,16.75565485,64.53808333,-0.212718071,-0.232296838,-30.69840499
2025-04-16T13:54:00Z,16,6,1821.4295,6502.668,0.194673192,16.75565485,64.53808333,-0.212718071,-0.232296838,-30.69840499
2025-04-16T13:55:00Z,16,6,1886.982,6502.668,0.194673192,16.75565485,64.53808333,-0.212718071,-0.232296838,-30.69840499
2025-04-16T13:56:00Z,16,6,1970.3765,6502.668,0.194673192,16.75565485,64.53808333,-0.212718071,-0.232296838,-30.69840499
2025-04-16T12:44:30Z,16,7,350.417,11964.4,0.176585875,12.51844084,65.25233333,-0.38899632,-0.419544318,-61.95733838
2025-04-16T12:45:00Z,16,7,570.0351,11964.4,0.176585875,12.51844084,65.25233333,-0.38899632,-0.419544318,-61.95733838
2025-04-16T12:46:00Z,16,7,969.8225,11964.4,0.176585875,12.51844084,65.25233333,-0.38899632,-0.419544318,-61.95733838
2025-04-16T12:47:00Z,16,7,1299.0774,11964.4,0.176585875,12.51844084,65.25233333,-0.38899632,-0.419544318,-61.95733838
2025-04-16T12:48:00Z,16,7,1586.6996,11964.4,0.176585875,12.51844084,65.25233333,-0.38899632,-0.419544318,-61.95733838
2025-04-16T12:49:00Z,16,7,1861.653,11964.4,0.176585875,12.51844084,65.25233333,-0.38899632,-0.419544318,-61.95733838
2025-04-16T12:50:00Z,16,7,2136.3186,11964.4,0.176585875,12.51844084,65.25233333,-0.38899632,-0.419544318,-61.95733838
2025-04-16T12:51:00Z,16,7,2401.5509,11964.4,0.176585875,12.51844084,65.25233333,-0.38899632,-0.419544318,-61.95733838
2025-04-16T12:52:00Z,16,7,2646.3507,11964.4,0.176585875,12.51844084,65.25233333,-0.38899632,-0.419544318,-61.95733838
2025-04-16T12:53:00Z,16,7,2868.4933,11964.4,0.176585875,12.51844084,65.25233333,-0.38899632,-0.419544318,-61.95733838
2025-04-16T12:54:00Z,16,7,3097.8939,11964.4,0.176585875,12.51844084,65.25233333,-0.38899632,-0.419544318,-61.95733838
2025-04-16T12:55:00Z,16,7,3321.4511,11964.4,0.176585875,12.51844084,65.25233333,-0.38899632,-0.419544318,-61.95733838
2025-04-16T12:56:00Z,16,7,3552.0112,11964.4,0.176585875,12.51844084,65.25233333,-0.38899632,-0.419544318,-61.95733838
2025-04-16T12:57:00Z,16,7,3766.6889,11964.4,0.176585875,12.51844084,65.25233333,-0.38899632,-0.419544318,-61.95733838
2025-04-16T12:58:00Z,16,7,3965.94,11964.4,0.176585875,12.51844084,65.25233333,-0.38899632,-0.419544318,-61.95733838
2025-04-16T12:59:00Z,16,7,4137.5932,11964.4,0.176585875,12.51844084,65.25233333,-0.38899632,-0.419544318,-61.95733838
2025-04-16T13:00:00Z,16,7,4313.3913,11964.4,0.176585875,12.51844084,65.25233333,-0.38899632,-0.419544318,-61.95733838
2025-04-16T13:01:00Z,16,7,4508.413,11964.4,0.176585875,12.51844084,65.25233333,-0.38899632,-0.419544318,-61.95733838
2025-04-16T13:02:00Z,16,7,4682.6029,11964.4,0.176585875,12.51844084,65.25233333,-0.38899632,-0.419544318,-61.95733838
2025-04-16T13:03:00Z,16,7,4841.5202,11964.4,0.176585875,12.51844084,65.25233333,-0.38899632,-0.419544318,-61.95733838
2025-04-16T13:04:00Z,16,7,5007.8252,11964.4,0.176585875,12.51844084,65.25233333,-0.38899632,-0.419544318,-61.95733838
2025-04-16T13:05:00Z,16,7,5166.9716,11964.4,0.176585875,12.51844084,65.25233333,-0.38899632,-0.419544318,-61.95733838
2025-04-16T13:06:00Z,16,7,5323.4408,11964.4,0.176585875,12.51844084,65.25233333,-0.38899632,-0.419544318,-61.95733838
2025-04-16T13:07:00Z,16,7,5494.9566,11964.4,0.176585875,12.51844084,65.25233333,-0.38899632,-0.419544318,-61.95733838
2025-04-16T13:08:00Z,16,7,5646.6133,11964.4,0.176585875,12.51844084,65.25233333,-0.38899632,-0.419544318,-61.95733838
2025-04-16T13:09:00Z,16,7,5811.7059,11964.4,0.176585875,12.51844084,65.25233333,-0.38899632,-0.419544318,-61.95733838
2025-04-16T13:10:00Z,16,7,5933.9562,11964.4,0.176585875,12.51844084,65.25233333,-0.38899632,-0.419544318,-61.95733838
2025-04-16T13:11:00Z,16,7,6075.601,11964.4,0.176585875,12.51844084,65.25233333,-0.38899632,-0.419544318,-61.95733838
2024-05-30T14:40:00Z,30,13,749.64344,4081.731,0.021803076,0.858516026,73.38625,-0.007223012,-0.00677705,-9.433183141
2024-05-30T14:41:00Z,30,13,752.84685,4081.731,0.021803076,0.858516026,73.38625,-0.007223012,-0.00677705,-9.433183141
2024-05-30T14:42:00Z,30,13,753.07323,4081.731,0.021803076,0.858516026,73.38625,-0.007223012,-0.00677705,-9.433183141
2024-05-30T14:43:00Z,30,13,760.03837,4081.731,0.021803076,0.858516026,73.38625,-0.007223012,-0.00677705,-9.433183141
2024-05-30T14:44:00Z,30,13,764.90568,4081.731,0.021803076,0.858516026,73.38625,-0.007223012,-0.00677705,-9.433183141
2024-05-30T14:45:00Z,30,13,762.34893,4081.731,0.021803076,0.858516026,73.38625,-0.007223012,-0.00677705,-9.433183141
2024-05-30T14:46:00Z,30,13,768.58243,4081.731,0.021803076,0.858516026,73.38625,-0.007223012,-0.00677705,-9.433183141
2024-05-30T14:47:00Z,30,13,776.38078,4081.731,0.021803076,0.858516026,73.38625,-0.007223012,-0.00677705,-9.433183141
2024-05-30T14:48:00Z,30,13,764.54301,4081.731,0.021803076,0.858516026,73.38625,-0.007223012,-0.00677705,-9.433183141
2024-05-30T14:49:00Z,30,13,774.56603,4081.731,0.021803076,0.858516026,73.38625,-0.007223012,-0.00677705,-9.433183141
2024-05-30T14:50:00Z,30,13,775.83107,4081.731,0.021803076,0.858516026,73.38625,-0.007223012,-0.00677705,-9.433183141
2024-05-30T14:51:00Z,30,13,775.42668,4081.731,0.021803076,0.858516026,73.38625,-0.007223012,-0.00677705,-9.433183141
2024-05-30T14:52:00Z,30,13,775.69016,4081.731,0.021803076,0.858516026,73.38625,-0.007223012,-0.00677705,-9.433183141
2024-05-30T14:53:00Z,30,13,784.63938,4081.731,0.021803076,0.858516026,73.38625,-0.007223012,-0.00677705,-9.433183141
2024-05-30T14:54:00Z,30,13,786.07522,4081.731,0.021803076,0.858516026,73.38625,-0.007223012,-0.00677705,-9.433183141
2024-05-30T14:55:00Z,30,13,782.47897,4081.731,0.021803076,0.858516026,73.38625,-0.007223012,-0.00677705,-9.433183141
2024-05-30T14:56:00Z,30,13,784.52682,4081.731,0.021803076,0.858516026,73.38625,-0.007223012,-0.00677705,-9.433183141
2024-05-30T14:57:00Z,30,13,792.17019,4081.731,0.021803076,0.858516026,73.38625,-0.007223012,-0.00677705,-9.433183141
2024-05-30T14:58:00Z,30,13,796.71032,4081.731,0.021803076,0.858516026,73.38625,-0.007223012,-0.00677705,-9.433183141
2024-05-30T14:59:00Z,30,13,800.65699,4081.731,0.021803076,0.858516026,73.38625,-0.007223012,-0.00677705,-9.433183141
2024-05-30T15:00:00Z,30,13,793.9673,4081.731,0.021803076,0.858516026,73.38625,-0.007223012,-0.00677705,-9.433183141
2024-05-30T15:01:00Z,30,13,795.07344,4081.731,0.021803076,0.858516026,73.38625,-0.007223012,-0.00677705,-9.433183141
2024-05-30T15:02:00Z,30,13,799.57199,4081.731,0.021803076,0.858516026,73.38625,-0.007223012,-0.00677705,-9.433183141
2024-05-30T15:03:00Z,30,13,808.45443,4081.731,0.021803076,0.858516026,73.38625,-0.007223012,-0.00677705,-9.433183141
2024-05-30T15:04:00Z,30,13,816.90917,4081.731,0.021803076,0.858516026,73.38625,-0.007223012,-0.00677705,-9.433183141
2024-05-30T15:05:00Z,30,13,815.81976,4081.731,0.021803076,0.858516026,73.38625,-0.007223012,-0.00677705,-9.433183141
2024-05-30T15:06:00Z,30,13,815.76824,4081.731,0.021803076,0.858516026,73.38625,-0.007223012,-0.00677705,-9.433183141
2024-05-30T15:07:00Z,30,13,817.58551,4081.731,0.021803076,0.858516026,73.38625,-0.007223012,-0.00677705,-9.433183141
2024-05-30T15:08:00Z,30,13,828.65146,4081.731,0.021803076,0.858516026,73.38625,-0.007223012,-0.00677705,-9.433183141
2024-05-30T15:09:00Z,30,13,829.96116,4081.731,0.021803076,0.858516026,73.38625,-0.007223012,-0.00677705,-9.433183141
2024-05-30T15:10:00Z,30,13,834.75287,4081.731,0.021803076,0.858516026,73.38625,-0.007223012,-0.00677705,-9.433183141
2024-05-30T15:11:00Z,30,13,835.40849,4081.731,0.021803076,0.858516026,73.38625,-0.007223012,-0.00677705,-9.433183141
2024-05-30T15:12:00Z,30,13,837.32425,4081.731,0.021803076,0.858516026,73.38625,-0.007223012,-0.00677705,-9.433183141
2024-05-30T15:13:00Z,30,13,829.40242,4081.731,0.021803076,0.858516026,73.38625,-0.007223012,-0.00677705,-9.433183141
2024-05-30T15:14:00Z,30,13,839.90305,4081.731,0.021803076,0.858516026,73.38625,-0.007223012,-0.00677705,-9.433183141
2024-05-30T15:15:00Z,30,13,843.26921,4081.731,0.021803076,0.858516026,73.38625,-0.007223012,-0.00677705,-9.433183141
2024-05-30T15:16:00Z,30,13,842.98172,4081.731,0.021803076,0.858516026,73.38625,-0.007223012,-0.00677705,-9.433183141
2024-05-30T15:17:00Z,30,13,838.73881,4081.731,0.021803076,0.858516026,73.38625,-0.007223012,-0.00677705,-9.433183141
2024-05-30T15:18:00Z,30,13,832.91173,4081.731,0.021803076,0.858516026,73.38625,-0.007223012,-0.00677705,-9.433183141
2024-05-30T15:19:00Z,30,13,833.04921,4081.731,0.021803076,0.858516026,73.38625,-0.007223012,-0.00677705,-9.433183141
2024-05-30T15:20:00Z,30,13,840.48433,4081.731,0.021803076,0.858516026,73.38625,-0.007223012,-0.00677705,-9.433183141
2024-05-30T15:21:00Z,30,13,836.46045,4081.731,0.021803076,0.858516026,73.38625,-0.007223012,-0.00677705,-9.433183141
2024-05-30T15:22:00Z,30,13,838.58082,4081.731,0.021803076,0.858516026,73.38625,-0.007223012,-0.00677705,-9.433183141
2024-05-30T15:23:00Z,30,13,838.46595,4081.731,0.021803076,0.858516026,73.38625,-0.007223012,-0.00677705,-9.433183141
2024-05-30T15:24:00Z,30,13,836.45527,4081.731,0.021803076,0.858516026,73.38625,-0.007223012,-0.00677705,-9.433183141
2024-05-30T15:25:00Z,30,13,850.6841,4081.731,0.021803076,0.858516026,73.38625,-0.007223012,-0.00677705,-9.433183141
2024-05-30T15:26:00Z,30,13,847.21175,4081.731,0.021803076,0.858516026,73.38625,-0.007223012,-0.00677705,-9.433183141
2024-05-30T15:27:00Z,30,13,855.65214,4081.731,0.021803076,0.858516026,73.38625,-0.007223012,-0.00677705,-9.433183141
2024-05-30T15:28:00Z,30,13,848.9782,4081.731,0.021803076,0.858516026,73.38625,-0.007223012,-0.00677705,-9.433183141
2024-05-30T15:29:00Z,30,13,846.92818,4081.731,0.021803076,0.858516026,73.38625,-0.007223012,-0.00677705,-9.433183141
2024-05-30T15:30:00Z,30,13,850.89466,4081.731,0.021803076,0.858516026,73.38625,-0.007223012,-0.00677705,-9.433183141
2024-05-30T15:31:00Z,30,13,846.53877,4081.731,0.021803076,0.858516026,73.38625,-0.007223012,-0.00677705,-9.433183141
2024-05-30T15:32:00Z,30,13,860.25485,4081.731,0.021803076,0.858516026,73.38625,-0.007223012,-0.00677705,-9.433183141
2024-05-30T15:33:00Z,30,13,852.03496,4081.731,0.021803076,0.858516026,73.38625,-0.007223012,-0.00677705,-9.433183141
2024-05-30T15:34:00Z,30,13,848.2117,4081.731,0.021803076,0.858516026,73.38625,-0.007223012,-0.00677705,-9.433183141
2024-05-30T15:35:00Z,30,13,855.30011,4081.731,0.021803076,0.858516026,73.38625,-0.007223012,-0.00677705,-9.433183141
2024-05-30T15:36:00Z,30,13,856.90948,4081.731,0.021803076,0.858516026,73.38625,-0.007223012,-0.00677705,-9.433183141
2024-05-30T15:37:00Z,30,13,860.99559,4081.731,0.021803076,0.858516026,73.38625,-0.007223012,-0.00677705,-9.433183141
2024-05-30T15:38:00Z,30,13,858.84547,4081.731,0.021803076,0.858516026,73.38625,-0.007223012,-0.00677705,-9.433183141
2024-05-30T15:39:00Z,30,13,859.08984,4081.731,0.021803076,0.858516026,73.38625,-0.007223012,-0.00677705,-9.433183141
2024-05-30T08:02:10Z,30,5,892.5125,2142.973,0.038657298,23.73714893,72.257625,-0.032356668,-0.030928824,-23.794885
2024-05-30T08:03:00Z,30,5,977.7292525,2142.973,0.038657298,23.73714893,72.257625,-0.032356668,-0.030928824,-23.794885
2024-05-30T08:04:00Z,30,5,1021.342405,2142.973,0.038657298,23.73714893,72.257625,-0.032356668,-0.030928824,-23.794885
2024-05-30T09:05:00Z,30,5,1082.46418,2314.87,0.038657298,23.73714893,72.257625,-0.027477208,-0.026264686,-20.2065615
2024-05-30T09:06:00Z,30,5,1096.54713,2314.87,0.038657298,23.73714893,72.257625,-0.027477208,-0.026264686,-20.2065615
2024-05-30T09:07:00Z,30,5,1085.675716,2314.87,0.038657298,23.73714893,72.257625,-0.027477208,-0.026264686,-20.2065615
2024-05-30T09:08:00Z,30,5,985.67602,2314.87,0.038657298,23.73714893,72.257625,-0.027477208,-0.026264686,-20.2065615
2024-05-30T09:09:00Z,30,5,989.75849,2314.87,0.038657298,23.73714893,72.257625,-0.027477208,-0.026264686,-20.2065615
2024-05-30T09:10:00Z,30,5,996.64033,2314.87,0.038657298,23.73714893,72.257625,-0.027477208,-0.026264686,-20.2065615
2024-05-30T09:11:00Z,30,5,989.45637,2314.87,0.038657298,23.73714893,72.257625,-0.027477208,-0.026264686,-20.2065615
2024-05-30T09:12:00Z,30,5,997.10359,2314.87,0.038657298,23.73714893,72.257625,-0.027477208,-0.026264686,-20.2065615
2024-05-30T09:13:00Z,30,5,995.15283,2314.87,0.038657298,23.73714893,72.257625,-0.027477208,-0.026264686,-20.2065615
2024-05-30T09:14:00Z,30,5,998.64989,2314.87,0.038657298,23.73714893,72.257625,-0.027477208,-0.026264686,-20.2065615
2024-05-30T09:15:00Z,30,5,1003.5753,2314.87,0.038657298,23.73714893,72.257625,-0.027477208,-0.026264686,-20.2065615
2024-05-30T09:16:00Z,30,5,1008.36561,2314.87,0.038657298,23.73714893,72.257625,-0.027477208,-0.026264686,-20.2065615
2024-05-30T09:17:00Z,30,5,994.93513,2314.87,0.038657298,23.73714893,72.257625,-0.027477208,-0.026264686,-20.2065615
2024-05-30T09:18:00Z,30,5,997.51141,2314.87,0.038657298,23.73714893,72.257625,-0.027477208,-0.026264686,-20.2065615
2024-05-30T09:19:00Z,30,5,994.92176,2314.87,0.038657298,23.73714893,72.257625,-0.027477208,-0.026264686,-20.2065615
2024-05-30T09:20:00Z,30,5,1000.02959,2314.87,0.038657298,23.73714893,72.257625,-0.027477208,-0.026264686,-20.2065615
2024-05-30T09:21:00Z,30,5,1003.43271,2314.87,0.038657298,23.73714893,72.257625,-0.027477208,-0.026264686,-20.2065615
2024-05-30T09:22:00Z,30,5,998.78457,2314.87,0.038657298,23.73714893,72.257625,-0.027477208,-0.026264686,-20.2065615
2024-05-30T09:23:00Z,30,5,995.7514,2314.87,0.038657298,23.73714893,72.257625,-0.027477208,-0.026264686,-20.2065615
2024-05-30T09:24:00Z,30,5,987.75887,2314.87,0.038657298,23.73714893,72.257625,-0.027477208,-0.026264686,-20.2065615
2024-05-30T09:25:00Z,30,5,991.59711,2314.87,0.038657298,23.73714893,72.257625,-0.027477208,-0.026264686,-20.2065615
2024-05-30T09:26:00Z,30,5,1001.31381,2314.87,0.038657298,23.73714893,72.257625,-0.027477208,-0.026264686,-20.2065615
2024-05-30T09:27:00Z,30,5,1007.37966,2314.87,0.038657298,23.73714893,72.257625,-0.027477208,-0.026264686,-20.2065615
2024-05-30T09:28:00Z,30,5,1009.21548,2314.87,0.038657298,23.73714893,72.257625,-0.027477208,-0.026264686,-20.2065615
2024-05-30T09:29:00Z,30,5,1005.47482,2314.87,0.038657298,23.73714893,72.257625,-0.027477208,-0.026264686,-20.2065615
2024-05-30T09:30:00Z,30,5,1007.76326,2314.87,0.038657298,23.73714893,72.257625,-0.027477208,-0.026264686,-20.2065615
2024-05-30T09:31:00Z,30,5,1012.53355,2314.87,0.038657298,23.73714893,72.257625,-0.027477208,-0.026264686,-20.2065615
2024-05-30T09:32:00Z,30,5,1019.49428,2314.87,0.038657298,23.73714893,72.257625,-0.027477208,-0.026264686,-20.2065615
2024-05-30T09:33:00Z,30,5,1017.89667,2314.87,0.038657298,23.73714893,72.257625,-0.027477208,-0.026264686,-20.2065615
2024-05-30T09:34:00Z,30,5,1018.66275,2314.87,0.038657298,23.73714893,72.257625,-0.027477208,-0.026264686,-20.2065615
2024-05-30T09:35:00Z,30,5,1016.72704,2314.87,0.038657298,23.73714893,72.257625,-0.027477208,-0.026264686,-20.2065615
2024-05-30T09:36:00Z,30,5,1016.33896,2314.87,0.038657298,23.73714893,72.257625,-0.027477208,-0.026264686,-20.2065615
2024-05-30T09:37:00Z,30,5,1029.0609,2314.87,0.038657298,23.73714893,72.257625,-0.027477208,-0.026264686,-20.2065615
2024-05-30T09:38:00Z,30,5,1033.64016,2314.87,0.038657298,23.73714893,72.257625,-0.027477208,-0.026264686,-20.2065615
2024-05-30T09:39:00Z,30,5,1031.80049,2314.87,0.038657298,23.73714893,72.257625,-0.027477208,-0.026264686,-20.2065615
2024-05-30T09:40:00Z,30,5,1028.23259,2314.87,0.038657298,23.73714893,72.257625,-0.027477208,-0.026264686,-20.2065615
2024-05-30T09:41:00Z,30,5,1039.28545,2314.87,0.038657298,23.73714893,72.257625,-0.027477208,-0.026264686,-20.2065615
2024-05-30T09:42:00Z,30,5,1043.04375,2314.87,0.038657298,23.73714893,72.257625,-0.027477208,-0.026264686,-20.2065615
2024-05-30T09:43:00Z,30,5,1056.01993,2314.87,0.038657298,23.73714893,72.257625,-0.027477208,-0.026264686,-20.2065615
2024-05-30T09:44:00Z,30,5,1060.99007,2314.87,0.038657298,23.73714893,72.257625,-0.027477208,-0.026264686,-20.2065615
2024-05-30T09:45:00Z,30,5,1059.0244,2314.87,0.038657298,23.73714893,72.257625,-0.027477208,-0.026264686,-20.2065615
2024-05-30T09:46:00Z,30,5,1059.36278,2314.87,0.038657298,23.73714893,72.257625,-0.027477208,-0.026264686,-20.2065615
2024-05-30T09:47:00Z,30,5,1065.86886,2314.87,0.038657298,23.73714893,72.257625,-0.027477208,-0.026264686,-20.2065615
2024-05-30T09:48:00Z,30,5,1083.22011,2314.87,0.038657298,23.73714893,72.257625,-0.027477208,-0.026264686,-20.2065615
2024-05-30T09:49:00Z,30,5,1092.92673,2314.87,0.038657298,23.73714893,72.257625,-0.027477208,-0.026264686,-20.2065615
2024-05-30T09:50:00Z,30,5,1097.79439,2314.87,0.038657298,23.73714893,72.257625,-0.027477208,-0.026264686,-20.2065615
2024-05-30T09:51:00Z,30,5,1093.7402,2314.87,0.038657298,23.73714893,72.257625,-0.027477208,-0.026264686,-20.2065615
2024-05-30T09:52:00Z,30,5,1103.21876,2314.87,0.038657298,23.73714893,72.257625,-0.027477208,-0.026264686,-20.2065615
2024-05-30T09:53:00Z,30,5,1119.39051,2314.87,0.038657298,23.73714893,72.257625,-0.027477208,-0.026264686,-20.2065615
2024-05-30T09:54:00Z,30,5,1128.22766,2314.87,0.038657298,23.73714893,72.257625,-0.027477208,-0.026264686,-20.2065615
2024-05-30T09:55:00Z,30,5,1131.50205,2314.87,0.038657298,23.73714893,72.257625,-0.027477208,-0.026264686,-20.2065615
2024-05-30T09:56:00Z,30,5,1135.95629,2314.87,0.038657298,23.73714893,72.257625,-0.027477208,-0.026264686,-20.2065615
2024-05-30T09:57:00Z,30,5,1144.25171,2314.87,0.038657298,23.73714893,72.257625,-0.027477208,-0.026264686,-20.2065615
2024-05-30T09:58:00Z,30,5,1158.21692,2314.87,0.038657298,23.73714893,72.257625,-0.027477208,-0.026264686,-20.2065615
2024-05-30T09:59:00Z,30,5,1164.60953,2314.87,0.038657298,23.73714893,72.257625,-0.027477208,-0.026264686,-20.2065615
2024-05-30T10:00:00Z,30,5,1171.40751,2314.87,0.038657298,23.73714893,72.257625,-0.027477208,-0.026264686,-20.2065615
2024-05-30T10:01:00Z,30,5,1174.98689,2314.87,0.038657298,23.73714893,72.257625,-0.027477208,-0.026264686,-20.2065615
2024-05-30T12:23:00Z,30,6,664.4421,13636.37,0.059138536,0.537612558,69.957,-0.012026837,-0.011951965,-5.761666334
2024-05-30T12:24:00Z,30,6,701.1739,13636.37,0.059138536,0.537612558,69.957,-0.012026837,-0.011951965,-5.761666334
2024-05-30T12:25:00Z,30,6,739.179,13636.37,0.059138536,0.537612558,69.957,-0.012026837,-0.011951965,-5.761666334
2024-05-30T12:26:00Z,30,6,757.91401,13636.37,0.059138536,0.537612558,69.957,-0.012026837,-0.011951965,-5.761666334
2024-05-30T12:27:00Z,30,6,763.84399,13636.37,0.059138536,0.537612558,69.957,-0.012026837,-0.011951965,-5.761666334
2024-05-30T12:28:00Z,30,6,779.47338,13636.37,0.059138536,0.537612558,69.957,-0.012026837,-0.011951965,-5.761666334
2024-05-30T12:29:00Z,30,6,787.21293,13636.37,0.059138536,0.537612558,69.957,-0.012026837,-0.011951965,-5.761666334
2024-05-30T12:30:00Z,30,6,799.06841,13636.37,0.059138536,0.537612558,69.957,-0.012026837,-0.011951965,-5.761666334
2024-05-30T12:31:00Z,30,6,810.90128,13636.37,0.059138536,0.537612558,69.957,-0.012026837,-0.011951965,-5.761666334
2024-05-30T12:32:00Z,30,6,821.93937,13636.37,0.059138536,0.537612558,69.957,-0.012026837,-0.011951965,-5.761666334
2024-05-30T12:33:00Z,30,6,829.44001,13636.37,0.059138536,0.537612558,69.957,-0.012026837,-0.011951965,-5.761666334
2024-05-30T12:34:00Z,30,6,836.63321,13636.37,0.059138536,0.537612558,69.957,-0.012026837,-0.011951965,-5.761666334
2024-05-30T12:35:00Z,30,6,851.74985,13636.37,0.059138536,0.537612558,69.957,-0.012026837,-0.011951965,-5.761666334
2024-05-30T12:36:00Z,30,6,864.76803,13636.37,0.059138536,0.537612558,69.957,-0.012026837,-0.011951965,-5.761666334
2024-05-30T12:37:00Z,30,6,873.95084,13636.37,0.059138536,0.537612558,69.957,-0.012026837,-0.011951965,-5.761666334
2024-05-30T12:38:00Z,30,6,882.49924,13636.37,0.059138536,0.537612558,69.957,-0.012026837,-0.011951965,-5.761666334
2024-05-30T12:39:00Z,30,6,893.8412,13636.37,0.059138536,0.537612558,69.957,-0.012026837,-0.011951965,-5.761666334
2024-05-30T12:40:00Z,30,6,917.91532,13636.37,0.059138536,0.537612558,69.957,-0.012026837,-0.011951965,-5.761666334
2024-05-30T12:41:00Z,30,6,932.96294,13636.37,0.059138536,0.537612558,69.957,-0.012026837,-0.011951965,-5.761666334
2024-05-30T12:42:00Z,30,6,941.64637,13636.37,0.059138536,0.537612558,69.957,-0.012026837,-0.011951965,-5.761666334
2024-05-30T12:43:00Z,30,6,956.73662,13636.37,0.059138536,0.537612558,69.957,-0.012026837,-0.011951965,-5.761666334
2024-05-30T12:44:00Z,30,6,967.58081,13636.37,0.059138536,0.537612558,69.957,-0.012026837,-0.011951965,-5.761666334
2024-05-30T12:45:00Z,30,6,974.97078,13636.37,0.059138536,0.537612558,69.957,-0.012026837,-0.011951965,-5.761666334
2024-05-30T12:46:00Z,30,6,988.99787,13636.37,0.059138536,0.537612558,69.957,-0.012026837,-0.011951965,-5.761666334
2024-05-30T12:47:00Z,30,6,1013.28878,13636.37,0.059138536,0.537612558,69.957,-0.012026837,-0.011951965,-5.761666334
2024-05-30T12:48:00Z,30,6,1016.00639,13636.37,0.059138536,0.537612558,69.957,-0.012026837,-0.011951965,-5.761666334
2024-05-30T12:49:00Z,30,6,1015.99708,13636.37,0.059138536,0.537612558,69.957,-0.012026837,-0.011951965,-5.761666334
2024-05-30T12:50:00Z,30,6,1034.0806,13636.37,0.059138536,0.537612558,69.957,-0.012026837,-0.011951965,-5.761666334
2024-05-30T12:51:00Z,30,6,1046.49048,13636.37,0.059138536,0.537612558,69.957,-0.012026837,-0.011951965,-5.761666334
2024-05-30T12:52:00Z,30,6,1059.96905,13636.37,0.059138536,0.537612558,69.957,-0.012026837,-0.011951965,-5.761666334
2024-05-30T12:53:00Z,30,6,1075.33279,13636.37,0.059138536,0.537612558,69.957,-0.012026837,-0.011951965,-5.761666334
2024-05-30T12:54:00Z,30,6,1084.36811,13636.37,0.059138536,0.537612558,69.957,-0.012026837,-0.011951965,-5.761666334
2024-05-30T12:55:00Z,30,6,1100.59565,13636.37,0.059138536,0.537612558,69.957,-0.012026837,-0.011951965,-5.761666334
2024-05-30T12:56:00Z,30,6,1111.00969,13636.37,0.059138536,0.537612558,69.957,-0.012026837,-0.011951965,-5.761666334
2024-05-30T12:57:00Z,30,6,1131.424,13636.37,0.059138536,0.537612558,69.957,-0.012026837,-0.011951965,-5.761666334
2024-05-30T12:58:00Z,30,6,1147.54339,13636.37,0.059138536,0.537612558,69.957,-0.012026837,-0.011951965,-5.761666334
2024-05-30T12:59:00Z,30,6,1152.96335,13636.37,0.059138536,0.537612558,69.957,-0.012026837,-0.011951965,-5.761666334
2024-05-30T13:00:00Z,30,6,1154.77208,13609.71,0.059138536,0.537612558,69.957,-0.012052999,-0.011977963,-5.774199436
2024-05-30T13:01:00Z,30,6,1163.15276,13609.71,0.059138536,0.537612558,69.957,-0.012052999,-0.011977963,-5.774199436
2024-05-30T13:02:00Z,30,6,1162.95067,13609.71,0.059138536,0.537612558,69.957,-0.012052999,-0.011977963,-5.774199436
2024-05-30T13:03:00Z,30,6,1178.37181,13609.71,0.059138536,0.537612558,69.957,-0.012052999,-0.011977963,-5.774199436
2024-05-30T13:04:00Z,30,6,1200.26249,13609.71,0.059138536,0.537612558,69.957,-0.012052999,-0.011977963,-5.774199436
2024-05-30T13:05:00Z,30,6,1213.95414,13609.71,0.059138536,0.537612558,69.957,-0.012052999,-0.011977963,-5.774199436
2024-05-30T13:06:00Z,30,6,1234.66231,13609.71,0.059138536,0.537612558,69.957,-0.012052999,-0.011977963,-5.774199436
2024-05-30T13:07:00Z,30,6,1261.79109,13609.71,0.059138536,0.537612558,69.957,-0.012052999,-0.011977963,-5.774199436
2024-05-30T13:08:00Z,30,6,1280.85006,13609.71,0.059138536,0.537612558,69.957,-0.012052999,-0.011977963,-5.774199436
2024-05-30T13:09:00Z,30,6,1300.07199,13609.71,0.059138536,0.537612558,69.957,-0.012052999,-0.011977963,-5.774199436
2024-05-30T13:10:00Z,30,6,1319.88416,13609.71,0.059138536,0.537612558,69.957,-0.012052999,-0.011977963,-5.774199436
2024-05-30T13:11:00Z,30,6,1323.46116,13609.71,0.059138536,0.537612558,69.957,-0.012052999,-0.011977963,-5.774199436
2024-05-30T13:12:00Z,30,6,1328.29676,13609.71,0.059138536,0.537612558,69.957,-0.012052999,-0.011977963,-5.774199436
2024-05-30T13:13:00Z,30,6,1353.6831,13609.71,0.059138536,0.537612558,69.957,-0.012052999,-0.011977963,-5.774199436
2024-07-11T12:12:40Z,11,15,792.3951,8306.523,0.216097905,34.81173278,76.44125,-0.373280047,-0.333046429,-49.40271745
2024-07-11T12:13:00Z,11,15,844.39145,8306.523,0.216097905,34.81173278,76.44125,-0.373280047,-0.333046429,-49.40271745
2024-07-11T12:14:00Z,11,15,961.82408,8306.523,0.216097905,34.81173278,76.44125,-0.373280047,-0.333046429,-49.40271745
2024-07-11T12:15:00Z,11,15,1219.64213,8306.523,0.216097905,34.81173278,76.44125,-0.373280047,-0.333046429,-49.40271745
2024-07-11T12:16:00Z,11,15,1447.62548,8306.523,0.216097905,34.81173278,76.44125,-0.373280047,-0.333046429,-49.40271745
2024-07-11T12:17:00Z,11,15,1529.02701,8306.523,0.216097905,34.81173278,76.44125,-0.373280047,-0.333046429,-49.40271745
2024-07-11T12:18:00Z,11,15,1744.55463,8306.523,0.216097905,34.81173278,76.44125,-0.373280047,-0.333046429,-49.40271745
2024-07-11T12:19:00Z,11,15,2010.95587,8306.523,0.216097905,34.81173278,76.44125,-0.373280047,-0.333046429,-49.40271745
2024-07-11T12:20:00Z,11,15,2163.62741,8306.523,0.216097905,34.81173278,76.44125,-0.373280047,-0.333046429,-49.40271745
2024-07-11T12:21:00Z,11,15,2325.56058,8306.523,0.216097905,34.81173278,76.44125,-0.373280047,-0.333046429,-49.40271745
2024-07-11T12:22:00Z,11,15,2416.47469,8306.523,0.216097905,34.81173278,76.44125,-0.373280047,-0.333046429,-49.40271745
2024-07-11T12:23:00Z,11,15,2509.77734,8306.523,0.216097905,34.81173278,76.44125,-0.373280047,-0.333046429,-49.40271745
2024-07-11T12:24:00Z,11,15,2608.248888,8306.523,0.216097905,34.81173278,76.44125,-0.373280047,-0.333046429,-49.40271745
2024-07-11T10:01:20Z,11,5,2034.862788,6961.397,0.316709428,199.0666116,76.57904167,-0.056008755,-0.049854762,-5.058838864
2024-07-11T10:02:00Z,11,5,1855.716275,6961.397,0.316709428,199.0666116,76.57904167,-0.056008755,-0.049854762,-5.058838864
2024-07-11T10:03:00Z,11,5,1926.55645,6961.397,0.316709428,199.0666116,76.57904167,-0.056008755,-0.049854762,-5.058838864
2024-07-11T10:04:00Z,11,5,1961.773275,6961.397,0.316709428,199.0666116,76.57904167,-0.056008755,-0.049854762,-5.058838864
2024-07-11T10:05:00Z,11,5,2006.64793,6961.397,0.316709428,199.0666116,76.57904167,-0.056008755,-0.049854762,-5.058838864
2024-07-11T10:06:00Z,11,5,2055.758775,6961.397,0.316709428,199.0666116,76.57904167,-0.056008755,-0.049854762,-5.058838864
2024-07-11T10:07:00Z,11,5,2117.50532,6961.397,0.316709428,199.0666116,76.57904167,-0.056008755,-0.049854762,-5.058838864
2024-07-11T10:08:00Z,11,5,2172.115435,6961.397,0.316709428,199.0666116,76.57904167,-0.056008755,-0.049854762,-5.058838864
2024-07-11T10:09:00Z,11,5,2219.10892,6961.397,0.316709428,199.0666116,76.57904167,-0.056008755,-0.049854762,-5.058838864
2024-07-11T10:10:00Z,11,5,2259.861135,6961.397,0.316709428,199.0666116,76.57904167,-0.056008755,-0.049854762,-5.058838864
2024-07-11T10:11:00Z,11,5,2290.8186,6961.397,0.316709428,199.0666116,76.57904167,-0.056008755,-0.049854762,-5.058838864
2024-07-11T10:12:00Z,11,5,2324.39382,6961.397,0.316709428,199.0666116,76.57904167,-0.056008755,-0.049854762,-5.058838864
2024-07-11T10:13:00Z,11,5,2362.285415,6961.397,0.316709428,199.0666116,76.57904167,-0.056008755,-0.049854762,-5.058838864
2024-07-11T10:14:00Z,11,5,2411.166695,6961.397,0.316709428,199.0666116,76.57904167,-0.056008755,-0.049854762,-5.058838864
2024-07-11T10:15:00Z,11,5,2237.794944,6961.397,0.316709428,199.0666116,76.57904167,-0.056008755,-0.049854762,-5.058838864
2024-07-11T10:16:00Z,11,5,1467.23094,6961.397,0.316709428,199.0666116,76.57904167,-0.056008755,-0.049854762,-5.058838864
2024-07-11T10:17:00Z,11,5,1490.20872,6961.397,0.316709428,199.0666116,76.57904167,-0.056008755,-0.049854762,-5.058838864
2024-07-11T10:18:00Z,11,5,1506.57808,6961.397,0.316709428,199.0666116,76.57904167,-0.056008755,-0.049854762,-5.058838864
2024-07-11T10:19:00Z,11,5,1528.85537,6961.397,0.316709428,199.0666116,76.57904167,-0.056008755,-0.049854762,-5.058838864
2024-07-11T10:20:00Z,11,5,1608.96988,6961.397,0.316709428,199.0666116,76.57904167,-0.056008755,-0.049854762,-5.058838864
2024-07-11T10:21:00Z,11,5,1644.8565,6961.397,0.316709428,199.0666116,76.57904167,-0.056008755,-0.049854762,-5.058838864
2024-07-11T10:22:00Z,11,5,1664.66671,6961.397,0.316709428,199.0666116,76.57904167,-0.056008755,-0.049854762,-5.058838864
2024-07-11T10:23:00Z,11,5,1678.93131,6961.397,0.316709428,199.0666116,76.57904167,-0.056008755,-0.049854762,-5.058838864
2024-07-11T10:24:00Z,11,5,1725.52828,6961.397,0.316709428,199.0666116,76.57904167,-0.056008755,-0.049854762,-5.058838864
2024-07-11T10:25:00Z,11,5,1762.51313,6961.397,0.316709428,199.0666116,76.57904167,-0.056008755,-0.049854762,-5.058838864
2024-07-11T10:26:00Z,11,5,1807.40924,6961.397,0.316709428,199.0666116,76.57904167,-0.056008755,-0.049854762,-5.058838864
2024-07-11T10:27:00Z,11,5,1839.74686,6961.397,0.316709428,199.0666116,76.57904167,-0.056008755,-0.049854762,-5.058838864
2024-07-11T10:28:00Z,11,5,1878.09531,6961.397,0.316709428,199.0666116,76.57904167,-0.056008755,-0.049854762,-5.058838864
2024-07-11T10:29:00Z,11,5,1940.63499,6961.397,0.316709428,199.0666116,76.57904167,-0.056008755,-0.049854762,-5.058838864
2024-07-11T10:30:00Z,11,5,1986.5181,6961.397,0.316709428,199.0666116,76.57904167,-0.056008755,-0.049854762,-5.058838864
2024-07-11T10:31:00Z,11,5,2021.3795,6961.397,0.316709428,199.0666116,76.57904167,-0.056008755,-0.049854762,-5.058838864
2024-07-11T10:32:00Z,11,5,2065.75432,6961.397,0.316709428,199.0666116,76.57904167,-0.056008755,-0.049854762,-5.058838864
2024-07-11T10:33:00Z,11,5,2107.8099,6961.397,0.316709428,199.0666116,76.57904167,-0.056008755,-0.049854762,-5.058838864
2024-07-11T10:34:00Z,11,5,2142.74361,6961.397,0.316709428,199.0666116,76.57904167,-0.056008755,-0.049854762,-5.058838864
2024-07-11T10:35:00Z,11,5,2197.61724,6961.397,0.316709428,199.0666116,76.57904167,-0.056008755,-0.049854762,-5.058838864
2024-07-11T10:36:00Z,11,5,2228.84634,6961.397,0.316709428,199.0666116,76.57904167,-0.056008755,-0.049854762,-5.058838864
2024-07-11T10:37:00Z,11,5,2287.80482,6961.397,0.316709428,199.0666116,76.57904167,-0.056008755,-0.049854762,-5.058838864
2024-07-11T10:38:00Z,11,5,2318.18657,6961.397,0.316709428,199.0666116,76.57904167,-0.056008755,-0.049854762,-5.058838864
2024-07-11T10:39:00Z,11,5,2351.42579,6961.397,0.316709428,199.0666116,76.57904167,-0.056008755,-0.049854762,-5.058838864
2024-07-11T10:40:00Z,11,5,2382.7825,6961.397,0.316709428,199.0666116,76.57904167,-0.056008755,-0.049854762,-5.058838864
2024-07-11T10:41:00Z,11,5,2450.92785,6961.397,0.316709428,199.0666116,76.57904167,-0.056008755,-0.049854762,-5.058838864
2024-07-11T10:42:00Z,11,5,2497.8856,6961.397,0.316709428,199.0666116,76.57904167,-0.056008755,-0.049854762,-5.058838864
2024-07-11T10:43:00Z,11,5,2519.21474,6961.397,0.316709428,199.0666116,76.57904167,-0.056008755,-0.049854762,-5.058838864
2024-07-11T10:44:00Z,11,5,2547.58938,6961.397,0.316709428,199.0666116,76.57904167,-0.056008755,-0.049854762,-5.058838864
2024-07-11T10:45:00Z,11,5,2585.61835,6961.397,0.316709428,199.0666116,76.57904167,-0.056008755,-0.049854762,-5.058838864
2024-07-11T10:46:00Z,11,5,2623.0323,6961.397,0.316709428,199.0666116,76.57904167,-0.056008755,-0.049854762,-5.058838864
2024-07-11T10:47:00Z,11,5,2649.31744,6961.397,0.316709428,199.0666116,76.57904167,-0.056008755,-0.049854762,-5.058838864
2024-07-11T10:48:00Z,11,5,2719.09757,6961.397,0.316709428,199.0666116,76.57904167,-0.056008755,-0.049854762,-5.058838864
2024-07-11T10:49:00Z,11,5,2757.78342,6961.397,0.316709428,199.0666116,76.57904167,-0.056008755,-0.049854762,-5.058838864
2024-07-11T10:50:00Z,11,5,2758.51674,6961.397,0.316709428,199.0666116,76.57904167,-0.056008755,-0.049854762,-5.058838864
2024-07-11T10:51:00Z,11,5,2771.76025,6961.397,0.316709428,199.0666116,76.57904167,-0.056008755,-0.049854762,-5.058838864
2024-07-11T10:52:00Z,11,5,2763.61771,6961.397,0.316709428,199.0666116,76.57904167,-0.056008755,-0.049854762,-5.058838864
2024-07-11T10:53:00Z,11,5,2791.63115,6961.397,0.316709428,199.0666116,76.57904167,-0.056008755,-0.049854762,-5.058838864
2024-07-11T10:54:00Z,11,5,2839.85702,6961.397,0.316709428,199.0666116,76.57904167,-0.056008755,-0.049854762,-5.058838864
2024-07-11T10:55:00Z,11,5,2831.1885,6961.397,0.316709428,199.0666116,76.57904167,-0.056008755,-0.049854762,-5.058838864
2024-07-11T10:56:00Z,11,5,2827.06452,6961.397,0.316709428,199.0666116,76.57904167,-0.056008755,-0.049854762,-5.058838864
2024-07-11T10:57:00Z,11,5,2825.0558,6961.397,0.316709428,199.0666116,76.57904167,-0.056008755,-0.049854762,-5.058838864
2024-07-11T10:58:00Z,11,5,2851.06913,6961.397,0.316709428,199.0666116,76.57904167,-0.056008755,-0.049854762,-5.058838864
2024-07-11T10:59:00Z,11,5,2876.61479,6961.397,0.316709428,199.0666116,76.57904167,-0.056008755,-0.049854762,-5.058838864
2024-07-11T11:00:00Z,11,5,2896.88882,6844.521,0.316709428,199.0666116,76.57904167,-0.057666985,-0.051330793,-5.208613925
2024-07-11T13:13:20Z,11,6,20118.9135,9438.768,0.146682712,7.456848838,73.537,1.846724615,1.728053377,358.5773675
2024-07-11T13:14:00Z,11,6,18952.8388,9438.768,0.146682712,7.456848838,73.537,1.846724615,1.728053377,358.5773675
2024-07-11T13:15:00Z,11,6,17403.9831,9438.768,0.146682712,7.456848838,73.537,1.846724615,1.728053377,358.5773675
2024-07-11T13:16:00Z,11,6,15978.3204,9438.768,0.146682712,7.456848838,73.537,1.846724615,1.728053377,358.5773675
2024-07-11T13:17:00Z,11,6,14274.1921,9438.768,0.146682712,7.456848838,73.537,1.846724615,1.728053377,358.5773675
2024-07-11T13:18:00Z,11,6,13018.8247,9438.768,0.146682712,7.456848838,73.537,1.846724615,1.728053377,358.5773675
2024-07-11T13:19:00Z,11,6,11834.9854,9438.768,0.146682712,7.456848838,73.537,1.846724615,1.728053377,358.5773675
2024-07-11T13:20:00Z,11,6,11023.6476,9438.768,0.146682712,7.456848838,73.537,1.846724615,1.728053377,358.5773675
2024-07-11T13:21:00Z,11,6,10110.6999,9438.768,0.146682712,7.456848838,73.537,1.846724615,1.728053377,358.5773675
2024-07-11T13:22:00Z,11,6,9153.07008,9438.768,0.146682712,7.456848838,73.537,1.846724615,1.728053377,358.5773675
2024-07-11T13:53:20Z,11,6,1399.382005,9438.768,0.146682712,7.456848838,73.537,1.846724615,1.728053377,358.5773675
2024-07-11T13:54:00Z,11,6,1723.449,9438.768,0.146682712,7.456848838,73.537,1.846724615,1.728053377,358.5773675
2024-10-25T13:25:10Z,25,13,380.7333,4180.398,0.09202743,9.081578543,68.77045833,-0.033331301,-0.033803954,-10.2428692
2024-10-25T13:26:00Z,25,13,403.40028,4180.398,0.09202743,9.081578543,68.77045833,-0.033331301,-0.033803954,-10.2428692
2024-10-25T13:27:00Z,25,13,410.96428,4180.398,0.09202743,9.081578543,68.77045833,-0.033331301,-0.033803954,-10.2428692
2024-10-25T13:28:00Z,25,13,426.41175,4180.398,0.09202743,9.081578543,68.77045833,-0.033331301,-0.033803954,-10.2428692
2024-10-25T13:30:50Z,25,13,441.4224,4180.398,0.09202743,9.081578543,68.77045833,-0.033331301,-0.033803954,-10.2428692
2024-10-25T13:31:00Z,25,13,441.5232,4180.398,0.09202743,9.081578543,68.77045833,-0.033331301,-0.033803954,-10.2428692
2024-10-25T13:33:20Z,25,13,456.424905,4180.398,0.09202743,9.081578543,68.77045833,-0.033331301,-0.033803954,-10.2428692
2024-10-25T13:34:00Z,25,13,456.66006,4180.398,0.09202743,9.081578543,68.77045833,-0.033331301,-0.033803954,-10.2428692
2024-10-25T09:50:30Z,25,15,546.66366,1413.367,0.143249695,8.224422995,69.3495,0.905681583,0.909495156,178.9568466
2024-10-25T09:51:00Z,25,15,739.3229,1413.367,0.143249695,8.224422995,69.3495,0.905681583,0.909495156,178.9568466
2024-10-25T09:52:00Z,25,15,1040.2064,1413.367,0.143249695,8.224422995,69.3495,0.905681583,0.909495156,178.9568466
2024-10-25T09:53:00Z,25,15,1300.2723,1413.367,0.143249695,8.224422995,69.3495,0.905681583,0.909495156,178.9568466
2024-10-25T09:54:00Z,25,15,1567.9756,1413.367,0.143249695,8.224422995,69.3495,0.905681583,0.909495156,178.9568466
2024-10-25T09:55:00Z,25,15,1815.8984,1413.367,0.143249695,8.224422995,69.3495,0.905681583,0.909495156,178.9568466
2024-10-25T09:56:00Z,25,15,2052.6637,1413.367,0.143249695,8.224422995,69.3495,0.905681583,0.909495156,178.9568466
2024-10-25T09:57:00Z,25,15,2300.1043,1413.367,0.143249695,8.224422995,69.3495,0.905681583,0.909495156,178.9568466
2024-10-25T09:58:00Z,25,15,2529.8409,1413.367,0.143249695,8.224422995,69.3495,0.905681583,0.909495156,178.9568466
2024-10-25T09:59:00Z,25,15,2743.5397,1413.367,0.143249695,8.224422995,69.3495,0.905681583,0.909495156,178.9568466
2024-10-25T10:00:00Z,25,15,2963.5751,1413.367,0.143249695,8.224422995,69.3495,0.905681583,0.909495156,178.9568466
2024-10-25T10:01:00Z,25,15,3166.0338,1413.367,0.143249695,8.224422995,69.3495,0.905681583,0.909495156,178.9568466
2024-10-25T10:02:00Z,25,15,3357.9482,1413.367,0.143249695,8.224422995,69.3495,0.905681583,0.909495156,178.9568466
2024-10-25T10:03:00Z,25,15,3554.782,1413.367,0.143249695,8.224422995,69.3495,0.905681583,0.909495156,178.9568466
2024-10-25T10:04:00Z,25,15,3736.1334,1413.367,0.143249695,8.224422995,69.3495,0.905681583,0.909495156,178.9568466
2024-10-25T10:05:00Z,25,15,3931.0198,1413.367,0.143249695,8.224422995,69.3495,0.905681583,0.909495156,178.9568466
2024-10-25T10:06:00Z,25,15,4122.8194,1413.367,0.143249695,8.224422995,69.3495,0.905681583,0.909495156,178.9568466
2024-10-25T10:07:00Z,25,15,4258.9426,1413.367,0.143249695,8.224422995,69.3495,0.905681583,0.909495156,178.9568466
2024-10-25T11:22:00Z,25,3,411.06708,5182.004,0.363585946,42.07030154,68.47758333,-0.030937091,-0.031531698,-2.405293869
2024-10-25T11:23:50Z,25,3,410.90412,5182.004,0.363585946,42.07030154,68.47758333,-0.030937091,-0.031531698,-2.405293869
2024-10-25T11:24:00Z,25,3,418.6797,5182.004,0.363585946,42.07030154,68.47758333,-0.030937091,-0.031531698,-2.405293869
2024-10-25T11:25:00Z,25,3,436.59066,5182.004,0.363585946,42.07030154,68.47758333,-0.030937091,-0.031531698,-2.405293869
2024-10-25T11:26:00Z,25,3,449.21362,5182.004,0.363585946,42.07030154,68.47758333,-0.030937091,-0.031531698,-2.405293869
2024-10-25T11:27:00Z,25,3,458.91936,5182.004,0.363585946,42.07030154,68.47758333,-0.030937091,-0.031531698,-2.405293869
2024-10-25T11:28:00Z,25,3,474.34359,5182.004,0.363585946,42.07030154,68.47758333,-0.030937091,-0.031531698,-2.405293869
2024-10-25T11:29:00Z,25,3,486.87485,5182.004,0.363585946,42.07030154,68.47758333,-0.030937091,-0.031531698,-2.405293869
2024-10-25T11:30:00Z,25,3,504.39889,5182.004,0.363585946,42.07030154,68.47758333,-0.030937091,-0.031531698,-2.405293869
2024-10-25T11:31:00Z,25,3,516.943005,5182.004,0.363585946,42.07030154,68.47758333,-0.030937091,-0.031531698,-2.405293869
2024-10-25T08:27:10Z,25,5,551.097192,8635.243,0.056975517,35.1321594,69.50683333,-0.020546699,-0.020576135,-10.21002103
2024-10-25T08:28:00Z,25,5,575.78184,8635.243,0.056975517,35.1321594,69.50683333,-0.020546699,-0.020576135,-10.21002103
2024-10-25T08:29:10Z,25,5,602.583924,8635.243,0.056975517,35.1321594,69.50683333,-0.020546699,-0.020576135,-10.21002103
2024-10-25T08:30:00Z,25,5,618.7323,8635.243,0.056975517,35.1321594,69.50683333,-0.020546699,-0.020576135,-10.21002103
2024-10-25T08:31:00Z,25,5,636.1538,8635.243,0.056975517,35.1321594,69.50683333,-0.020546699,-0.020576135,-10.21002103
2024-10-25T08:32:00Z,25,5,638.6269,8635.243,0.056975517,35.1321594,69.50683333,-0.020546699,-0.020576135,-10.21002103
2024-10-25T08:33:00Z,25,5,653.8423,8635.243,0.056975517,35.1321594,69.50683333,-0.020546699,-0.020576135,-10.21002103
2024-10-25T08:34:00Z,25,5,658.8624,8635.243,0.056975517,35.1321594,69.50683333,-0.020546699,-0.020576135,-10.21002103
2024-10-25T08:35:00Z,25,5,668.7912,8635.243,0.056975517,35.1321594,69.50683333,-0.020546699,-0.020576135,-10.21002103
2024-10-25T09:11:00Z,25,5a,921.7171,4210.08,0.450465352,13.79036225,68.26308333,-0.626282714,-0.640701986,-39.28811537
2024-10-25T09:12:00Z,25,5a,1109.5036,4210.08,0.450465352,13.79036225,68.26308333,-0.626282714,-0.640701986,-39.28811537
2024-10-25T09:13:00Z,25,5a,1260.0905,4210.08,0.450465352,13.79036225,68.26308333,-0.626282714,-0.640701986,-39.28811537
2024-10-25T09:14:00Z,25,5a,1383.7353,4210.08,0.450465352,13.79036225,68.26308333,-0.626282714,-0.640701986,-39.28811537
2024-10-25T09:15:00Z,25,5a,1502.4669,4210.08,0.450465352,13.79036225,68.26308333,-0.626282714,-0.640701986,-39.28811537
2024-10-25T09:16:00Z,25,5a,1605.996,4210.08,0.450465352,13.79036225,68.26308333,-0.626282714,-0.640701986,-39.28811537
2024-10-25T09:17:00Z,25,5a,1706.9334,4210.08,0.450465352,13.79036225,68.26308333,-0.626282714,-0.640701986,-39.28811537
2024-10-25T09:18:00Z,25,5a,1797.8447,4210.08,0.450465352,13.79036225,68.26308333,-0.626282714,-0.640701986,-39.28811537
2024-10-25T09:19:00Z,25,5a,1896.3292,4210.08,0.450465352,13.79036225,68.26308333,-0.626282714,-0.640701986,-39.28811537
2024-10-25T09:20:00Z,25,5a,1984.7497,4210.08,0.450465352,13.79036225,68.26308333,-0.626282714,-0.640701986,-39.28811537
2024-10-25T09:21:00Z,25,5a,2065.5878,4210.08,0.450465352,13.79036225,68.26308333,-0.626282714,-0.640701986,-39.28811537
2024-10-25T09:22:00Z,25,5a,2151.2595,4210.08,0.450465352,13.79036225,68.26308333,-0.626282714,-0.640701986,-39.28811537
2024-10-25T09:23:00Z,25,5a,2232.1942,4210.08,0.450465352,13.79036225,68.26308333,-0.626282714,-0.640701986,-39.28811537
2024-10-25T09:24:00Z,25,5a,2307.8984,4210.08,0.450465352,13.79036225,68.26308333,-0.626282714,-0.640701986,-39.28811537
2024-10-25T09:25:00Z,25,5a,2381.3736,4210.08,0.450465352,13.79036225,68.26308333,-0.626282714,-0.640701986,-39.28811537
2024-10-25T12:13:40Z,25,6,509.79309,11548.536,0.370021358,107.6984374,68.8635,-0.1951374,-0.197598698,-14.91625847
2024-10-25T12:14:00Z,25,6,624.73866,11548.536,0.370021358,107.6984374,68.8635,-0.1951374,-0.197598698,-14.91625847
2024-10-25T12:15:00Z,25,6,862.7832,11548.536,0.370021358,107.6984374,68.8635,-0.1951374,-0.197598698,-14.91625847
2024-10-25T12:16:00Z,25,6,1099.9753,11548.536,0.370021358,107.6984374,68.8635,-0.1951374,-0.197598698,-14.91625847
2024-10-25T12:17:00Z,25,6,1385.0634,11548.536,0.370021358,107.6984374,68.8635,-0.1951374,-0.197598698,-14.91625847
2024-10-25T12:18:00Z,25,6,1584.3359,11548.536,0.370021358,107.6984374,68.8635,-0.1951374,-0.197598698,-14.91625847
2024-10-25T12:19:00Z,25,6,1758.0073,11548.536,0.370021358,107.6984374,68.8635,-0.1951374,-0.197598698,-14.91625847
2024-10-25T12:20:00Z,25,6,1884.4418,11548.536,0.370021358,107.6984374,68.8635,-0.1951374,-0.197598698,-14.91625847
2024-10-25T12:21:00Z,25,6,2000.4503,11548.536,0.370021358,107.6984374,68.8635,-0.1951374,-0.197598698,-14.91625847
2024-10-25T12:22:00Z,25,6,2096.2641,11548.536,0.370021358,107.6984374,68.8635,-0.1951374,-0.197598698,-14.91625847
2024-10-25T12:23:00Z,25,6,2179.5526,11548.536,0.370021358,107.6984374,68.8635,-0.1951374,-0.197598698,-14.91625847
2024-10-25T12:24:00Z,25,6,2232.3675,11548.536,0.370021358,107.6984374,68.8635,-0.1951374,-0.197598698,-14.91625847
2024-10-25T12:25:00Z,25,6,2284.25025,11548.536,0.370021358,107.6984374,68.8635,-0.1951374,-0.197598698,-14.91625847
2024-10-25T11:49:10Z,25,6a,505.046412,12559.68,0.230144859,12.22535077,67.99858333,-0.256744344,-0.26388378,-31.51169401
2024-10-25T11:50:00Z,25,6a,769.4947,12559.68,0.230144859,12.22535077,67.99858333,-0.256744344,-0.26388378,-31.51169401
2024-10-25T11:51:00Z,25,6a,1019.3985,12559.68,0.230144859,12.22535077,67.99858333,-0.256744344,-0.26388378,-31.51169401
2024-10-25T11:52:00Z,25,6a,1243.892,12559.68,0.230144859,12.22535077,67.99858333,-0.256744344,-0.26388378,-31.51169401
2024-10-25T11:53:00Z,25,6a,1463.4582,12559.68,0.230144859,12.22535077,67.99858333,-0.256744344,-0.26388378,-31.51169401
2024-10-25T11:54:00Z,25,6a,1693.0929,12559.68,0.230144859,12.22535077,67.99858333,-0.256744344,-0.26388378,-31.51169401
2024-10-25T11:55:00Z,25,6a,1917.7014,12559.68,0.230144859,12.22535077,67.99858333,-0.256744344,-0.26388378,-31.51169401
2024-10-25T11:56:00Z,25,6a,2110.6948,12559.68,0.230144859,12.22535077,67.99858333,-0.256744344,-0.26388378,-31.51169401
2024-10-25T11:57:00Z,25,6a,2323.4588,12559.68,0.230144859,12.22535077,67.99858333,-0.256744344,-0.26388378,-31.51169401
2024-10-25T11:58:00Z,25,6a,2530.7629,12559.68,0.230144859,12.22535077,67.99858333,-0.256744344,-0.26388378,-31.51169401
2024-10-25T11:59:00Z,25,6a,2735.1928,12559.68,0.230144859,12.22535077,67.99858333,-0.256744344,-0.26388378,-31.51169401
2024-10-25T12:00:00Z,25,6a,2924.5464,1924.756,0.230144859,12.22535077,67.99858333,1.890162718,1.942723552,231.9904242
2024-10-25T12:01:00Z,25,6a,3112.4958,1924.756,0.230144859,12.22535077,67.99858333,1.890162718,1.942723552,231.9904242
2024-10-25T12:02:00Z,25,6a,3196.5654,1924.756,0.230144859,12.22535077,67.99858333,1.890162718,1.942723552,231.9904242
2024-10-25T10:48:40Z,25,7,441.72498,2233.951,0.20831663,20.4335551,69.407,-0.051208046,-0.051376185,-6.95850961
2024-10-25T10:49:00Z,25,7,441.49907,2233.951,0.20831663,20.4335551,69.407,-0.051208046,-0.051376185,-6.95850961
2024-10-25T10:50:00Z,25,7,441.52232,2233.951,0.20831663,20.4335551,69.407,-0.051208046,-0.051376185,-6.95850961
2024-10-25T10:51:00Z,25,7,441.58524,2233.951,0.20831663,20.4335551,69.407,-0.051208046,-0.051376185,-6.95850961
2024-10-25T10:52:00Z,25,7,449.0933,2233.951,0.20831663,20.4335551,69.407,-0.051208046,-0.051376185,-6.95850961
2024-10-25T10:53:00Z,25,7,456.62934,2233.951,0.20831663,20.4335551,69.407,-0.051208046,-0.051376185,-6.95850961
2024-10-25T10:54:00Z,25,7,471.78882,2233.951,0.20831663,20.4335551,69.407,-0.051208046,-0.051376185,-6.95850961
2024-10-25T10:55:00Z,25,7,484.40342,2233.951,0.20831663,20.4335551,69.407,-0.051208046,-0.051376185,-6.95850961
2024-10-25T10:56:00Z,25,7,486.92189,2233.951,0.20831663,20.4335551,69.407,-0.051208046,-0.051376185,-6.95850961
2024-10-25T10:57:00Z,25,7,502.44802,2233.951,0.20831663,20.4335551,69.407,-0.051208046,-0.051376185,-6.95850961
2024-10-25T10:58:00Z,25,7,502.5247,2233.951,0.20831663,20.4335551,69.407,-0.051208046,-0.051376185,-6.95850961
2024-10-25T10:59:00Z,25,7,507.5771,2233.951,0.20831663,20.4335551,69.407,-0.051208046,-0.051376185,-6.95850961
2024-10-25T11:00:00Z,25,7,517.6654,2233.951,0.20831663,20.4335551,69.407,-0.051208046,-0.051376185,-6.95850961
2024-10-25T11:01:00Z,25,7,532.71952,2233.951,0.20831663,20.4335551,69.407,-0.051208046,-0.051376185,-6.95850961
2024-10-25T11:02:00Z,25,7,532.63123,2233.951,0.20831663,20.4335551,69.407,-0.051208046,-0.051376185,-6.95850961
2024-10-25T12:53:00Z,25,9,385.73862,11406.38,0.189070453,81.17618325,67.770875,-0.017721334,-0.018288067,-2.646600526
2024-10-25T12:54:00Z,25,9,403.43829,11406.38,0.189070453,81.17618325,67.770875,-0.017721334,-0.018288067,-2.646600526
2024-10-25T12:55:00Z,25,9,413.50044,11406.38,0.189070453,81.17618325,67.770875,-0.017721334,-0.018288067,-2.646600526
2024-10-25T12:56:00Z,25,9,428.60179,11406.38,0.189070453,81.17618325,67.770875,-0.017721334,-0.018288067,-2.646600526
2024-10-25T12:57:00Z,25,9,441.53073,11406.38,0.189070453,81.17618325,67.770875,-0.017721334,-0.018288067,-2.646600526
2024-10-25T12:58:00Z,25,9,459.12534,11406.38,0.189070453,81.17618325,67.770875,-0.017721334,-0.018288067,-2.646600526
2024-10-25T12:59:00Z,25,9,479.27569,11406.38,0.189070453,81.17618325,67.770875,-0.017721334,-0.018288067,-2.646600526
2024-10-25T13:00:00Z,25,9,496.82804,11406.38,0.189070453,81.17618325,67.770875,-0.017721334,-0.018288067,-2.646600526
2024-10-25T13:01:00Z,25,9,516.87742,11406.38,0.189070453,81.17618325,67.770875,-0.017721334,-0.018288067,-2.646600526
2024-10-25T13:02:00Z,25,9,526.96388,11406.38,0.189070453,81.17618325,67.770875,-0.017721334,-0.018288067,-2.646600526
2024-10-25T13:03:00Z,25,9,544.52712,11406.38,0.189070453,81.17618325,67.770875,-0.017721334,-0.018288067,-2.646600526
2024-10-25T13:04:00Z,25,9,567.53574,11406.38,0.189070453,81.17618325,67.770875,-0.017721334,-0.018288067,-2.646600526
2024-10-25T13:05:00Z,25,9,585.13672,11406.38,0.189070453,81.17618325,67.770875,-0.017721334,-0.018288067,-2.646600526
2024-10-25T13:06:00Z,25,9,603.919125,11406.38,0.189070453,81.17618325,67.770875,-0.017721334,-0.018288067,-2.646600526
2024-11-01T08:35:30Z,1,5,628.45452,4564.343,0.042176871,25.92018187,69.65704167,1.643316339,1.641628089,1103.351873
2024-11-01T08:36:00Z,1,5,1070.4211,4564.343,0.042176871,25.92018187,69.65704167,1.643316339,1.641628089,1103.351873
2024-11-01T08:37:00Z,1,5,1688.9741,4564.343,0.042176871,25.92018187,69.65704167,1.643316339,1.641628089,1103.351873
2024-11-01T08:38:00Z,1,5,2186.2835,4564.343,0.042176871,25.92018187,69.65704167,1.643316339,1.641628089,1103.351873
2024-11-01T08:39:00Z,1,5,2652.4859,4564.343,0.042176871,25.92018187,69.65704167,1.643316339,1.641628089,1103.351873
2024-11-01T08:40:00Z,1,5,3152.3303,4564.343,0.042176871,25.92018187,69.65704167,1.643316339,1.641628089,1103.351873
2024-11-01T08:41:00Z,1,5,3619.7439,4564.343,0.042176871,25.92018187,69.65704167,1.643316339,1.641628089,1103.351873
2024-11-01T08:42:00Z,1,5,4046.1382,4564.343,0.042176871,25.92018187,69.65704167,1.643316339,1.641628089,1103.351873
2024-11-01T08:43:00Z,1,5,4452.3547,4564.343,0.042176871,25.92018187,69.65704167,1.643316339,1.641628089,1103.351873
2024-11-01T08:44:00Z,1,5,4870.0135,4564.343,0.042176871,25.92018187,69.65704167,1.643316339,1.641628089,1103.351873
2024-11-01T08:45:00Z,1,5,5267.673,4564.343,0.042176871,25.92018187,69.65704167,1.643316339,1.641628089,1103.351873
2024-11-01T08:46:00Z,1,5,5623.4734,4564.343,0.042176871,25.92018187,69.65704167,1.643316339,1.641628089,1103.351873
2024-11-01T08:47:00Z,1,5,5992.1408,4564.343,0.042176871,25.92018187,69.65704167,1.643316339,1.641628089,1103.351873
2024-11-01T08:48:00Z,1,5,6311.17,4564.343,0.042176871,25.92018187,69.65704167,1.643316339,1.641628089,1103.351873
2024-11-01T08:49:00Z,1,5,6610.05,4564.343,0.042176871,25.92018187,69.65704167,1.643316339,1.641628089,1103.351873
2024-11-01T08:50:00Z,1,5,6880.351,4564.343,0.042176871,25.92018187,69.65704167,1.643316339,1.641628089,1103.351873
2024-11-01T08:51:00Z,1,5,7148.003,4564.343,0.042176871,25.92018187,69.65704167,1.643316339,1.641628089,1103.351873
2024-11-01T08:52:00Z,1,5,7423.195,4564.343,0.042176871,25.92018187,69.65704167,1.643316339,1.641628089,1103.351873
2024-11-01T10:36:30Z,1,6,709.2594,10979.754,0.30001853,58.50232928,69.19929167,-2.458706232,-2.475154081,-231.9158003
2024-11-01T10:37:00Z,1,6,1176.45,10979.754,0.30001853,58.50232928,69.19929167,-2.458706232,-2.475154081,-231.9158003
2024-11-01T10:38:00Z,1,6,1779.8834,10979.754,0.30001853,58.50232928,69.19929167,-2.458706232,-2.475154081,-231.9158003
2024-11-01T10:39:00Z,1,6,2261.9634,10979.754,0.30001853,58.50232928,69.19929167,-2.458706232,-2.475154081,-231.9158003
2024-11-01T10:40:00Z,1,6,2738.0606,10979.754,0.30001853,58.50232928,69.19929167,-2.458706232,-2.475154081,-231.9158003
2024-11-01T10:41:00Z,1,6,3230.8105,10979.754,0.30001853,58.50232928,69.19929167,-2.458706232,-2.475154081,-231.9158003
2024-11-01T10:42:00Z,1,6,3695.4253,10979.754,0.30001853,58.50232928,69.19929167,-2.458706232,-2.475154081,-231.9158003
2024-11-01T10:43:00Z,1,6,4116.751,10979.754,0.30001853,58.50232928,69.19929167,-2.458706232,-2.475154081,-231.9158003
2024-11-01T10:44:00Z,1,6,4518.1847,10979.754,0.30001853,58.50232928,69.19929167,-2.458706232,-2.475154081,-231.9158003
2024-11-01T10:45:00Z,1,6,4937.9809,10979.754,0.30001853,58.50232928,69.19929167,-2.458706232,-2.475154081,-231.9158003
2024-11-01T10:46:00Z,1,6,5330.7418,10979.754,0.30001853,58.50232928,69.19929167,-2.458706232,-2.475154081,-231.9158003
2024-11-01T10:47:00Z,1,6,5681.694,10979.754,0.30001853,58.50232928,69.19929167,-2.458706232,-2.475154081,-231.9158003
2024-11-01T10:48:00Z,1,6,6050.0897,10979.754,0.30001853,58.50232928,69.19929167,-2.458706232,-2.475154081,-231.9158003
2024-11-01T10:49:00Z,1,6,6361.297,10979.754,0.30001853,58.50232928,69.19929167,-2.458706232,-2.475154081,-231.9158003
2024-11-01T10:50:00Z,1,6,6655.718,10979.754,0.30001853,58.50232928,69.19929167,-2.458706232,-2.475154081,-231.9158003
2024-11-01T10:51:00Z,1,6,6928.401,10979.754,0.30001853,58.50232928,69.19929167,-2.458706232,-2.475154081,-231.9158003
2024-11-01T10:52:00Z,1,6,7190.914,10979.754,0.30001853,58.50232928,69.19929167,-2.458706232,-2.475154081,-231.9158003
2024-11-01T10:53:00Z,1,6,7471.083,10979.754,0.30001853,58.50232928,69.19929167,-2.458706232,-2.475154081,-231.9158003
2024-11-01T10:54:00Z,1,6,7772.47,10979.754,0.30001853,58.50232928,69.19929167,-2.458706232,-2.475154081,-231.9158003
2024-11-01T10:55:00Z,1,6,8008.48,10979.754,0.30001853,58.50232928,69.19929167,-2.458706232,-2.475154081,-231.9158003
2024-11-01T10:56:00Z,1,6,8215.587,10979.754,0.30001853,58.50232928,69.19929167,-2.458706232,-2.475154081,-231.9158003
2024-11-01T10:57:00Z,1,6,8412.356,10979.754,0.30001853,58.50232928,69.19929167,-2.458706232,-2.475154081,-231.9158003
2024-11-01T10:58:00Z,1,6,8624.268,10979.754,0.30001853,58.50232928,69.19929167,-2.458706232,-2.475154081,-231.9158003
2024-11-01T10:59:00Z,1,6,8828.567,10979.754,0.30001853,58.50232928,69.19929167,-2.458706232,-2.475154081,-231.9158003
2024-11-01T11:00:00Z,1,6,8998.054,10014.36,0.30001853,58.50232928,69.19929167,-6.780044285,-6.825400311,-639.5230858
2024-11-01T11:01:00Z,1,6,9177.131,10014.36,0.30001853,58.50232928,69.19929167,-6.780044285,-6.825400311,-639.5230858
2024-11-01T11:02:00Z,1,6,9308.527,10014.36,0.30001853,58.50232928,69.19929167,-6.780044285,-6.825400311,-639.5230858
2024-11-01T11:03:00Z,1,6,9465.081,10014.36,0.30001853,58.50232928,69.19929167,-6.780044285,-6.825400311,-639.5230858
2024-11-01T12:18:30Z,1,9,366.03866,3957.608,0.140225032,46.9837731,68.74220833,-0.034980739,-0.035498747,-7.05450032
2024-11-01T12:19:00Z,1,9,371.09731,3957.608,0.140225032,46.9837731,68.74220833,-0.034980739,-0.035498747,-7.05450032
2024-11-01T12:20:00Z,1,9,391.33478,3957.608,0.140225032,46.9837731,68.74220833,-0.034980739,-0.035498747,-7.05450032
2024-11-01T12:21:00Z,1,9,401.37249,3957.608,0.140225032,46.9837731,68.74220833,-0.034980739,-0.035498747,-7.05450032
2024-11-01T12:22:00Z,1,9,411.46994,3957.608,0.140225032,46.9837731,68.74220833,-0.034980739,-0.035498747,-7.05450032
2024-11-01T12:23:00Z,1,9,423.97605,3957.608,0.140225032,46.9837731,68.74220833,-0.034980739,-0.035498747,-7.05450032
2024-11-01T12:24:00Z,1,9,436.4793,3957.608,0.140225032,46.9837731,68.74220833,-0.034980739,-0.035498747,-7.05450032
2024-11-01T12:25:00Z,1,9,441.46527,3957.608,0.140225032,46.9837731,68.74220833,-0.034980739,-0.035498747,-7.05450032
2024-11-01T12:26:00Z,1,9,456.57073,3957.608,0.140225032,46.9837731,68.74220833,-0.034980739,-0.035498747,-7.05450032
2024-11-01T12:27:00Z,1,9,461.61386,3957.608,0.140225032,46.9837731,68.74220833,-0.034980739,-0.035498747,-7.05450032
2024-11-01T12:28:00Z,1,9,471.61533,3957.608,0.140225032,46.9837731,68.74220833,-0.034980739,-0.035498747,-7.05450032
2024-11-01T12:29:00Z,1,9,491.88917,3957.608,0.140225032,46.9837731,68.74220833,-0.034980739,-0.035498747,-7.05450032
2024-11-01T12:30:00Z,1,9,507.32979,3957.608,0.140225032,46.9837731,68.74220833,-0.034980739,-0.035498747,-7.05450032
2024-11-01T12:31:00Z,1,9,517.3349,3957.608,0.140225032,46.9837731,68.74220833,-0.034980739,-0.035498747,-7.05450032
2024-11-01T12:32:00Z,1,9,517.30585,3957.608,0.140225032,46.9837731,68.74220833,-0.034980739,-0.035498747,-7.05450032
2024-11-01T12:33:00Z,1,9,529.96022,3957.608,0.140225032,46.9837731,68.74220833,-0.034980739,-0.035498747,-7.05450032
2024-11-01T12:34:00Z,1,9,532.46308,3957.608,0.140225032,46.9837731,68.74220833,-0.034980739,-0.035498747,-7.05450032
2024-11-01T12:35:00Z,1,9,544.95385,3957.608,0.140225032,46.9837731,68.74220833,-0.034980739,-0.035498747,-7.05450032
2024-11-01T12:36:00Z,1,9,560.08791,3957.608,0.140225032,46.9837731,68.74220833,-0.034980739,-0.035498747,-7.05450032
2024-11-01T12:37:00Z,1,9,567.66403,3957.608,0.140225032,46.9837731,68.74220833,-0.034980739,-0.035498747,-7.05450032
2024-11-01T12:38:00Z,1,9,577.6764,3957.608,0.140225032,46.9837731,68.74220833,-0.034980739,-0.035498747,-7.05450032
2024-11-01T12:39:00Z,1,9,577.66936,3957.608,0.140225032,46.9837731,68.74220833,-0.034980739,-0.035498747,-7.05450032
2024-11-01T12:40:00Z,1,9,582.73631,3957.608,0.140225032,46.9837731,68.74220833,-0.034980739,-0.035498747,-7.05450032
2024-11-01T12:41:00Z,1,9,597.79782,3957.608,0.140225032,46.9837731,68.74220833,-0.034980739,-0.035498747,-7.05450032
2024-11-01T12:42:00Z,1,9,612.9928,3957.608,0.140225032,46.9837731,68.74220833,-0.034980739,-0.035498747,-7.05450032
2024-11-01T12:43:00Z,1,9,628.3682,3957.608,0.140225032,46.9837731,68.74220833,-0.034980739,-0.035498747,-7.05450032
2024-11-01T12:44:00Z,1,9,628.3277,3957.608,0.140225032,46.9837731,68.74220833,-0.034980739,-0.035498747,-7.05450032
2024-01-05T09:37:00Z,5,5,426.60745,3581.781,0.285012368,178.9279695,54.87104167,-0.040052721,-0.052252857,-3.885303093
2024-01-05T09:38:00Z,5,5,405.9321667,3581.781,0.285012368,178.9279695,54.87104167,-0.040052721,-0.052252857,-3.885303093
2024-01-05T09:39:00Z,5,5,417.4713833,3581.781,0.285012368,178.9279695,54.87104167,-0.040052721,-0.052252857,-3.885303093
2024-01-05T09:40:00Z,5,5,437.6264167,3581.781,0.285012368,178.9279695,54.87104167,-0.040052721,-0.052252857,-3.885303093
2024-01-05T09:41:00Z,5,5,447.2978,3581.781,0.285012368,178.9279695,54.87104167,-0.040052721,-0.052252857,-3.885303093
2024-01-05T09:42:00Z,5,5,469.6701,3581.781,0.285012368,178.9279695,54.87104167,-0.040052721,-0.052252857,-3.885303093
2024-01-05T09:43:00Z,5,5,501.96025,3581.781,0.285012368,178.9279695,54.87104167,-0.040052721,-0.052252857,-3.885303093
2024-01-05T09:44:00Z,5,5,541.1791333,3581.781,0.285012368,178.9279695,54.87104167,-0.040052721,-0.052252857,-3.885303093
2024-01-05T09:45:00Z,5,5,575.29255,3581.781,0.285012368,178.9279695,54.87104167,-0.040052721,-0.052252857,-3.885303093
2024-01-05T09:46:00Z,5,5,602.846,3581.781,0.285012368,178.9279695,54.87104167,-0.040052721,-0.052252857,-3.885303093
2024-01-05T09:47:00Z,5,5,619.4404,3581.781,0.285012368,178.9279695,54.87104167,-0.040052721,-0.052252857,-3.885303093
2024-01-05T09:48:00Z,5,5,600.96845,3581.781,0.285012368,178.9279695,54.87104167,-0.040052721,-0.052252857,-3.885303093
2024-01-05T09:49:00Z,5,5,623.2607333,3581.781,0.285012368,178.9279695,54.87104167,-0.040052721,-0.052252857,-3.885303093
2024-01-05T09:50:00Z,5,5,626.5422167,3581.781,0.285012368,178.9279695,54.87104167,-0.040052721,-0.052252857,-3.885303093
2024-01-05T09:51:00Z,5,5,659.22955,3581.781,0.285012368,178.9279695,54.87104167,-0.040052721,-0.052252857,-3.885303093
2024-01-05T09:52:00Z,5,5,666.7810667,3581.781,0.285012368,178.9279695,54.87104167,-0.040052721,-0.052252857,-3.885303093
2024-01-05T09:53:00Z,5,5,682.1777667,3581.781,0.285012368,178.9279695,54.87104167,-0.040052721,-0.052252857,-3.885303093
2024-01-05T09:54:00Z,5,5,680.36215,3581.781,0.285012368,178.9279695,54.87104167,-0.040052721,-0.052252857,-3.885303093
2024-01-05T09:55:00Z,5,5,681.2535167,3581.781,0.285012368,178.9279695,54.87104167,-0.040052721,-0.052252857,-3.885303093
2024-01-05T09:56:00Z,5,5,679.4740833,3581.781,0.285012368,178.9279695,54.87104167,-0.040052721,-0.052252857,-3.885303093
2024-01-05T09:57:00Z,5,5,678.1284167,3581.781,0.285012368,178.9279695,54.87104167,-0.040052721,-0.052252857,-3.885303093
2024-01-05T09:58:00Z,5,5,681.8729667,3581.781,0.285012368,178.9279695,54.87104167,-0.040052721,-0.052252857,-3.885303093
2024-01-05T09:59:00Z,5,5,684.4131,3581.781,0.285012368,178.9279695,54.87104167,-0.040052721,-0.052252857,-3.885303093
2024-01-05T10:00:00Z,5,5,687.5096,3151.238,0.285012368,178.9279695,54.87104167,-0.047121244,-0.061474467,-4.570983281
2024-01-05T10:01:00Z,5,5,691.2954167,3151.238,0.285012368,178.9279695,54.87104167,-0.047121244,-0.061474467,-4.570983281
2024-01-05T10:02:00Z,5,5,697.8700167,3151.238,0.285012368,178.9279695,54.87104167,-0.047121244,-0.061474467,-4.570983281
2024-01-05T10:03:00Z,5,5,711.6312,3151.238,0.285012368,178.9279695,54.87104167,-0.047121244,-0.061474467,-4.570983281
2023-11-01T11:20:00Z,1,14,713.7320333,1004.816,0.467071834,NA,68.47058333,-0.298942135,-0.304782287,-18.09202858
2023-11-01T11:21:00Z,1,14,702.176,1004.816,0.467071834,NA,68.47058333,-0.298942135,-0.304782287,-18.09202858
2023-11-01T11:22:00Z,1,14,696.18515,1004.816,0.467071834,NA,68.47058333,-0.298942135,-0.304782287,-18.09202858
2023-11-01T11:23:00Z,1,14,699.2770833,1004.816,0.467071834,NA,68.47058333,-0.298942135,-0.304782287,-18.09202858
2023-11-01T11:24:00Z,1,14,701.86345,1004.816,0.467071834,NA,68.47058333,-0.298942135,-0.304782287,-18.09202858
2023-11-01T11:25:00Z,1,14,706.2198333,1004.816,0.467071834,NA,68.47058333,-0.298942135,-0.304782287,-18.09202858
2023-11-01T11:26:00Z,1,14,714.3180667,1004.816,0.467071834,NA,68.47058333,-0.298942135,-0.304782287,-18.09202858
2023-11-01T11:27:00Z,1,14,728.1098333,1004.816,0.467071834,NA,68.47058333,-0.298942135,-0.304782287,-18.09202858
2023-11-01T11:28:00Z,1,14,739.5579833,1004.816,0.467071834,NA,68.47058333,-0.298942135,-0.304782287,-18.09202858
2023-11-01T11:29:00Z,1,14,748.3487167,1004.816,0.467071834,NA,68.47058333,-0.298942135,-0.304782287,-18.09202858
2023-11-01T11:30:00Z,1,14,755.4158333,1004.816,0.467071834,NA,68.47058333,-0.298942135,-0.304782287,-18.09202858
2023-11-01T11:31:00Z,1,14,761.2231167,1004.816,0.467071834,NA,68.47058333,-0.298942135,-0.304782287,-18.09202858
2023-11-01T11:32:00Z,1,14,763.14795,1004.816,0.467071834,NA,68.47058333,-0.298942135,-0.304782287,-18.09202858
2023-11-01T11:33:00Z,1,14,767.7879,1004.816,0.467071834,NA,68.47058333,-0.298942135,-0.304782287,-18.09202858
2023-11-01T11:34:00Z,1,14,795.7507167,1004.816,0.467071834,NA,68.47058333,-0.298942135,-0.304782287,-18.09202858
2023-11-01T11:35:00Z,1,14,793.8348833,1004.816,0.467071834,NA,68.47058333,-0.298942135,-0.304782287,-18.09202858
2023-11-01T11:36:00Z,1,14,790.0957,1004.816,0.467071834,NA,68.47058333,-0.298942135,-0.304782287,-18.09202858
2023-11-01T11:37:00Z,1,14,786.3849,1004.816,0.467071834,NA,68.47058333,-0.298942135,-0.304782287,-18.09202858
2023-11-01T11:38:00Z,1,14,789.9403167,1004.816,0.467071834,NA,68.47058333,-0.298942135,-0.304782287,-18.09202858
2023-11-01T11:39:00Z,1,14,754.1091,1004.816,0.467071834,NA,68.47058333,-0.298942135,-0.304782287,-18.09202858
2023-11-01T12:08:30Z,1,3,714.0472,6744.454,0.323240054,29.59835063,67.20851323,-9.80E-04,-0.001020978,-0.085516771
2023-11-01T12:09:00Z,1,3,708.2430333,6744.454,0.323240054,29.59835063,67.20851323,-9.80E-04,-0.001020978,-0.085516771
2023-11-01T12:10:00Z,1,3,697.5000167,6744.454,0.323240054,29.59835063,67.20851323,-9.80E-04,-0.001020978,-0.085516771
2023-11-01T12:11:00Z,1,3,692.6826333,6744.454,0.323240054,29.59835063,67.20851323,-9.80E-04,-0.001020978,-0.085516771
2023-11-01T12:12:00Z,1,3,697.5172,6744.454,0.323240054,29.59835063,67.20851323,-9.80E-04,-0.001020978,-0.085516771
2023-11-01T12:13:00Z,1,3,704.4320333,6744.454,0.323240054,29.59835063,67.20851323,-9.80E-04,-0.001020978,-0.085516771
2023-11-01T12:14:00Z,1,3,721.457075,6744.454,0.323240054,29.59835063,67.20851323,-9.80E-04,-0.001020978,-0.085516771
2023-11-01T09:56:00Z,1,5a,434.69795,17383.67,0.453269539,14.11003688,67.29983333,-0.012215882,-0.01270941,-0.760448285
2023-11-01T09:57:00Z,1,5a,437.1967833,17383.67,0.453269539,14.11003688,67.29983333,-0.012215882,-0.01270941,-0.760448285
2023-11-01T09:58:00Z,1,5a,448.30575,17383.67,0.453269539,14.11003688,67.29983333,-0.012215882,-0.01270941,-0.760448285
2023-11-01T09:59:00Z,1,5a,461.8775,17383.67,0.453269539,14.11003688,67.29983333,-0.012215882,-0.01270941,-0.760448285
2023-11-01T10:00:00Z,1,5a,477.22795,17233.45,0.453269539,14.11003688,67.29983333,-0.012327458,-0.012825493,-0.767393961
2023-11-01T10:01:00Z,1,5a,500.6185167,17233.45,0.453269539,14.11003688,67.29983333,-0.012327458,-0.012825493,-0.767393961
2023-11-01T10:02:00Z,1,5a,520.5241333,17233.45,0.453269539,14.11003688,67.29983333,-0.012327458,-0.012825493,-0.767393961
2023-11-01T10:03:00Z,1,5a,539.6406333,17233.45,0.453269539,14.11003688,67.29983333,-0.012327458,-0.012825493,-0.767393961
2023-11-01T10:04:00Z,1,5a,562.1575667,17233.45,0.453269539,14.11003688,67.29983333,-0.012327458,-0.012825493,-0.767393961
2023-11-01T10:05:00Z,1,5a,586.5439667,17233.45,0.453269539,14.11003688,67.29983333,-0.012327458,-0.012825493,-0.767393961
2023-11-01T10:06:00Z,1,5a,606.0689,17233.45,0.453269539,14.11003688,67.29983333,-0.012327458,-0.012825493,-0.767393961
2023-11-01T10:07:00Z,1,5a,624.8927667,17233.45,0.453269539,14.11003688,67.29983333,-0.012327458,-0.012825493,-0.767393961
2023-11-01T10:08:00Z,1,5a,639.8751,17233.45,0.453269539,14.11003688,67.29983333,-0.012327458,-0.012825493,-0.767393961
2023-11-01T10:09:00Z,1,5a,658.5392,17233.45,0.453269539,14.11003688,67.29983333,-0.012327458,-0.012825493,-0.767393961
2023-11-01T10:10:00Z,1,5a,674.8492167,17233.45,0.453269539,14.11003688,67.29983333,-0.012327458,-0.012825493,-0.767393961
2023-11-01T10:11:00Z,1,5a,695.68315,17233.45,0.453269539,14.11003688,67.29983333,-0.012327458,-0.012825493,-0.767393961
2023-11-01T10:12:00Z,1,5a,719.5870167,17233.45,0.453269539,14.11003688,67.29983333,-0.012327458,-0.012825493,-0.767393961
2023-11-01T10:13:00Z,1,5a,732.0145167,17233.45,0.453269539,14.11003688,67.29983333,-0.012327458,-0.012825493,-0.767393961
2023-11-01T10:14:00Z,1,5a,750.14775,17233.45,0.453269539,14.11003688,67.29983333,-0.012327458,-0.012825493,-0.767393961
2023-11-01T10:15:00Z,1,5a,759.9700167,17233.45,0.453269539,14.11003688,67.29983333,-0.012327458,-0.012825493,-0.767393961
2023-11-01T10:16:00Z,1,5a,777.5875,17233.45,0.453269539,14.11003688,67.29983333,-0.012327458,-0.012825493,-0.767393961
2023-11-01T10:17:00Z,1,5a,786.5933833,17233.45,0.453269539,14.11003688,67.29983333,-0.012327458,-0.012825493,-0.767393961
2023-11-01T10:18:00Z,1,5a,785.74135,17233.45,0.453269539,14.11003688,67.29983333,-0.012327458,-0.012825493,-0.767393961
2023-11-01T13:34:20Z,1,6,674.977225,11130.56,0.252976288,35.60978754,68.27016667,-0.008228515,-0.008417965,-0.919165701
2023-11-01T13:35:00Z,1,6,685.5182833,11130.56,0.252976288,35.60978754,68.27016667,-0.008228515,-0.008417965,-0.919165701
2023-11-01T13:36:00Z,1,6,692.08565,11130.56,0.252976288,35.60978754,68.27016667,-0.008228515,-0.008417965,-0.919165701
2023-11-01T13:37:00Z,1,6,693.2150333,11130.56,0.252976288,35.60978754,68.27016667,-0.008228515,-0.008417965,-0.919165701
2023-11-01T13:38:00Z,1,6,705.72715,11130.56,0.252976288,35.60978754,68.27016667,-0.008228515,-0.008417965,-0.919165701
2023-11-01T13:39:00Z,1,6,713.1749167,11130.56,0.252976288,35.60978754,68.27016667,-0.008228515,-0.008417965,-0.919165701
2023-11-01T13:40:00Z,1,6,722.0392,11130.56,0.252976288,35.60978754,68.27016667,-0.008228515,-0.008417965,-0.919165701
2023-11-01T13:41:00Z,1,6,730.93965,11130.56,0.252976288,35.60978754,68.27016667,-0.008228515,-0.008417965,-0.919165701
2023-11-01T13:42:00Z,1,6,736.5333667,11130.56,0.252976288,35.60978754,68.27016667,-0.008228515,-0.008417965,-0.919165701
2023-11-01T13:43:00Z,1,6,746.9354167,11130.56,0.252976288,35.60978754,68.27016667,-0.008228515,-0.008417965,-0.919165701
2023-11-01T13:44:00Z,1,6,759.5624333,11130.56,0.252976288,35.60978754,68.27016667,-0.008228515,-0.008417965,-0.919165701
2023-11-01T13:45:00Z,1,6,778.2558833,11130.56,0.252976288,35.60978754,68.27016667,-0.008228515,-0.008417965,-0.919165701
2023-11-01T13:46:00Z,1,6,795.8959167,11130.56,0.252976288,35.60978754,68.27016667,-0.008228515,-0.008417965,-0.919165701
2023-11-01T13:47:00Z,1,6,805.22385,11130.56,0.252976288,35.60978754,68.27016667,-0.008228515,-0.008417965,-0.919165701
2023-11-01T13:48:00Z,1,6,808.3949,11130.56,0.252976288,35.60978754,68.27016667,-0.008228515,-0.008417965,-0.919165701
2023-11-01T13:49:00Z,1,6,817.89315,11130.56,0.252976288,35.60978754,68.27016667,-0.008228515,-0.008417965,-0.919165701
2023-11-01T13:50:00Z,1,6,822.5027667,11130.56,0.252976288,35.60978754,68.27016667,-0.008228515,-0.008417965,-0.919165701
2023-11-01T13:51:00Z,1,6,828.8697833,11130.56,0.252976288,35.60978754,68.27016667,-0.008228515,-0.008417965,-0.919165701
2023-11-01T13:52:00Z,1,6,834.18825,11130.56,0.252976288,35.60978754,68.27016667,-0.008228515,-0.008417965,-0.919165701
2023-11-01T13:53:00Z,1,6,834.6399333,11130.56,0.252976288,35.60978754,68.27016667,-0.008228515,-0.008417965,-0.919165701
2023-11-01T13:54:00Z,1,6,843.3850667,11130.56,0.252976288,35.60978754,68.27016667,-0.008228515,-0.008417965,-0.919165701
2023-11-01T13:55:00Z,1,6,838.7269333,11130.56,0.252976288,35.60978754,68.27016667,-0.008228515,-0.008417965,-0.919165701
2023-11-01T13:56:00Z,1,6,832.2708167,11130.56,0.252976288,35.60978754,68.27016667,-0.008228515,-0.008417965,-0.919165701
2023-11-01T13:57:00Z,1,6,832.3483333,11130.56,0.252976288,35.60978754,68.27016667,-0.008228515,-0.008417965,-0.919165701
2023-11-01T13:58:00Z,1,6,834.5458,11130.56,0.252976288,35.60978754,68.27016667,-0.008228515,-0.008417965,-0.919165701
2023-11-01T13:59:00Z,1,6,847.0725833,11130.56,0.252976288,35.60978754,68.27016667,-0.008228515,-0.008417965,-0.919165701
2023-11-01T14:00:00Z,1,6,866.6924833,11056.73,0.252976288,35.60978754,68.27016667,-0.008288441,-0.00847927,-0.925859722
2023-11-01T14:01:00Z,1,6,880.8782667,11056.73,0.252976288,35.60978754,68.27016667,-0.008288441,-0.00847927,-0.925859722
2023-11-01T14:02:00Z,1,6,897.8937667,11056.73,0.252976288,35.60978754,68.27016667,-0.008288441,-0.00847927,-0.925859722
2023-11-01T14:03:00Z,1,6,906.8980333,11056.73,0.252976288,35.60978754,68.27016667,-0.008288441,-0.00847927,-0.925859722
2023-11-01T14:04:00Z,1,6,908.9635833,11056.73,0.252976288,35.60978754,68.27016667,-0.008288441,-0.00847927,-0.925859722
2023-11-01T14:05:00Z,1,6,911.4052167,11056.73,0.252976288,35.60978754,68.27016667,-0.008288441,-0.00847927,-0.925859722
2023-11-01T14:06:00Z,1,6,910.3793333,11056.73,0.252976288,35.60978754,68.27016667,-0.008288441,-0.00847927,-0.925859722
2023-11-01T14:07:00Z,1,6,919.025025,11056.73,0.252976288,35.60978754,68.27016667,-0.008288441,-0.00847927,-0.925859722
2023-11-01T12:32:00Z,1,7,744.31615,4485.295,0.130552447,5.035045702,68.842375,-0.02000458,-0.020263166,-4.333898153
2023-11-01T12:33:00Z,1,7,731.10315,4485.295,0.130552447,5.035045702,68.842375,-0.02000458,-0.020263166,-4.333898153
2023-11-01T12:34:00Z,1,7,725.7122,4485.295,0.130552447,5.035045702,68.842375,-0.02000458,-0.020263166,-4.333898153
2023-11-01T12:35:00Z,1,7,723.9657,4485.295,0.130552447,5.035045702,68.842375,-0.02000458,-0.020263166,-4.333898153
2023-11-01T12:36:00Z,1,7,730.9362333,4485.295,0.130552447,5.035045702,68.842375,-0.02000458,-0.020263166,-4.333898153
2023-11-01T12:37:00Z,1,7,740.1685167,4485.295,0.130552447,5.035045702,68.842375,-0.02000458,-0.020263166,-4.333898153
2023-11-01T12:38:00Z,1,7,748.4672667,4485.295,0.130552447,5.035045702,68.842375,-0.02000458,-0.020263166,-4.333898153
2023-11-01T12:39:00Z,1,7,757.2604667,4485.295,0.130552447,5.035045702,68.842375,-0.02000458,-0.020263166,-4.333898153
2023-11-01T12:40:00Z,1,7,766.9581,4485.295,0.130552447,5.035045702,68.842375,-0.02000458,-0.020263166,-4.333898153
2023-11-01T12:41:00Z,1,7,782.9163333,4485.295,0.130552447,5.035045702,68.842375,-0.02000458,-0.020263166,-4.333898153
2023-11-01T12:42:00Z,1,7,801.6171833,4485.295,0.130552447,5.035045702,68.842375,-0.02000458,-0.020263166,-4.333898153
2023-11-01T14:37:00Z,1,9,754.0079,2687.313,0.101983041,26.23050831,65.83770833,-0.053515195,-0.057116035,-14.77271915
2023-11-01T14:38:00Z,1,9,755.7158667,2687.313,0.101983041,26.23050831,65.83770833,-0.053515195,-0.057116035,-14.77271915
2023-11-01T14:39:00Z,1,9,759.53605,2687.313,0.101983041,26.23050831,65.83770833,-0.053515195,-0.057116035,-14.77271915
2023-11-01T14:40:00Z,1,9,759.7116,2687.313,0.101983041,26.23050831,65.83770833,-0.053515195,-0.057116035,-14.77271915
2023-11-01T14:41:00Z,1,9,758.7814333,2687.313,0.101983041,26.23050831,65.83770833,-0.053515195,-0.057116035,-14.77271915
2023-11-01T14:42:00Z,1,9,759.1228333,2687.313,0.101983041,26.23050831,65.83770833,-0.053515195,-0.057116035,-14.77271915
2023-11-01T14:43:00Z,1,9,768.8626333,2687.313,0.101983041,26.23050831,65.83770833,-0.053515195,-0.057116035,-14.77271915
2023-11-01T14:44:00Z,1,9,789.4292167,2687.313,0.101983041,26.23050831,65.83770833,-0.053515195,-0.057116035,-14.77271915
2023-11-01T14:45:00Z,1,9,802.4199833,2687.313,0.101983041,26.23050831,65.83770833,-0.053515195,-0.057116035,-14.77271915
2023-11-01T14:46:00Z,1,9,818.3745,2687.313,0.101983041,26.23050831,65.83770833,-0.053515195,-0.057116035,-14.77271915
2023-11-01T14:47:00Z,1,9,821.43385,2687.313,0.101983041,26.23050831,65.83770833,-0.053515195,-0.057116035,-14.77271915
2023-11-01T14:48:00Z,1,9,836.53315,2687.313,0.101983041,26.23050831,65.83770833,-0.053515195,-0.057116035,-14.77271915
2023-11-01T14:49:00Z,1,9,844.4437167,2687.313,0.101983041,26.23050831,65.83770833,-0.053515195,-0.057116035,-14.77271915
2023-11-01T14:50:00Z,1,9,861.9716833,2687.313,0.101983041,26.23050831,65.83770833,-0.053515195,-0.057116035,-14.77271915
2023-11-01T14:51:00Z,1,9,870.8549667,2687.313,0.101983041,26.23050831,65.83770833,-0.053515195,-0.057116035,-14.77271915
2023-11-01T14:52:00Z,1,9,888.2562667,2687.313,0.101983041,26.23050831,65.83770833,-0.053515195,-0.057116035,-14.77271915
2023-11-01T14:53:00Z,1,9,884.2041667,2687.313,0.101983041,26.23050831,65.83770833,-0.053515195,-0.057116035,-14.77271915
2023-11-01T14:54:00Z,1,9,848.939,2687.313,0.101983041,26.23050831,65.83770833,-0.053515195,-0.057116035,-14.77271915
2024-11-22T12:22:10Z,22,6,2030.428296,6021.774,0.187241965,15.15077177,65.92275,-2.605442299,-2.776352864,-391.78802
2024-11-22T12:23:00Z,22,6,2315.15784,6021.774,0.187241965,15.15077177,65.92275,-2.605442299,-2.776352864,-391.78802
2024-11-22T12:24:00Z,22,6,2603.37378,6021.774,0.187241965,15.15077177,65.92275,-2.605442299,-2.776352864,-391.78802
2024-11-22T12:25:00Z,22,6,2892.069,6021.774,0.187241965,15.15077177,65.92275,-2.605442299,-2.776352864,-391.78802
2024-11-22T12:26:00Z,22,6,3285.74622,6021.774,0.187241965,15.15077177,65.92275,-2.605442299,-2.776352864,-391.78802
2024-11-22T12:27:00Z,22,6,3693.5316,6021.774,0.187241965,15.15077177,65.92275,-2.605442299,-2.776352864,-391.78802
2024-11-22T12:28:00Z,22,6,4027.4346,6021.774,0.187241965,15.15077177,65.92275,-2.605442299,-2.776352864,-391.78802
2024-11-22T12:29:00Z,22,6,4194.5202,6021.774,0.187241965,15.15077177,65.92275,-2.605442299,-2.776352864,-391.78802
2024-11-22T12:30:00Z,22,6,4300.6242,6021.774,0.187241965,15.15077177,65.92275,-2.605442299,-2.776352864,-391.78802
2024-11-22T12:31:00Z,22,6,4451.8752,6021.774,0.187241965,15.15077177,65.92275,-2.605442299,-2.776352864,-391.78802
2024-11-22T12:32:00Z,22,6,4618.5894,6021.774,0.187241965,15.15077177,65.92275,-2.605442299,-2.776352864,-391.78802
2024-11-22T12:33:00Z,22,6,4755.0318,6021.774,0.187241965,15.15077177,65.92275,-2.605442299,-2.776352864,-391.78802
2024-11-22T12:34:00Z,22,6,4966.1928,6021.774,0.187241965,15.15077177,65.92275,-2.605442299,-2.776352864,-391.78802
2024-11-22T11:41:40Z,22,6,1833.89436,6021.774,0.187241965,15.15077177,65.92275,-0.212870421,-0.226834194,-32.00995124
2024-11-22T11:42:00Z,22,6,1909.7847,6021.774,0.187241965,15.15077177,65.92275,-0.212870421,-0.226834194,-32.00995124
2024-11-22T11:43:00Z,22,6,2061.45318,6021.774,0.187241965,15.15077177,65.92275,-0.212870421,-0.226834194,-32.00995124
2024-11-22T11:44:00Z,22,6,2181.0384,6021.774,0.187241965,15.15077177,65.92275,-0.212870421,-0.226834194,-32.00995124
2024-11-22T11:45:00Z,22,6,2256.57354,6021.774,0.187241965,15.15077177,65.92275,-0.212870421,-0.226834194,-32.00995124
2024-11-22T11:46:00Z,22,6,2287.11108,6021.774,0.187241965,15.15077177,65.92275,-0.212870421,-0.226834194,-32.00995124
2024-11-22T11:47:00Z,22,6,2317.23102,6021.774,0.187241965,15.15077177,65.92275,-0.212870421,-0.226834194,-32.00995124
2024-11-22T11:48:00Z,22,6,2377.08324,6021.774,0.187241965,15.15077177,65.92275,-0.212870421,-0.226834194,-32.00995124
2024-11-22T11:49:00Z,22,6,2377.20402,6021.774,0.187241965,15.15077177,65.92275,-0.212870421,-0.226834194,-32.00995124
2024-11-22T09:34:10Z,22,5,3118.512384,2542.524,0.034511311,21.16116336,62.832875,0.563667321,0.634680597,457.595214
2024-11-22T09:35:00Z,22,5,3696.82074,2542.524,0.034511311,21.16116336,62.832875,0.563667321,0.634680597,457.595214
2024-11-22T09:36:00Z,22,5,4245.1926,2542.524,0.034511311,21.16116336,62.832875,0.563667321,0.634680597,457.595214
2024-11-22T09:37:00Z,22,5,4881.4608,2542.524,0.034511311,21.16116336,62.832875,0.563667321,0.634680597,457.595214
2024-11-22T09:38:00Z,22,5,5533.803,2542.524,0.034511311,21.16116336,62.832875,0.563667321,0.634680597,457.595214
2024-11-22T09:39:00Z,22,5,6155.3898,2542.524,0.034511311,21.16116336,62.832875,0.563667321,0.634680597,457.595214
2024-11-22T09:40:00Z,22,5,6774.4572,2542.524,0.034511311,21.16116336,62.832875,0.563667321,0.634680597,457.595214
2024-11-22T09:41:00Z,22,5,7338.018,2542.524,0.034511311,21.16116336,62.832875,0.563667321,0.634680597,457.595214
2024-11-22T09:42:00Z,22,5,7883.6028,2542.524,0.034511311,21.16116336,62.832875,0.563667321,0.634680597,457.595214
2024-11-22T09:43:00Z,22,5,8338.1412,2542.524,0.034511311,21.16116336,62.832875,0.563667321,0.634680597,457.595214
2024-11-22T09:44:00Z,22,5,8898.7554,2542.524,0.034511311,21.16116336,62.832875,0.563667321,0.634680597,457.595214
2024-11-22T09:45:00Z,22,5,9429.4788,2542.524,0.034511311,21.16116336,62.832875,0.563667321,0.634680597,457.595214
2024-11-22T09:46:00Z,22,5,9944.4114,2542.524,0.034511311,21.16116336,62.832875,0.563667321,0.634680597,457.595214
2024-11-22T09:47:00Z,22,5,10367.4348,2542.524,0.034511311,21.16116336,62.832875,0.563667321,0.634680597,457.595214
2024-11-22T09:48:00Z,22,5,10761.5202,2542.524,0.034511311,21.16116336,62.832875,0.563667321,0.634680597,457.595214
2024-11-22T09:49:00Z,22,5,11187.4332,2542.524,0.034511311,21.16116336,62.832875,0.563667321,0.634680597,457.595214
2024-11-22T09:50:00Z,22,5,11655.3306,2542.524,0.034511311,21.16116336,62.832875,0.563667321,0.634680597,457.595214
2024-11-22T09:51:00Z,22,5,12079.2558,2542.524,0.034511311,21.16116336,62.832875,0.563667321,0.634680597,457.595214
2024-11-22T09:52:00Z,22,5,12412.0416,2542.524,0.034511311,21.16116336,62.832875,0.563667321,0.634680597,457.595214
2024-11-22T13:25:10Z,22,9,2122.394256,3764.232,0.076795491,15.62464145,56.827625,-1.037590202,-1.304943888,-374.7776914
2024-11-22T13:26:00Z,22,9,2225.48124,3764.232,0.076795491,15.62464145,56.827625,-1.037590202,-1.304943888,-374.7776914
2024-11-22T13:27:00Z,22,9,2361.18528,3764.232,0.076795491,15.62464145,56.827625,-1.037590202,-1.304943888,-374.7776914
2024-11-22T13:28:00Z,22,9,2398.92291,3764.232,0.076795491,15.62464145,56.827625,-1.037590202,-1.304943888,-374.7776914
2024-11-22T13:29:30Z,22,9,2527.50684,3764.232,0.076795491,15.62464145,56.827625,-1.037590202,-1.304943888,-374.7776914
2024-11-22T13:30:00Z,22,9,2602.7541,3764.232,0.076795491,15.62464145,56.827625,-1.037590202,-1.304943888,-374.7776914
2024-11-22T13:34:20Z,22,9,2785.35348,3764.232,0.076795491,15.62464145,56.827625,-1.037590202,-1.304943888,-374.7776914
2023-12-06T13:00:10Z,6,14,648.53982,1004.816,0.513959428,NA,62.64008333,-0.11694784,-0.132152373,-6.372994378
2023-12-06T13:01:00Z,6,14,629.7747,1004.816,0.513959428,NA,62.64008333,-0.11694784,-0.132152373,-6.372994378
2023-12-06T13:02:00Z,6,14,621.3186167,1004.816,0.513959428,NA,62.64008333,-0.11694784,-0.132152373,-6.372994378
2023-12-06T13:03:00Z,6,14,623.31305,1004.816,0.513959428,NA,62.64008333,-0.11694784,-0.132152373,-6.372994378
2023-12-06T13:04:00Z,6,14,631.03725,1004.816,0.513959428,NA,62.64008333,-0.11694784,-0.132152373,-6.372994378
2023-12-06T13:05:00Z,6,14,637.5112833,1004.816,0.513959428,NA,62.64008333,-0.11694784,-0.132152373,-6.372994378
2023-12-06T13:06:00Z,6,14,641.0749667,1004.816,0.513959428,NA,62.64008333,-0.11694784,-0.132152373,-6.372994378
2023-12-06T13:07:00Z,6,14,646.5035833,1004.816,0.513959428,NA,62.64008333,-0.11694784,-0.132152373,-6.372994378
2023-12-06T13:08:00Z,6,14,653.4558667,1004.816,0.513959428,NA,62.64008333,-0.11694784,-0.132152373,-6.372994378
2023-12-06T13:09:00Z,6,14,654.3955,1004.816,0.513959428,NA,62.64008333,-0.11694784,-0.132152373,-6.372994378
2023-12-06T13:10:00Z,6,14,665.7769167,1004.816,0.513959428,NA,62.64008333,-0.11694784,-0.132152373,-6.372994378
2023-12-06T13:11:00Z,6,14,674.4786,1004.816,0.513959428,NA,62.64008333,-0.11694784,-0.132152373,-6.372994378
2023-12-06T10:51:50Z,6,5,409.7124,10964.34,0.200716626,125.5155927,62.96866667,-0.012285662,-0.013802111,-1.715237249
2023-12-06T10:52:00Z,6,5,408.2475167,10964.34,0.200716626,125.5155927,62.96866667,-0.012285662,-0.013802111,-1.715237249
2023-12-06T10:53:00Z,6,5,388.6160667,10964.34,0.200716626,125.5155927,62.96866667,-0.012285662,-0.013802111,-1.715237249
2023-12-06T10:54:00Z,6,5,385.5203667,10964.34,0.200716626,125.5155927,62.96866667,-0.012285662,-0.013802111,-1.715237249
2023-12-06T10:55:00Z,6,5,391.4806167,10964.34,0.200716626,125.5155927,62.96866667,-0.012285662,-0.013802111,-1.715237249
2023-12-06T10:56:00Z,6,5,407.41445,10964.34,0.200716626,125.5155927,62.96866667,-0.012285662,-0.013802111,-1.715237249
2023-12-06T10:57:00Z,6,5,427.2553,10964.34,0.200716626,125.5155927,62.96866667,-0.012285662,-0.013802111,-1.715237249
2023-12-06T10:58:00Z,6,5,444.5612833,10964.34,0.200716626,125.5155927,62.96866667,-0.012285662,-0.013802111,-1.715237249
2023-12-06T10:59:00Z,6,5,463.9288833,10964.34,0.200716626,125.5155927,62.96866667,-0.012285662,-0.013802111,-1.715237249
2023-12-06T11:00:00Z,6,5,485.7152333,10938.43,0.200716626,125.5155927,62.96866667,-0.012316242,-0.013836465,-1.719506603
2023-12-06T11:01:00Z,6,5,505.8775,10938.43,0.200716626,125.5155927,62.96866667,-0.012316242,-0.013836465,-1.719506603
2023-12-06T11:02:00Z,6,5,528.9409,10938.43,0.200716626,125.5155927,62.96866667,-0.012316242,-0.013836465,-1.719506603
2023-12-06T14:40:00Z,6,6,615.23295,10319.43,0.234268726,28.44573212,63.18275,-0.009234249,-0.010333832,-1.104964703
2023-12-06T14:41:00Z,6,6,595.5079667,10319.43,0.234268726,28.44573212,63.18275,-0.009234249,-0.010333832,-1.104964703
2023-12-06T14:42:00Z,6,6,591.33895,10319.43,0.234268726,28.44573212,63.18275,-0.009234249,-0.010333832,-1.104964703
2023-12-06T14:43:00Z,6,6,594.5388667,10319.43,0.234268726,28.44573212,63.18275,-0.009234249,-0.010333832,-1.104964703
2023-12-06T14:44:00Z,6,6,601.9221833,10319.43,0.234268726,28.44573212,63.18275,-0.009234249,-0.010333832,-1.104964703
2023-12-06T14:45:00Z,6,6,613.5031667,10319.43,0.234268726,28.44573212,63.18275,-0.009234249,-0.010333832,-1.104964703
2023-12-06T14:46:00Z,6,6,623.1747667,10319.43,0.234268726,28.44573212,63.18275,-0.009234249,-0.010333832,-1.104964703
2023-12-06T14:47:00Z,6,6,634.0420833,10319.43,0.234268726,28.44573212,63.18275,-0.009234249,-0.010333832,-1.104964703
2023-12-06T14:48:00Z,6,6,645.9021167,10319.43,0.234268726,28.44573212,63.18275,-0.009234249,-0.010333832,-1.104964703
2023-12-06T14:49:00Z,6,6,656.8969333,10319.43,0.234268726,28.44573212,63.18275,-0.009234249,-0.010333832,-1.104964703
2023-12-06T14:50:00Z,6,6,665.2888,10319.43,0.234268726,28.44573212,63.18275,-0.009234249,-0.010333832,-1.104964703
2023-12-06T14:51:00Z,6,6,678.1737,10319.43,0.234268726,28.44573212,63.18275,-0.009234249,-0.010333832,-1.104964703
2023-12-06T14:52:00Z,6,6,699.88916,10319.43,0.234268726,28.44573212,63.18275,-0.009234249,-0.010333832,-1.104964703
2023-12-06T15:19:20Z,6,9,711.255675,3986.563,0.092948583,22.13949672,57.605125,-0.006774983,-0.008395377,-2.024549086
2023-12-06T15:20:00Z,6,9,697.58305,3986.563,0.092948583,22.13949672,57.605125,-0.006774983,-0.008395377,-2.024549086
2023-12-06T15:21:00Z,6,9,686.9695833,3986.563,0.092948583,22.13949672,57.605125,-0.006774983,-0.008395377,-2.024549086
2023-12-06T15:22:00Z,6,9,684.0050833,3986.563,0.092948583,22.13949672,57.605125,-0.006774983,-0.008395377,-2.024549086
2023-12-06T15:23:00Z,6,9,688.3082667,3986.563,0.092948583,22.13949672,57.605125,-0.006774983,-0.008395377,-2.024549086
2023-12-06T15:24:00Z,6,9,686.9218,3986.563,0.092948583,22.13949672,57.605125,-0.006774983,-0.008395377,-2.024549086
2023-12-06T15:25:00Z,6,9,691.56575,3986.563,0.092948583,22.13949672,57.605125,-0.006774983,-0.008395377,-2.024549086
2023-12-06T15:26:00Z,6,9,697.4722167,3986.563,0.092948583,22.13949672,57.605125,-0.006774983,-0.008395377,-2.024549086
2023-12-06T15:27:00Z,6,9,701.20885,3986.563,0.092948583,22.13949672,57.605125,-0.006774983,-0.008395377,-2.024549086
2023-12-06T15:28:00Z,6,9,705.0269667,3986.563,0.092948583,22.13949672,57.605125,-0.006774983,-0.008395377,-2.024549086
2023-12-06T15:29:00Z,6,9,710.52485,3986.563,0.092948583,22.13949672,57.605125,-0.006774983,-0.008395377,-2.024549086
2023-12-06T15:30:00Z,6,9,714.13995,3986.563,0.092948583,22.13949672,57.605125,-0.006774983,-0.008395377,-2.024549086
2023-12-06T15:31:00Z,6,9,712.0218,3986.563,0.092948583,22.13949672,57.605125,-0.006774983,-0.008395377,-2.024549086
2023-12-06T15:32:00Z,6,9,733.7989,3986.563,0.092948583,22.13949672,57.605125,-0.006774983,-0.008395377,-2.024549086
2024-12-09T09:25:40Z,9,5,2329.16652,2353.895,0.039109157,24.01377612,56.87233333,2.152726136,2.704675383,1526.98042
2024-12-09T09:26:00Z,9,5,2451.43728,2353.895,0.039109157,24.01377612,56.87233333,2.152726136,2.704675383,1526.98042
2024-12-09T09:27:00Z,9,5,2618.7333,2353.895,0.039109157,24.01377612,56.87233333,2.152726136,2.704675383,1526.98042
2024-12-09T09:28:00Z,9,5,2740.302,2353.895,0.039109157,24.01377612,56.87233333,2.152726136,2.704675383,1526.98042
2024-12-09T09:29:00Z,9,5,2816.20032,2353.895,0.039109157,24.01377612,56.87233333,2.152726136,2.704675383,1526.98042
2024-12-09T09:30:00Z,9,5,2849.439888,2353.895,0.039109157,24.01377612,56.87233333,2.152726136,2.704675383,1526.98042
2024-12-13T15:02:30Z,13,13,350.53264,1004.816,0.056819055,4.085314508,56.35283333,-0.187318141,-0.237662875,-91.37479738
2024-12-13T15:03:00Z,13,13,355.5735,1004.816,0.056819055,4.085314508,56.35283333,-0.187318141,-0.237662875,-91.37479738
2024-12-13T15:04:00Z,13,13,373.28126,1004.816,0.056819055,4.085314508,56.35283333,-0.187318141,-0.237662875,-91.37479738
2024-12-13T15:05:00Z,13,13,393.48283,1004.816,0.056819055,4.085314508,56.35283333,-0.187318141,-0.237662875,-91.37479738
2024-12-13T15:06:00Z,13,13,395.92195,1004.816,0.056819055,4.085314508,56.35283333,-0.187318141,-0.237662875,-91.37479738
2024-12-13T15:07:00Z,13,13,403.49638,1004.816,0.056819055,4.085314508,56.35283333,-0.187318141,-0.237662875,-91.37479738
2024-12-13T11:36:00Z,13,15,660.91974,4022.262,0.080274045,1.068902608,55.52083333,-0.341699916,-0.44035282,-117.8155333
2024-12-13T11:37:00Z,13,15,827.7718,4022.262,0.080274045,1.068902608,55.52083333,-0.341699916,-0.44035282,-117.8155333
2024-12-13T11:38:00Z,13,15,959.3479,4022.262,0.080274045,1.068902608,55.52083333,-0.341699916,-0.44035282,-117.8155333
2024-12-13T11:39:00Z,13,15,1067.8591,4022.262,0.080274045,1.068902608,55.52083333,-0.341699916,-0.44035282,-117.8155333
2024-12-13T11:40:00Z,13,15,1173.9764,4022.262,0.080274045,1.068902608,55.52083333,-0.341699916,-0.44035282,-117.8155333
2024-12-13T11:41:00Z,13,15,1260.6165,4022.262,0.080274045,1.068902608,55.52083333,-0.341699916,-0.44035282,-117.8155333
2024-12-13T11:42:00Z,13,15,1345.3947,4022.262,0.080274045,1.068902608,55.52083333,-0.341699916,-0.44035282,-117.8155333
2024-12-13T11:43:00Z,13,15,1416.3973,4022.262,0.080274045,1.068902608,55.52083333,-0.341699916,-0.44035282,-117.8155333
2024-12-13T11:44:00Z,13,15,1487.1525,4022.262,0.080274045,1.068902608,55.52083333,-0.341699916,-0.44035282,-117.8155333
2024-12-13T11:45:00Z,13,15,1552.7124,4022.262,0.080274045,1.068902608,55.52083333,-0.341699916,-0.44035282,-117.8155333
2024-12-13T11:46:00Z,13,15,1615.8881,4022.262,0.080274045,1.068902608,55.52083333,-0.341699916,-0.44035282,-117.8155333
2024-12-13T11:47:00Z,13,15,1681.6785,4022.262,0.080274045,1.068902608,55.52083333,-0.341699916,-0.44035282,-117.8155333
2024-12-13T11:48:00Z,13,15,1739.7426,4022.262,0.080274045,1.068902608,55.52083333,-0.341699916,-0.44035282,-117.8155333
2024-12-13T11:49:00Z,13,15,1787.5353,4022.262,0.080274045,1.068902608,55.52083333,-0.341699916,-0.44035282,-117.8155333
2024-12-13T11:50:00Z,13,15,1840.5988,4022.262,0.080274045,1.068902608,55.52083333,-0.341699916,-0.44035282,-117.8155333
2024-12-13T11:51:00Z,13,15,1885.5189,4022.262,0.080274045,1.068902608,55.52083333,-0.341699916,-0.44035282,-117.8155333
2024-12-13T11:52:00Z,13,15,1941.6608,4022.262,0.080274045,1.068902608,55.52083333,-0.341699916,-0.44035282,-117.8155333
2024-12-13T11:53:00Z,13,15,1971.9642,4022.262,0.080274045,1.068902608,55.52083333,-0.341699916,-0.44035282,-117.8155333
2024-12-13T12:38:50Z,13,3,365.8083,3151.238,0.116689692,1.435182194,54.87,-0.125094972,-0.163199144,-29.63902738
2024-12-13T12:39:00Z,13,3,411.37722,3151.238,0.116689692,1.435182194,54.87,-0.125094972,-0.163199144,-29.63902738
2024-12-13T12:40:00Z,13,3,461.59355,3151.238,0.116689692,1.435182194,54.87,-0.125094972,-0.163199144,-29.63902738
2024-12-13T12:41:00Z,13,3,487.02519,3151.238,0.116689692,1.435182194,54.87,-0.125094972,-0.163199144,-29.63902738
2024-12-13T12:42:00Z,13,3,502.29003,3151.238,0.116689692,1.435182194,54.87,-0.125094972,-0.163199144,-29.63902738
2024-12-13T13:13:30Z,13,6,526.36744,1090.647,0.148406142,7.553051713,61.35475,0.502258718,0.580860275,94.59038991
2024-12-13T13:14:00Z,13,6,878.1791,1090.647,0.148406142,7.553051713,61.35475,0.502258718,0.580860275,94.59038991
2024-12-13T13:15:00Z,13,6,1408.5483,1090.647,0.148406142,7.553051713,61.35475,0.502258718,0.580860275,94.59038991
2024-12-13T13:16:00Z,13,6,1858.0192,1090.647,0.148406142,7.553051713,61.35475,0.502258718,0.580860275,94.59038991
2024-12-13T13:17:00Z,13,6,2241.629,1090.647,0.148406142,7.553051713,61.35475,0.502258718,0.580860275,94.59038991
2024-12-13T13:18:00Z,13,6,2523.9931,1090.647,0.148406142,7.553051713,61.35475,0.502258718,0.580860275,94.59038991
2024-12-13T13:19:00Z,13,6,2784.257,1090.647,0.148406142,7.553051713,61.35475,0.502258718,0.580860275,94.59038991
2024-12-13T13:20:00Z,13,6,3018.9126,1090.647,0.148406142,7.553051713,61.35475,0.502258718,0.580860275,94.59038991
2024-12-13T13:21:00Z,13,6,3223.3187,1090.647,0.148406142,7.553051713,61.35475,0.502258718,0.580860275,94.59038991
2024-12-13T13:22:00Z,13,6,3408.5141,1090.647,0.148406142,7.553051713,61.35475,0.502258718,0.580860275,94.59038991
2024-12-13T13:23:00Z,13,6,3596.0114,1090.647,0.148406142,7.553051713,61.35475,0.502258718,0.580860275,94.59038991
2024-12-13T13:24:00Z,13,6,3788.7567,1090.647,0.148406142,7.553051713,61.35475,0.502258718,0.580860275,94.59038991
2024-12-13T13:25:00Z,13,6,3955.4097,1090.647,0.148406142,7.553051713,61.35475,0.502258718,0.580860275,94.59038991
2024-12-13T13:26:00Z,13,6,4142.1496,1090.647,0.148406142,7.553051713,61.35475,0.502258718,0.580860275,94.59038991
2024-12-13T13:27:00Z,13,6,4347.8451,1090.647,0.148406142,7.553051713,61.35475,0.502258718,0.580860275,94.59038991
2024-12-13T13:28:00Z,13,6,4550.5413,1090.647,0.148406142,7.553051713,61.35475,0.502258718,0.580860275,94.59038991
2024-12-13T13:29:00Z,13,6,4699.9637,1090.647,0.148406142,7.553051713,61.35475,0.502258718,0.580860275,94.59038991
2024-12-13T13:30:00Z,13,6,4856.5159,1090.647,0.148406142,7.553051713,61.35475,0.502258718,0.580860275,94.59038991
2024-12-13T13:31:00Z,13,6,4997.8135,1090.647,0.148406142,7.553051713,61.35475,0.502258718,0.580860275,94.59038991
2024-12-13T13:32:00Z,13,6,5163.9353,1090.647,0.148406142,7.553051713,61.35475,0.502258718,0.580860275,94.59038991
2024-12-13T13:33:00Z,13,6,5280.4728,1090.647,0.148406142,7.553051713,61.35475,0.502258718,0.580860275,94.59038991
2024-12-13T13:34:00Z,13,6,5409.2276,1090.647,0.148406142,7.553051713,61.35475,0.502258718,0.580860275,94.59038991
2024-12-13T13:35:00Z,13,6,5511.3699,1090.647,0.148406142,7.553051713,61.35475,0.502258718,0.580860275,94.59038991
2024-12-13T14:17:40Z,13,9,335.75364,NA,0.055228228,8.570961999,51.59316667,NA,NA,NA
2024-12-13T14:18:00Z,13,9,348.31364,NA,0.055228228,8.570961999,51.59316667,NA,NA,NA
2024-12-13T14:19:00Z,13,9,365.97807,NA,0.055228228,8.570961999,51.59316667,NA,NA,NA
2024-12-13T14:20:00Z,13,9,380.82924,NA,0.055228228,8.570961999,51.59316667,NA,NA,NA
2024-12-13T14:21:00Z,13,9,388.29396,NA,0.055228228,8.570961999,51.59316667,NA,NA,NA
2024-12-13T14:22:00Z,13,9,395.88761,NA,0.055228228,8.570961999,51.59316667,NA,NA,NA
2024-12-13T14:23:00Z,13,9,406.04875,NA,0.055228228,8.570961999,51.59316667,NA,NA,NA
2024-12-13T14:24:00Z,13,9,411.06328,NA,0.055228228,8.570961999,51.59316667,NA,NA,NA
2024-12-13T14:25:00Z,13,9,422.35983,NA,0.055228228,8.570961999,51.59316667,NA,NA,NA
2023-12-19T12:16:30Z,19,14,774.73065,1004.816,1.048292963,NA,57.986125,-0.006569916,-0.008084098,-0.174187069
2023-12-19T12:17:00Z,19,14,804.0805833,1004.816,1.048292963,NA,57.986125,-0.006569916,-0.008084098,-0.174187069
2023-12-19T12:18:00Z,19,14,799.6728333,1004.816,1.048292963,NA,57.986125,-0.006569916,-0.008084098,-0.174187069
2023-12-19T12:19:00Z,19,14,794.7187167,1004.816,1.048292963,NA,57.986125,-0.006569916,-0.008084098,-0.174187069
2023-12-19T12:20:00Z,19,14,790.5771667,1004.816,1.048292963,NA,57.986125,-0.006569916,-0.008084098,-0.174187069
2023-12-19T12:21:00Z,19,14,791.9803833,1004.816,1.048292963,NA,57.986125,-0.006569916,-0.008084098,-0.174187069
2023-12-19T12:22:00Z,19,14,783.6944,1004.816,1.048292963,NA,57.986125,-0.006569916,-0.008084098,-0.174187069
2023-12-19T12:23:00Z,19,14,781.1307,1004.816,1.048292963,NA,57.986125,-0.006569916,-0.008084098,-0.174187069
2023-12-19T12:24:00Z,19,14,783.3759833,1004.816,1.048292963,NA,57.986125,-0.006569916,-0.008084098,-0.174187069
2023-12-19T12:25:00Z,19,14,782.90855,1004.816,1.048292963,NA,57.986125,-0.006569916,-0.008084098,-0.174187069
2023-12-19T12:26:00Z,19,14,782.6094,1004.816,1.048292963,NA,57.986125,-0.006569916,-0.008084098,-0.174187069
2023-12-19T12:27:00Z,19,14,787.5199,1004.816,1.048292963,NA,57.986125,-0.006569916,-0.008084098,-0.174187069
2023-12-19T12:28:00Z,19,14,790.0213333,1004.816,1.048292963,NA,57.986125,-0.006569916,-0.008084098,-0.174187069
2023-12-19T12:29:00Z,19,14,792.0075,1004.816,1.048292963,NA,57.986125,-0.006569916,-0.008084098,-0.174187069
2023-12-19T12:50:30Z,19,14,792.3466333,1004.816,1.048292963,NA,57.986125,-0.006569916,-0.008084098,-0.174187069
2023-12-19T12:51:00Z,19,14,776.2055,1004.816,1.048292963,NA,57.986125,-0.006569916,-0.008084098,-0.174187069
2023-12-19T12:52:00Z,19,14,753.3511833,1004.816,1.048292963,NA,57.986125,-0.006569916,-0.008084098,-0.174187069
2023-12-19T12:53:00Z,19,14,741.5704333,1004.816,1.048292963,NA,57.986125,-0.006569916,-0.008084098,-0.174187069
2023-12-19T12:54:00Z,19,14,709.2427,1004.816,1.048292963,NA,57.986125,-0.006569916,-0.008084098,-0.174187069
2023-12-19T13:12:00Z,19,14,816.4408833,1004.816,1.048292963,NA,57.986125,-0.006569916,-0.008084098,-0.174187069
2023-12-19T13:13:00Z,19,14,782.71445,1004.816,1.048292963,NA,57.986125,-0.006569916,-0.008084098,-0.174187069
2023-12-19T13:14:00Z,19,14,760.8823833,1004.816,1.048292963,NA,57.986125,-0.006569916,-0.008084098,-0.174187069
2023-12-19T13:15:00Z,19,14,744.0046167,1004.816,1.048292963,NA,57.986125,-0.006569916,-0.008084098,-0.174187069
2023-12-19T13:32:00Z,19,14,861.41365,1004.816,1.048292963,NA,57.986125,-0.006569916,-0.008084098,-0.174187069
2023-12-19T13:33:00Z,19,14,809.3672333,1004.816,1.048292963,NA,57.986125,-0.006569916,-0.008084098,-0.174187069
2023-12-19T13:34:00Z,19,14,785.4696667,1004.816,1.048292963,NA,57.986125,-0.006569916,-0.008084098,-0.174187069
2023-12-19T13:35:00Z,19,14,786.2187,1004.816,1.048292963,NA,57.986125,-0.006569916,-0.008084098,-0.174187069
2023-12-19T13:36:00Z,19,14,791.0579,1004.816,1.048292963,NA,57.986125,-0.006569916,-0.008084098,-0.174187069
2023-12-19T13:37:00Z,19,14,785.6458667,1004.816,1.048292963,NA,57.986125,-0.006569916,-0.008084098,-0.174187069
2023-12-19T13:38:00Z,19,14,784.9458333,1004.816,1.048292963,NA,57.986125,-0.006569916,-0.008084098,-0.174187069
2023-12-19T13:39:00Z,19,14,787.6875167,1004.816,1.048292963,NA,57.986125,-0.006569916,-0.008084098,-0.174187069
2023-12-19T13:40:00Z,19,14,786.5488833,1004.816,1.048292963,NA,57.986125,-0.006569916,-0.008084098,-0.174187069
2023-12-19T13:41:00Z,19,14,782.27925,1004.816,1.048292963,NA,57.986125,-0.006569916,-0.008084098,-0.174187069
2023-12-19T13:42:00Z,19,14,783.8974333,1004.816,1.048292963,NA,57.986125,-0.006569916,-0.008084098,-0.174187069
2023-12-19T13:43:00Z,19,14,793.5559,1004.816,1.048292963,NA,57.986125,-0.006569916,-0.008084098,-0.174187069
2023-12-19T13:44:00Z,19,14,808.28895,1004.816,1.048292963,NA,57.986125,-0.006569916,-0.008084098,-0.174187069
2023-12-19T11:00:40Z,19,15,743.7952,8757.557,0.50826007,705.2384302,57.950125,-0.141260996,-0.173934289,-7.724116387
2023-12-19T11:01:00Z,19,15,1126.423417,8757.557,0.50826007,705.2384302,57.950125,-0.141260996,-0.173934289,-7.724116387
2023-12-19T11:02:00Z,19,15,1465.812167,8757.557,0.50826007,705.2384302,57.950125,-0.141260996,-0.173934289,-7.724116387
2023-12-19T11:03:00Z,19,15,1712.8595,8757.557,0.50826007,705.2384302,57.950125,-0.141260996,-0.173934289,-7.724116387
2023-12-19T11:04:00Z,19,15,1887.441833,8757.557,0.50826007,705.2384302,57.950125,-0.141260996,-0.173934289,-7.724116387
2023-12-19T11:05:00Z,19,15,2009.460833,8757.557,0.50826007,705.2384302,57.950125,-0.141260996,-0.173934289,-7.724116387
2023-12-19T11:06:00Z,19,15,2095.250333,8757.557,0.50826007,705.2384302,57.950125,-0.141260996,-0.173934289,-7.724116387
2023-12-19T11:07:00Z,19,15,2155.069,8757.557,0.50826007,705.2384302,57.950125,-0.141260996,-0.173934289,-7.724116387
2023-12-19T11:08:00Z,19,15,2198.586,8757.557,0.50826007,705.2384302,57.950125,-0.141260996,-0.173934289,-7.724116387
2023-12-19T11:09:00Z,19,15,2231.331667,8757.557,0.50826007,705.2384302,57.950125,-0.141260996,-0.173934289,-7.724116387
2023-12-19T11:10:00Z,19,15,2257.3415,8757.557,0.50826007,705.2384302,57.950125,-0.141260996,-0.173934289,-7.724116387
2023-12-19T11:11:00Z,19,15,2279.772167,8757.557,0.50826007,705.2384302,57.950125,-0.141260996,-0.173934289,-7.724116387
2023-12-19T11:12:00Z,19,15,2294.858833,8757.557,0.50826007,705.2384302,57.950125,-0.141260996,-0.173934289,-7.724116387
2023-12-19T11:13:00Z,19,15,2310.261333,8757.557,0.50826007,705.2384302,57.950125,-0.141260996,-0.173934289,-7.724116387
2023-12-19T11:14:00Z,19,15,2243.992,8757.557,0.50826007,705.2384302,57.950125,-0.141260996,-0.173934289,-7.724116387
2023-12-19T11:00:40Z,19,3,743.7952,8053.117,0.878715799,590.9663965,58.62899812,-0.16449777,-0.200053915,-5.208458277
2023-12-19T11:01:00Z,19,3,1126.423417,8053.117,0.878715799,590.9663965,58.62899812,-0.16449777,-0.200053915,-5.208458277
2023-12-19T11:02:00Z,19,3,1465.812167,8053.117,0.878715799,590.9663965,58.62899812,-0.16449777,-0.200053915,-5.208458277
2023-12-19T11:03:00Z,19,3,1712.8595,8053.117,0.878715799,590.9663965,58.62899812,-0.16449777,-0.200053915,-5.208458277
2023-12-19T11:04:00Z,19,3,1887.441833,8053.117,0.878715799,590.9663965,58.62899812,-0.16449777,-0.200053915,-5.208458277
2023-12-19T11:05:00Z,19,3,2009.460833,8053.117,0.878715799,590.9663965,58.62899812,-0.16449777,-0.200053915,-5.208458277
2023-12-19T11:06:00Z,19,3,2095.250333,8053.117,0.878715799,590.9663965,58.62899812,-0.16449777,-0.200053915,-5.208458277
2023-12-19T11:07:00Z,19,3,2155.069,8053.117,0.878715799,590.9663965,58.62899812,-0.16449777,-0.200053915,-5.208458277
2023-12-19T11:08:00Z,19,3,2198.586,8053.117,0.878715799,590.9663965,58.62899812,-0.16449777,-0.200053915,-5.208458277
2023-12-19T11:09:00Z,19,3,2231.331667,8053.117,0.878715799,590.9663965,58.62899812,-0.16449777,-0.200053915,-5.208458277
2023-12-19T11:10:00Z,19,3,2257.3415,8053.117,0.878715799,590.9663965,58.62899812,-0.16449777,-0.200053915,-5.208458277
2023-12-19T11:11:00Z,19,3,2279.772167,8053.117,0.878715799,590.9663965,58.62899812,-0.16449777,-0.200053915,-5.208458277
2023-12-19T11:12:00Z,19,3,2294.858833,8053.117,0.878715799,590.9663965,58.62899812,-0.16449777,-0.200053915,-5.208458277
2023-12-19T11:13:00Z,19,3,2310.261333,8053.117,0.878715799,590.9663965,58.62899812,-0.16449777,-0.200053915,-5.208458277
2023-12-19T11:14:00Z,19,3,2331.1855,8053.117,0.878715799,590.9663965,58.62899812,-0.16449777,-0.200053915,-5.208458277
2023-12-19T10:01:50Z,19,5,444.28,5389.708,0.756587391,480.1893078,59.39270833,-0.031149189,-0.037343436,-1.146956591
2023-12-19T10:02:00Z,19,5,457.53755,5389.708,0.756587391,480.1893078,59.39270833,-0.031149189,-0.037343436,-1.146956591
2023-12-19T10:03:00Z,19,5,452.6567,5389.708,0.756587391,480.1893078,59.39270833,-0.031149189,-0.037343436,-1.146956591
2023-12-19T10:04:00Z,19,5,455.8918167,5389.708,0.756587391,480.1893078,59.39270833,-0.031149189,-0.037343436,-1.146956591
2023-12-19T10:05:00Z,19,5,463.0828,5389.708,0.756587391,480.1893078,59.39270833,-0.031149189,-0.037343436,-1.146956591
2023-12-19T10:06:00Z,19,5,473.5494833,5389.708,0.756587391,480.1893078,59.39270833,-0.031149189,-0.037343436,-1.146956591
2023-12-19T10:07:00Z,19,5,485.5066,5389.708,0.756587391,480.1893078,59.39270833,-0.031149189,-0.037343436,-1.146956591
2023-12-19T10:08:00Z,19,5,501.9168,5389.708,0.756587391,480.1893078,59.39270833,-0.031149189,-0.037343436,-1.146956591
2023-12-19T10:09:00Z,19,5,516.7858,5389.708,0.756587391,480.1893078,59.39270833,-0.031149189,-0.037343436,-1.146956591
2023-12-19T10:10:00Z,19,5,535.9475333,5389.708,0.756587391,480.1893078,59.39270833,-0.031149189,-0.037343436,-1.146956591
2023-12-19T10:11:00Z,19,5,556.7382667,5389.708,0.756587391,480.1893078,59.39270833,-0.031149189,-0.037343436,-1.146956591
2023-12-19T10:12:00Z,19,5,581.2220333,5389.708,0.756587391,480.1893078,59.39270833,-0.031149189,-0.037343436,-1.146956591
2023-12-19T10:13:00Z,19,5,606.7168167,5389.708,0.756587391,480.1893078,59.39270833,-0.031149189,-0.037343436,-1.146956591
2023-12-19T10:14:00Z,19,5,624.3288,5389.708,0.756587391,480.1893078,59.39270833,-0.031149189,-0.037343436,-1.146956591
2023-12-19T10:15:00Z,19,5,646.61455,5389.708,0.756587391,480.1893078,59.39270833,-0.031149189,-0.037343436,-1.146956591
2023-12-19T10:16:00Z,19,5,657.5894667,5389.708,0.756587391,480.1893078,59.39270833,-0.031149189,-0.037343436,-1.146956591
2023-12-19T10:17:00Z,19,5,673.3397,5389.708,0.756587391,480.1893078,59.39270833,-0.031149189,-0.037343436,-1.146956591
2023-12-19T10:18:00Z,19,5,682.2636833,5389.708,0.756587391,480.1893078,59.39270833,-0.031149189,-0.037343436,-1.146956591
2023-12-19T10:19:00Z,19,5,690.5467167,5389.708,0.756587391,480.1893078,59.39270833,-0.031149189,-0.037343436,-1.146956591
2023-12-19T10:20:00Z,19,5,683.9104167,5389.708,0.756587391,480.1893078,59.39270833,-0.031149189,-0.037343436,-1.146956591
2023-12-19T10:21:00Z,19,5,690.3513667,5389.708,0.756587391,480.1893078,59.39270833,-0.031149189,-0.037343436,-1.146956591
2023-12-19T10:22:00Z,19,5,693.9466667,5389.708,0.756587391,480.1893078,59.39270833,-0.031149189,-0.037343436,-1.146956591
2023-12-19T10:23:00Z,19,5,706.4421833,5389.708,0.756587391,480.1893078,59.39270833,-0.031149189,-0.037343436,-1.146956591
2023-12-19T10:24:00Z,19,5,742.0381,5389.708,0.756587391,480.1893078,59.39270833,-0.031149189,-0.037343436,-1.146956591
2023-12-19T10:25:00Z,19,5,766.9627167,5389.708,0.756587391,480.1893078,59.39270833,-0.031149189,-0.037343436,-1.146956591
2023-12-19T10:26:00Z,19,5,785.6079167,5389.708,0.756587391,480.1893078,59.39270833,-0.031149189,-0.037343436,-1.146956591
2023-12-19T10:27:00Z,19,5,805.7809333,5389.708,0.756587391,480.1893078,59.39270833,-0.031149189,-0.037343436,-1.146956591
2023-12-19T10:28:00Z,19,5,777.3348,5389.708,0.756587391,480.1893078,59.39270833,-0.031149189,-0.037343436,-1.146956591
2023-12-19T10:03:00Z,19,7,452.6567,9377.646,0.721386802,848.0757566,60.17370833,-0.017867765,-0.021117843,-0.690908661
2023-12-19T10:04:00Z,19,7,455.8918167,9377.646,0.721386802,848.0757566,60.17370833,-0.017867765,-0.021117843,-0.690908661
2023-12-19T10:05:00Z,19,7,463.0828,9377.646,0.721386802,848.0757566,60.17370833,-0.017867765,-0.021117843,-0.690908661
2023-12-19T10:06:00Z,19,7,473.5494833,9377.646,0.721386802,848.0757566,60.17370833,-0.017867765,-0.021117843,-0.690908661
2023-12-19T10:07:00Z,19,7,485.5066,9377.646,0.721386802,848.0757566,60.17370833,-0.017867765,-0.021117843,-0.690908661
2023-12-19T10:08:00Z,19,7,501.9168,9377.646,0.721386802,848.0757566,60.17370833,-0.017867765,-0.021117843,-0.690908661
2023-12-19T10:09:00Z,19,7,516.7858,9377.646,0.721386802,848.0757566,60.17370833,-0.017867765,-0.021117843,-0.690908661
2023-12-19T10:10:00Z,19,7,535.9475333,9377.646,0.721386802,848.0757566,60.17370833,-0.017867765,-0.021117843,-0.690908661
2023-12-19T10:11:00Z,19,7,556.7382667,9377.646,0.721386802,848.0757566,60.17370833,-0.017867765,-0.021117843,-0.690908661
2023-12-19T10:12:00Z,19,7,581.2220333,9377.646,0.721386802,848.0757566,60.17370833,-0.017867765,-0.021117843,-0.690908661
2023-12-19T10:13:00Z,19,7,606.7168167,9377.646,0.721386802,848.0757566,60.17370833,-0.017867765,-0.021117843,-0.690908661
2023-12-19T10:14:00Z,19,7,624.3288,9377.646,0.721386802,848.0757566,60.17370833,-0.017867765,-0.021117843,-0.690908661
2023-12-19T10:15:00Z,19,7,646.61455,9377.646,0.721386802,848.0757566,60.17370833,-0.017867765,-0.021117843,-0.690908661
2023-12-19T10:16:00Z,19,7,657.5894667,9377.646,0.721386802,848.0757566,60.17370833,-0.017867765,-0.021117843,-0.690908661
2023-12-19T10:17:00Z,19,7,673.3397,9377.646,0.721386802,848.0757566,60.17370833,-0.017867765,-0.021117843,-0.690908661
2023-12-19T10:18:00Z,19,7,682.2636833,9377.646,0.721386802,848.0757566,60.17370833,-0.017867765,-0.021117843,-0.690908661
2023-12-19T10:19:00Z,19,7,690.5467167,9377.646,0.721386802,848.0757566,60.17370833,-0.017867765,-0.021117843,-0.690908661
2023-12-19T10:20:00Z,19,7,683.9104167,9377.646,0.721386802,848.0757566,60.17370833,-0.017867765,-0.021117843,-0.690908661
2023-12-19T10:21:00Z,19,7,690.3513667,9377.646,0.721386802,848.0757566,60.17370833,-0.017867765,-0.021117843,-0.690908661
2023-12-19T10:22:00Z,19,7,693.9466667,9377.646,0.721386802,848.0757566,60.17370833,-0.017867765,-0.021117843,-0.690908661
2023-12-19T10:23:00Z,19,7,706.4421833,9377.646,0.721386802,848.0757566,60.17370833,-0.017867765,-0.021117843,-0.690908661
2023-12-19T10:24:00Z,19,7,742.0381,9377.646,0.721386802,848.0757566,60.17370833,-0.017867765,-0.021117843,-0.690908661
2023-12-19T10:25:00Z,19,7,766.9627167,9377.646,0.721386802,848.0757566,60.17370833,-0.017867765,-0.021117843,-0.690908661
2023-12-19T10:26:00Z,19,7,785.6079167,9377.646,0.721386802,848.0757566,60.17370833,-0.017867765,-0.021117843,-0.690908661
2023-12-19T10:27:00Z,19,7,805.7809333,9377.646,0.721386802,848.0757566,60.17370833,-0.017867765,-0.021117843,-0.690908661
2023-12-19T10:28:00Z,19,7,826.2127,9377.646,0.721386802,848.0757566,60.17370833,-0.017867765,-0.021117843,-0.690908661
2024-01-05T12:05:50Z,5,14,761.1271,1004.816,0.636482385,NA,56.98041667,-0.196027992,-0.245790809,-8.545429853
2024-01-05T12:06:00Z,5,14,743.4766,1004.816,0.636482385,NA,56.98041667,-0.196027992,-0.245790809,-8.545429853
2024-01-05T12:07:00Z,5,14,738.0828167,1004.816,0.636482385,NA,56.98041667,-0.196027992,-0.245790809,-8.545429853
2024-01-05T12:08:00Z,5,14,729.3363167,1004.816,0.636482385,NA,56.98041667,-0.196027992,-0.245790809,-8.545429853
2024-01-05T12:09:00Z,5,14,727.9752667,1004.816,0.636482385,NA,56.98041667,-0.196027992,-0.245790809,-8.545429853
2024-01-05T12:10:00Z,5,14,736.4736,1004.816,0.636482385,NA,56.98041667,-0.196027992,-0.245790809,-8.545429853
2024-01-05T12:11:00Z,5,14,742.2643333,1004.816,0.636482385,NA,56.98041667,-0.196027992,-0.245790809,-8.545429853
2024-01-05T12:12:00Z,5,14,751.7102333,1004.816,0.636482385,NA,56.98041667,-0.196027992,-0.245790809,-8.545429853
2024-01-05T12:13:00Z,5,14,757.4639833,1004.816,0.636482385,NA,56.98041667,-0.196027992,-0.245790809,-8.545429853
2024-01-05T12:14:00Z,5,14,765.3840333,1004.816,0.636482385,NA,56.98041667,-0.196027992,-0.245790809,-8.545429853
2024-01-05T12:15:00Z,5,14,772.8148167,1004.816,0.636482385,NA,56.98041667,-0.196027992,-0.245790809,-8.545429853
2024-01-05T12:16:00Z,5,14,786.37545,1004.816,0.636482385,NA,56.98041667,-0.196027992,-0.245790809,-8.545429853
2024-01-05T12:17:00Z,5,14,791.26335,1004.816,0.636482385,NA,56.98041667,-0.196027992,-0.245790809,-8.545429853
2024-01-05T12:18:00Z,5,14,792.5516667,1004.816,0.636482385,NA,56.98041667,-0.196027992,-0.245790809,-8.545429853
2024-01-05T15:35:50Z,5,6a,637.0341,1245.823,0.239374423,14.11502467,52.15875,-0.330011044,-0.453426571,-37.94101798
2024-01-05T15:36:00Z,5,6a,623.7624167,1245.823,0.239374423,14.11502467,52.15875,-0.330011044,-0.453426571,-37.94101798
2024-01-05T15:37:00Z,5,6a,595.4056167,1245.823,0.239374423,14.11502467,52.15875,-0.330011044,-0.453426571,-37.94101798
2024-01-05T15:38:00Z,5,6a,594.37785,1245.823,0.239374423,14.11502467,52.15875,-0.330011044,-0.453426571,-37.94101798
2024-01-05T15:39:00Z,5,6a,606.08495,1245.823,0.239374423,14.11502467,52.15875,-0.330011044,-0.453426571,-37.94101798
2024-01-05T15:40:00Z,5,6a,622.5833833,1245.823,0.239374423,14.11502467,52.15875,-0.330011044,-0.453426571,-37.94101798
2024-01-05T15:41:00Z,5,6a,648.7960667,1245.823,0.239374423,14.11502467,52.15875,-0.330011044,-0.453426571,-37.94101798
2024-01-05T15:42:00Z,5,6a,675.2582833,1245.823,0.239374423,14.11502467,52.15875,-0.330011044,-0.453426571,-37.94101798
2024-01-05T15:43:00Z,5,6a,696.0055667,1245.823,0.239374423,14.11502467,52.15875,-0.330011044,-0.453426571,-37.94101798
2024-01-05T15:44:00Z,5,6a,717.2999833,1245.823,0.239374423,14.11502467,52.15875,-0.330011044,-0.453426571,-37.94101798
2024-01-05T15:45:00Z,5,6a,736.1294167,1245.823,0.239374423,14.11502467,52.15875,-0.330011044,-0.453426571,-37.94101798
2024-01-05T15:46:00Z,5,6a,760.2788,1245.823,0.239374423,14.11502467,52.15875,-0.330011044,-0.453426571,-37.94101798
2024-01-05T15:47:00Z,5,6a,777.2203167,1245.823,0.239374423,14.11502467,52.15875,-0.330011044,-0.453426571,-37.94101798
2024-01-05T15:48:00Z,5,6a,800.6710833,1245.823,0.239374423,14.11502467,52.15875,-0.330011044,-0.453426571,-37.94101798
2024-01-05T15:49:00Z,5,6a,815.1031333,1245.823,0.239374423,14.11502467,52.15875,-0.330011044,-0.453426571,-37.94101798
2024-01-05T15:50:00Z,5,6a,828.4584167,1245.823,0.239374423,14.11502467,52.15875,-0.330011044,-0.453426571,-37.94101798
2024-01-05T15:51:00Z,5,6a,831.0903667,1245.823,0.239374423,14.11502467,52.15875,-0.330011044,-0.453426571,-37.94101798
2024-01-05T15:52:00Z,5,6a,832.77725,1245.823,0.239374423,14.11502467,52.15875,-0.330011044,-0.453426571,-37.94101798
2024-01-05T15:53:00Z,5,6a,795.0522,1245.823,0.239374423,14.11502467,52.15875,-0.330011044,-0.453426571,-37.94101798
2024-02-09T13:06:40Z,9,13,841.7328192,2525.272,0.17345855,25.9714865,58.71183333,5.440162867,6.6050205,872.728649
2024-02-09T13:07:00Z,9,13,973.700658,2525.272,0.17345855,25.9714865,58.71183333,5.440162867,6.6050205,872.728649
2024-02-09T13:08:00Z,9,13,1170.556443,2525.272,0.17345855,25.9714865,58.71183333,5.440162867,6.6050205,872.728649
2024-02-09T13:09:00Z,9,13,1356.120952,2525.272,0.17345855,25.9714865,58.71183333,5.440162867,6.6050205,872.728649
2024-02-09T13:10:00Z,9,13,1534.405845,2525.272,0.17345855,25.9714865,58.71183333,5.440162867,6.6050205,872.728649
2024-02-09T13:11:00Z,9,13,1697.550649,2525.272,0.17345855,25.9714865,58.71183333,5.440162867,6.6050205,872.728649
2024-02-09T13:12:00Z,9,13,1871.00571,2525.272,0.17345855,25.9714865,58.71183333,5.440162867,6.6050205,872.728649
2024-02-09T13:13:00Z,9,13,2029.366752,2525.272,0.17345855,25.9714865,58.71183333,5.440162867,6.6050205,872.728649
2024-02-09T13:14:00Z,9,13,2169.453283,2525.272,0.17345855,25.9714865,58.71183333,5.440162867,6.6050205,872.728649
2024-02-09T13:15:00Z,9,13,2329.938534,2525.272,0.17345855,25.9714865,58.71183333,5.440162867,6.6050205,872.728649
2024-02-09T13:16:00Z,9,13,2471.157906,2525.272,0.17345855,25.9714865,58.71183333,5.440162867,6.6050205,872.728649
2024-02-09T13:17:00Z,9,13,2608.887498,2525.272,0.17345855,25.9714865,58.71183333,5.440162867,6.6050205,872.728649
2024-02-09T13:18:10Z,9,13,2751.175678,2525.272,0.17345855,25.9714865,58.71183333,5.440162867,6.6050205,872.728649
2024-02-09T13:19:00Z,9,13,2815.315776,2525.272,0.17345855,25.9714865,58.71183333,5.440162867,6.6050205,872.728649
2024-02-09T10:58:10Z,9,6,504.2178086,12721.81,0.346952867,89.36675599,56.771625,-0.078857718,-0.099277292,-6.304022582
2024-02-09T10:59:00Z,9,6,684.2645964,12721.81,0.346952867,89.36675599,56.771625,-0.078857718,-0.099277292,-6.304022582
2024-02-09T11:00:00Z,9,6,847.083237,7013.68,0.346952867,89.36675599,56.771625,-0.169758233,-0.213715768,-13.57076725
2024-02-09T11:01:00Z,9,6,991.5597762,7013.68,0.346952867,89.36675599,56.771625,-0.169758233,-0.213715768,-13.57076725
2024-02-09T11:02:00Z,9,6,1125.636624,7013.68,0.346952867,89.36675599,56.771625,-0.169758233,-0.213715768,-13.57076725
2024-02-09T11:03:00Z,9,6,1238.923526,7013.68,0.346952867,89.36675599,56.771625,-0.169758233,-0.213715768,-13.57076725
2024-02-09T11:04:00Z,9,6,1344.540733,7013.68,0.346952867,89.36675599,56.771625,-0.169758233,-0.213715768,-13.57076725
2024-02-09T11:05:00Z,9,6,1431.709146,7013.68,0.346952867,89.36675599,56.771625,-0.169758233,-0.213715768,-13.57076725
2024-02-09T11:06:00Z,9,6,1508.821289,7013.68,0.346952867,89.36675599,56.771625,-0.169758233,-0.213715768,-13.57076725
2024-02-09T11:07:00Z,9,6,1578.777295,7013.68,0.346952867,89.36675599,56.771625,-0.169758233,-0.213715768,-13.57076725
2024-02-09T11:08:00Z,9,6,1637.044038,7013.68,0.346952867,89.36675599,56.771625,-0.169758233,-0.213715768,-13.57076725
2024-02-09T11:09:00Z,9,6,1701.378118,7013.68,0.346952867,89.36675599,56.771625,-0.169758233,-0.213715768,-13.57076725
2024-02-09T11:10:00Z,9,6,1767.465731,7013.68,0.346952867,89.36675599,56.771625,-0.169758233,-0.213715768,-13.57076725
2024-02-09T11:11:00Z,9,6,1832.201238,7013.68,0.346952867,89.36675599,56.771625,-0.169758233,-0.213715768,-13.57076725
2024-02-09T11:12:00Z,9,6,1891.657858,7013.68,0.346952867,89.36675599,56.771625,-0.169758233,-0.213715768,-13.57076725
2024-02-09T11:13:00Z,9,6,1958.08998,7013.68,0.346952867,89.36675599,56.771625,-0.169758233,-0.213715768,-13.57076725
2024-02-09T11:14:00Z,9,6,2021.285574,7013.68,0.346952867,89.36675599,56.771625,-0.169758233,-0.213715768,-13.57076725
2024-02-09T11:15:00Z,9,6,2061.781722,7013.68,0.346952867,89.36675599,56.771625,-0.169758233,-0.213715768,-13.57076725
2024-02-09T12:19:40Z,9,9,464.2354962,3784.3,0.262140093,147.6308153,55.680375,-1.466842862,-1.884567656,-154.9180286
2024-02-09T12:20:00Z,9,9,589.3606908,3784.3,0.262140093,147.6308153,55.680375,-1.466842862,-1.884567656,-154.9180286
2024-02-09T12:21:00Z,9,9,776.6590356,3784.3,0.262140093,147.6308153,55.680375,-1.466842862,-1.884567656,-154.9180286
2024-02-09T12:22:00Z,9,9,940.3069032,3784.3,0.262140093,147.6308153,55.680375,-1.466842862,-1.884567656,-154.9180286
2024-02-09T12:23:00Z,9,9,1104.465861,3784.3,0.262140093,147.6308153,55.680375,-1.466842862,-1.884567656,-154.9180286
2024-02-09T12:24:00Z,9,9,1264.060738,3784.3,0.262140093,147.6308153,55.680375,-1.466842862,-1.884567656,-154.9180286
2024-02-09T12:25:00Z,9,9,1407.437271,3784.3,0.262140093,147.6308153,55.680375,-1.466842862,-1.884567656,-154.9180286
2024-02-09T12:26:00Z,9,9,1546.95059,3784.3,0.262140093,147.6308153,55.680375,-1.466842862,-1.884567656,-154.9180286
2024-02-09T12:27:00Z,9,9,1681.488988,3784.3,0.262140093,147.6308153,55.680375,-1.466842862,-1.884567656,-154.9180286
2024-02-09T12:28:00Z,9,9,1810.136044,3784.3,0.262140093,147.6308153,55.680375,-1.466842862,-1.884567656,-154.9180286
2024-02-09T12:29:00Z,9,9,1939.281918,3784.3,0.262140093,147.6308153,55.680375,-1.466842862,-1.884567656,-154.9180286
2024-02-09T12:30:00Z,9,9,2061.946068,3784.3,0.262140093,147.6308153,55.680375,-1.466842862,-1.884567656,-154.9180286
2024-02-09T12:31:00Z,9,9,2175.851664,3784.3,0.262140093,147.6308153,55.680375,-1.466842862,-1.884567656,-154.9180286
2024-02-09T12:32:00Z,9,9,2298.7272,3784.3,0.262140093,147.6308153,55.680375,-1.466842862,-1.884567656,-154.9180286
2024-02-09T12:33:00Z,9,9,2411.76432,3784.3,0.262140093,147.6308153,55.680375,-1.466842862,-1.884567656,-154.9180286
2024-02-09T12:34:00Z,9,9,2511.537689,3784.3,0.262140093,147.6308153,55.680375,-1.466842862,-1.884567656,-154.9180286
2024-02-09T12:35:00Z,9,9,2628.825402,3784.3,0.262140093,147.6308153,55.680375,-1.466842862,-1.884567656,-154.9180286
2024-02-09T12:36:00Z,9,9,2737.80003,3784.3,0.262140093,147.6308153,55.680375,-1.466842862,-1.884567656,-154.9180286
2024-02-09T12:37:00Z,9,9,2850.351168,3784.3,0.262140093,147.6308153,55.680375,-1.466842862,-1.884567656,-154.9180286
2024-02-09T12:38:00Z,9,9,2930.881884,3784.3,0.262140093,147.6308153,55.680375,-1.466842862,-1.884567656,-154.9180286
2024-03-25T09:15:10Z,25,5,578.089344,4021.938,0.200700754,125.5118564,62.83279167,-0.043196097,-0.04863813,-6.029975881
2024-03-25T09:16:00Z,25,5,620.74068,4021.938,0.200700754,125.5118564,62.83279167,-0.043196097,-0.04863813,-6.029975881
2024-03-25T09:17:00Z,25,5,649.16152,4021.938,0.200700754,125.5118564,62.83279167,-0.043196097,-0.04863813,-6.029975881
2024-03-25T09:18:00Z,25,5,647.39542,4021.938,0.200700754,125.5118564,62.83279167,-0.043196097,-0.04863813,-6.029975881
2024-03-25T09:19:00Z,25,5,659.67587,4021.938,0.200700754,125.5118564,62.83279167,-0.043196097,-0.04863813,-6.029975881
2024-03-25T09:20:00Z,25,5,686.31794,4021.938,0.200700754,125.5118564,62.83279167,-0.043196097,-0.04863813,-6.029975881
2024-03-25T09:21:00Z,25,5,691.37033,4021.938,0.200700754,125.5118564,62.83279167,-0.043196097,-0.04863813,-6.029975881
2024-03-25T09:22:00Z,25,5,698.00829,4021.938,0.200700754,125.5118564,62.83279167,-0.043196097,-0.04863813,-6.029975881
2024-03-25T09:23:00Z,25,5,722.15976,4021.938,0.200700754,125.5118564,62.83279167,-0.043196097,-0.04863813,-6.029975881
2024-03-25T09:24:00Z,25,5,722.04559,4021.938,0.200700754,125.5118564,62.83279167,-0.043196097,-0.04863813,-6.029975881
2024-03-25T09:25:00Z,25,5,739.86857,4021.938,0.200700754,125.5118564,62.83279167,-0.043196097,-0.04863813,-6.029975881
2024-03-25T09:26:00Z,25,5,755.43034,4021.938,0.200700754,125.5118564,62.83279167,-0.043196097,-0.04863813,-6.029975881
2024-03-25T09:27:00Z,25,5,767.8293,4021.938,0.200700754,125.5118564,62.83279167,-0.043196097,-0.04863813,-6.029975881
2024-03-25T09:28:00Z,25,5,781.7061,4021.938,0.200700754,125.5118564,62.83279167,-0.043196097,-0.04863813,-6.029975881
2024-03-25T09:29:00Z,25,5,794.69152,4021.938,0.200700754,125.5118564,62.83279167,-0.043196097,-0.04863813,-6.029975881
2024-03-25T09:30:00Z,25,5,793.82947,4021.938,0.200700754,125.5118564,62.83279167,-0.043196097,-0.04863813,-6.029975881
2024-03-25T09:31:00Z,25,5,804.89927,4021.938,0.200700754,125.5118564,62.83279167,-0.043196097,-0.04863813,-6.029975881
2024-03-25T09:32:00Z,25,5,813.96154,4021.938,0.200700754,125.5118564,62.83279167,-0.043196097,-0.04863813,-6.029975881
2024-03-25T09:33:00Z,25,5,833.52661,4021.938,0.200700754,125.5118564,62.83279167,-0.043196097,-0.04863813,-6.029975881
2024-03-25T09:34:00Z,25,5,850.62432,4021.938,0.200700754,125.5118564,62.83279167,-0.043196097,-0.04863813,-6.029975881
2024-03-25T09:35:00Z,25,5,849.79706,4021.938,0.200700754,125.5118564,62.83279167,-0.043196097,-0.04863813,-6.029975881
2024-03-25T09:36:00Z,25,5,877.3107,4021.938,0.200700754,125.5118564,62.83279167,-0.043196097,-0.04863813,-6.029975881
2024-03-25T09:37:00Z,25,5,889.14826,4021.938,0.200700754,125.5118564,62.83279167,-0.043196097,-0.04863813,-6.029975881
2024-03-25T09:38:00Z,25,5,899.73219,4021.938,0.200700754,125.5118564,62.83279167,-0.043196097,-0.04863813,-6.029975881
2024-03-25T09:39:00Z,25,5,917.017416,4021.938,0.200700754,125.5118564,62.83279167,-0.043196097,-0.04863813,-6.029975881
2024-07-29T11:12:50Z,29,15,801.7695,4026.08,0.292017862,100.3027117,76.38316667,1.401857876,1.251861836,137.2864575
2024-07-29T11:13:00Z,29,15,893.88621,4026.08,0.292017862,100.3027117,76.38316667,1.401857876,1.251861836,137.2864575
2024-07-29T11:14:00Z,29,15,1265.80531,4026.08,0.292017862,100.3027117,76.38316667,1.401857876,1.251861836,137.2864575
2024-07-29T11:15:00Z,29,15,1605.67484,4026.08,0.292017862,100.3027117,76.38316667,1.401857876,1.251861836,137.2864575
2024-07-29T11:16:00Z,29,15,1935.73989,4026.08,0.292017862,100.3027117,76.38316667,1.401857876,1.251861836,137.2864575
2024-07-29T11:17:00Z,29,15,2227.80796,4026.08,0.292017862,100.3027117,76.38316667,1.401857876,1.251861836,137.2864575
2024-07-29T11:18:00Z,29,15,2489.7152,4026.08,0.292017862,100.3027117,76.38316667,1.401857876,1.251861836,137.2864575
2024-07-29T11:19:00Z,29,15,2698.66247,4026.08,0.292017862,100.3027117,76.38316667,1.401857876,1.251861836,137.2864575
2024-07-29T11:20:00Z,29,15,2849.07777,4026.08,0.292017862,100.3027117,76.38316667,1.401857876,1.251861836,137.2864575
2024-07-29T11:21:00Z,29,15,3002.39373,4026.08,0.292017862,100.3027117,76.38316667,1.401857876,1.251861836,137.2864575
2024-07-29T11:22:00Z,29,15,3229.16461,4026.08,0.292017862,100.3027117,76.38316667,1.401857876,1.251861836,137.2864575
2024-07-29T11:23:00Z,29,15,3369.3765,4026.08,0.292017862,100.3027117,76.38316667,1.401857876,1.251861836,137.2864575
2024-07-29T11:24:00Z,29,15,3638.64466,4026.08,0.292017862,100.3027117,76.38316667,1.401857876,1.251861836,137.2864575
2024-07-29T11:25:00Z,29,15,3952.59697,4026.08,0.292017862,100.3027117,76.38316667,1.401857876,1.251861836,137.2864575
2024-07-29T11:26:00Z,29,15,4343.50763,4026.08,0.292017862,100.3027117,76.38316667,1.401857876,1.251861836,137.2864575
2024-07-29T11:27:00Z,29,15,4505.6529,4026.08,0.292017862,100.3027117,76.38316667,1.401857876,1.251861836,137.2864575
2024-07-29T11:28:00Z,29,15,4721.3271,4026.08,0.292017862,100.3027117,76.38316667,1.401857876,1.251861836,137.2864575
2024-07-29T11:29:00Z,29,15,4994.0674,4026.08,0.292017862,100.3027117,76.38316667,1.401857876,1.251861836,137.2864575
2024-07-29T11:30:00Z,29,15,5015.5161,4026.08,0.292017862,100.3027117,76.38316667,1.401857876,1.251861836,137.2864575
2024-07-29T11:31:00Z,29,15,5172.3371,4026.08,0.292017862,100.3027117,76.38316667,1.401857876,1.251861836,137.2864575
2024-07-29T11:32:00Z,29,15,5345.3001,4026.08,0.292017862,100.3027117,76.38316667,1.401857876,1.251861836,137.2864575
2024-07-29T11:33:00Z,29,15,5481.3325,4026.08,0.292017862,100.3027117,76.38316667,1.401857876,1.251861836,137.2864575
2024-07-29T11:34:00Z,29,15,5570.1772,4026.08,0.292017862,100.3027117,76.38316667,1.401857876,1.251861836,137.2864575
2024-07-29T11:35:00Z,29,15,5575.1479,4026.08,0.292017862,100.3027117,76.38316667,1.401857876,1.251861836,137.2864575
2024-07-29T11:36:00Z,29,15,5653.6123,4026.08,0.292017862,100.3027117,76.38316667,1.401857876,1.251861836,137.2864575
2024-07-29T11:37:00Z,29,15,5716.7796,4026.08,0.292017862,100.3027117,76.38316667,1.401857876,1.251861836,137.2864575
2024-07-29T11:38:00Z,29,15,5795.7648,4026.08,0.292017862,100.3027117,76.38316667,1.401857876,1.251861836,137.2864575
2024-07-29T11:39:00Z,29,15,5812.9428,4026.08,0.292017862,100.3027117,76.38316667,1.401857876,1.251861836,137.2864575
2024-07-29T09:51:30Z,29,5,1722.98714,6713.144,0.476947773,301.1561657,76.36179167,-0.026257155,-0.023454575,-1.574341021
2024-07-29T09:52:00Z,29,5,1504.81338,6713.144,0.476947773,301.1561657,76.36179167,-0.026257155,-0.023454575,-1.574341021
2024-07-29T09:53:00Z,29,5,1543.13971,6713.144,0.476947773,301.1561657,76.36179167,-0.026257155,-0.023454575,-1.574341021
2024-07-29T09:54:00Z,29,5,1556.875705,6713.144,0.476947773,301.1561657,76.36179167,-0.026257155,-0.023454575,-1.574341021
2024-07-29T09:55:00Z,29,5,1573.981465,6713.144,0.476947773,301.1561657,76.36179167,-0.026257155,-0.023454575,-1.574341021
2024-07-29T09:56:00Z,29,5,1866.625368,6713.144,0.476947773,301.1561657,76.36179167,-0.026257155,-0.023454575,-1.574341021
2024-07-29T08:57:00Z,29,5,1961.721843,6662.922,0.476947773,301.1561657,76.36179167,-0.026551773,-0.023717747,-1.592005893
2024-07-29T08:58:00Z,29,5,1980.124808,6662.922,0.476947773,301.1561657,76.36179167,-0.026551773,-0.023717747,-1.592005893
2024-07-29T08:59:00Z,29,5,2003.80901,6662.922,0.476947773,301.1561657,76.36179167,-0.026551773,-0.023717747,-1.592005893
2024-07-29T09:00:00Z,29,5,1313.19692,6713.144,0.476947773,301.1561657,76.36179167,-0.026257155,-0.023454575,-1.574341021
2024-07-29T09:01:00Z,29,5,1340.749148,6713.144,0.476947773,301.1561657,76.36179167,-0.026257155,-0.023454575,-1.574341021
2024-07-29T09:02:00Z,29,5,1362.570528,6713.144,0.476947773,301.1561657,76.36179167,-0.026257155,-0.023454575,-1.574341021
2024-07-29T09:03:00Z,29,5,1388.934313,6713.144,0.476947773,301.1561657,76.36179167,-0.026257155,-0.023454575,-1.574341021
2024-07-29T09:04:00Z,29,5,1423.662695,6713.144,0.476947773,301.1561657,76.36179167,-0.026257155,-0.023454575,-1.574341021
2024-07-29T09:05:00Z,29,5,1449.87458,6713.144,0.476947773,301.1561657,76.36179167,-0.026257155,-0.023454575,-1.574341021
2024-07-29T09:06:00Z,29,5,1474.774123,6713.144,0.476947773,301.1561657,76.36179167,-0.026257155,-0.023454575,-1.574341021
2024-07-29T09:07:00Z,29,5,1495.99408,6713.144,0.476947773,301.1561657,76.36179167,-0.026257155,-0.023454575,-1.574341021
2024-07-29T09:08:00Z,29,5,1520.477963,6713.144,0.476947773,301.1561657,76.36179167,-0.026257155,-0.023454575,-1.574341021
2024-07-29T09:09:00Z,29,5,1546.29321,6713.144,0.476947773,301.1561657,76.36179167,-0.026257155,-0.023454575,-1.574341021
2024-07-29T09:10:00Z,29,5,1568.184993,6713.144,0.476947773,301.1561657,76.36179167,-0.026257155,-0.023454575,-1.574341021
2024-07-29T09:11:00Z,29,5,1589.630595,6713.144,0.476947773,301.1561657,76.36179167,-0.026257155,-0.023454575,-1.574341021
2024-07-29T09:12:00Z,29,5,1614.213423,6713.144,0.476947773,301.1561657,76.36179167,-0.026257155,-0.023454575,-1.574341021
2024-07-29T09:13:00Z,29,5,1636.660883,6713.144,0.476947773,301.1561657,76.36179167,-0.026257155,-0.023454575,-1.574341021
2024-07-29T09:14:00Z,29,5,1664.241565,6713.144,0.476947773,301.1561657,76.36179167,-0.026257155,-0.023454575,-1.574341021
2024-07-29T09:15:00Z,29,5,1701.947818,6713.144,0.476947773,301.1561657,76.36179167,-0.026257155,-0.023454575,-1.574341021
2024-07-29T09:16:00Z,29,5,1726.45473,6713.144,0.476947773,301.1561657,76.36179167,-0.026257155,-0.023454575,-1.574341021
2024-07-29T09:17:00Z,29,5,1744.61161,6713.144,0.476947773,301.1561657,76.36179167,-0.026257155,-0.023454575,-1.574341021
2024-07-29T09:18:00Z,29,5,1764.69545,6713.144,0.476947773,301.1561657,76.36179167,-0.026257155,-0.023454575,-1.574341021
2024-07-29T09:19:00Z,29,5,1785.758713,6713.144,0.476947773,301.1561657,76.36179167,-0.026257155,-0.023454575,-1.574341021
2024-07-29T09:20:00Z,29,5,1817.623098,6713.144,0.476947773,301.1561657,76.36179167,-0.026257155,-0.023454575,-1.574341021
2024-07-29T09:21:00Z,29,5,1843.317088,6713.144,0.476947773,301.1561657,76.36179167,-0.026257155,-0.023454575,-1.574341021
2024-07-29T09:22:00Z,29,5,1868.641688,6713.144,0.476947773,301.1561657,76.36179167,-0.026257155,-0.023454575,-1.574341021
2024-07-29T09:23:00Z,29,5,1886.67409,6713.144,0.476947773,301.1561657,76.36179167,-0.026257155,-0.023454575,-1.574341021
2024-07-29T09:24:00Z,29,5,1906.31126,6713.144,0.476947773,301.1561657,76.36179167,-0.026257155,-0.023454575,-1.574341021
2024-07-29T09:25:00Z,29,5,1795.91672,6713.144,0.476947773,301.1561657,76.36179167,-0.026257155,-0.023454575,-1.574341021
2024-07-29T09:26:00Z,29,5,1645.34566,6713.144,0.476947773,301.1561657,76.36179167,-0.026257155,-0.023454575,-1.574341021
2024-07-29T09:27:00Z,29,5,1666.12257,6713.144,0.476947773,301.1561657,76.36179167,-0.026257155,-0.023454575,-1.574341021
2024-07-29T09:28:00Z,29,5,1686.02861,6713.144,0.476947773,301.1561657,76.36179167,-0.026257155,-0.023454575,-1.574341021
2024-07-29T09:29:00Z,29,5,1703.59238,6713.144,0.476947773,301.1561657,76.36179167,-0.026257155,-0.023454575,-1.574341021
2024-07-29T09:30:00Z,29,5,1732.88969,6713.144,0.476947773,301.1561657,76.36179167,-0.026257155,-0.023454575,-1.574341021
2024-07-29T09:31:00Z,29,5,1759.47303,6713.144,0.476947773,301.1561657,76.36179167,-0.026257155,-0.023454575,-1.574341021
2024-07-29T09:32:00Z,29,5,1778.30086,6713.144,0.476947773,301.1561657,76.36179167,-0.026257155,-0.023454575,-1.574341021
2024-07-29T09:33:00Z,29,5,1799.13041,6713.144,0.476947773,301.1561657,76.36179167,-0.026257155,-0.023454575,-1.574341021
2024-07-29T09:34:00Z,29,5,1818.19932,6713.144,0.476947773,301.1561657,76.36179167,-0.026257155,-0.023454575,-1.574341021
2024-07-29T09:35:00Z,29,5,1835.67335,6713.144,0.476947773,301.1561657,76.36179167,-0.026257155,-0.023454575,-1.574341021
2024-07-29T09:36:00Z,29,5,1865.73835,6713.144,0.476947773,301.1561657,76.36179167,-0.026257155,-0.023454575,-1.574341021
2024-07-29T09:37:00Z,29,5,1893.75256,6713.144,0.476947773,301.1561657,76.36179167,-0.026257155,-0.023454575,-1.574341021
2024-07-29T09:38:00Z,29,5,1914.84223,6713.144,0.476947773,301.1561657,76.36179167,-0.026257155,-0.023454575,-1.574341021
2024-07-29T09:39:00Z,29,5,1929.02353,6713.144,0.476947773,301.1561657,76.36179167,-0.026257155,-0.023454575,-1.574341021
2024-07-29T09:40:00Z,29,5,1959.30728,6713.144,0.476947773,301.1561657,76.36179167,-0.026257155,-0.023454575,-1.574341021
2024-07-29T09:41:00Z,29,5,1978.38284,6713.144,0.476947773,301.1561657,76.36179167,-0.026257155,-0.023454575,-1.574341021
2024-07-29T09:42:00Z,29,5,2003.52124,6713.144,0.476947773,301.1561657,76.36179167,-0.026257155,-0.023454575,-1.574341021
2024-07-29T09:43:00Z,29,5,2034.71093,6713.144,0.476947773,301.1561657,76.36179167,-0.026257155,-0.023454575,-1.574341021
2024-07-29T09:44:00Z,29,5,2067.51356,6713.144,0.476947773,301.1561657,76.36179167,-0.026257155,-0.023454575,-1.574341021
2024-07-29T09:45:00Z,29,5,2079.53592,6713.144,0.476947773,301.1561657,76.36179167,-0.026257155,-0.023454575,-1.574341021
2024-07-29T09:46:00Z,29,5,2091.97912,6713.144,0.476947773,301.1561657,76.36179167,-0.026257155,-0.023454575,-1.574341021
2024-07-29T09:47:00Z,29,5,2122.00443,6713.144,0.476947773,301.1561657,76.36179167,-0.026257155,-0.023454575,-1.574341021
2024-07-29T09:48:00Z,29,5,2152.53164,6713.144,0.476947773,301.1561657,76.36179167,-0.026257155,-0.023454575,-1.574341021
2024-07-29T09:49:00Z,29,5,2171.41351,6713.144,0.476947773,301.1561657,76.36179167,-0.026257155,-0.023454575,-1.574341021
2024-07-29T09:50:00Z,29,5,2187.00174,6713.144,0.476947773,301.1561657,76.36179167,-0.026257155,-0.023454575,-1.574341021
2024-07-29T12:41:30Z,29,6,2747.582712,9438.768,0.302858206,60.233498,74.32966667,-0.233280531,-0.215449086,-21.96319394
2024-07-29T12:42:00Z,29,6,2142.187513,9438.768,0.302858206,60.233498,74.32966667,-0.233280531,-0.215449086,-21.96319394
2024-07-29T12:43:00Z,29,6,2367.398775,9438.768,0.302858206,60.233498,74.32966667,-0.233280531,-0.215449086,-21.96319394
2024-07-29T12:44:00Z,29,6,2535.996995,9438.768,0.302858206,60.233498,74.32966667,-0.233280531,-0.215449086,-21.96319394
2024-07-29T12:45:00Z,29,6,2670.002038,9438.768,0.302858206,60.233498,74.32966667,-0.233280531,-0.215449086,-21.96319394
2024-07-29T12:46:00Z,29,6,2798.674585,9438.768,0.302858206,60.233498,74.32966667,-0.233280531,-0.215449086,-21.96319394
2024-07-29T12:47:00Z,29,6,2920.728668,9438.768,0.302858206,60.233498,74.32966667,-0.233280531,-0.215449086,-21.96319394
2024-07-29T12:48:00Z,29,6,3039.708718,9438.768,0.302858206,60.233498,74.32966667,-0.233280531,-0.215449086,-21.96319394
2024-07-29T12:49:00Z,29,6,3186.5344,9438.768,0.302858206,60.233498,74.32966667,-0.233280531,-0.215449086,-21.96319394
2024-07-29T12:50:00Z,29,6,3322.85121,9438.768,0.302858206,60.233498,74.32966667,-0.233280531,-0.215449086,-21.96319394
2024-07-29T12:51:00Z,29,6,3422.401745,9438.768,0.302858206,60.233498,74.32966667,-0.233280531,-0.215449086,-21.96319394
2024-07-29T12:52:00Z,29,6,3484.639603,9438.768,0.302858206,60.233498,74.32966667,-0.233280531,-0.215449086,-21.96319394
2024-07-29T12:53:00Z,29,6,3642.80777,9438.768,0.302858206,60.233498,74.32966667,-0.233280531,-0.215449086,-21.96319394
2024-07-29T12:54:00Z,29,6,3777.839293,9438.768,0.302858206,60.233498,74.32966667,-0.233280531,-0.215449086,-21.96319394
2024-07-29T12:55:00Z,29,6,3896.728063,9438.768,0.302858206,60.233498,74.32966667,-0.233280531,-0.215449086,-21.96319394
2024-07-29T12:56:00Z,29,6,4000.015005,9438.768,0.302858206,60.233498,74.32966667,-0.233280531,-0.215449086,-21.96319394
2024-07-29T12:57:00Z,29,6,4071.445315,9438.768,0.302858206,60.233498,74.32966667,-0.233280531,-0.215449086,-21.96319394
2024-07-29T12:58:00Z,29,6,4205.84262,9438.768,0.302858206,60.233498,74.32966667,-0.233280531,-0.215449086,-21.96319394
2024-07-29T12:59:00Z,29,6,3885.93438,9438.768,0.302858206,60.233498,74.32966667,-0.233280531,-0.215449086,-21.96319394
2024-07-29T13:00:00Z,29,6,3165.38838,9438.768,0.302858206,60.233498,74.32966667,-0.233280531,-0.215449086,-21.96319394
2024-07-29T13:01:00Z,29,6,3329.22317,9438.768,0.302858206,60.233498,74.32966667,-0.233280531,-0.215449086,-21.96319394
2024-07-29T13:02:00Z,29,6,3271.30776,9438.768,0.302858206,60.233498,74.32966667,-0.233280531,-0.215449086,-21.96319394
2024-07-29T13:03:00Z,29,6,3383.18855,9438.768,0.302858206,60.233498,74.32966667,-0.233280531,-0.215449086,-21.96319394
2024-07-29T13:04:00Z,29,6,3561.42528,9438.768,0.302858206,60.233498,74.32966667,-0.233280531,-0.215449086,-21.96319394
2024-07-29T13:05:00Z,29,6,3703.02898,9438.768,0.302858206,60.233498,74.32966667,-0.233280531,-0.215449086,-21.96319394
2024-07-29T13:06:00Z,29,6,3441.77232,9438.768,0.302858206,60.233498,74.32966667,-0.233280531,-0.215449086,-21.96319394
2024-07-29T13:07:00Z,29,6,3377.85861,9438.768,0.302858206,60.233498,74.32966667,-0.233280531,-0.215449086,-21.96319394
2024-07-29T13:08:00Z,29,6,3549.46585,9438.768,0.302858206,60.233498,74.32966667,-0.233280531,-0.215449086,-21.96319394
2024-07-29T13:09:00Z,29,6,3770.14071,9438.768,0.302858206,60.233498,74.32966667,-0.233280531,-0.215449086,-21.96319394
2024-07-29T13:10:00Z,29,6,3851.77632,9438.768,0.302858206,60.233498,74.32966667,-0.233280531,-0.215449086,-21.96319394
2024-07-29T13:11:00Z,29,6,3878.32179,9438.768,0.302858206,60.233498,74.32966667,-0.233280531,-0.215449086,-21.96319394
2024-07-29T13:12:00Z,29,6,3923.80723,9438.768,0.302858206,60.233498,74.32966667,-0.233280531,-0.215449086,-21.96319394
2024-07-29T13:13:00Z,29,6,4025.53956,9438.768,0.302858206,60.233498,74.32966667,-0.233280531,-0.215449086,-21.96319394
2024-07-29T13:14:00Z,29,6,3923.87506,9438.768,0.302858206,60.233498,74.32966667,-0.233280531,-0.215449086,-21.96319394
2024-07-29T13:15:00Z,29,6,4153.10875,9438.768,0.302858206,60.233498,74.32966667,-0.233280531,-0.215449086,-21.96319394
2024-07-29T13:16:00Z,29,6,4321.268,9438.768,0.302858206,60.233498,74.32966667,-0.233280531,-0.215449086,-21.96319394
2024-07-29T13:17:00Z,29,6,4436.747,9438.768,0.302858206,60.233498,74.32966667,-0.233280531,-0.215449086,-21.96319394
2024-07-29T13:18:00Z,29,6,4482.4542,9438.768,0.302858206,60.233498,74.32966667,-0.233280531,-0.215449086,-21.96319394
2024-07-29T13:19:00Z,29,6,4588.5609,9438.768,0.302858206,60.233498,74.32966667,-0.233280531,-0.215449086,-21.96319394
2024-07-29T13:20:00Z,29,6,4654.8712,9438.768,0.302858206,60.233498,74.32966667,-0.233280531,-0.215449086,-21.96319394
2024-07-29T13:21:00Z,29,6,4790.639,9438.768,0.302858206,60.233498,74.32966667,-0.233280531,-0.215449086,-21.96319394
2024-07-29T13:22:00Z,29,6,4851.2968,9438.768,0.302858206,60.233498,74.32966667,-0.233280531,-0.215449086,-21.96319394
2024-07-29T13:23:00Z,29,6,4880.771,9438.768,0.302858206,60.233498,74.32966667,-0.233280531,-0.215449086,-21.96319394
2024-07-29T13:24:00Z,29,6,4986.359,9438.768,0.302858206,60.233498,74.32966667,-0.233280531,-0.215449086,-21.96319394
2024-07-29T13:25:00Z,29,6,5086.8433,9438.768,0.302858206,60.233498,74.32966667,-0.233280531,-0.215449086,-21.96319394
2024-07-29T13:26:00Z,29,6,5188.0066,9438.768,0.302858206,60.233498,74.32966667,-0.233280531,-0.215449086,-21.96319394
2024-07-29T13:27:00Z,29,6,5281.5168,9438.768,0.302858206,60.233498,74.32966667,-0.233280531,-0.215449086,-21.96319394
2024-07-29T13:28:00Z,29,6,5362.0924,9438.768,0.302858206,60.233498,74.32966667,-0.233280531,-0.215449086,-21.96319394
2024-07-29T13:29:00Z,29,6,5419.0997,9438.768,0.302858206,60.233498,74.32966667,-0.233280531,-0.215449086,-21.96319394
2024-07-29T13:30:00Z,29,6,5527.1545,9438.768,0.302858206,60.233498,74.32966667,-0.233280531,-0.215449086,-21.96319394
2024-07-29T13:31:00Z,29,6,5558.805,9438.768,0.302858206,60.233498,74.32966667,-0.233280531,-0.215449086,-21.96319394
2024-07-29T13:32:00Z,29,6,5665.6117,9438.768,0.302858206,60.233498,74.32966667,-0.233280531,-0.215449086,-21.96319394
2024-07-29T13:33:00Z,29,6,5832.1018,9438.768,0.302858206,60.233498,74.32966667,-0.233280531,-0.215449086,-21.96319394
2024-07-29T13:34:00Z,29,6,5938.8308,9438.768,0.302858206,60.233498,74.32966667,-0.233280531,-0.215449086,-21.96319394
2024-07-29T13:35:00Z,29,6,6014.9712,9438.768,0.302858206,60.233498,74.32966667,-0.233280531,-0.215449086,-21.96319394
2024-07-29T13:36:00Z,29,6,6115.1692,9438.768,0.302858206,60.233498,74.32966667,-0.233280531,-0.215449086,-21.96319394
2024-07-29T13:37:00Z,29,6,6131.6885,9438.768,0.302858206,60.233498,74.32966667,-0.233280531,-0.215449086,-21.96319394
2024-07-29T13:38:00Z,29,6,6130.1611,9438.768,0.302858206,60.233498,74.32966667,-0.233280531,-0.215449086,-21.96319394
2024-07-29T13:39:00Z,29,6,6204.8854,9438.768,0.302858206,60.233498,74.32966667,-0.233280531,-0.215449086,-21.96319394
2024-07-29T13:40:00Z,29,6,6235.7806,9438.768,0.302858206,60.233498,74.32966667,-0.233280531,-0.215449086,-21.96319394
2024-07-29T12:15:00Z,29,6a,718.57919,1573.128,0.292340088,29.54084127,76.43375,-0.493194294,-0.440035838,-48.2498857
2024-07-29T12:16:00Z,29,6a,775.53,1573.128,0.292340088,29.54084127,76.43375,-0.493194294,-0.440035838,-48.2498857
2024-07-29T12:17:00Z,29,6a,823.65122,1573.128,0.292340088,29.54084127,76.43375,-0.493194294,-0.440035838,-48.2498857
2024-07-29T12:18:00Z,29,6a,843.07097,1573.128,0.292340088,29.54084127,76.43375,-0.493194294,-0.440035838,-48.2498857
2024-07-29T12:19:00Z,29,6a,856.85404,1573.128,0.292340088,29.54084127,76.43375,-0.493194294,-0.440035838,-48.2498857
2024-07-29T12:20:00Z,29,6a,868.92834,1573.128,0.292340088,29.54084127,76.43375,-0.493194294,-0.440035838,-48.2498857
2024-07-29T12:21:00Z,29,6a,887.80615,1573.128,0.292340088,29.54084127,76.43375,-0.493194294,-0.440035838,-48.2498857
2024-07-29T12:22:00Z,29,6a,905.15201,1573.128,0.292340088,29.54084127,76.43375,-0.493194294,-0.440035838,-48.2498857
2024-07-29T12:23:00Z,29,6a,928.29653,1573.128,0.292340088,29.54084127,76.43375,-0.493194294,-0.440035838,-48.2498857
2024-07-29T12:24:00Z,29,6a,936.35794,1573.128,0.292340088,29.54084127,76.43375,-0.493194294,-0.440035838,-48.2498857
2024-07-29T12:25:00Z,29,6a,952.27447,1573.128,0.292340088,29.54084127,76.43375,-0.493194294,-0.440035838,-48.2498857
2024-07-29T12:26:00Z,29,6a,985.35038,1573.128,0.292340088,29.54084127,76.43375,-0.493194294,-0.440035838,-48.2498857
2024-07-29T12:27:00Z,29,6a,1023.94894,1573.128,0.292340088,29.54084127,76.43375,-0.493194294,-0.440035838,-48.2498857
2024-07-29T14:49:20Z,29,9,703.29945,5518.321,0.149697123,53.04952136,77.67870833,-0.114990125,-0.100544975,-22.00817789
2024-07-29T14:50:00Z,29,9,703.38898,5518.321,0.149697123,53.04952136,77.67870833,-0.114990125,-0.100544975,-22.00817789
2024-07-29T14:51:00Z,29,9,727.36097,5518.321,0.149697123,53.04952136,77.67870833,-0.114990125,-0.100544975,-22.00817789
2024-07-29T14:52:00Z,29,9,779.43992,5518.321,0.149697123,53.04952136,77.67870833,-0.114990125,-0.100544975,-22.00817789
2024-07-29T14:53:00Z,29,9,804.0725,5518.321,0.149697123,53.04952136,77.67870833,-0.114990125,-0.100544975,-22.00817789
2024-07-29T14:54:00Z,29,9,841.98065,5518.321,0.149697123,53.04952136,77.67870833,-0.114990125,-0.100544975,-22.00817789
2024-07-29T14:55:00Z,29,9,887.42661,5518.321,0.149697123,53.04952136,77.67870833,-0.114990125,-0.100544975,-22.00817789
2024-07-29T14:56:00Z,29,9,915.0512,5518.321,0.149697123,53.04952136,77.67870833,-0.114990125,-0.100544975,-22.00817789
2024-07-29T14:57:00Z,29,9,960.08815,5518.321,0.149697123,53.04952136,77.67870833,-0.114990125,-0.100544975,-22.00817789
2024-07-29T14:58:00Z,29,9,982.54898,5518.321,0.149697123,53.04952136,77.67870833,-0.114990125,-0.100544975,-22.00817789
2024-07-29T14:59:00Z,29,9,1013.56465,5518.321,0.149697123,53.04952136,77.67870833,-0.114990125,-0.100544975,-22.00817789
2024-07-29T15:00:00Z,29,9,1049.24946,5518.321,0.149697123,53.04952136,77.67870833,-0.114990125,-0.100544975,-22.00817789
2024-07-29T15:01:00Z,29,9,1080.29929,5518.321,0.149697123,53.04952136,77.67870833,-0.114990125,-0.100544975,-22.00817789
2024-07-29T15:02:00Z,29,9,1121.90204,5518.321,0.149697123,53.04952136,77.67870833,-0.114990125,-0.100544975,-22.00817789
2024-07-29T15:03:00Z,29,9,1149.66803,5518.321,0.149697123,53.04952136,77.67870833,-0.114990125,-0.100544975,-22.00817789
2024-07-29T15:04:00Z,29,9,1167.74679,5518.321,0.149697123,53.04952136,77.67870833,-0.114990125,-0.100544975,-22.00817789
2024-07-29T15:05:00Z,29,9,1189.07334,5518.321,0.149697123,53.04952136,77.67870833,-0.114990125,-0.100544975,-22.00817789
2024-07-29T15:06:00Z,29,9,1239.89894,5518.321,0.149697123,53.04952136,77.67870833,-0.114990125,-0.100544975,-22.00817789
2024-07-29T15:07:00Z,29,9,1285.95047,5518.321,0.149697123,53.04952136,77.67870833,-0.114990125,-0.100544975,-22.00817789
2024-07-29T15:08:00Z,29,9,1332.95176,5518.321,0.149697123,53.04952136,77.67870833,-0.114990125,-0.100544975,-22.00817789
2024-07-29T15:09:00Z,29,9,1354.08266,5518.321,0.149697123,53.04952136,77.67870833,-0.114990125,-0.100544975,-22.00817789
2024-07-29T15:10:00Z,29,9,1368.42615,5518.321,0.149697123,53.04952136,77.67870833,-0.114990125,-0.100544975,-22.00817789
2024-07-29T15:11:00Z,29,9,1384.13905,5518.321,0.149697123,53.04952136,77.67870833,-0.114990125,-0.100544975,-22.00817789
2024-07-29T15:12:00Z,29,9,1426.88651,5518.321,0.149697123,53.04952136,77.67870833,-0.114990125,-0.100544975,-22.00817789
2024-07-29T15:13:00Z,29,9,1460.04929,5518.321,0.149697123,53.04952136,77.67870833,-0.114990125,-0.100544975,-22.00817789
2024-07-29T15:14:00Z,29,9,1479.97731,5518.321,0.149697123,53.04952136,77.67870833,-0.114990125,-0.100544975,-22.00817789
2024-07-29T15:15:00Z,29,9,1506.61014,5518.321,0.149697123,53.04952136,77.67870833,-0.114990125,-0.100544975,-22.00817789
2024-07-29T15:16:00Z,29,9,1549.13164,5518.321,0.149697123,53.04952136,77.67870833,-0.114990125,-0.100544975,-22.00817789
2024-07-29T15:17:00Z,29,9,1586.47622,5518.321,0.149697123,53.04952136,77.67870833,-0.114990125,-0.100544975,-22.00817789
2024-07-29T15:18:00Z,29,9,1620.85308,5518.321,0.149697123,53.04952136,77.67870833,-0.114990125,-0.100544975,-22.00817789
2024-07-29T15:19:00Z,29,9,1663.19419,5518.321,0.149697123,53.04952136,77.67870833,-0.114990125,-0.100544975,-22.00817789
2024-07-29T15:20:00Z,29,9,1691.48336,5518.321,0.149697123,53.04952136,77.67870833,-0.114990125,-0.100544975,-22.00817789
2024-07-29T15:21:00Z,29,9,1713.75407,5518.321,0.149697123,53.04952136,77.67870833,-0.114990125,-0.100544975,-22.00817789
2024-07-29T15:22:00Z,29,9,1743.23317,5518.321,0.149697123,53.04952136,77.67870833,-0.114990125,-0.100544975,-22.00817789
2024-07-29T15:23:00Z,29,9,1786.27337,5518.321,0.149697123,53.04952136,77.67870833,-0.114990125,-0.100544975,-22.00817789
2024-07-29T15:24:00Z,29,9,1845.64653,5518.321,0.149697123,53.04952136,77.67870833,-0.114990125,-0.100544975,-22.00817789
2024-07-29T15:25:00Z,29,9,1862.4795,5518.321,0.149697123,53.04952136,77.67870833,-0.114990125,-0.100544975,-22.00817789
2024-07-29T15:26:00Z,29,9,1871.40751,5518.321,0.149697123,53.04952136,77.67870833,-0.114990125,-0.100544975,-22.00817789
2024-07-29T15:27:00Z,29,9,1873.16185,5518.321,0.149697123,53.04952136,77.67870833,-0.114990125,-0.100544975,-22.00817789
2024-07-29T15:28:00Z,29,9,1889.5114,5518.321,0.149697123,53.04952136,77.67870833,-0.114990125,-0.100544975,-22.00817789
2024-07-29T15:29:00Z,29,9,1929.02206,5518.321,0.149697123,53.04952136,77.67870833,-0.114990125,-0.100544975,-22.00817789
2024-07-29T15:30:00Z,29,9,2010.847755,5518.321,0.149697123,53.04952136,77.67870833,-0.114990125,-0.100544975,-22.00817789
2024-07-29T15:31:00Z,29,9,2053.3513,5518.321,0.149697123,53.04952136,77.67870833,-0.114990125,-0.100544975,-22.00817789
2024-07-29T15:32:00Z,29,9,2074.45686,5518.321,0.149697123,53.04952136,77.67870833,-0.114990125,-0.100544975,-22.00817789
2024-07-29T15:33:00Z,29,9,2083.45823,5518.321,0.149697123,53.04952136,77.67870833,-0.114990125,-0.100544975,-22.00817789
2024-07-29T15:34:00Z,29,9,2071.03372,5518.321,0.149697123,53.04952136,77.67870833,-0.114990125,-0.100544975,-22.00817789
2024-07-29T15:35:00Z,29,9,2061.3355,5518.321,0.149697123,53.04952136,77.67870833,-0.114990125,-0.100544975,-22.00817789
2024-07-29T15:36:00Z,29,9,2072.41181,5518.321,0.149697123,53.04952136,77.67870833,-0.114990125,-0.100544975,-22.00817789
2024-07-29T15:37:00Z,29,9,2085.68626,5518.321,0.149697123,53.04952136,77.67870833,-0.114990125,-0.100544975,-22.00817789
2024-07-29T15:38:00Z,29,9,2107.2401,5518.321,0.149697123,53.04952136,77.67870833,-0.114990125,-0.100544975,-22.00817789
2024-07-29T15:39:00Z,29,9,2119.94538,5518.321,0.149697123,53.04952136,77.67870833,-0.114990125,-0.100544975,-22.00817789
2024-07-29T15:40:00Z,29,9,2115.67776,5518.321,0.149697123,53.04952136,77.67870833,-0.114990125,-0.100544975,-22.00817789
2024-08-01T10:14:20Z,1,3,742.015365,9327.649,0.407236689,59.20937822,76.91233333,-0.012931898,-0.011450438,-0.908808087
2024-08-01T10:15:00Z,1,3,740.31286,9327.649,0.407236689,59.20937822,76.91233333,-0.012931898,-0.011450438,-0.908808087
2024-08-01T10:16:00Z,1,3,752.94709,9327.649,0.407236689,59.20937822,76.91233333,-0.012931898,-0.011450438,-0.908808087
2024-08-01T10:17:00Z,1,3,769.07166,9327.649,0.407236689,59.20937822,76.91233333,-0.012931898,-0.011450438,-0.908808087
2024-08-01T10:18:00Z,1,3,779.02055,9327.649,0.407236689,59.20937822,76.91233333,-0.012931898,-0.011450438,-0.908808087
2024-08-01T10:19:00Z,1,3,789.69485,9327.649,0.407236689,59.20937822,76.91233333,-0.012931898,-0.011450438,-0.908808087
2024-08-01T10:20:00Z,1,3,818.20039,9327.649,0.407236689,59.20937822,76.91233333,-0.012931898,-0.011450438,-0.908808087
2024-08-01T10:21:00Z,1,3,821.73511,9327.649,0.407236689,59.20937822,76.91233333,-0.012931898,-0.011450438,-0.908808087
2024-08-01T10:22:00Z,1,3,825.9531,9327.649,0.407236689,59.20937822,76.91233333,-0.012931898,-0.011450438,-0.908808087
2024-08-01T10:23:00Z,1,3,825.27018,9327.649,0.407236689,59.20937822,76.91233333,-0.012931898,-0.011450438,-0.908808087
2024-08-01T10:24:00Z,1,3,817.91787,9327.649,0.407236689,59.20937822,76.91233333,-0.012931898,-0.011450438,-0.908808087
2024-08-01T10:25:00Z,1,3,811.41172,9327.649,0.407236689,59.20937822,76.91233333,-0.012931898,-0.011450438,-0.908808087
2024-08-01T10:26:00Z,1,3,810.66048,9327.649,0.407236689,59.20937822,76.91233333,-0.012931898,-0.011450438,-0.908808087
2024-08-01T15:28:10Z,1,3,886.225956,10078.31,0.407236689,59.20937822,76.91233333,-0.011875829,-0.010515351,-0.834591317
2024-08-01T09:39:30Z,1,7,673.442,3474.255,0.25661214,38.54113349,76.78229167,-0.112331594,-0.099667199,-12.52574046
2024-08-01T09:40:00Z,1,7,714.19523,3474.255,0.25661214,38.54113349,76.78229167,-0.112331594,-0.099667199,-12.52574046
2024-08-01T09:41:00Z,1,7,758.72335,3474.255,0.25661214,38.54113349,76.78229167,-0.112331594,-0.099667199,-12.52574046
2024-08-01T09:42:00Z,1,7,793.87378,3474.255,0.25661214,38.54113349,76.78229167,-0.112331594,-0.099667199,-12.52574046
2024-08-01T09:43:00Z,1,7,816.43121,3474.255,0.25661214,38.54113349,76.78229167,-0.112331594,-0.099667199,-12.52574046
2024-08-01T09:44:00Z,1,7,835.2309,3474.255,0.25661214,38.54113349,76.78229167,-0.112331594,-0.099667199,-12.52574046
2024-08-01T09:45:00Z,1,7,855.33098,3474.255,0.25661214,38.54113349,76.78229167,-0.112331594,-0.099667199,-12.52574046
2024-08-01T09:46:00Z,1,7,877.98571,3474.255,0.25661214,38.54113349,76.78229167,-0.112331594,-0.099667199,-12.52574046
2024-08-01T09:47:00Z,1,7,901.29354,3474.255,0.25661214,38.54113349,76.78229167,-0.112331594,-0.099667199,-12.52574046
2024-08-01T09:48:00Z,1,7,919.63347,3474.255,0.25661214,38.54113349,76.78229167,-0.112331594,-0.099667199,-12.52574046
2024-08-01T09:49:00Z,1,7,924.09128,3474.255,0.25661214,38.54113349,76.78229167,-0.112331594,-0.099667199,-12.52574046
2024-08-01T09:50:00Z,1,7,940.58139,3474.255,0.25661214,38.54113349,76.78229167,-0.112331594,-0.099667199,-12.52574046
2024-08-01T09:51:00Z,1,7,959.98455,3474.255,0.25661214,38.54113349,76.78229167,-0.112331594,-0.099667199,-12.52574046
2024-08-01T09:52:00Z,1,7,984.51038,3474.255,0.25661214,38.54113349,76.78229167,-0.112331594,-0.099667199,-12.52574046
2024-08-01T09:53:00Z,1,7,1002.27029,3474.255,0.25661214,38.54113349,76.78229167,-0.112331594,-0.099667199,-12.52574046
2024-08-01T09:54:00Z,1,7,1015.20923,3474.255,0.25661214,38.54113349,76.78229167,-0.112331594,-0.099667199,-12.52574046
2024-08-01T09:55:00Z,1,7,1035.18324,3474.255,0.25661214,38.54113349,76.78229167,-0.112331594,-0.099667199,-12.52574046
2024-08-01T09:56:00Z,1,7,1059.61688,3474.255,0.25661214,38.54113349,76.78229167,-0.112331594,-0.099667199,-12.52574046
2024-08-01T09:57:00Z,1,7,1084.0627,3474.255,0.25661214,38.54113349,76.78229167,-0.112331594,-0.099667199,-12.52574046
2024-08-01T09:58:00Z,1,7,1108.21662,3474.255,0.25661214,38.54113349,76.78229167,-0.112331594,-0.099667199,-12.52574046
2024-08-01T09:59:00Z,1,7,1133.47157,3474.255,0.25661214,38.54113349,76.78229167,-0.112331594,-0.099667199,-12.52574046
2024-08-01T10:00:00Z,1,7,1136.39988,3742.647,0.25661214,38.54113349,76.78229167,-0.100763657,-0.089403446,-11.23583648
2024-10-04T14:13:10Z,4,13,410.829216,4180.398,0.072829883,6.154872907,75.485125,-0.027360059,-0.024794671,-10.72955816
2024-10-04T14:14:00Z,4,13,410.8238,4180.398,0.072829883,6.154872907,75.485125,-0.027360059,-0.024794671,-10.72955816
2024-10-04T14:15:00Z,4,13,426.06261,4180.398,0.072829883,6.154872907,75.485125,-0.027360059,-0.024794671,-10.72955816
2024-10-04T14:16:00Z,4,13,426.09275,4180.398,0.072829883,6.154872907,75.485125,-0.027360059,-0.024794671,-10.72955816
2024-10-04T14:17:00Z,4,13,441.03651,4180.398,0.072829883,6.154872907,75.485125,-0.027360059,-0.024794671,-10.72955816
2024-10-04T14:18:00Z,4,13,443.45373,4180.398,0.072829883,6.154872907,75.485125,-0.027360059,-0.024794671,-10.72955816
2024-10-04T14:19:00Z,4,13,456.05952,4180.398,0.072829883,6.154872907,75.485125,-0.027360059,-0.024794671,-10.72955816
2024-10-04T14:20:00Z,4,13,468.51369,4180.398,0.072829883,6.154872907,75.485125,-0.027360059,-0.024794671,-10.72955816
2024-10-04T14:21:00Z,4,13,471.04261,4180.398,0.072829883,6.154872907,75.485125,-0.027360059,-0.024794671,-10.72955816
2024-10-04T14:22:00Z,4,13,476.17822,4180.398,0.072829883,6.154872907,75.485125,-0.027360059,-0.024794671,-10.72955816
2024-10-04T14:23:00Z,4,13,486.50075,4180.398,0.072829883,6.154872907,75.485125,-0.027360059,-0.024794671,-10.72955816
2024-10-04T14:24:00Z,4,13,496.63093,4180.398,0.072829883,6.154872907,75.485125,-0.027360059,-0.024794671,-10.72955816
2024-10-04T14:25:00Z,4,13,501.58215,4180.398,0.072829883,6.154872907,75.485125,-0.027360059,-0.024794671,-10.72955816
2024-10-04T10:06:00Z,4,15,693.87467,6443.836,0.229963155,43.27999427,76.30366667,-2.729978841,-2.441458046,-339.4519686
2024-10-04T10:07:00Z,4,15,1112.7464,6443.836,0.229963155,43.27999427,76.30366667,-2.729978841,-2.441458046,-339.4519686
2024-10-04T10:08:00Z,4,15,1519.5439,6443.836,0.229963155,43.27999427,76.30366667,-2.729978841,-2.441458046,-339.4519686
2024-10-04T10:09:00Z,4,15,1891.7621,6443.836,0.229963155,43.27999427,76.30366667,-2.729978841,-2.441458046,-339.4519686
2024-10-04T10:10:00Z,4,15,2288.8049,6443.836,0.229963155,43.27999427,76.30366667,-2.729978841,-2.441458046,-339.4519686
2024-10-04T10:11:00Z,4,15,2621.8419,6443.836,0.229963155,43.27999427,76.30366667,-2.729978841,-2.441458046,-339.4519686
2024-10-04T10:12:00Z,4,15,2937.238,6443.836,0.229963155,43.27999427,76.30366667,-2.729978841,-2.441458046,-339.4519686
2024-10-04T10:13:00Z,4,15,3255.857,6443.836,0.229963155,43.27999427,76.30366667,-2.729978841,-2.441458046,-339.4519686
2024-10-04T10:14:00Z,4,15,3542.8143,6443.836,0.229963155,43.27999427,76.30366667,-2.729978841,-2.441458046,-339.4519686
2024-10-04T10:15:00Z,4,15,3848.1115,6443.836,0.229963155,43.27999427,76.30366667,-2.729978841,-2.441458046,-339.4519686
2024-10-04T10:16:00Z,4,15,4118.0613,6443.836,0.229963155,43.27999427,76.30366667,-2.729978841,-2.441458046,-339.4519686
2024-10-04T10:17:00Z,4,15,4425.2337,6443.836,0.229963155,43.27999427,76.30366667,-2.729978841,-2.441458046,-339.4519686
2024-10-04T10:18:00Z,4,15,4710.7763,6443.836,0.229963155,43.27999427,76.30366667,-2.729978841,-2.441458046,-339.4519686
2024-10-04T10:19:00Z,4,15,4930.5561,6443.836,0.229963155,43.27999427,76.30366667,-2.729978841,-2.441458046,-339.4519686
2024-10-04T11:06:40Z,4,3,395.82372,3225.154,0.395103328,53.96778976,75.43622222,-0.23707666,-0.215037611,-17.1363753
2024-10-04T11:07:00Z,4,3,410.82474,3225.154,0.395103328,53.96778976,75.43622222,-0.23707666,-0.215037611,-17.1363753
2024-10-04T11:08:00Z,4,3,459.09558,3225.154,0.395103328,53.96778976,75.43622222,-0.23707666,-0.215037611,-17.1363753
2024-10-04T11:09:00Z,4,3,516.99322,3225.154,0.395103328,53.96778976,75.43622222,-0.23707666,-0.215037611,-17.1363753
2024-10-04T11:10:00Z,4,3,572.56779,3225.154,0.395103328,53.96778976,75.43622222,-0.23707666,-0.215037611,-17.1363753
2024-10-04T11:11:00Z,4,3,620.0945,3225.154,0.395103328,53.96778976,75.43622222,-0.23707666,-0.215037611,-17.1363753
2024-10-04T11:12:00Z,4,3,663.4059,3225.154,0.395103328,53.96778976,75.43622222,-0.23707666,-0.215037611,-17.1363753
2024-10-04T11:13:00Z,4,3,706.3278,3225.154,0.395103328,53.96778976,75.43622222,-0.23707666,-0.215037611,-17.1363753
2024-10-04T08:04:30Z,4,5,520.154188,8379.938,0.130018058,80.91357687,75.60066667,-0.00575778,-0.005208685,-1.265007032
2024-10-04T08:05:00Z,4,5,484.9292,8379.938,0.130018058,80.91357687,75.60066667,-0.00575778,-0.005208685,-1.265007032
2024-10-04T08:06:00Z,4,5,494.517575,8379.938,0.130018058,80.91357687,75.60066667,-0.00575778,-0.005208685,-1.265007032
2024-10-04T08:07:00Z,4,5,502.0514525,8379.938,0.130018058,80.91357687,75.60066667,-0.00575778,-0.005208685,-1.265007032
2024-10-04T08:08:00Z,4,5,509.566265,8379.938,0.130018058,80.91357687,75.60066667,-0.00575778,-0.005208685,-1.265007032
2024-10-04T08:09:00Z,4,5,515.268725,8379.938,0.130018058,80.91357687,75.60066667,-0.00575778,-0.005208685,-1.265007032
2024-10-04T08:10:00Z,4,5,520.9696125,8379.938,0.130018058,80.91357687,75.60066667,-0.00575778,-0.005208685,-1.265007032
2024-10-04T08:11:00Z,4,5,524.3635852,8379.938,0.130018058,80.91357687,75.60066667,-0.00575778,-0.005208685,-1.265007032
2024-10-04T08:12:00Z,4,5,471.72745,8379.938,0.130018058,80.91357687,75.60066667,-0.00575778,-0.005208685,-1.265007032
2024-10-04T08:13:00Z,4,5,484.38863,8379.938,0.130018058,80.91357687,75.60066667,-0.00575778,-0.005208685,-1.265007032
2024-10-04T08:14:00Z,4,5,486.85477,8379.938,0.130018058,80.91357687,75.60066667,-0.00575778,-0.005208685,-1.265007032
2024-10-04T08:15:00Z,4,5,486.859,8379.938,0.130018058,80.91357687,75.60066667,-0.00575778,-0.005208685,-1.265007032
2024-10-04T08:16:00Z,4,5,497.00408,8379.938,0.130018058,80.91357687,75.60066667,-0.00575778,-0.005208685,-1.265007032
2024-10-04T08:17:00Z,4,5,502.00073,8379.938,0.130018058,80.91357687,75.60066667,-0.00575778,-0.005208685,-1.265007032
2024-10-04T08:18:00Z,4,5,501.99035,8379.938,0.130018058,80.91357687,75.60066667,-0.00575778,-0.005208685,-1.265007032
2024-10-04T08:19:00Z,4,5,502.04344,8379.938,0.130018058,80.91357687,75.60066667,-0.00575778,-0.005208685,-1.265007032
2024-10-04T08:20:00Z,4,5,514.59991,8379.938,0.130018058,80.91357687,75.60066667,-0.00575778,-0.005208685,-1.265007032
2024-10-04T08:21:00Z,4,5,517.13215,8379.938,0.130018058,80.91357687,75.60066667,-0.00575778,-0.005208685,-1.265007032
2024-10-04T08:22:00Z,4,5,519.73016,8379.938,0.130018058,80.91357687,75.60066667,-0.00575778,-0.005208685,-1.265007032
2024-10-04T08:23:00Z,4,5,532.27374,8379.938,0.130018058,80.91357687,75.60066667,-0.00575778,-0.005208685,-1.265007032
2024-10-04T08:24:00Z,4,5,532.22419,8379.938,0.130018058,80.91357687,75.60066667,-0.00575778,-0.005208685,-1.265007032
2024-10-04T08:25:00Z,4,5,532.29075,8379.938,0.130018058,80.91357687,75.60066667,-0.00575778,-0.005208685,-1.265007032
2024-10-04T08:26:00Z,4,5,542.4977,8379.938,0.130018058,80.91357687,75.60066667,-0.00575778,-0.005208685,-1.265007032
2024-10-04T08:27:00Z,4,5,547.56426,8379.938,0.130018058,80.91357687,75.60066667,-0.00575778,-0.005208685,-1.265007032
2024-10-04T08:28:00Z,4,5,552.62159,8379.938,0.130018058,80.91357687,75.60066667,-0.00575778,-0.005208685,-1.265007032
2024-10-04T08:29:00Z,4,5,562.76265,8379.938,0.130018058,80.91357687,75.60066667,-0.00575778,-0.005208685,-1.265007032
2024-10-04T08:30:00Z,4,5,562.74403,8379.938,0.130018058,80.91357687,75.60066667,-0.00575778,-0.005208685,-1.265007032
2024-10-04T08:31:00Z,4,5,562.67948,8379.938,0.130018058,80.91357687,75.60066667,-0.00575778,-0.005208685,-1.265007032
2024-10-04T08:32:00Z,4,5,562.61455,8379.938,0.130018058,80.91357687,75.60066667,-0.00575778,-0.005208685,-1.265007032
2024-10-04T08:33:00Z,4,5,570.11706,8379.938,0.130018058,80.91357687,75.60066667,-0.00575778,-0.005208685,-1.265007032
2024-10-04T08:34:00Z,4,5,577.60988,8379.938,0.130018058,80.91357687,75.60066667,-0.00575778,-0.005208685,-1.265007032
2024-10-04T08:35:00Z,4,5,577.63366,8379.938,0.130018058,80.91357687,75.60066667,-0.00575778,-0.005208685,-1.265007032
2024-10-04T08:36:00Z,4,5,577.66082,8379.938,0.130018058,80.91357687,75.60066667,-0.00575778,-0.005208685,-1.265007032
2024-10-04T08:37:00Z,4,5,577.61793,8379.938,0.130018058,80.91357687,75.60066667,-0.00575778,-0.005208685,-1.265007032
2024-10-04T08:38:00Z,4,5,585.11483,8379.938,0.130018058,80.91357687,75.60066667,-0.00575778,-0.005208685,-1.265007032
2024-10-04T08:39:00Z,4,5,592.75024,8379.938,0.130018058,80.91357687,75.60066667,-0.00575778,-0.005208685,-1.265007032
2024-10-04T08:40:00Z,4,5,592.75926,8379.938,0.130018058,80.91357687,75.60066667,-0.00575778,-0.005208685,-1.265007032
2024-10-04T08:41:00Z,4,5,592.69902,8379.938,0.130018058,80.91357687,75.60066667,-0.00575778,-0.005208685,-1.265007032
2024-10-04T08:42:00Z,4,5,592.69897,8379.938,0.130018058,80.91357687,75.60066667,-0.00575778,-0.005208685,-1.265007032
2024-10-04T08:43:00Z,4,5,605.32788,8379.938,0.130018058,80.91357687,75.60066667,-0.00575778,-0.005208685,-1.265007032
2024-10-04T08:44:00Z,4,5,607.8428,8379.938,0.130018058,80.91357687,75.60066667,-0.00575778,-0.005208685,-1.265007032
2024-10-04T08:45:00Z,4,5,612.809,8379.938,0.130018058,80.91357687,75.60066667,-0.00575778,-0.005208685,-1.265007032
2024-10-04T08:46:00Z,4,5,622.9281,8379.938,0.130018058,80.91357687,75.60066667,-0.00575778,-0.005208685,-1.265007032
2024-10-04T08:47:00Z,4,5,622.9164,8379.938,0.130018058,80.91357687,75.60066667,-0.00575778,-0.005208685,-1.265007032
2024-10-04T08:48:00Z,4,5,622.8729,8379.938,0.130018058,80.91357687,75.60066667,-0.00575778,-0.005208685,-1.265007032
2024-10-04T08:49:00Z,4,5,622.9132,8379.938,0.130018058,80.91357687,75.60066667,-0.00575778,-0.005208685,-1.265007032
2024-10-04T08:50:00Z,4,5,633.0042,8379.938,0.130018058,80.91357687,75.60066667,-0.00575778,-0.005208685,-1.265007032
2024-10-04T08:51:00Z,4,5,637.984,8379.938,0.130018058,80.91357687,75.60066667,-0.00575778,-0.005208685,-1.265007032
2024-10-04T08:52:00Z,4,5,637.9624,8379.938,0.130018058,80.91357687,75.60066667,-0.00575778,-0.005208685,-1.265007032
2024-10-04T08:53:00Z,4,5,638.0199,8379.938,0.130018058,80.91357687,75.60066667,-0.00575778,-0.005208685,-1.265007032
2024-10-04T08:54:00Z,4,5,640.4801,8379.938,0.130018058,80.91357687,75.60066667,-0.00575778,-0.005208685,-1.265007032
2024-10-04T08:55:00Z,4,5,653.0137,8379.938,0.130018058,80.91357687,75.60066667,-0.00575778,-0.005208685,-1.265007032
2024-10-04T08:56:00Z,4,5,653.0678,8379.938,0.130018058,80.91357687,75.60066667,-0.00575778,-0.005208685,-1.265007032
2024-10-04T08:57:00Z,4,5,668.6549,8379.938,0.130018058,80.91357687,75.60066667,-0.00575778,-0.005208685,-1.265007032
2024-10-04T08:58:00Z,4,5,668.5472,8379.938,0.130018058,80.91357687,75.60066667,-0.00575778,-0.005208685,-1.265007032
2024-10-04T08:59:00Z,4,5,668.6351,8379.938,0.130018058,80.91357687,75.60066667,-0.00575778,-0.005208685,-1.265007032
2024-10-04T09:00:00Z,4,5,668.5994,8379.938,0.130018058,80.91357687,75.60066667,-0.00575778,-0.005208685,-1.265007032
2024-10-04T09:01:00Z,4,5,683.6792,8379.938,0.130018058,80.91357687,75.60066667,-0.00575778,-0.005208685,-1.265007032
2024-10-04T09:02:00Z,4,5,688.7199,8379.938,0.130018058,80.91357687,75.60066667,-0.00575778,-0.005208685,-1.265007032
2024-10-04T09:03:00Z,4,5,698.8319,8379.938,0.130018058,80.91357687,75.60066667,-0.00575778,-0.005208685,-1.265007032
2024-10-04T09:36:10Z,4,5a,555.11052,14306.2,0.486909394,18.07888005,75.31916667,-0.126352937,-0.114810057,-7.409874922
2024-10-04T09:37:00Z,4,5a,734.0829,14306.2,0.486909394,18.07888005,75.31916667,-0.126352937,-0.114810057,-7.409874922
2024-10-04T09:38:00Z,4,5a,925.9757,14306.2,0.486909394,18.07888005,75.31916667,-0.126352937,-0.114810057,-7.409874922
2024-10-04T09:39:00Z,4,5a,1067.2953,14306.2,0.486909394,18.07888005,75.31916667,-0.126352937,-0.114810057,-7.409874922
2024-10-04T09:40:00Z,4,5a,1198.6108,14306.2,0.486909394,18.07888005,75.31916667,-0.126352937,-0.114810057,-7.409874922
2024-10-04T09:41:00Z,4,5a,1319.3858,14306.2,0.486909394,18.07888005,75.31916667,-0.126352937,-0.114810057,-7.409874922
2024-10-04T09:42:00Z,4,5a,1443.3257,14306.2,0.486909394,18.07888005,75.31916667,-0.126352937,-0.114810057,-7.409874922
2024-10-04T09:43:00Z,4,5a,1554.2736,14306.2,0.486909394,18.07888005,75.31916667,-0.126352937,-0.114810057,-7.409874922
2024-10-04T09:44:00Z,4,5a,1652.6169,14306.2,0.486909394,18.07888005,75.31916667,-0.126352937,-0.114810057,-7.409874922
2024-10-04T09:45:00Z,4,5a,1738.4331,14306.2,0.486909394,18.07888005,75.31916667,-0.126352937,-0.114810057,-7.409874922
2024-10-04T09:46:00Z,4,5a,1825.18572,14306.2,0.486909394,18.07888005,75.31916667,-0.126352937,-0.114810057,-7.409874922
2024-10-04T11:40:30Z,4,6,1103.890144,10445.418,0.427561158,164.5858237,75.32645833,-0.035218972,-0.032001569,-2.352080187
2024-10-04T11:41:00Z,4,6,854.24043,10445.418,0.427561158,164.5858237,75.32645833,-0.035218972,-0.032001569,-2.352080187
2024-10-04T11:42:00Z,4,6,870.623015,10445.418,0.427561158,164.5858237,75.32645833,-0.035218972,-0.032001569,-2.352080187
2024-10-04T11:43:00Z,4,6,896.66055,10445.418,0.427561158,164.5858237,75.32645833,-0.035218972,-0.032001569,-2.352080187
2024-10-04T11:44:00Z,4,6,920.659145,10445.418,0.427561158,164.5858237,75.32645833,-0.035218972,-0.032001569,-2.352080187
2024-10-04T11:45:00Z,4,6,955.864035,10445.418,0.427561158,164.5858237,75.32645833,-0.035218972,-0.032001569,-2.352080187
2024-10-04T11:46:00Z,4,6,1005.120285,10445.418,0.427561158,164.5858237,75.32645833,-0.035218972,-0.032001569,-2.352080187
2024-10-04T11:47:00Z,4,6,1059.33585,10445.418,0.427561158,164.5858237,75.32645833,-0.035218972,-0.032001569,-2.352080187
2024-10-04T11:48:00Z,4,6,1104.798575,10445.418,0.427561158,164.5858237,75.32645833,-0.035218972,-0.032001569,-2.352080187
2024-10-04T11:49:00Z,4,6,1142.558925,10445.418,0.427561158,164.5858237,75.32645833,-0.035218972,-0.032001569,-2.352080187
2024-10-04T11:50:00Z,4,6,1058.555373,10445.418,0.427561158,164.5858237,75.32645833,-0.035218972,-0.032001569,-2.352080187
2024-10-04T11:51:00Z,4,6,789.5511,10445.418,0.427561158,164.5858237,75.32645833,-0.035218972,-0.032001569,-2.352080187
2024-10-04T11:52:00Z,4,6,819.7972,10445.418,0.427561158,164.5858237,75.32645833,-0.035218972,-0.032001569,-2.352080187
2024-10-04T11:53:00Z,4,6,819.7384,10445.418,0.427561158,164.5858237,75.32645833,-0.035218972,-0.032001569,-2.352080187
2024-10-04T11:54:00Z,4,6,834.7538,10445.418,0.427561158,164.5858237,75.32645833,-0.035218972,-0.032001569,-2.352080187
2024-10-04T11:55:00Z,4,6,849.8048,10445.418,0.427561158,164.5858237,75.32645833,-0.035218972,-0.032001569,-2.352080187
2024-10-04T11:56:00Z,4,6,854.911,10445.418,0.427561158,164.5858237,75.32645833,-0.035218972,-0.032001569,-2.352080187
2024-10-04T11:57:00Z,4,6,849.7641,10445.418,0.427561158,164.5858237,75.32645833,-0.035218972,-0.032001569,-2.352080187
2024-10-04T11:58:00Z,4,6,859.9956,10445.418,0.427561158,164.5858237,75.32645833,-0.035218972,-0.032001569,-2.352080187
2024-10-04T11:59:00Z,4,6,880.1875,10445.418,0.427561158,164.5858237,75.32645833,-0.035218972,-0.032001569,-2.352080187
2024-10-04T12:00:00Z,4,6,895.1611,10445.418,0.427561158,164.5858237,75.32645833,-0.035218972,-0.032001569,-2.352080187
2024-10-04T12:01:00Z,4,6,895.2155,10445.418,0.427561158,164.5858237,75.32645833,-0.035218972,-0.032001569,-2.352080187
2024-10-04T12:02:00Z,4,6,895.2021,10445.418,0.427561158,164.5858237,75.32645833,-0.035218972,-0.032001569,-2.352080187
2024-10-04T12:03:00Z,4,6,907.7408,10445.418,0.427561158,164.5858237,75.32645833,-0.035218972,-0.032001569,-2.352080187
2024-10-04T12:04:00Z,4,6,971.0438,10445.418,0.427561158,164.5858237,75.32645833,-0.035218972,-0.032001569,-2.352080187
2024-10-04T12:05:00Z,4,6,1028.9743,10445.418,0.427561158,164.5858237,75.32645833,-0.035218972,-0.032001569,-2.352080187
2024-10-04T12:06:00Z,4,6,1094.3687,10445.418,0.427561158,164.5858237,75.32645833,-0.035218972,-0.032001569,-2.352080187
2024-10-04T12:07:00Z,4,6,1137.3736,10445.418,0.427561158,164.5858237,75.32645833,-0.035218972,-0.032001569,-2.352080187
2024-10-04T12:08:00Z,4,6,1188.0346,10445.418,0.427561158,164.5858237,75.32645833,-0.035218972,-0.032001569,-2.352080187
2024-10-04T12:09:00Z,4,6,1233.2837,10445.418,0.427561158,164.5858237,75.32645833,-0.035218972,-0.032001569,-2.352080187
2024-10-04T12:10:00Z,4,6,1266.0504,10445.418,0.427561158,164.5858237,75.32645833,-0.035218972,-0.032001569,-2.352080187
2024-10-04T12:11:00Z,4,6,1303.9231,10445.418,0.427561158,164.5858237,75.32645833,-0.035218972,-0.032001569,-2.352080187
2024-10-04T12:12:00Z,4,6,1331.5768,10445.418,0.427561158,164.5858237,75.32645833,-0.035218972,-0.032001569,-2.352080187
2024-10-04T12:13:00Z,4,6,1364.4331,10445.418,0.427561158,164.5858237,75.32645833,-0.035218972,-0.032001569,-2.352080187
2024-10-04T12:14:00Z,4,6,1409.8295,10445.418,0.427561158,164.5858237,75.32645833,-0.035218972,-0.032001569,-2.352080187
2024-10-04T12:15:00Z,4,6,1457.8153,10445.418,0.427561158,164.5858237,75.32645833,-0.035218972,-0.032001569,-2.352080187
2024-10-04T12:16:00Z,4,6,1485.6623,10445.418,0.427561158,164.5858237,75.32645833,-0.035218972,-0.032001569,-2.352080187
2024-10-04T12:17:00Z,4,6,1503.1401,10445.418,0.427561158,164.5858237,75.32645833,-0.035218972,-0.032001569,-2.352080187
2024-10-04T12:18:00Z,4,6,1523.3558,10445.418,0.427561158,164.5858237,75.32645833,-0.035218972,-0.032001569,-2.352080187
2024-10-04T12:19:00Z,4,6,1555.6311,10445.418,0.427561158,164.5858237,75.32645833,-0.035218972,-0.032001569,-2.352080187
2024-10-04T12:20:00Z,4,6,1583.7946,10445.418,0.427561158,164.5858237,75.32645833,-0.035218972,-0.032001569,-2.352080187
2024-10-04T12:21:00Z,4,6,1621.6675,10445.418,0.427561158,164.5858237,75.32645833,-0.035218972,-0.032001569,-2.352080187
2024-10-04T12:22:00Z,4,6,1647.0831,10445.418,0.427561158,164.5858237,75.32645833,-0.035218972,-0.032001569,-2.352080187
2024-10-04T12:23:00Z,4,6,1669.7736,10445.418,0.427561158,164.5858237,75.32645833,-0.035218972,-0.032001569,-2.352080187
2024-10-04T12:24:00Z,4,6,1705.0529,10445.418,0.427561158,164.5858237,75.32645833,-0.035218972,-0.032001569,-2.352080187
2024-10-04T12:25:00Z,4,6,1740.3443,10445.418,0.427561158,164.5858237,75.32645833,-0.035218972,-0.032001569,-2.352080187
2024-10-04T12:26:00Z,4,6,1783.2124,10445.418,0.427561158,164.5858237,75.32645833,-0.035218972,-0.032001569,-2.352080187
2024-10-04T12:27:00Z,4,6,1820.7949,10445.418,0.427561158,164.5858237,75.32645833,-0.035218972,-0.032001569,-2.352080187
2024-10-04T12:28:00Z,4,6,1846.1797,10445.418,0.427561158,164.5858237,75.32645833,-0.035218972,-0.032001569,-2.352080187
2024-10-04T12:29:00Z,4,6,1861.2053,10445.418,0.427561158,164.5858237,75.32645833,-0.035218972,-0.032001569,-2.352080187
2024-10-04T12:30:00Z,4,6,1886.6188,10445.418,0.427561158,164.5858237,75.32645833,-0.035218972,-0.032001569,-2.352080187
2024-10-04T12:31:00Z,4,6,1921.9989,10445.418,0.427561158,164.5858237,75.32645833,-0.035218972,-0.032001569,-2.352080187
2024-10-04T12:32:00Z,4,6,1954.7604,10445.418,0.427561158,164.5858237,75.32645833,-0.035218972,-0.032001569,-2.352080187
2024-10-04T12:33:00Z,4,6,1982.4413,10445.418,0.427561158,164.5858237,75.32645833,-0.035218972,-0.032001569,-2.352080187
2024-10-04T12:34:00Z,4,6,2005.0966,10445.418,0.427561158,164.5858237,75.32645833,-0.035218972,-0.032001569,-2.352080187
2024-10-04T12:35:00Z,4,6,2035.4946,10445.418,0.427561158,164.5858237,75.32645833,-0.035218972,-0.032001569,-2.352080187
2024-10-04T12:36:00Z,4,6,2058.0377,10445.418,0.427561158,164.5858237,75.32645833,-0.035218972,-0.032001569,-2.352080187
2024-10-04T12:37:00Z,4,6,2078.3017,10445.418,0.427561158,164.5858237,75.32645833,-0.035218972,-0.032001569,-2.352080187
2024-10-04T12:38:00Z,4,6,2105.9601,10445.418,0.427561158,164.5858237,75.32645833,-0.035218972,-0.032001569,-2.352080187
2024-10-04T12:39:00Z,4,6,2131.3547,10445.418,0.427561158,164.5858237,75.32645833,-0.035218972,-0.032001569,-2.352080187
2024-10-04T10:45:40Z,4,7,373.09719,1077.366,0.253452518,36.81707703,76.00629167,-0.247807879,-0.22266258,-27.94583733
2024-10-04T10:46:00Z,4,7,380.64561,1077.366,0.253452518,36.81707703,76.00629167,-0.247807879,-0.22266258,-27.94583733
2024-10-04T10:47:00Z,4,7,390.75329,1077.366,0.253452518,36.81707703,76.00629167,-0.247807879,-0.22266258,-27.94583733
2024-10-04T10:48:00Z,4,7,395.76027,1077.366,0.253452518,36.81707703,76.00629167,-0.247807879,-0.22266258,-27.94583733
2024-10-04T10:49:00Z,4,7,398.27026,1077.366,0.253452518,36.81707703,76.00629167,-0.247807879,-0.22266258,-27.94583733
2024-10-04T10:50:00Z,4,7,410.93501,1077.366,0.253452518,36.81707703,76.00629167,-0.247807879,-0.22266258,-27.94583733
2024-10-04T10:51:00Z,4,7,426.04615,1077.366,0.253452518,36.81707703,76.00629167,-0.247807879,-0.22266258,-27.94583733
2024-10-04T10:52:00Z,4,7,446.57138,1077.366,0.253452518,36.81707703,76.00629167,-0.247807879,-0.22266258,-27.94583733
2024-10-04T10:53:00Z,4,7,466.78571,1077.366,0.253452518,36.81707703,76.00629167,-0.247807879,-0.22266258,-27.94583733
2024-10-04T10:54:00Z,4,7,477.8058,1077.366,0.253452518,36.81707703,76.00629167,-0.247807879,-0.22266258,-27.94583733
2024-10-04T13:22:40Z,4,9,403.8474,8906.689,0.193682526,84.84937631,76.78266667,-0.028478304,-0.025267627,-4.207289266
2024-10-04T13:23:00Z,4,9,507.23479,8906.689,0.193682526,84.84937631,76.78266667,-0.028478304,-0.025267627,-4.207289266
2024-10-04T13:24:00Z,4,9,623.25717,8906.689,0.193682526,84.84937631,76.78266667,-0.028478304,-0.025267627,-4.207289266
2024-10-04T13:25:00Z,4,9,706.3595,8906.689,0.193682526,84.84937631,76.78266667,-0.028478304,-0.025267627,-4.207289266
2024-10-04T13:26:00Z,4,9,777.1273,8906.689,0.193682526,84.84937631,76.78266667,-0.028478304,-0.025267627,-4.207289266
2024-10-04T13:27:00Z,4,9,830.0051,8906.689,0.193682526,84.84937631,76.78266667,-0.028478304,-0.025267627,-4.207289266
2024-10-04T13:28:00Z,4,9,890.423,8906.689,0.193682526,84.84937631,76.78266667,-0.028478304,-0.025267627,-4.207289266
2024-10-04T13:29:00Z,4,9,943.3158,8906.689,0.193682526,84.84937631,76.78266667,-0.028478304,-0.025267627,-4.207289266
2024-10-04T13:30:00Z,4,9,973.1816,8906.689,0.193682526,84.84937631,76.78266667,-0.028478304,-0.025267627,-4.207289266
2024-10-04T13:31:00Z,4,9,1001.4099,8906.689,0.193682526,84.84937631,76.78266667,-0.028478304,-0.025267627,-4.207289266
2024-10-04T13:32:00Z,4,9,1028.9956,8906.689,0.193682526,84.84937631,76.78266667,-0.028478304,-0.025267627,-4.207289266
2024-10-04T13:33:00Z,4,9,1031.4581,8906.689,0.193682526,84.84937631,76.78266667,-0.028478304,-0.025267627,-4.207289266
2024-10-04T13:34:00Z,4,9,1036.6344,8906.689,0.193682526,84.84937631,76.78266667,-0.028478304,-0.025267627,-4.207289266
2024-10-04T13:35:00Z,4,9,1046.8295,8906.689,0.193682526,84.84937631,76.78266667,-0.028478304,-0.025267627,-4.207289266
2024-10-04T13:36:00Z,4,9,1046.808,8906.689,0.193682526,84.84937631,76.78266667,-0.028478304,-0.025267627,-4.207289266
2024-10-04T13:37:00Z,4,9,1049.3972,8906.689,0.193682526,84.84937631,76.78266667,-0.028478304,-0.025267627,-4.207289266
2024-10-04T13:38:00Z,4,9,1071.8765,8906.689,0.193682526,84.84937631,76.78266667,-0.028478304,-0.025267627,-4.207289266
2024-10-04T13:39:00Z,4,9,1104.6473,8906.689,0.193682526,84.84937631,76.78266667,-0.028478304,-0.025267627,-4.207289266
2024-10-04T13:40:00Z,4,9,1114.7226,8906.689,0.193682526,84.84937631,76.78266667,-0.028478304,-0.025267627,-4.207289266
2024-10-04T13:41:00Z,4,9,1122.1671,8906.689,0.193682526,84.84937631,76.78266667,-0.028478304,-0.025267627,-4.207289266
2024-10-04T13:42:00Z,4,9,1144.8136,8906.689,0.193682526,84.84937631,76.78266667,-0.028478304,-0.025267627,-4.207289266
2024-10-04T13:43:00Z,4,9,1167.678,8906.689,0.193682526,84.84937631,76.78266667,-0.028478304,-0.025267627,-4.207289266
2024-10-04T13:44:00Z,4,9,1167.6971,8906.689,0.193682526,84.84937631,76.78266667,-0.028478304,-0.025267627,-4.207289266
2024-10-04T13:45:00Z,4,9,1167.7697,8906.689,0.193682526,84.84937631,76.78266667,-0.028478304,-0.025267627,-4.207289266
2024-10-04T13:46:00Z,4,9,1159.9833,8906.689,0.193682526,84.84937631,76.78266667,-0.028478304,-0.025267627,-4.207289266
2024-10-04T13:47:00Z,4,9,1152.3098,8906.689,0.193682526,84.84937631,76.78266667,-0.028478304,-0.025267627,-4.207289266
2024-10-04T13:48:00Z,4,9,1142.2951,8906.689,0.193682526,84.84937631,76.78266667,-0.028478304,-0.025267627,-4.207289266
2024-10-04T13:49:00Z,4,9,1127.1895,8906.689,0.193682526,84.84937631,76.78266667,-0.028478304,-0.025267627,-4.207289266
2024-10-04T13:50:00Z,4,9,1125.1417,8906.689,0.193682526,84.84937631,76.78266667,-0.028478304,-0.025267627,-4.207289266
2024-10-04T13:51:00Z,4,9,1167.5934,8906.689,0.193682526,84.84937631,76.78266667,-0.028478304,-0.025267627,-4.207289266
2024-10-04T13:52:00Z,4,9,1190.2635,8906.689,0.193682526,84.84937631,76.78266667,-0.028478304,-0.025267627,-4.207289266
2024-10-04T13:53:00Z,4,9,1205.3795,8906.689,0.193682526,84.84937631,76.78266667,-0.028478304,-0.025267627,-4.207289266
2024-10-04T13:54:00Z,4,9,1233.3842,8906.689,0.193682526,84.84937631,76.78266667,-0.028478304,-0.025267627,-4.207289266
2024-10-04T13:55:00Z,4,9,1243.461,8906.689,0.193682526,84.84937631,76.78266667,-0.028478304,-0.025267627,-4.207289266
2024-10-04T13:56:00Z,4,9,1243.471,8906.689,0.193682526,84.84937631,76.78266667,-0.028478304,-0.025267627,-4.207289266
2024-10-04T13:57:00Z,4,9,1247.16975,8906.689,0.193682526,84.84937631,76.78266667,-0.028478304,-0.025267627,-4.207289266
2023-11-01T15:27:00Z,1,13,861.6084167,4695.205,0.096741421,11.91205221,68.24183333,-0.023294976,-0.023846125,-6.804214635
2023-11-01T15:28:00Z,1,13,854.0789,4695.205,0.096741421,11.91205221,68.24183333,-0.023294976,-0.023846125,-6.804214635
2023-11-01T15:29:00Z,1,13,860.7749333,4695.205,0.096741421,11.91205221,68.24183333,-0.023294976,-0.023846125,-6.804214635
2023-11-01T15:30:00Z,1,13,853.1966667,4695.205,0.096741421,11.91205221,68.24183333,-0.023294976,-0.023846125,-6.804214635
2023-11-01T15:31:00Z,1,13,826.7272167,4695.205,0.096741421,11.91205221,68.24183333,-0.023294976,-0.023846125,-6.804214635
2023-11-01T15:32:00Z,1,13,818.3396,4695.205,0.096741421,11.91205221,68.24183333,-0.023294976,-0.023846125,-6.804214635
2023-11-01T15:33:00Z,1,13,834.2853667,4695.205,0.096741421,11.91205221,68.24183333,-0.023294976,-0.023846125,-6.804214635
2023-11-01T15:34:00Z,1,13,834.55965,4695.205,0.096741421,11.91205221,68.24183333,-0.023294976,-0.023846125,-6.804214635
2023-11-01T15:35:00Z,1,13,836.3074667,4695.205,0.096741421,11.91205221,68.24183333,-0.023294976,-0.023846125,-6.804214635
2023-11-01T15:36:00Z,1,13,845.7633833,4695.205,0.096741421,11.91205221,68.24183333,-0.023294976,-0.023846125,-6.804214635
2023-11-01T15:37:00Z,1,13,856.467,4695.205,0.096741421,11.91205221,68.24183333,-0.023294976,-0.023846125,-6.804214635
2023-11-01T15:38:00Z,1,13,868.4897167,4695.205,0.096741421,11.91205221,68.24183333,-0.023294976,-0.023846125,-6.804214635
2023-11-01T15:39:00Z,1,13,890.0100167,4695.205,0.096741421,11.91205221,68.24183333,-0.023294976,-0.023846125,-6.804214635
2023-11-01T15:40:00Z,1,13,912.1414,4695.205,0.096741421,11.91205221,68.24183333,-0.023294976,-0.023846125,-6.804214635
2023-11-01T15:41:00Z,1,13,929.8956333,4695.205,0.096741421,11.91205221,68.24183333,-0.023294976,-0.023846125,-6.804214635
2023-11-01T15:42:00Z,1,13,949.5912,4695.205,0.096741421,11.91205221,68.24183333,-0.023294976,-0.023846125,-6.804214635
2023-11-01T15:43:00Z,1,13,967.97515,4695.205,0.096741421,11.91205221,68.24183333,-0.023294976,-0.023846125,-6.804214635
2023-11-01T15:44:00Z,1,13,984.39646,4695.205,0.096741421,11.91205221,68.24183333,-0.023294976,-0.023846125,-6.804214635
2023-12-19T15:20:00Z,19,13,682.46505,4360.498,0.53558507,168.710471,58.13679167,-0.033927946,-0.041635654,-1.761054863
2023-12-19T15:21:00Z,19,13,677.5530667,4360.498,0.53558507,168.710471,58.13679167,-0.033927946,-0.041635654,-1.761054863
2023-12-19T15:22:00Z,19,13,684.4614667,4360.498,0.53558507,168.710471,58.13679167,-0.033927946,-0.041635654,-1.761054863
2023-12-19T15:23:00Z,19,13,692.5685833,4360.498,0.53558507,168.710471,58.13679167,-0.033927946,-0.041635654,-1.761054863
2023-12-19T15:24:00Z,19,13,707.4314,4360.498,0.53558507,168.710471,58.13679167,-0.033927946,-0.041635654,-1.761054863
2023-12-19T15:25:00Z,19,13,721.8925667,4360.498,0.53558507,168.710471,58.13679167,-0.033927946,-0.041635654,-1.761054863
2023-12-19T15:26:00Z,19,13,734.2957667,4360.498,0.53558507,168.710471,58.13679167,-0.033927946,-0.041635654,-1.761054863
2023-12-19T15:27:00Z,19,13,744.4195167,4360.498,0.53558507,168.710471,58.13679167,-0.033927946,-0.041635654,-1.761054863
2023-12-19T15:28:00Z,19,13,755.1985,4360.498,0.53558507,168.710471,58.13679167,-0.033927946,-0.041635654,-1.761054863
2023-12-19T15:29:00Z,19,13,767.4078167,4360.498,0.53558507,168.710471,58.13679167,-0.033927946,-0.041635654,-1.761054863
2023-12-19T15:30:00Z,19,13,781.7407833,4360.498,0.53558507,168.710471,58.13679167,-0.033927946,-0.041635654,-1.761054863
2023-12-19T15:31:00Z,19,13,790.2496167,4360.498,0.53558507,168.710471,58.13679167,-0.033927946,-0.041635654,-1.761054863
2023-12-19T15:32:00Z,19,13,804.3138167,4360.498,0.53558507,168.710471,58.13679167,-0.033927946,-0.041635654,-1.761054863
2023-12-19T15:33:00Z,19,13,819.2057833,4360.498,0.53558507,168.710471,58.13679167,-0.033927946,-0.041635654,-1.761054863
2023-12-19T15:34:00Z,19,13,836.2607333,4360.498,0.53558507,168.710471,58.13679167,-0.033927946,-0.041635654,-1.761054863
2023-12-19T15:35:00Z,19,13,854.6213333,4360.498,0.53558507,168.710471,58.13679167,-0.033927946,-0.041635654,-1.761054863
2023-12-19T12:50:00Z,19,6a,811.21125,7747.794,0.586132066,381.0856699,57.41054167,-0.001506842,-0.001874154,-0.071382265
2023-12-19T12:51:00Z,19,6a,776.2055,7747.794,0.586132066,381.0856699,57.41054167,-0.001506842,-0.001874154,-0.071382265
2023-12-19T12:52:00Z,19,6a,753.3511833,7747.794,0.586132066,381.0856699,57.41054167,-0.001506842,-0.001874154,-0.071382265
2023-12-19T12:53:00Z,19,6a,741.5704333,7747.794,0.586132066,381.0856699,57.41054167,-0.001506842,-0.001874154,-0.071382265
2023-12-19T12:54:00Z,19,6a,709.2427,7747.794,0.586132066,381.0856699,57.41054167,-0.001506842,-0.001874154,-0.071382265
2023-12-19T13:12:00Z,19,6a,816.4408833,7834.375,0.586132066,381.0856699,57.41054167,-0.001488251,-0.001851032,-0.070501614
2023-12-19T13:13:00Z,19,6a,782.71445,7834.375,0.586132066,381.0856699,57.41054167,-0.001488251,-0.001851032,-0.070501614
2023-12-19T13:14:00Z,19,6a,760.8823833,7834.375,0.586132066,381.0856699,57.41054167,-0.001488251,-0.001851032,-0.070501614
2023-12-19T13:15:00Z,19,6a,744.0046167,7834.375,0.586132066,381.0856699,57.41054167,-0.001488251,-0.001851032,-0.070501614
2023-12-19T13:16:00Z,19,6a,704.0552,7834.375,0.586132066,381.0856699,57.41054167,-0.001488251,-0.001851032,-0.070501614
2023-12-19T13:33:00Z,19,6a,809.3672333,7834.375,0.586132066,381.0856699,57.41054167,-0.001488251,-0.001851032,-0.070501614
2023-12-19T13:34:00Z,19,6a,785.4696667,7834.375,0.586132066,381.0856699,57.41054167,-0.001488251,-0.001851032,-0.070501614
2023-12-19T13:35:00Z,19,6a,786.2187,7834.375,0.586132066,381.0856699,57.41054167,-0.001488251,-0.001851032,-0.070501614
2023-12-19T13:36:00Z,19,6a,791.0579,7834.375,0.586132066,381.0856699,57.41054167,-0.001488251,-0.001851032,-0.070501614
2023-12-19T13:37:00Z,19,6a,785.6458667,7834.375,0.586132066,381.0856699,57.41054167,-0.001488251,-0.001851032,-0.070501614
2023-12-19T13:38:00Z,19,6a,784.9458333,7834.375,0.586132066,381.0856699,57.41054167,-0.001488251,-0.001851032,-0.070501614
2023-12-19T13:39:00Z,19,6a,787.6875167,7834.375,0.586132066,381.0856699,57.41054167,-0.001488251,-0.001851032,-0.070501614
2023-12-19T13:40:00Z,19,6a,786.5488833,7834.375,0.586132066,381.0856699,57.41054167,-0.001488251,-0.001851032,-0.070501614
2023-12-19T13:41:00Z,19,6a,782.27925,7834.375,0.586132066,381.0856699,57.41054167,-0.001488251,-0.001851032,-0.070501614
2023-12-19T13:42:00Z,19,6a,783.8974333,7834.375,0.586132066,381.0856699,57.41054167,-0.001488251,-0.001851032,-0.070501614
2023-12-19T13:43:00Z,19,6a,793.5559,7834.375,0.586132066,381.0856699,57.41054167,-0.001488251,-0.001851032,-0.070501614
2023-12-19T13:44:00Z,19,6a,767.2612,7834.375,0.586132066,381.0856699,57.41054167,-0.001488251,-0.001851032,-0.070501614
>>>>>>> fd5532f6236e072354d42b4e877822d6c2d9c033,,,,,,,,,,
