Date,CO2.water_umol.L,CO2.water.ppm,CH4.water_umol.L,CH4.water.ppm,DIC,DOC,Distance_m,WT_elevations,DOC_mg.m3,DIC_mg.m3,qL,CO2_molL,CH4_molL,CO2_flux,CH4_flux,DOC_flux,DIC_flux,ID,Well
2023-06-01T00:00:00Z,NA,NA,NA,NA,NA,15.12,-0.5,0.1492425651517973,0.01512,NA,7.180996975243752e-8,NA,NA,NA,NA,0.013154339131738007,NA,6,0
2023-06-01T00:00:00Z,NA,NA,NA,NA,NA,6.015151515,-0.5,0.06647335056907876,0.006015151515,NA,1.2109282445531092e-6,NA,NA,NA,NA,0.006422617903878387,NA,5,0
2023-07-04T00:00:00Z,NA,NA,NA,NA,NA,14.02,-0.5,0.15207249505408105,0.01402,NA,2.3645711605099248e-7,NA,NA,NA,NA,0.01242862896595251,NA,6,0
2023-07-04T00:00:00Z,NA,NA,NA,NA,NA,10.56969697,-0.5,0.1185637519526787,0.01056969697,NA,1.9153747380605764e-6,NA,NA,NA,NA,0.020129473469204736,NA,5,0
2023-07-07T00:00:00Z,NA,NA,NA,NA,NA,55.7,-0.5,0.16147567944486585,0.0557,NA,2.5260470852026283e-7,NA,NA,NA,NA,0.0524308446087029,NA,6,0
2023-07-07T00:00:00Z,NA,NA,NA,NA,NA,56.18,-0.5,0.0793945593951794,0.05618,NA,2.252774593442553e-6,NA,NA,NA,NA,0.07164574819695381,NA,5,0
2023-07-07T00:00:00Z,NA,NA,NA,NA,NA,59.57575758,-0.5,0.03643157973184625,0.05957575758,NA,2.3366911206588342e-7,NA,NA,NA,NA,0.02112428715670568,NA,9,0
2023-08-04T00:00:00Z,NA,NA,NA,NA,NA,46.194896,-0.5,0.7183314874205491,0.046194896,NA,1.0551664702135294e-6,NA,NA,NA,NA,0.19343873146590987,NA,6,0
2023-08-04T00:00:00Z,NA,NA,NA,NA,NA,63.388648,-0.5,0.13941597761983396,0.063388648,NA,3.569815028028975e-7,NA,NA,NA,NA,0.08601189635076023,NA,9,0
2023-09-08T00:00:00Z,NA,NA,NA,NA,NA,16.208788,-0.5,0.16668204457621072,0.016208788,NA,1.1016997703398418e-5,NA,NA,NA,NA,0.04339675993155348,NA,5,0
2023-09-08T00:00:00Z,NA,NA,NA,NA,NA,41.65396,-0.5,0.35828794245001083,0.04165396,NA,4.571706325493584e-6,NA,NA,NA,NA,0.08699875279805191,NA,6,0
2023-09-08T00:00:00Z,NA,NA,NA,NA,NA,78.09304,-0.5,0.08743414871445149,0.07809304,NA,6.727037402095098e-7,NA,NA,NA,NA,0.06645503649210739,NA,9,0
2023-09-13T00:00:00Z,NA,NA,NA,NA,NA,67.66,-0.5,0.3047456802605912,0.06766,NA,1.1714304161146734e-5,NA,NA,NA,NA,0.3311978404248274,NA,5,0
2023-09-28T00:00:00Z,NA,NA,NA,NA,NA,5.869,-0.5,0.3609868988968752,0.005869,NA,3.618950978551064e-6,NA,NA,NA,NA,0.01235037339761277,NA,6,0
2023-09-28T00:00:00Z,NA,NA,NA,NA,NA,38.203192,-0.5,0.3940795127744103,0.038203192000000004,NA,1.327502774698571e-5,NA,NA,NA,NA,0.24182514301299515,NA,5,0
2023-09-28T00:00:00Z,NA,NA,NA,NA,NA,35.550736,-0.5,0.18881821657582704,0.035550736,NA,9.893772871400453e-7,NA,NA,NA,NA,0.06533215339773621,NA,9,0
2023-11-01T00:00:00Z,NA,NA,NA,NA,9.661016357996262,61.817776,-0.5,0.12075868641247776,0.061817776000000005,0.009661016357996263,1.191758427782231e-5,NA,NA,NA,NA,0.11990842576953355,0.01873954932997014,5,0
2023-11-01T00:00:00Z,NA,NA,NA,NA,19.4622109970804,39.181768,-0.5,0.2529762877707573,0.039181768,0.0194622109970804,1.449505933465222e-6,NA,NA,NA,NA,0.0577814428289996,0.02870096704298103,6,0
2023-11-01T00:00:00Z,NA,NA,NA,NA,5.010630368671702,96.54864,-0.5,0.10198304144860028,0.09654864,0.005010630368671702,1.357880266788321e-6,NA,NA,NA,NA,0.03886555707704655,0.0020170241712943117,9,0
2023-11-05T00:00:00Z,NA,NA,NA,NA,9.83430124643146,16.657352,-0.5,0.10752065731404171,0.016657352,0.00983430124643146,1.1638324769681608e-5,NA,NA,NA,NA,0.02876840728658375,0.016984523328575783,5,0
2023-11-05T00:00:00Z,NA,NA,NA,NA,18.12072673503348,34.52924,-0.5,0.22048399551344583,0.03452924,0.01812072673503348,1.2300005220575892e-6,NA,NA,NA,NA,0.0651440086113996,0.034187163646574315,6,0
2023-11-05T00:00:00Z,NA,NA,NA,NA,4.548724526939737,93.0292,-0.5,0.08675286092996436,0.0930292,0.004548724526939737,1.310261554530196e-6,NA,NA,NA,NA,0.09353335218312592,0.0045733753828075185,9,0
2023-12-07T00:00:00Z,NA,NA,NA,NA,7.766530163263131,17.41,-0.5,0.1875366317399301,0.017410000000000002,0.007766530163263131,1.283158980134615e-5,NA,NA,NA,NA,0.02496935655983744,0.011138728367561723,5,0
2023-12-07T00:00:00Z,NA,NA,NA,NA,18.418425154849295,19.739008,-0.5,0.2268865651367674,0.019739008,0.018418425154849295,4.3696775473633493e-7,NA,NA,NA,NA,0.04129753126516401,0.03853463602058787,6,0
2023-12-07T00:00:00Z,NA,NA,NA,NA,4.276041889983421,36.271792,-0.5,0.09031375820327406,0.036271792,0.0042760418899834216,6.801937288282505e-7,NA,NA,NA,NA,0.03188287031688836,0.0037586367127359923,9,0
2024-02-08T00:00:00Z,NA,NA,NA,NA,NA,81.0116,-0.5,0.2783946597763325,0.0810116,NA,9.47266885462047e-6,NA,NA,NA,NA,0.170586652491314,NA,5,0
2024-02-08T00:00:00Z,NA,NA,NA,NA,NA,57.66312,-0.5,0.3650540763202738,0.05766312,NA,2.5557269129694323e-6,NA,NA,NA,NA,0.09656761223139548,NA,6,0
2024-02-08T00:00:00Z,NA,NA,NA,NA,NA,85.47528,-0.5,0.28376764889893424,0.08547528,NA,1.767469916703842e-6,NA,NA,NA,NA,0.2322979168863261,NA,9,0
2024-03-04T00:00:00Z,NA,NA,NA,NA,7.846787710035337,36.005688,-0.5,0.21945486282580948,0.036005688,0.007846787710035337,1.2830271473364654e-5,NA,NA,NA,NA,0.12692122851784085,0.027660183470911048,5,0
2024-03-04T00:00:00Z,NA,NA,NA,NA,NA,67.182776,-0.5,0.33160458488749156,0.067182776,NA,3.613721216603475e-6,NA,NA,NA,NA,0.10099946180704596,NA,6,0
2024-03-04T00:00:00Z,NA,NA,NA,NA,NA,77.23464,-0.5,0.19603191835754297,0.07723464,NA,2.706278163007907e-6,NA,NA,NA,NA,0.2784531538436769,NA,9,0
2024-03-25T00:00:00Z,NA,NA,NA,NA,7.146882663094938,34.22,-0.5,0.2007007543885216,0.03422,0.007146882663094938,1.0089415363904155e-5,NA,NA,NA,NA,0.11031814605263647,0.023040059773476413,5,0
2024-03-25T00:00:00Z,NA,NA,NA,NA,7.146882663094938,34.22,-0.5,0.2007007543885216,0.03422,0.007146882663094938,1.0089415363904155e-5,NA,NA,NA,NA,0.11031814605263647,0.023040059773476413,5,0
2024-03-25T00:00:00Z,NA,NA,NA,NA,13.314452574892195,30.92,-0.5,0.3271569855392675,0.030920000000000003,0.013314452574892196,2.650064196387323e-6,NA,NA,NA,NA,0.058968519083784,0.02539241755344979,6,0
2024-03-25T00:00:00Z,NA,NA,NA,NA,13.314452574892195,30.92,-0.5,0.3271569855392675,0.030920000000000003,0.013314452574892196,2.650064196387323e-6,NA,NA,NA,NA,0.058968519083784,0.02539241755344979,6,0
2024-03-25T00:00:00Z,NA,NA,NA,NA,5.092940195156711,66.34,-0.5,0.19217278226764253,0.06634000000000001,0.005092940195156711,1.9073824049996952e-6,NA,NA,NA,NA,0.2271179388753493,0.017435907144097245,9,0
2024-04-18T00:00:00Z,NA,NA,NA,NA,5.3556,76.43385,-0.5,0.27567169330142904,0.07643385000000001,0.0053556,9.089324590862489e-7,NA,NA,NA,NA,0.12282943315523784,0.008606465750530578,6,0
2024-04-18T00:00:00Z,NA,NA,NA,NA,5.3556,76.43385,-0.5,0.27567169330142904,0.07643385000000001,0.0053556,9.089324590862489e-7,NA,NA,NA,NA,0.12282943315523784,0.008606465750530578,6,0
2024-04-18T00:00:00Z,NA,NA,NA,NA,5.3556,76.43385,-0.5,0.27567169330142904,0.07643385000000001,0.0053556,9.089324590862489e-7,NA,NA,NA,NA,0.12282943315523784,0.008606465750530578,6,0
2024-04-18T00:00:00Z,NA,NA,NA,NA,2.65645,39.25069,-0.5,0.147406816631815,0.03925069,0.00265645,5.764822488130861e-6,NA,NA,NA,NA,0.02719280379391883,0.0018403835356360788,5,0
2024-04-18T00:00:00Z,NA,NA,NA,NA,2.65645,39.25069,-0.5,0.147406816631815,0.03925069,0.00265645,5.764822488130861e-6,NA,NA,NA,NA,0.02719280379391883,0.0018403835356360788,5,0
2024-04-18T00:00:00Z,NA,NA,NA,NA,2.65645,39.25069,-0.5,0.147406816631815,0.03925069,0.00265645,5.764822488130861e-6,NA,NA,NA,NA,0.02719280379391883,0.0018403835356360788,5,0
2024-04-18T00:00:00Z,NA,NA,NA,NA,2.65645,39.25069,-0.5,0.147406816631815,0.03925069,0.00265645,5.764822488130861e-6,NA,NA,NA,NA,0.02719280379391883,0.0018403835356360788,5,0
2024-05-08T00:00:00Z,NA,NA,NA,NA,3.6351,14.244716,-0.5,0.090934675715505,0.014244716000000001,0.0036351,3.231882155454068e-6,NA,NA,NA,NA,0.00294140347297396,7.506148781490372e-4,5,0
2024-05-08T00:00:00Z,NA,NA,NA,NA,3.6351,14.244716,-0.5,0.090934675715505,0.014244716000000001,0.0036351,3.231882155454068e-6,NA,NA,NA,NA,0.00294140347297396,7.506148781490372e-4,5,0
2024-05-08T00:00:00Z,NA,NA,NA,NA,6.3657,80.28966,-0.5,0.11398360768749512,0.08028966,0.0063657,1.4634638516255536e-7,NA,NA,NA,NA,0.05334903345433307,0.004229734467181055,6,0
2024-05-08T00:00:00Z,NA,NA,NA,NA,3.75091,103.06584,-0.5,0.01858250002214294,0.10306583999999999,0.00375091,3.406924264136777e-8,NA,NA,NA,NA,0.0026871567468104906,9.779460501344518e-5,9,0
2024-05-30T00:00:00Z,NA,NA,NA,NA,3.35982,15.252009,-0.5,0.03865729843347802,0.015252008999999999,0.00335982,1.1165182589308032e-6,NA,NA,NA,NA,0.0016466485494313072,3.6273534387176764e-4,5,0
2024-05-30T00:00:00Z,NA,NA,NA,NA,3.35982,15.252009,-0.5,0.03865729843347802,0.015252008999999999,0.00335982,1.1165182589308032e-6,NA,NA,NA,NA,0.0016466485494313072,3.6273534387176764e-4,5,0
2024-05-30T00:00:00Z,NA,NA,NA,NA,3.35982,15.252009,-0.5,0.03865729843347802,0.015252008999999999,0.00335982,1.1165182589308032e-6,NA,NA,NA,NA,0.0016466485494313072,3.6273534387176764e-4,5,0
2024-05-30T00:00:00Z,NA,NA,NA,NA,5.474,83.458,-0.5,0.05913853645889135,0.083458,0.0054740000000000006,1.805548563344522e-8,NA,NA,NA,NA,0.028771538371048594,0.0018871216784864244,6,0
2024-05-30T00:00:00Z,NA,NA,NA,NA,5.474,83.458,-0.5,0.05913853645889135,0.083458,0.0054740000000000006,1.805548563344522e-8,NA,NA,NA,NA,0.028771538371048594,0.0018871216784864244,6,0
2024-05-30T00:00:00Z,NA,NA,NA,NA,5.474,83.458,-0.5,0.05913853645889135,0.083458,0.0054740000000000006,1.805548563344522e-8,NA,NA,NA,NA,0.028771538371048594,0.0018871216784864244,6,0
2024-07-11T00:00:00Z,NA,NA,NA,NA,10.124899999999998,87.37359000000001,-0.5,0.1466827115472416,0.08737359,0.0101249,1.3450844837182262e-8,NA,NA,NA,NA,0.060520583065465663,0.007013158684214912,6,0
2024-07-11T00:00:00Z,NA,NA,NA,NA,10.124899999999998,87.37359000000001,-0.5,0.1466827115472416,0.08737359,0.0101249,1.3450844837182262e-8,NA,NA,NA,NA,0.060520583065465663,0.007013158684214912,6,0
2024-07-11T00:00:00Z,NA,NA,NA,NA,23.5559,57.66293,-0.5,0.3167094279643104,0.05766293,0.0235559,6.731370309374179e-7,NA,NA,NA,NA,0.29334294157812196,0.11983360882841165,5,0
2024-07-11T00:00:00Z,NA,NA,NA,NA,23.5559,57.66293,-0.5,0.3167094279643104,0.05766293,0.0235559,6.731370309374179e-7,NA,NA,NA,NA,0.29334294157812196,0.11983360882841165,5,0
2024-07-29T00:00:00Z,NA,NA,NA,NA,3.15077,72.72749,-0.5,0.47694777291652474,0.07272749,0.0031507700000000002,2.842821868031006e-6,NA,NA,NA,NA,0.08207346015383753,0.0035556650731230605,5,0
2024-07-29T00:00:00Z,NA,NA,NA,NA,6.1696,81.87383,-0.5,0.3028582057164121,0.08187383,0.0061696,2.2049569767743422e-7,NA,NA,NA,NA,0.14454696917899718,0.010892332520009642,6,0
2024-07-29T00:00:00Z,NA,NA,NA,NA,2.73489,92.69401,-0.5,0.14969712289074938,0.09269401000000001,0.0027348900000000002,1.6230476997121997e-7,NA,NA,NA,NA,0.019266912044082485,5.684605195118946e-4,9,0
2024-08-01T00:00:00Z,NA,NA,NA,NA,9.5181,60.59215,-0.5,0.29203267406534833,0.06059215,0.0095181,3.523767414378864e-6,NA,NA,NA,NA,0.2842272758914561,0.04464775774852795,5,0
2024-08-01T00:00:00Z,NA,NA,NA,NA,6.3324,130.11629,-0.5,0.2592839784164421,0.13011629,0.0063324,4.706909739152692e-7,NA,NA,NA,NA,0.18440565180269627,0.008974513102666806,6,0
2024-08-01T00:00:00Z,NA,NA,NA,NA,3.27916,97.5063,-0.5,0.06644429758556498,0.09750629999999999,0.00327916,3.4562445824244377e-7,NA,NA,NA,NA,0.013120862120722412,4.412577057255594e-4,9,0
2024-08-22T00:00:00Z,NA,NA,NA,NA,7.324,96.25092,-0.5,0.07779465089233188,0.09625091999999999,0.007324,5.084185808825146e-6,NA,NA,NA,NA,0.12027422583082586,0.009152000105401265,5,0
2024-08-23T00:00:00Z,NA,NA,NA,NA,4.7266,91.67775,-0.5,0.4131287863974326,0.09167775,0.0047266,3.3240777466014726e-6,NA,NA,NA,NA,0.06328103222736664,0.0032625596387986307,6,0
2024-08-23T00:00:00Z,NA,NA,NA,NA,2.56913,62.56489,-0.5,0.06375445776865592,0.06256489,0.0025691299999999998,4.9797133930920985e-6,NA,NA,NA,NA,0.00919225026516545,3.7746547502512205e-4,5,0
2024-08-23T00:00:00Z,NA,NA,NA,NA,3.70096,150.4116,-0.5,0.22330620492409825,0.1504116,0.0037009599999999997,2.8004057990806997e-6,NA,NA,NA,NA,0.3269012696996163,0.00804358522286507,9,0
2024-09-13T00:00:00Z,NA,NA,NA,NA,3.910379999999999,109.88076,-0.5,0.25082669577926575,0.10988076,0.003910379999999999,3.87981479291418e-6,NA,NA,NA,NA,0.2562209650007171,0.00911825998582012,9,0
2024-09-13T00:00:00Z,NA,NA,NA,NA,4.9227,75.92572000000001,-0.5,0.6451116804331511,0.07592572000000002,0.0049226999999999995,6.8530839686054794e-6,NA,NA,NA,NA,0.17226380636716723,0.011168850813711793,6,0
2024-09-13T00:00:00Z,NA,NA,NA,NA,3.21478,59.87479,-0.5,0.2893101036851425,0.05987479,0.00321478,4.9350006585279715e-6,NA,NA,NA,NA,0.27824383386677193,0.014939387883251384,5,0
2024-09-18T00:00:00Z,NA,NA,NA,NA,1.83061,55.570629999999994,-0.5,0.19772320514338024,0.055570629999999996,0.00183061,5.472120363845411e-6,NA,NA,NA,NA,0.1764903266264944,0.005813951665218244,5,0
2024-09-18T00:00:00Z,NA,NA,NA,NA,3.28582,77.42022000000001,-0.5,0.5886156029887821,0.07742022000000001,0.00328582,7.536163148635132e-6,NA,NA,NA,NA,0.16370755929319822,0.006947972667563804,6,0
2024-09-18T00:00:00Z,NA,NA,NA,NA,2.61538,120.37215,-0.5,0.2172525537475316,0.12037215000000001,0.00261538,4.0707034477293235e-6,NA,NA,NA,NA,0.319902430697385,0.0069506644119701,9,0
2024-10-04T00:00:00Z,NA,NA,NA,NA,2.37303,80.28966,-0.5,0.42756115791951943,0.08028966,0.00237303,8.316457982613584e-6,NA,NA,NA,NA,0.060411529756108424,0.0017855147531716784,6,0
2024-10-04T00:00:00Z,NA,NA,NA,NA,1.35442,51.98383,-0.5,0.13001805807807423,0.051983829999999995,0.00135442,6.231401783689824e-6,NA,NA,NA,NA,0.040351924615639356,0.001051354887431616,5,0
2024-10-04T00:00:00Z,NA,NA,NA,NA,1.20494,117.68205,-0.5,0.19368252554686924,0.11768205000000001,0.0012049399999999998,4.6171831335339265e-6,NA,NA,NA,NA,0.1624800308623393,0.0016636240479093207,9,0
2024-10-25T00:00:00Z,NA,NA,NA,NA,1.7532799999999995,74.132320000000007,-0.5,0.3700213575252328,0.07413232,0.0017532799999999994,3.475332114099376e-6,NA,NA,NA,NA,0.11715289391469108,0.0027707459559170615,6,0
2024-10-25T00:00:00Z,NA,NA,NA,NA,NA,40.466899999999995,-0.5,0.05697551688809674,0.04046689999999999,NA,4.5361294689933946e-6,NA,NA,NA,NA,0.0052812855239258265,NA,5,0
2024-10-25T00:00:00Z,NA,NA,NA,NA,NA,107.9156,-0.5,0.18907045338566195,0.1079156,NA,2.7689755376646945e-6,NA,NA,NA,NA,0.19697462422113884,NA,9,0
2024-11-22T00:00:00Z,442.55227182224206,10977.139680282682,2.5715389558609583,63.78487719776591,3.74906,79.27340000000001,-0.5,0.18724196474366997,0.07927340000000001,0.0037490600000000002,5.785179233553112e-7,4.4255227182224204e-4,2.5715389558609584e-6,2936.7091945292436,17.064339235389422,0.04383717990024304,0.002073182400109055,6,0
2024-11-22T00:00:00Z,442.55227182224206,10977.139680282682,-0.02864158854558597,-0.7104306951933727,3.74906,79.27340000000001,-0.5,0.18724196474366997,0.07927340000000001,0.0037490600000000002,5.785179233553112e-7,4.4255227182224204e-4,-2.8641588545585972e-8,2936.7091945292436,-0.19006120131619317,0.04383717990024304,0.002073182400109055,6,0
2024-11-22T00:00:00Z,122.94727266801176,2605.1397840852255,0.3377927637996749,7.157518411383133,3.74906,79.27340000000001,-0.5,0.18724196474366997,0.07927340000000001,0.0037490600000000002,5.785179233553112e-7,1.2294727266801177e-4,3.377927637996749e-7,815.8592986083905,2.2415411205806715,0.04383717990024304,0.002073182400109055,6,0
2024-11-22T00:00:00Z,122.94727266801176,2605.1397840852255,0.39639206339549554,8.399183747944278,3.74906,79.27340000000001,-0.5,0.18724196474366997,0.07927340000000001,0.0037490600000000002,5.785179233553112e-7,1.2294727266801177e-4,3.9639206339549555e-7,815.8592986083905,2.6303971108740454,0.04383717990024304,0.002073182400109055,6,0
2024-11-22T00:00:00Z,270.1698350985931,6075.7403101349,0.278241865308628,6.257268937540094,3.74906,79.27340000000001,-0.5,0.18724196474366997,0.07927340000000001,0.0037490600000000002,5.785179233553112e-7,2.7016983509859315e-4,2.7824186530862797e-7,1792.8057075643567,1.8463704655503888,0.04383717990024304,0.002073182400109055,6,0
2024-11-22T00:00:00Z,270.1698350985931,6075.7403101349,1.052440879736514,23.667917903253265,3.74906,79.27340000000001,-0.5,0.18724196474366997,0.07927340000000001,0.0037490600000000002,5.785179233553112e-7,2.7016983509859315e-4,1.0524408797365138e-6,1792.8057075643567,6.983836723952238,0.04383717990024304,0.002073182400109055,6,0
2024-11-22T00:00:00Z,151.15704000218216,3557.859942140247,0.24085012711816045,5.669011640613753,3.74906,79.27340000000001,-0.5,0.18724196474366997,0.07927340000000001,0.0037490600000000002,5.785179233553112e-7,1.5115704000218217e-4,2.4085012711816043e-7,1003.0550004057693,1.598244609386029,0.04383717990024304,0.002073182400109055,6,0
2024-11-22T00:00:00Z,151.15704000218216,3557.859942140247,0.3594290200986472,8.46006320733217,3.74906,79.27340000000001,-0.5,0.18724196474366997,0.07927340000000001,0.0037490600000000002,5.785179233553112e-7,1.5115704000218217e-4,3.594290200986472e-7,1003.0550004057693,2.3851160084617233,0.04383717990024304,0.002073182400109055,6,0
2024-11-22T00:00:00Z,201.6548472304881,4689.867386581591,0.9508861668082657,22.11466812383885,3.74906,79.27340000000001,-0.5,0.18724196474366997,0.07927340000000001,0.0037490600000000002,5.785179233553112e-7,2.0165484723048808e-4,9.508861668082656e-7,1338.1507263418396,6.309935180127475,0.04383717990024304,0.002073182400109055,6,0
2024-11-22T00:00:00Z,201.6548472304881,4689.867386581591,0.7836620768808793,18.225553548254947,3.74906,79.27340000000001,-0.5,0.18724196474366997,0.07927340000000001,0.0037490600000000002,5.785179233553112e-7,2.0165484723048808e-4,7.836620768808793e-7,1338.1507263418396,5.200261693616047,0.04383717990024304,0.002073182400109055,6,0
2024-11-22T00:00:00Z,148.74113886655726,3500.995651370284,0.24085012711816045,5.669011640613753,3.74906,79.27340000000001,-0.5,0.18724196474366997,0.07927340000000001,0.0037490600000000002,5.785179233553112e-7,1.4874113886655726e-4,2.4085012711816043e-7,987.0234499431541,1.598244609386029,0.04383717990024304,0.002073182400109055,6,0
2024-11-22T00:00:00Z,148.74113886655726,3500.995651370284,0.3594290200986472,8.46006320733217,3.74906,79.27340000000001,-0.5,0.18724196474366997,0.07927340000000001,0.0037490600000000002,5.785179233553112e-7,1.4874113886655726e-4,3.594290200986472e-7,987.0234499431541,2.3851160084617233,0.04383717990024304,0.002073182400109055,6,0
2024-11-22T00:00:00Z,317.04327931593133,7129.8582667239925,0.278241865308628,6.257268937540094,3.74906,79.27340000000001,-0.5,0.18724196474366997,0.07927340000000001,0.0037490600000000002,5.785179233553112e-7,3.170432793159313e-4,2.7824186530862797e-7,2103.850714847929,1.8463704655503888,0.04383717990024304,0.002073182400109055,6,0
2024-11-22T00:00:00Z,317.04327931593133,7129.8582667239925,1.052440879736514,23.667917903253265,3.74906,79.27340000000001,-0.5,0.18724196474366997,0.07927340000000001,0.0037490600000000002,5.785179233553112e-7,3.170432793159313e-4,1.0524408797365138e-6,2103.850714847929,6.983836723952238,0.04383717990024304,0.002073182400109055,6,0
2024-11-22T00:00:00Z,-4.973239915865677,-123.35706468125991,2.5715389558609583,63.78487719776591,3.74906,79.27340000000001,-0.5,0.18724196474366997,0.07927340000000001,0.0037490600000000002,5.785179233553112e-7,-4.973239915865677e-6,2.5715389558609584e-6,-33.00165950427859,17.064339235389422,0.04383717990024304,0.002073182400109055,6,0
2024-11-22T00:00:00Z,-4.973239915865677,-123.35706468125991,-0.02864158854558597,-0.7104306951933727,3.74906,79.27340000000001,-0.5,0.18724196474366997,0.07927340000000001,0.0037490600000000002,5.785179233553112e-7,-4.973239915865677e-6,-2.8641588545585972e-8,-33.00165950427859,-0.19006120131619317,0.04383717990024304,0.002073182400109055,6,0
2024-11-22T00:00:00Z,159.38238820809946,3377.166417709934,0.3377927637996749,7.157518411383133,3.74906,79.27340000000001,-0.5,0.18724196474366997,0.07927340000000001,0.0037490600000000002,5.785179233553112e-7,1.5938238820809947e-4,3.377927637996749e-7,1057.6371531649452,2.2415411205806715,0.04383717990024304,0.002073182400109055,6,0
2024-11-22T00:00:00Z,159.38238820809946,3377.166417709934,0.39639206339549554,8.399183747944278,3.74906,79.27340000000001,-0.5,0.18724196474366997,0.07927340000000001,0.0037490600000000002,5.785179233553112e-7,1.5938238820809947e-4,3.9639206339549555e-7,1057.6371531649452,2.6303971108740454,0.04383717990024304,0.002073182400109055,6,0
2024-11-22T00:00:00Z,94.84471540738336,2205.794423926197,0.9508861668082657,22.11466812383885,3.74906,79.27340000000001,-0.5,0.18724196474366997,0.07927340000000001,0.0037490600000000002,5.785179233553112e-7,9.484471540738336e-5,9.508861668082656e-7,629.3750264629724,6.309935180127475,0.04383717990024304,0.002073182400109055,6,0
2024-11-22T00:00:00Z,94.84471540738336,2205.794423926197,0.7836620768808793,18.225553548254947,3.74906,79.27340000000001,-0.5,0.18724196474366997,0.07927340000000001,0.0037490600000000002,5.785179233553112e-7,9.484471540738336e-5,7.836620768808793e-7,629.3750264629724,5.200261693616047,0.04383717990024304,0.002073182400109055,6,0
2024-11-22T00:00:00Z,442.55227182224206,10977.139680282682,2.5715389558609583,63.78487719776591,1.91275,111.04647,-0.5,0.0767954910734997,0.11104647,0.00191275,5.768456447261992e-7,4.4255227182224204e-4,2.5715389558609584e-6,4477.897104306722,26.019721459450402,0.0936338857797521,0.001612822226813881,9,0
2024-11-22T00:00:00Z,442.55227182224206,10977.139680282682,-0.02864158854558597,-0.7104306951933727,1.91275,111.04647,-0.5,0.0767954910734997,0.11104647,0.00191275,5.768456447261992e-7,4.4255227182224204e-4,-2.8641588545585972e-8,4477.897104306722,-0.28980550903722224,0.0936338857797521,0.001612822226813881,9,0
2024-11-22T00:00:00Z,122.94727266801176,2605.1397840852255,0.3377927637996749,7.157518411383133,1.91275,111.04647,-0.5,0.0767954910734997,0.11104647,0.00191275,5.768456447261992e-7,1.2294727266801177e-4,3.377927637996749e-7,1244.0230709822995,3.4179041328746997,0.0936338857797521,0.001612822226813881,9,0
2024-11-22T00:00:00Z,122.94727266801176,2605.1397840852255,0.39639206339549554,8.399183747944278,1.91275,111.04647,-0.5,0.0767954910734997,0.11104647,0.00191275,5.768456447261992e-7,1.2294727266801177e-4,3.9639206339549555e-7,1244.0230709822995,4.010832134111862,0.0936338857797521,0.001612822226813881,9,0
2024-11-22T00:00:00Z,270.1698350985931,6075.7403101349,0.278241865308628,6.257268937540094,1.91275,111.04647,-0.5,0.0767954910734997,0.11104647,0.00191275,5.768456447261992e-7,2.7016983509859315e-4,2.7824186530862797e-7,2733.6719282393533,2.8153475245583115,0.0936338857797521,0.001612822226813881,9,0
2024-11-22T00:00:00Z,270.1698350985931,6075.7403101349,1.052440879736514,23.667917903253265,1.91275,111.04647,-0.5,0.0767954910734997,0.11104647,0.00191275,5.768456447261992e-7,2.7016983509859315e-4,1.0524408797365138e-6,2733.6719282393533,10.648961191456934,0.0936338857797521,0.001612822226813881,9,0
2024-11-22T00:00:00Z,151.15704000218216,3557.859942140247,0.24085012711816045,5.669011640613753,1.91275,111.04647,-0.5,0.0767954910734997,0.11104647,0.00191275,5.768456447261992e-7,1.5115704000218217e-4,2.4085012711816043e-7,1529.4592634996584,2.437004971985577,0.0936338857797521,0.001612822226813881,9,0
2024-11-22T00:00:00Z,151.15704000218216,3557.859942140247,0.3594290200986472,8.46006320733217,1.91275,111.04647,-0.5,0.0767954910734997,0.11104647,0.00191275,5.768456447261992e-7,1.5115704000218217e-4,3.594290200986472e-7,1529.4592634996584,3.636827264893151,0.0936338857797521,0.001612822226813881,9,0
2024-11-22T00:00:00Z,201.6548472304881,4689.867386581591,0.9508861668082657,22.11466812383885,1.91275,111.04647,-0.5,0.0767954910734997,0.11104647,0.00191275,5.768456447261992e-7,2.0165484723048808e-4,9.508861668082656e-7,2040.4135601082546,9.621395446335729,0.0936338857797521,0.001612822226813881,9,0
2024-11-22T00:00:00Z,201.6548472304881,4689.867386581591,0.7836620768808793,18.225553548254947,1.91275,111.04647,-0.5,0.0767954910734997,0.11104647,0.00191275,5.768456447261992e-7,2.0165484723048808e-4,7.836620768808793e-7,2040.4135601082546,7.929364209047352,0.0936338857797521,0.001612822226813881,9,0
2024-11-22T00:00:00Z,148.74113886655726,3500.995651370284,0.24085012711816045,5.669011640613753,1.91275,111.04647,-0.5,0.0767954910734997,0.11104647,0.00191275,5.768456447261992e-7,1.4874113886655726e-4,2.4085012711816043e-7,1505.014339389425,2.437004971985577,0.0936338857797521,0.001612822226813881,9,0
2024-11-22T00:00:00Z,148.74113886655726,3500.995651370284,0.3594290200986472,8.46006320733217,1.91275,111.04647,-0.5,0.0767954910734997,0.11104647,0.00191275,5.768456447261992e-7,1.4874113886655726e-4,3.594290200986472e-7,1505.014339389425,3.636827264893151,0.0936338857797521,0.001612822226813881,9,0
2024-11-22T00:00:00Z,317.04327931593133,7129.8582667239925,0.278241865308628,6.257268937540094,1.91275,111.04647,-0.5,0.0767954910734997,0.11104647,0.00191275,5.768456447261992e-7,3.170432793159313e-4,2.7824186530862797e-7,3207.9536650959853,2.8153475245583115,0.0936338857797521,0.001612822226813881,9,0
2024-11-22T00:00:00Z,317.04327931593133,7129.8582667239925,1.052440879736514,23.667917903253265,1.91275,111.04647,-0.5,0.0767954910734997,0.11104647,0.00191275,5.768456447261992e-7,3.170432793159313e-4,1.0524408797365138e-6,3207.9536650959853,10.648961191456934,0.0936338857797521,0.001612822226813881,9,0
2024-11-22T00:00:00Z,-4.973239915865677,-123.35706468125991,2.5715389558609583,63.78487719776591,1.91275,111.04647,-0.5,0.0767954910734997,0.11104647,0.00191275,5.768456447261992e-7,-4.973239915865677e-6,2.5715389558609584e-6,-50.320963276452176,26.019721459450402,0.0936338857797521,0.001612822226813881,9,0
2024-11-22T00:00:00Z,-4.973239915865677,-123.35706468125991,-0.02864158854558597,-0.7104306951933727,1.91275,111.04647,-0.5,0.0767954910734997,0.11104647,0.00191275,5.768456447261992e-7,-4.973239915865677e-6,-2.8641588545585972e-8,-50.320963276452176,-0.28980550903722224,0.0936338857797521,0.001612822226813881,9,0
2024-11-22T00:00:00Z,159.38238820809946,3377.166417709934,0.3377927637996749,7.157518411383133,1.91275,111.04647,-0.5,0.0767954910734997,0.11104647,0.00191275,5.768456447261992e-7,1.5938238820809947e-4,3.377927637996749e-7,1612.6861843818674,3.4179041328746997,0.0936338857797521,0.001612822226813881,9,0
2024-11-22T00:00:00Z,159.38238820809946,3377.166417709934,0.39639206339549554,8.399183747944278,1.91275,111.04647,-0.5,0.0767954910734997,0.11104647,0.00191275,5.768456447261992e-7,1.5938238820809947e-4,3.9639206339549555e-7,1612.6861843818674,4.010832134111862,0.0936338857797521,0.001612822226813881,9,0
2024-11-22T00:00:00Z,94.84471540738336,2205.794423926197,0.9508861668082657,22.11466812383885,1.91275,111.04647,-0.5,0.0767954910734997,0.11104647,0.00191275,5.768456447261992e-7,9.484471540738336e-5,9.508861668082656e-7,959.6716671067194,9.621395446335729,0.0936338857797521,0.001612822226813881,9,0
2024-11-22T00:00:00Z,94.84471540738336,2205.794423926197,0.7836620768808793,18.225553548254947,1.91275,111.04647,-0.5,0.0767954910734997,0.11104647,0.00191275,5.768456447261992e-7,9.484471540738336e-5,7.836620768808793e-7,959.6716671067194,7.929364209047352,0.0936338857797521,0.001612822226813881,9,0
2024-11-22T00:00:00Z,442.55227182224206,10977.139680282682,2.5715389558609583,63.78487719776591,2.26425,22.500334,-0.5,0.03451131112052436,0.022500334,0.00226425,3.497537796831044e-6,4.4255227182224204e-4,2.5715389558609584e-6,655.4402505604054,3.808567359998444,0.002777002381724002,2.7945485799537787e-4,5,0
2024-11-22T00:00:00Z,442.55227182224206,10977.139680282682,-0.02864158854558597,-0.7104306951933727,2.26425,22.500334,-0.5,0.03451131112052436,0.022500334,0.00226425,3.497537796831044e-6,4.4255227182224204e-4,-2.8641588545585972e-8,655.4402505604054,-0.04241950876326607,0.002777002381724002,2.7945485799537787e-4,5,0
2024-11-22T00:00:00Z,122.94727266801176,2605.1397840852255,0.3377927637996749,7.157518411383133,2.26425,22.500334,-0.5,0.03451131112052436,0.022500334,0.00226425,3.497537796831044e-6,1.2294727266801177e-4,3.377927637996749e-7,182.09056044707904,0.5002866053103907,0.002777002381724002,2.7945485799537787e-4,5,0
2024-11-22T00:00:00Z,122.94727266801176,2605.1397840852255,0.39639206339549554,8.399183747944278,2.26425,22.500334,-0.5,0.03451131112052436,0.022500334,0.00226425,3.497537796831044e-6,1.2294727266801177e-4,3.9639206339549555e-7,182.09056044707904,0.5870748607442623,0.002777002381724002,2.7945485799537787e-4,5,0
2024-11-22T00:00:00Z,270.1698350985931,6075.7403101349,0.278241865308628,6.257268937540094,2.26425,22.500334,-0.5,0.03451131112052436,0.022500334,0.00226425,3.497537796831044e-6,2.7016983509859315e-4,2.7824186530862797e-7,400.13394052129576,0.41208898818518275,0.002777002381724002,2.7945485799537787e-4,5,0
2024-11-22T00:00:00Z,270.1698350985931,6075.7403101349,1.052440879736514,23.667917903253265,2.26425,22.500334,-0.5,0.03451131112052436,0.022500334,0.00226425,3.497537796831044e-6,2.7016983509859315e-4,1.0524408797365138e-6,400.13394052129576,1.5587133042480188,0.002777002381724002,2.7945485799537787e-4,5,0
2024-11-22T00:00:00Z,151.15704000218216,3557.859942140247,0.24085012711816045,5.669011640613753,2.26425,22.500334,-0.5,0.03451131112052436,0.022500334,0.00226425,3.497537796831044e-6,1.5115704000218217e-4,2.4085012711816043e-7,223.87052215335655,0.3567101057143383,0.002777002381724002,2.7945485799537787e-4,5,0
2024-11-22T00:00:00Z,151.15704000218216,3557.859942140247,0.3594290200986472,8.46006320733217,2.26425,22.500334,-0.5,0.03451131112052436,0.022500334,0.00226425,3.497537796831044e-6,1.5115704000218217e-4,3.594290200986472e-7,223.87052215335655,0.5323308951100907,0.002777002381724002,2.7945485799537787e-4,5,0
2024-11-22T00:00:00Z,201.6548472304881,4689.867386581591,0.9508861668082657,22.11466812383885,2.26425,22.500334,-0.5,0.03451131112052436,0.022500334,0.00226425,3.497537796831044e-6,2.0165484723048808e-4,9.508861668082656e-7,298.66009511427967,1.4083061077982006,0.002777002381724002,2.7945485799537787e-4,5,0
2024-11-22T00:00:00Z,201.6548472304881,4689.867386581591,0.7836620768808793,18.225553548254947,2.26425,22.500334,-0.5,0.03451131112052436,0.022500334,0.00226425,3.497537796831044e-6,2.0165484723048808e-4,7.836620768808793e-7,298.66009511427967,1.1606395463987227,0.002777002381724002,2.7945485799537787e-4,5,0
2024-11-22T00:00:00Z,148.74113886655726,3500.995651370284,0.24085012711816045,5.669011640613753,2.26425,22.500334,-0.5,0.03451131112052436,0.022500334,0.00226425,3.497537796831044e-6,1.4874113886655726e-4,2.4085012711816043e-7,220.29246155693693,0.3567101057143383,0.002777002381724002,2.7945485799537787e-4,5,0
2024-11-22T00:00:00Z,148.74113886655726,3500.995651370284,0.3594290200986472,8.46006320733217,2.26425,22.500334,-0.5,0.03451131112052436,0.022500334,0.00226425,3.497537796831044e-6,1.4874113886655726e-4,3.594290200986472e-7,220.29246155693693,0.5323308951100907,0.002777002381724002,2.7945485799537787e-4,5,0
2024-11-22T00:00:00Z,317.04327931593133,7129.8582667239925,0.278241865308628,6.257268937540094,2.26425,22.500334,-0.5,0.03451131112052436,0.022500334,0.00226425,3.497537796831044e-6,3.170432793159313e-4,2.7824186530862797e-7,469.55566531764157,0.41208898818518275,0.002777002381724002,2.7945485799537787e-4,5,0
2024-11-22T00:00:00Z,317.04327931593133,7129.8582667239925,1.052440879736514,23.667917903253265,2.26425,22.500334,-0.5,0.03451131112052436,0.022500334,0.00226425,3.497537796831044e-6,3.170432793159313e-4,1.0524408797365138e-6,469.55566531764157,1.5587133042480188,0.002777002381724002,2.7945485799537787e-4,5,0
2024-11-22T00:00:00Z,-4.973239915865677,-123.35706468125991,2.5715389558609583,63.78487719776591,2.26425,22.500334,-0.5,0.03451131112052436,0.022500334,0.00226425,3.497537796831044e-6,-4.973239915865677e-6,2.5715389558609584e-6,-7.365596843803577,3.808567359998444,0.002777002381724002,2.7945485799537787e-4,5,0
2024-11-22T00:00:00Z,-4.973239915865677,-123.35706468125991,-0.02864158854558597,-0.7104306951933727,2.26425,22.500334,-0.5,0.03451131112052436,0.022500334,0.00226425,3.497537796831044e-6,-4.973239915865677e-6,-2.8641588545585972e-8,-7.365596843803577,-0.04241950876326607,0.002777002381724002,2.7945485799537787e-4,5,0
2024-11-22T00:00:00Z,159.38238820809946,3377.166417709934,0.3377927637996749,7.157518411383133,2.26425,22.500334,-0.5,0.03451131112052436,0.022500334,0.00226425,3.497537796831044e-6,1.5938238820809947e-4,3.377927637996749e-7,236.05264081435504,0.5002866053103907,0.002777002381724002,2.7945485799537787e-4,5,0
2024-11-22T00:00:00Z,159.38238820809946,3377.166417709934,0.39639206339549554,8.399183747944278,2.26425,22.500334,-0.5,0.03451131112052436,0.022500334,0.00226425,3.497537796831044e-6,1.5938238820809947e-4,3.9639206339549555e-7,236.05264081435504,0.5870748607442623,0.002777002381724002,2.7945485799537787e-4,5,0
2024-11-22T00:00:00Z,94.84471540738336,2205.794423926197,0.9508861668082657,22.11466812383885,2.26425,22.500334,-0.5,0.03451131112052436,0.022500334,0.00226425,3.497537796831044e-6,9.484471540738336e-5,9.508861668082656e-7,140.46938178619322,1.4083061077982006,0.002777002381724002,2.7945485799537787e-4,5,0
2024-11-22T00:00:00Z,94.84471540738336,2205.794423926197,0.7836620768808793,18.225553548254947,2.26425,22.500334,-0.5,0.03451131112052436,0.022500334,0.00226425,3.497537796831044e-6,9.484471540738336e-5,7.836620768808793e-7,140.46938178619322,1.1606395463987227,0.002777002381724002,2.7945485799537787e-4,5,0
2024-12-12T00:00:00Z,NA,NA,NA,NA,0.699113,18.93737,-0.5,0.06886745500763732,0.018937370000000002,6.99113e-4,3.671385344274996e-6,NA,NA,NA,NA,0.014546551171668531,5.37016651693382e-4,5,0
2024-12-12T00:00:00Z,NA,NA,NA,NA,0.730156,18.79184,-0.5,0.06597459967647219,0.01879184,7.30156e-4,3.333480983640632e-7,NA,NA,NA,NA,0.0066184847995945624,2.571608946932694e-4,9,0
2024-12-12T00:00:00Z,NA,NA,NA,NA,0.721313,-0.06780850000000001,-0.5,0.15157050541373826,-6.78085e-5,7.21313e-4,3.7796059142718424e-7,NA,NA,NA,NA,-1.0392376359674249e-4,0.0011054891597846452,6,0
2024-12-13T00:00:00Z,384.8848095861287,7973.288443213047,0.7403320741801408,15.33674757792572,1.8184,74.6219,-0.5,0.1484061415675282,0.07462189999999999,0.0018184,3.7616905999678884e-7,3.848848095861287e-4,7.403320741801408e-7,3995.6591073789523,7.685714065627913,0.06455690701016505,0.0015731344244422098,6,0
2024-12-13T00:00:00Z,384.8848095861287,7973.288443213047,0.6017810623802521,12.466519515749315,1.8184,74.6219,-0.5,0.1484061415675282,0.07462189999999999,0.0018184,3.7616905999678884e-7,3.848848095861287e-4,6.017810623802521e-7,3995.6591073789523,6.247354851789129,0.06455690701016505,0.0015731344244422098,6,0
2024-12-13T00:00:00Z,370.91084762859424,7683.803312579499,0.7403320741801408,15.33674757792572,1.8184,74.6219,-0.5,0.1484061415675282,0.07462189999999999,0.0018184,3.7616905999678884e-7,3.709108476285942e-4,7.403320741801408e-7,3850.589239794857,7.685714065627913,0.06455690701016505,0.0015731344244422098,6,0
2024-12-13T00:00:00Z,370.91084762859424,7683.803312579499,0.6017810623802521,12.466519515749315,1.8184,74.6219,-0.5,0.1484061415675282,0.07462189999999999,0.0018184,3.7616905999678884e-7,3.709108476285942e-4,6.017810623802521e-7,3850.589239794857,6.247354851789129,0.06455690701016505,0.0015731344244422098,6,0
2024-12-13T00:00:00Z,598.5170033399992,12563.772104427477,2.7334959861551167,57.38019208605659,1.8184,74.6219,-0.5,0.1484061415675282,0.07462189999999999,0.0018184,3.7616905999678884e-7,5.985170033399992e-4,2.7334959861551165e-6,6213.4692140440775,28.37762847489146,0.06455690701016505,0.0015731344244422098,6,0
2024-12-13T00:00:00Z,598.5170033399992,12563.772104427477,2.8766158202944156,60.38449266518008,1.8184,74.6219,-0.5,0.1484061415675282,0.07462189999999999,0.0018184,3.7616905999678884e-7,5.985170033399992e-4,2.876615820294416e-6,6213.4692140440775,29.86341865024336,0.06455690701016505,0.0015731344244422098,6,0
2024-12-13T00:00:00Z,695.8788249493659,14607.543177840282,2.7334959861551167,57.38019208605659,1.8184,74.6219,-0.5,0.1484061415675282,0.07462189999999999,0.0018184,3.7616905999678884e-7,6.958788249493659e-4,2.7334959861551165e-6,7224.225262438903,28.37762847489146,0.06455690701016505,0.0015731344244422098,6,0
2024-12-13T00:00:00Z,695.8788249493659,14607.543177840282,2.8766158202944156,60.38449266518008,1.8184,74.6219,-0.5,0.1484061415675282,0.07462189999999999,0.0018184,3.7616905999678884e-7,6.958788249493659e-4,2.876615820294416e-6,7224.225262438903,29.86341865024336,0.06455690701016505,0.0015731344244422098,6,0
2024-12-13T00:00:00Z,411.3094997320188,9503.02603149452,0.7495973561199358,17.318936696060675,1.8184,74.6219,-0.5,0.1484061415675282,0.07462189999999999,0.0018184,3.7616905999678884e-7,4.1130949973201884e-4,7.495973561199359e-7,4269.985480390735,7.781901047403018,0.06455690701016505,0.0015731344244422098,6,0
2024-12-13T00:00:00Z,411.3094997320188,9503.02603149452,0.9992083545927438,23.086028916833364,1.8184,74.6219,-0.5,0.1484061415675282,0.07462189999999999,0.0018184,3.7616905999678884e-7,4.1130949973201884e-4,9.992083545927438e-7,4269.985480390735,10.37322300791973,0.06455690701016505,0.0015731344244422098,6,0
2024-12-13T00:00:00Z,547.3116347119861,12645.262789691258,0.7495973561199358,17.318936696060675,1.8184,74.6219,-0.5,0.1484061415675282,0.07462189999999999,0.0018184,3.7616905999678884e-7,5.473116347119862e-4,7.495973561199359e-7,5681.883678815432,7.781901047403018,0.06455690701016505,0.0015731344244422098,6,0
2024-12-13T00:00:00Z,547.3116347119861,12645.262789691258,0.9992083545927438,23.086028916833364,1.8184,74.6219,-0.5,0.1484061415675282,0.07462189999999999,0.0018184,3.7616905999678884e-7,5.473116347119862e-4,9.992083545927438e-7,5681.883678815432,10.37322300791973,0.06455690701016505,0.0015731344244422098,6,0
2024-12-13T00:00:00Z,165.8473426992941,3237.1917051666965,0.5351991559142647,10.446608549400953,1.8184,74.6219,-0.5,0.1484061415675282,0.07462189999999999,0.0018184,3.7616905999678884e-7,1.658473426992941e-4,5.351991559142647e-7,1721.7344742797443,5.55613868962479,0.06455690701016505,0.0015731344244422098,6,0
2024-12-13T00:00:00Z,165.8473426992941,3237.1917051666965,0.5488896923412283,10.7138355681721,1.8184,74.6219,-0.5,0.1484061415675282,0.07462189999999999,0.0018184,3.7616905999678884e-7,1.658473426992941e-4,5.488896923412283e-7,1721.7344742797443,5.698266191663966,0.06455690701016505,0.0015731344244422098,6,0
2024-12-13T00:00:00Z,177.43695900798036,3463.4106434379555,0.5351991559142647,10.446608549400953,1.8184,74.6219,-0.5,0.1484061415675282,0.07462189999999999,0.0018184,3.7616905999678884e-7,1.7743695900798037e-4,5.351991559142647e-7,1842.051397165388,5.55613868962479,0.06455690701016505,0.0015731344244422098,6,0
2024-12-13T00:00:00Z,177.43695900798036,3463.4106434379555,0.5488896923412283,10.7138355681721,1.8184,74.6219,-0.5,0.1484061415675282,0.07462189999999999,0.0018184,3.7616905999678884e-7,1.7743695900798037e-4,5.488896923412283e-7,1842.051397165388,5.698266191663966,0.06455690701016505,0.0015731344244422098,6,0
2024-12-13T00:00:00Z,182.29503180298863,3994.2356060928264,0.7621683095881526,16.699740908367808,1.8184,74.6219,-0.5,0.1484061415675282,0.07462189999999999,0.0018184,3.7616905999678884e-7,1.8229503180298864e-4,7.621683095881526e-7,1892.4851953414131,7.912405664531787,0.06455690701016505,0.0015731344244422098,6,0
2024-12-13T00:00:00Z,182.29503180298863,3994.2356060928264,0.7347883799666846,16.099823901827694,1.8184,74.6219,-0.5,0.1484061415675282,0.07462189999999999,0.0018184,3.7616905999678884e-7,1.8229503180298864e-4,7.347883799666845e-7,1892.4851953414131,7.628162528854249,0.06455690701016505,0.0015731344244422098,6,0
2024-12-13T00:00:00Z,182.29503180298863,3994.2356060928264,0.00931575564060127,0.20411594605366348,1.8184,74.6219,-0.5,0.1484061415675282,0.07462189999999999,0.0018184,3.7616905999678884e-7,1.8229503180298864e-4,9.31575564060127e-9,1892.4851953414131,0.09671097154369697,0.06455690701016505,0.0015731344244422098,6,0
2024-12-13T00:00:00Z,184.18120129318416,4035.5631467413664,0.7621683095881526,16.699740908367808,1.8184,74.6219,-0.5,0.1484061415675282,0.07462189999999999,0.0018184,3.7616905999678884e-7,0.00018418120129318416,7.621683095881526e-7,1912.0663534278135,7.912405664531787,0.06455690701016505,0.0015731344244422098,6,0
2024-12-13T00:00:00Z,184.18120129318416,4035.5631467413664,0.7347883799666846,16.099823901827694,1.8184,74.6219,-0.5,0.1484061415675282,0.07462189999999999,0.0018184,3.7616905999678884e-7,0.00018418120129318416,7.347883799666845e-7,1912.0663534278135,7.628162528854249,0.06455690701016505,0.0015731344244422098,6,0
2024-12-13T00:00:00Z,184.18120129318416,4035.5631467413664,0.00931575564060127,0.20411594605366348,1.8184,74.6219,-0.5,0.1484061415675282,0.07462189999999999,0.0018184,3.7616905999678884e-7,0.00018418120129318416,9.31575564060127e-9,1912.0663534278135,0.09671097154369697,0.06455690701016505,0.0015731344244422098,6,0
2024-12-13T00:00:00Z,25.79886205575202,565.274502549951,0.7621683095881526,16.699740908367808,1.8184,74.6219,-0.5,0.1484061415675282,0.07462189999999999,0.0018184,3.7616905999678884e-7,2.579886205575202e-5,7.621683095881526e-7,267.8293753497981,7.912405664531787,0.06455690701016505,0.0015731344244422098,6,0
2024-12-13T00:00:00Z,25.79886205575202,565.274502549951,0.7347883799666846,16.099823901827694,1.8184,74.6219,-0.5,0.1484061415675282,0.07462189999999999,0.0018184,3.7616905999678884e-7,2.579886205575202e-5,7.347883799666845e-7,267.8293753497981,7.628162528854249,0.06455690701016505,0.0015731344244422098,6,0
2024-12-13T00:00:00Z,25.79886205575202,565.274502549951,0.00931575564060127,0.20411594605366348,1.8184,74.6219,-0.5,0.1484061415675282,0.07462189999999999,0.0018184,3.7616905999678884e-7,2.579886205575202e-5,9.31575564060127e-9,267.8293753497981,0.09671097154369697,0.06455690701016505,0.0015731344244422098,6,0
2024-12-13T00:00:00Z,89.33672339843638,1895.17834188064,0.6324463435209572,13.416639507773796,1.8184,74.6219,-0.5,0.1484061415675282,0.07462189999999999,0.0018184,3.7616905999678884e-7,8.933672339843638e-5,6.324463435209572e-7,927.4439613613205,6.5657046718351575,0.06455690701016505,0.0015731344244422098,6,0
2024-12-13T00:00:00Z,89.33672339843638,1895.17834188064,0.958360817321416,20.330549359798493,1.8184,74.6219,-0.5,0.1484061415675282,0.07462189999999999,0.0018184,3.7616905999678884e-7,8.933672339843638e-5,9.58360817321416e-7,927.4439613613205,9.949166692245214,0.06455690701016505,0.0015731344244422098,6,0
2024-12-13T00:00:00Z,121.02519039893866,2567.413611568205,0.6324463435209572,13.416639507773796,1.8184,74.6219,-0.5,0.1484061415675282,0.07462189999999999,0.0018184,3.7616905999678884e-7,1.2102519039893867e-4,6.324463435209572e-7,1256.4159254811473,6.5657046718351575,0.06455690701016505,0.0015731344244422098,6,0
2024-12-13T00:00:00Z,121.02519039893866,2567.413611568205,0.958360817321416,20.330549359798493,1.8184,74.6219,-0.5,0.1484061415675282,0.07462189999999999,0.0018184,3.7616905999678884e-7,1.2102519039893867e-4,9.58360817321416e-7,1256.4159254811473,9.949166692245214,0.06455690701016505,0.0015731344244422098,6,0
2024-12-13T00:00:00Z,384.8848095861287,7973.288443213047,0.7403320741801408,15.33674757792572,1.26044,95.1743,-0.5,0.05522822765925247,0.0951743,0.00126044,3.319822094663744e-7,3.848848095861287e-4,7.403320741801408e-7,4312.378505876696,8.294928883627765,0.08886373173859434,0.0011768660450625207,9,0
2024-12-13T00:00:00Z,384.8848095861287,7973.288443213047,0.6017810623802521,12.466519515749315,1.26044,95.1743,-0.5,0.05522822765925247,0.0951743,0.00126044,3.319822094663744e-7,3.848848095861287e-4,6.017810623802521e-7,4312.378505876696,6.74255687420554,0.08886373173859434,0.0011768660450625207,9,0
2024-12-13T00:00:00Z,370.91084762859424,7683.803312579499,0.7403320741801408,15.33674757792572,1.26044,95.1743,-0.5,0.05522822765925247,0.0951743,0.00126044,3.319822094663744e-7,3.709108476285942e-4,7.403320741801408e-7,4155.809548914197,8.294928883627765,0.08886373173859434,0.0011768660450625207,9,0
2024-12-13T00:00:00Z,370.91084762859424,7683.803312579499,0.6017810623802521,12.466519515749315,1.26044,95.1743,-0.5,0.05522822765925247,0.0951743,0.00126044,3.319822094663744e-7,3.709108476285942e-4,6.017810623802521e-7,4155.809548914197,6.74255687420554,0.08886373173859434,0.0011768660450625207,9,0
2024-12-13T00:00:00Z,598.5170033399992,12563.772104427477,2.7334959861551167,57.38019208605659,1.26044,95.1743,-0.5,0.05522822765925247,0.0951743,0.00126044,3.319822094663744e-7,5.985170033399992e-4,2.7334959861551165e-6,6705.985261877597,30.627005906705406,0.08886373173859434,0.0011768660450625207,9,0
2024-12-13T00:00:00Z,598.5170033399992,12563.772104427477,2.8766158202944156,60.38449266518008,1.26044,95.1743,-0.5,0.05522822765925247,0.0951743,0.00126044,3.319822094663744e-7,5.985170033399992e-4,2.876615820294416e-6,6705.985261877597,32.23056853410715,0.08886373173859434,0.0011768660450625207,9,0
2024-12-13T00:00:00Z,695.8788249493659,14607.543177840282,2.7334959861551167,57.38019208605659,1.26044,95.1743,-0.5,0.05522822765925247,0.0951743,0.00126044,3.319822094663744e-7,6.958788249493659e-4,2.7334959861551165e-6,7796.859768597452,30.627005906705406,0.08886373173859434,0.0011768660450625207,9,0
2024-12-13T00:00:00Z,695.8788249493659,14607.543177840282,2.8766158202944156,60.38449266518008,1.26044,95.1743,-0.5,0.05522822765925247,0.0951743,0.00126044,3.319822094663744e-7,6.958788249493659e-4,2.876615820294416e-6,7796.859768597452,32.23056853410715,0.08886373173859434,0.0011768660450625207,9,0
2024-12-13T00:00:00Z,411.3094997320188,9503.02603149452,0.7495973561199358,17.318936696060675,1.26044,95.1743,-0.5,0.05522822765925247,0.0951743,0.00126044,3.319822094663744e-7,4.1130949973201884e-4,7.495973561199359e-7,4608.449597723953,8.398740210271248,0.08886373173859434,0.0011768660450625207,9,0
2024-12-13T00:00:00Z,411.3094997320188,9503.02603149452,0.9992083545927438,23.086028916833364,1.26044,95.1743,-0.5,0.05522822765925247,0.0951743,0.00126044,3.319822094663744e-7,4.1130949973201884e-4,9.992083545927438e-7,4608.449597723953,11.195465562466989,0.08886373173859434,0.0011768660450625207,9,0
2024-12-13T00:00:00Z,547.3116347119861,12645.262789691258,0.7495973561199358,17.318936696060675,1.26044,95.1743,-0.5,0.05522822765925247,0.0951743,0.00126044,3.319822094663744e-7,5.473116347119862e-4,7.495973561199359e-7,6132.263136303495,8.398740210271248,0.08886373173859434,0.0011768660450625207,9,0
2024-12-13T00:00:00Z,547.3116347119861,12645.262789691258,0.9992083545927438,23.086028916833364,1.26044,95.1743,-0.5,0.05522822765925247,0.0951743,0.00126044,3.319822094663744e-7,5.473116347119862e-4,9.992083545927438e-7,6132.263136303495,11.195465562466989,0.08886373173859434,0.0011768660450625207,9,0
2024-12-13T00:00:00Z,165.8473426992941,3237.1917051666965,0.5351991559142647,10.446608549400953,1.26044,95.1743,-0.5,0.05522822765925247,0.0951743,0.00126044,3.319822094663744e-7,1.658473426992941e-4,5.351991559142647e-7,1858.2092566403487,5.996550861048079,0.08886373173859434,0.0011768660450625207,9,0
2024-12-13T00:00:00Z,165.8473426992941,3237.1917051666965,0.5488896923412283,10.7138355681721,1.26044,95.1743,-0.5,0.05522822765925247,0.0951743,0.00126044,3.319822094663744e-7,1.658473426992941e-4,5.488896923412283e-7,1858.2092566403487,6.149944223298578,0.08886373173859434,0.0011768660450625207,9,0
2024-12-13T00:00:00Z,177.43695900798036,3463.4106434379555,0.5351991559142647,10.446608549400953,1.26044,95.1743,-0.5,0.05522822765925247,0.0951743,0.00126044,3.319822094663744e-7,1.7743695900798037e-4,5.351991559142647e-7,1988.0632051884338,5.996550861048079,0.08886373173859434,0.0011768660450625207,9,0
2024-12-13T00:00:00Z,177.43695900798036,3463.4106434379555,0.5488896923412283,10.7138355681721,1.26044,95.1743,-0.5,0.05522822765925247,0.0951743,0.00126044,3.319822094663744e-7,1.7743695900798037e-4,5.488896923412283e-7,1988.0632051884338,6.149944223298578,0.08886373173859434,0.0011768660450625207,9,0
2024-12-13T00:00:00Z,182.29503180298863,3994.2356060928264,0.7621683095881526,16.699740908367808,1.26044,95.1743,-0.5,0.05522822765925247,0.0951743,0.00126044,3.319822094663744e-7,1.8229503180298864e-4,7.621683095881526e-7,2042.4946822937673,8.539589389517907,0.08886373173859434,0.0011768660450625207,9,0
2024-12-13T00:00:00Z,182.29503180298863,3994.2356060928264,0.7347883799666846,16.099823901827694,1.26044,95.1743,-0.5,0.05522822765925247,0.0951743,0.00126044,3.319822094663744e-7,1.8229503180298864e-4,7.347883799666845e-7,2042.4946822937673,8.232815474176848,0.08886373173859434,0.0011768660450625207,9,0
2024-12-13T00:00:00Z,182.29503180298863,3994.2356060928264,0.00931575564060127,0.20411594605366348,1.26044,95.1743,-0.5,0.05522822765925247,0.0951743,0.00126044,3.319822094663744e-7,1.8229503180298864e-4,9.31575564060127e-9,2042.4946822937673,0.10437685091736175,0.08886373173859434,0.0011768660450625207,9,0
2024-12-13T00:00:00Z,184.18120129318416,4035.5631467413664,0.7621683095881526,16.699740908367808,1.26044,95.1743,-0.5,0.05522822765925247,0.0951743,0.00126044,3.319822094663744e-7,0.00018418120129318416,7.621683095881526e-7,2063.627957926822,8.539589389517907,0.08886373173859434,0.0011768660450625207,9,0
2024-12-13T00:00:00Z,184.18120129318416,4035.5631467413664,0.7347883799666846,16.099823901827694,1.26044,95.1743,-0.5,0.05522822765925247,0.0951743,0.00126044,3.319822094663744e-7,0.00018418120129318416,7.347883799666845e-7,2063.627957926822,8.232815474176848,0.08886373173859434,0.0011768660450625207,9,0
2024-12-13T00:00:00Z,184.18120129318416,4035.5631467413664,0.00931575564060127,0.20411594605366348,1.26044,95.1743,-0.5,0.05522822765925247,0.0951743,0.00126044,3.319822094663744e-7,0.00018418120129318416,9.31575564060127e-9,2063.627957926822,0.10437685091736175,0.08886373173859434,0.0011768660450625207,9,0
2024-12-13T00:00:00Z,25.79886205575202,565.274502549951,0.7621683095881526,16.699740908367808,1.26044,95.1743,-0.5,0.05522822765925247,0.0951743,0.00126044,3.319822094663744e-7,2.579886205575202e-5,7.621683095881526e-7,289.0591040081217,8.539589389517907,0.08886373173859434,0.0011768660450625207,9,0
2024-12-13T00:00:00Z,25.79886205575202,565.274502549951,0.7347883799666846,16.099823901827694,1.26044,95.1743,-0.5,0.05522822765925247,0.0951743,0.00126044,3.319822094663744e-7,2.579886205575202e-5,7.347883799666845e-7,289.0591040081217,8.232815474176848,0.08886373173859434,0.0011768660450625207,9,0
2024-12-13T00:00:00Z,25.79886205575202,565.274502549951,0.00931575564060127,0.20411594605366348,1.26044,95.1743,-0.5,0.05522822765925247,0.0951743,0.00126044,3.319822094663744e-7,2.579886205575202e-5,9.31575564060127e-9,289.0591040081217,0.10437685091736175,0.08886373173859434,0.0011768660450625207,9,0
2024-12-13T00:00:00Z,89.33672339843638,1895.17834188064,0.6324463435209572,13.416639507773796,1.26044,95.1743,-0.5,0.05522822765925247,0.0951743,0.00126044,3.319822094663744e-7,8.933672339843638e-5,6.324463435209572e-7,1000.9586145609043,7.086140969951076,0.08886373173859434,0.0011768660450625207,9,0
2024-12-13T00:00:00Z,89.33672339843638,1895.17834188064,0.958360817321416,20.330549359798493,1.26044,95.1743,-0.5,0.05522822765925247,0.0951743,0.00126044,3.319822094663744e-7,8.933672339843638e-5,9.58360817321416e-7,1000.9586145609043,10.737796053669573,0.08886373173859434,0.0011768660450625207,9,0
2024-12-13T00:00:00Z,121.02519039893866,2567.413611568205,0.6324463435209572,13.416639507773796,1.26044,95.1743,-0.5,0.05522822765925247,0.0951743,0.00126044,3.319822094663744e-7,1.2102519039893867e-4,6.324463435209572e-7,1356.0068278798276,7.086140969951076,0.08886373173859434,0.0011768660450625207,9,0
2024-12-13T00:00:00Z,121.02519039893866,2567.413611568205,0.958360817321416,20.330549359798493,1.26044,95.1743,-0.5,0.05522822765925247,0.0951743,0.00126044,3.319822094663744e-7,1.2102519039893867e-4,9.58360817321416e-7,1356.0068278798276,10.737796053669573,0.08886373173859434,0.0011768660450625207,9,0
2024-12-13T00:00:00Z,384.8848095861287,7973.288443213047,0.7403320741801408,15.33674757792572,1.95752,19.28783,-0.5,0.05573985008109855,0.01928783,0.00195752,3.7004470832604067e-6,3.848848095861287e-4,7.403320741801408e-7,2301.4160932722302,4.426810587084268,0.009610953992102923,9.754147904985327e-4,5,0
2024-12-13T00:00:00Z,384.8848095861287,7973.288443213047,0.6017810623802521,12.466519515749315,1.95752,19.28783,-0.5,0.05573985008109855,0.01928783,0.00195752,3.7004470832604067e-6,3.848848095861287e-4,6.017810623802521e-7,2301.4160932722302,3.5983457572088238,0.009610953992102923,9.754147904985327e-4,5,0
2024-12-13T00:00:00Z,370.91084762859424,7683.803312579499,0.7403320741801408,15.33674757792572,1.95752,19.28783,-0.5,0.05573985008109855,0.01928783,0.00195752,3.7004470832604067e-6,3.709108476285942e-4,7.403320741801408e-7,2217.8588830762096,4.426810587084268,0.009610953992102923,9.754147904985327e-4,5,0
2024-12-13T00:00:00Z,370.91084762859424,7683.803312579499,0.6017810623802521,12.466519515749315,1.95752,19.28783,-0.5,0.05573985008109855,0.01928783,0.00195752,3.7004470832604067e-6,3.709108476285942e-4,6.017810623802521e-7,2217.8588830762096,3.5983457572088238,0.009610953992102923,9.754147904985327e-4,5,0
2024-12-13T00:00:00Z,598.5170033399992,12563.772104427477,2.7334959861551167,57.38019208605659,1.95752,19.28783,-0.5,0.05573985008109855,0.01928783,0.00195752,3.7004470832604067e-6,5.985170033399992e-4,2.7334959861551165e-6,3578.828338444737,16.344920601561608,0.009610953992102923,9.754147904985327e-4,5,0
2024-12-13T00:00:00Z,598.5170033399992,12563.772104427477,2.8766158202944156,60.38449266518008,1.95752,19.28783,-0.5,0.05573985008109855,0.01928783,0.00195752,3.7004470832604067e-6,5.985170033399992e-4,2.876615820294416e-6,3578.828338444737,17.200704673447483,0.009610953992102923,9.754147904985327e-4,5,0
2024-12-13T00:00:00Z,695.8788249493659,14607.543177840282,2.7334959861551167,57.38019208605659,1.95752,19.28783,-0.5,0.05573985008109855,0.01928783,0.00195752,3.7004470832604067e-6,6.958788249493659e-4,2.7334959861551165e-6,4161.0026865647405,16.344920601561608,0.009610953992102923,9.754147904985327e-4,5,0
2024-12-13T00:00:00Z,695.8788249493659,14607.543177840282,2.8766158202944156,60.38449266518008,1.95752,19.28783,-0.5,0.05573985008109855,0.01928783,0.00195752,3.7004470832604067e-6,6.958788249493659e-4,2.876615820294416e-6,4161.0026865647405,17.200704673447483,0.009610953992102923,9.754147904985327e-4,5,0
2024-12-13T00:00:00Z,411.3094997320188,9503.02603149452,0.7495973561199358,17.318936696060675,1.95752,19.28783,-0.5,0.05573985008109855,0.01928783,0.00195752,3.7004470832604067e-6,4.1130949973201884e-4,7.495973561199359e-7,2459.4223477328264,4.482212277236389,0.009610953992102923,9.754147904985327e-4,5,0
2024-12-13T00:00:00Z,411.3094997320188,9503.02603149452,0.9992083545927438,23.086028916833364,1.95752,19.28783,-0.5,0.05573985008109855,0.01928783,0.00195752,3.7004470832604067e-6,4.1130949973201884e-4,9.992083545927438e-7,2459.4223477328264,5.974759539781753,0.009610953992102923,9.754147904985327e-4,5,0
2024-12-13T00:00:00Z,547.3116347119861,12645.262789691258,0.7495973561199358,17.318936696060675,1.95752,19.28783,-0.5,0.05573985008109855,0.01928783,0.00195752,3.7004470832604067e-6,5.473116347119862e-4,7.495973561199359e-7,3272.646186051748,4.482212277236389,0.009610953992102923,9.754147904985327e-4,5,0
2024-12-13T00:00:00Z,547.3116347119861,12645.262789691258,0.9992083545927438,23.086028916833364,1.95752,19.28783,-0.5,0.05573985008109855,0.01928783,0.00195752,3.7004470832604067e-6,5.473116347119862e-4,9.992083545927438e-7,3272.646186051748,5.974759539781753,0.009610953992102923,9.754147904985327e-4,5,0
2024-12-13T00:00:00Z,165.8473426992941,3237.1917051666965,0.5351991559142647,10.446608549400953,1.95752,19.28783,-0.5,0.05573985008109855,0.01928783,0.00195752,3.7004470832604067e-6,1.658473426992941e-4,5.351991559142647e-7,991.6830542754321,3.2002197017109655,0.009610953992102923,9.754147904985327e-4,5,0
2024-12-13T00:00:00Z,165.8473426992941,3237.1917051666965,0.5488896923412283,10.7138355681721,1.95752,19.28783,-0.5,0.05573985008109855,0.01928783,0.00195752,3.7004470832604067e-6,1.658473426992941e-4,5.488896923412283e-7,991.6830542754321,3.2820821708804404,0.009610953992102923,9.754147904985327e-4,5,0
2024-12-13T00:00:00Z,177.43695900798036,3463.4106434379555,0.5351991559142647,10.446608549400953,1.95752,19.28783,-0.5,0.05573985008109855,0.01928783,0.00195752,3.7004470832604067e-6,1.7743695900798037e-4,5.351991559142647e-7,1060.9830859299475,3.2002197017109655,0.009610953992102923,9.754147904985327e-4,5,0
2024-12-13T00:00:00Z,177.43695900798036,3463.4106434379555,0.5488896923412283,10.7138355681721,1.95752,19.28783,-0.5,0.05573985008109855,0.01928783,0.00195752,3.7004470832604067e-6,1.7743695900798037e-4,5.488896923412283e-7,1060.9830859299475,3.2820821708804404,0.009610953992102923,9.754147904985327e-4,5,0
2024-12-13T00:00:00Z,182.29503180298863,3994.2356060928264,0.7621683095881526,16.699740908367808,1.95752,19.28783,-0.5,0.05573985008109855,0.01928783,0.00195752,3.7004470832604067e-6,1.8229503180298864e-4,7.621683095881526e-7,1090.0318990663832,4.557380207741726,0.009610953992102923,9.754147904985327e-4,5,0
2024-12-13T00:00:00Z,182.29503180298863,3994.2356060928264,0.7347883799666846,16.099823901827694,1.95752,19.28783,-0.5,0.05573985008109855,0.01928783,0.00195752,3.7004470832604067e-6,1.8229503180298864e-4,7.347883799666845e-7,1090.0318990663832,4.393662105353467,0.009610953992102923,9.754147904985327e-4,5,0
2024-12-13T00:00:00Z,182.29503180298863,3994.2356060928264,0.00931575564060127,0.20411594605366348,1.95752,19.28783,-0.5,0.05573985008109855,0.01928783,0.00195752,3.7004470832604067e-6,1.8229503180298864e-4,9.31575564060127e-9,1090.0318990663832,0.05570349730176518,0.009610953992102923,9.754147904985327e-4,5,0
2024-12-13T00:00:00Z,184.18120129318416,4035.5631467413664,0.7621683095881526,16.699740908367808,1.95752,19.28783,-0.5,0.05573985008109855,0.01928783,0.00195752,3.7004470832604067e-6,0.00018418120129318416,7.621683095881526e-7,1101.310236665736,4.557380207741726,0.009610953992102923,9.754147904985327e-4,5,0
2024-12-13T00:00:00Z,184.18120129318416,4035.5631467413664,0.7347883799666846,16.099823901827694,1.95752,19.28783,-0.5,0.05573985008109855,0.01928783,0.00195752,3.7004470832604067e-6,0.00018418120129318416,7.347883799666845e-7,1101.310236665736,4.393662105353467,0.009610953992102923,9.754147904985327e-4,5,0
2024-12-13T00:00:00Z,184.18120129318416,4035.5631467413664,0.00931575564060127,0.20411594605366348,1.95752,19.28783,-0.5,0.05573985008109855,0.01928783,0.00195752,3.7004470832604067e-6,0.00018418120129318416,9.31575564060127e-9,1101.310236665736,0.05570349730176518,0.009610953992102923,9.754147904985327e-4,5,0
2024-12-13T00:00:00Z,25.79886205575202,565.274502549951,0.7621683095881526,16.699740908367808,1.95752,19.28783,-0.5,0.05573985008109855,0.01928783,0.00195752,3.7004470832604067e-6,2.579886205575202e-5,7.621683095881526e-7,154.26411966495505,4.557380207741726,0.009610953992102923,9.754147904985327e-4,5,0
2024-12-13T00:00:00Z,25.79886205575202,565.274502549951,0.7347883799666846,16.099823901827694,1.95752,19.28783,-0.5,0.05573985008109855,0.01928783,0.00195752,3.7004470832604067e-6,2.579886205575202e-5,7.347883799666845e-7,154.26411966495505,4.393662105353467,0.009610953992102923,9.754147904985327e-4,5,0
2024-12-13T00:00:00Z,25.79886205575202,565.274502549951,0.00931575564060127,0.20411594605366348,1.95752,19.28783,-0.5,0.05573985008109855,0.01928783,0.00195752,3.7004470832604067e-6,2.579886205575202e-5,9.31575564060127e-9,154.26411966495505,0.05570349730176518,0.009610953992102923,9.754147904985327e-4,5,0
2024-12-13T00:00:00Z,89.33672339843638,1895.17834188064,0.6324463435209572,13.416639507773796,1.95752,19.28783,-0.5,0.05573985008109855,0.01928783,0.00195752,3.7004470832604067e-6,8.933672339843638e-5,6.324463435209572e-7,534.188328114213,3.781708596594002,0.009610953992102923,9.754147904985327e-4,5,0
2024-12-13T00:00:00Z,89.33672339843638,1895.17834188064,0.958360817321416,20.330549359798493,1.95752,19.28783,-0.5,0.05573985008109855,0.01928783,0.00195752,3.7004470832604067e-6,8.933672339843638e-5,9.58360817321416e-7,534.188328114213,5.730511969325913,0.009610953992102923,9.754147904985327e-4,5,0
2024-12-13T00:00:00Z,121.02519039893866,2567.413611568205,0.6324463435209572,13.416639507773796,1.95752,19.28783,-0.5,0.05573985008109855,0.01928783,0.00195752,3.7004470832604067e-6,1.2102519039893867e-4,6.324463435209572e-7,723.6693003679705,3.781708596594002,0.009610953992102923,9.754147904985327e-4,5,0
2024-12-13T00:00:00Z,121.02519039893866,2567.413611568205,0.958360817321416,20.330549359798493,1.95752,19.28783,-0.5,0.05573985008109855,0.01928783,0.00195752,3.7004470832604067e-6,1.2102519039893867e-4,9.58360817321416e-7,723.6693003679705,5.730511969325913,0.009610953992102923,9.754147904985327e-4,5,0
2025-01-27T00:00:00Z,29.02712127593749,578.5044515285672,0.01904309753150882,0.3795249480010562,4.9486,54.128899999999994,-0.5,0.3912959630115067,0.054128899999999994,0.0049486,7.637226192962547e-7,2.902712127593749e-5,1.9043097531508822e-8,636.1293844736314,0.41732949664671126,0.09885290699890649,0.009037381058451007,6,0
2025-01-27T00:00:00Z,29.02712127593749,578.5044515285672,0.01852231464597651,0.36914585409448675,4.9486,54.128899999999994,-0.5,0.3912959630115067,0.054128899999999994,0.0049486,7.637226192962547e-7,2.902712127593749e-5,1.852231464597651e-8,636.1293844736314,0.40591653932073984,0.09885290699890649,0.009037381058451007,6,0
2025-01-27T00:00:00Z,29.02712127593749,578.5044515285672,0.16179869363918395,3.224614099069036,4.9486,54.128899999999994,-0.5,0.3912959630115067,0.054128899999999994,0.0049486,7.637226192962547e-7,2.902712127593749e-5,1.6179869363918396e-7,636.1293844736314,3.5458184921235385,0.09885290699890649,0.009037381058451007,6,0
2025-01-27T00:00:00Z,29.02712127593749,578.5044515285672,0.2666991820374042,5.315258876723836,4.9486,54.128899999999994,-0.5,0.3912959630115067,0.054128899999999994,0.0049486,7.637226192962547e-7,2.902712127593749e-5,2.666991820374042e-7,636.1293844736314,5.844712773833117,0.09885290699890649,0.009037381058451007,6,0
2025-01-27T00:00:00Z,27.606642482778653,550.19460649321,0.01904309753150882,0.3795249480010562,4.9486,54.128899999999994,-0.5,0.3912959630115067,0.054128899999999994,0.0049486,7.637226192962547e-7,2.7606642482778652e-5,1.9043097531508822e-8,604.9995906590776,0.41732949664671126,0.09885290699890649,0.009037381058451007,6,0
2025-01-27T00:00:00Z,27.606642482778653,550.19460649321,0.01852231464597651,0.36914585409448675,4.9486,54.128899999999994,-0.5,0.3912959630115067,0.054128899999999994,0.0049486,7.637226192962547e-7,2.7606642482778652e-5,1.852231464597651e-8,604.9995906590776,0.40591653932073984,0.09885290699890649,0.009037381058451007,6,0
2025-01-27T00:00:00Z,27.606642482778653,550.19460649321,0.16179869363918395,3.224614099069036,4.9486,54.128899999999994,-0.5,0.3912959630115067,0.054128899999999994,0.0049486,7.637226192962547e-7,2.7606642482778652e-5,1.6179869363918396e-7,604.9995906590776,3.5458184921235385,0.09885290699890649,0.009037381058451007,6,0
2025-01-27T00:00:00Z,27.606642482778653,550.19460649321,0.2666991820374042,5.315258876723836,4.9486,54.128899999999994,-0.5,0.3912959630115067,0.054128899999999994,0.0049486,7.637226192962547e-7,2.7606642482778652e-5,2.666991820374042e-7,604.9995906590776,5.844712773833117,0.09885290699890649,0.009037381058451007,6,0
2025-01-27T00:00:00Z,256.8252713071654,5170.311219237493,0.08448038069639711,1.7007277278318604,4.9486,54.128899999999994,-0.5,0.3912959630115067,0.054128899999999994,0.0049486,7.637226192962547e-7,2.568252713071654e-4,8.448038069639711e-8,5628.326012794529,1.8513876061504653,0.09885290699890649,0.009037381058451007,6,0
2025-01-27T00:00:00Z,256.8252713071654,5170.311219237493,0.11252522867032631,2.2653162178328854,4.9486,54.128899999999994,-0.5,0.3912959630115067,0.054128899999999994,0.0049486,7.637226192962547e-7,2.568252713071654e-4,1.1252522867032631e-7,5628.326012794529,2.465990470475872,0.09885290699890649,0.009037381058451007,6,0
2025-01-27T00:00:00Z,126.16745225757238,2567.133782352382,0.2292764322243528,4.66509598258957,4.9486,54.128899999999994,-0.5,0.3912959630115067,0.054128899999999994,0.0049486,7.637226192962547e-7,1.2616745225757238e-4,2.292764322243528e-7,2764.9598105943646,5.024593183688943,0.09885290699890649,0.009037381058451007,6,0
2025-01-27T00:00:00Z,126.16745225757238,2567.133782352382,0.1706758761585621,3.4727483172502542,4.9486,54.128899999999994,-0.5,0.3912959630115067,0.054128899999999994,0.0049486,7.637226192962547e-7,1.2616745225757238e-4,1.7067587615856212e-7,2764.9598105943646,3.740361953675591,0.09885290699890649,0.009037381058451007,6,0
2025-01-27T00:00:00Z,162.63950719709015,3274.1983079486436,4.09939590241615,82.52751965755283,4.9486,54.128899999999994,-0.5,0.3912959630115067,0.054128899999999994,0.0049486,7.637226192962547e-7,1.6263950719709017e-4,4.0993959024161505e-6,3564.2449218739575,89.83826426768148,0.09885290699890649,0.009037381058451007,6,0
2025-01-27T00:00:00Z,162.63950719709015,3274.1983079486436,3.4870667130871413,70.20033525961291,4.9486,54.128899999999994,-0.5,0.3912959630115067,0.054128899999999994,0.0049486,7.637226192962547e-7,1.6263950719709017e-4,3.4870667130871414e-6,3564.2449218739575,76.41906962553145,0.09885290699890649,0.009037381058451007,6,0
2025-01-27T00:00:00Z,238.11465776741383,4565.196090251154,0.30345203171960056,5.817861200876779,4.9486,54.128899999999994,-0.5,0.3912959630115067,0.054128899999999994,0.0049486,7.637226192962547e-7,2.3811465776741382e-4,3.0345203171960054e-7,5218.282903075867,6.650151502108536,0.09885290699890649,0.009037381058451007,6,0
2025-01-27T00:00:00Z,238.11465776741383,4565.196090251154,0.2371845675761088,4.547364159429515,4.9486,54.128899999999994,-0.5,0.3912959630115067,0.054128899999999994,0.0049486,7.637226192962547e-7,2.3811465776741382e-4,2.371845675761088e-7,5218.282903075867,5.197899975837736,0.09885290699890649,0.009037381058451007,6,0
2025-01-27T00:00:00Z,345.4442633335254,6954.355937186648,0.08448038069639711,1.7007277278318604,4.9486,54.128899999999994,-0.5,0.3912959630115067,0.054128899999999994,0.0049486,7.637226192962547e-7,3.454442633335254e-4,8.448038069639711e-8,7570.4112893366955,1.8513876061504653,0.09885290699890649,0.009037381058451007,6,0
2025-01-27T00:00:00Z,345.4442633335254,6954.355937186648,0.11252522867032631,2.2653162178328854,4.9486,54.128899999999994,-0.5,0.3912959630115067,0.054128899999999994,0.0049486,7.637226192962547e-7,3.454442633335254e-4,1.1252522867032631e-7,7570.4112893366955,2.465990470475872,0.09885290699890649,0.009037381058451007,6,0
2025-01-27T00:00:00Z,358.4277950073241,7122.2187912496165,0.61255798890934,12.171969027265384,4.9486,54.128899999999994,-0.5,0.3912959630115067,0.054128899999999994,0.0049486,7.637226192962547e-7,3.584277950073241e-4,6.1255798890934e-7,7854.945395679306,13.424208785124142,0.09885290699890649,0.009037381058451007,6,0
2025-01-27T00:00:00Z,358.4277950073241,7122.2187912496165,0.6977749727342114,13.865291955858888,4.9486,54.128899999999994,-0.5,0.3912959630115067,0.054128899999999994,0.0049486,7.637226192962547e-7,3.584277950073241e-4,6.977749727342114e-7,7854.945395679306,15.291739049386083,0.09885290699890649,0.009037381058451007,6,0
2025-01-27T00:00:00Z,27.829719925996184,533.7184167276217,NA,NA,4.9486,54.128899999999994,-0.5,0.3912959630115067,0.054128899999999994,0.0049486,7.637226192962547e-7,2.7829719925996185e-5,NA,609.8883329940455,NA,0.09885290699890649,0.009037381058451007,6,0
2025-01-27T00:00:00Z,27.829719925996184,533.7184167276217,NA,NA,4.9486,54.128899999999994,-0.5,0.3912959630115067,0.054128899999999994,0.0049486,7.637226192962547e-7,2.7829719925996185e-5,NA,609.8883329940455,NA,0.09885290699890649,0.009037381058451007,6,0
2025-01-27T00:00:00Z,27.829719925996184,533.7184167276217,NA,NA,4.9486,54.128899999999994,-0.5,0.3912959630115067,0.054128899999999994,0.0049486,7.637226192962547e-7,2.7829719925996185e-5,NA,609.8883329940455,NA,0.09885290699890649,0.009037381058451007,6,0
2025-01-27T00:00:00Z,114.9162260417544,2338.204669536905,0.2292764322243528,4.66509598258957,4.9486,54.128899999999994,-0.5,0.3912959630115067,0.054128899999999994,0.0049486,7.637226192962547e-7,1.149162260417544e-4,2.292764322243528e-7,2518.389179659117,5.024593183688943,0.09885290699890649,0.009037381058451007,6,0
2025-01-27T00:00:00Z,114.9162260417544,2338.204669536905,0.1706758761585621,3.4727483172502542,4.9486,54.128899999999994,-0.5,0.3912959630115067,0.054128899999999994,0.0049486,7.637226192962547e-7,1.149162260417544e-4,1.7067587615856212e-7,2518.389179659117,3.740361953675591,0.09885290699890649,0.009037381058451007,6,0
2025-01-27T00:00:00Z,453.1557255000638,9031.29876178111,0.01904309753150882,0.3795249480010562,4.9486,54.128899999999994,-0.5,0.3912959630115067,0.054128899999999994,0.0049486,7.637226192962547e-7,4.531557255000638e-4,1.9043097531508822e-8,9930.908063281495,0.41732949664671126,0.09885290699890649,0.009037381058451007,6,0
2025-01-27T00:00:00Z,453.1557255000638,9031.29876178111,0.01852231464597651,0.36914585409448675,4.9486,54.128899999999994,-0.5,0.3912959630115067,0.054128899999999994,0.0049486,7.637226192962547e-7,4.531557255000638e-4,1.852231464597651e-8,9930.908063281495,0.40591653932073984,0.09885290699890649,0.009037381058451007,6,0
2025-01-27T00:00:00Z,453.1557255000638,9031.29876178111,0.16179869363918395,3.224614099069036,4.9486,54.128899999999994,-0.5,0.3912959630115067,0.054128899999999994,0.0049486,7.637226192962547e-7,4.531557255000638e-4,1.6179869363918396e-7,9930.908063281495,3.5458184921235385,0.09885290699890649,0.009037381058451007,6,0
2025-01-27T00:00:00Z,453.1557255000638,9031.29876178111,0.2666991820374042,5.315258876723836,4.9486,54.128899999999994,-0.5,0.3912959630115067,0.054128899999999994,0.0049486,7.637226192962547e-7,4.531557255000638e-4,2.666991820374042e-7,9930.908063281495,5.844712773833117,0.09885290699890649,0.009037381058451007,6,0
2025-01-27T00:00:00Z,192.09195235413503,3682.8368235624753,0.30345203171960056,5.817861200876779,4.9486,54.128899999999994,-0.5,0.3912959630115067,0.054128899999999994,0.0049486,7.637226192962547e-7,1.9209195235413503e-4,3.0345203171960054e-7,4209.695279520187,6.650151502108536,0.09885290699890649,0.009037381058451007,6,0
2025-01-27T00:00:00Z,192.09195235413503,3682.8368235624753,0.2371845675761088,4.547364159429515,4.9486,54.128899999999994,-0.5,0.3912959630115067,0.054128899999999994,0.0049486,7.637226192962547e-7,1.9209195235413503e-4,2.371845675761088e-7,4209.695279520187,5.197899975837736,0.09885290699890649,0.009037381058451007,6,0
2025-01-27T00:00:00Z,332.7544943936672,6559.223604659678,0.08698725363170387,1.7146841197900562,4.9486,54.128899999999994,-0.5,0.3912959630115067,0.054128899999999994,0.0049486,7.637226192962547e-7,3.3275449439366717e-4,8.698725363170387e-8,7292.314993528115,1.9063257284027824,0.09885290699890649,0.009037381058451007,6,0
2025-01-27T00:00:00Z,332.7544943936672,6559.223604659678,0.11668883650297784,2.3001587767740537,4.9486,54.128899999999994,-0.5,0.3912959630115067,0.054128899999999994,0.0049486,7.637226192962547e-7,3.3275449439366717e-4,1.1668883650297785e-7,7292.314993528115,2.557235939242691,0.09885290699890649,0.009037381058451007,6,0
2025-01-27T00:00:00Z,332.7544943936672,6559.223604659678,0.00657306950249779,0.12956769438806037,4.9486,54.128899999999994,-0.5,0.3912959630115067,0.054128899999999994,0.0049486,7.637226192962547e-7,3.3275449439366717e-4,6.5730695024977895e-9,7292.314993528115,0.14404882306370811,0.09885290699890649,0.009037381058451007,6,0
2025-01-27T00:00:00Z,527.8477757700805,10123.065553888058,NA,NA,4.9486,54.128899999999994,-0.5,0.3912959630115067,0.054128899999999994,0.0049486,7.637226192962547e-7,5.278477757700805e-4,NA,11567.78440081644,NA,0.09885290699890649,0.009037381058451007,6,0
2025-01-27T00:00:00Z,527.8477757700805,10123.065553888058,NA,NA,4.9486,54.128899999999994,-0.5,0.3912959630115067,0.054128899999999994,0.0049486,7.637226192962547e-7,5.278477757700805e-4,NA,11567.78440081644,NA,0.09885290699890649,0.009037381058451007,6,0
2025-01-27T00:00:00Z,527.8477757700805,10123.065553888058,NA,NA,4.9486,54.128899999999994,-0.5,0.3912959630115067,0.054128899999999994,0.0049486,7.637226192962547e-7,5.278477757700805e-4,NA,11567.78440081644,NA,0.09885290699890649,0.009037381058451007,6,0
2025-01-27T00:00:00Z,387.3428046351112,7846.430783845004,0.180295775746287,3.652264371725072,4.9486,54.128899999999994,-0.5,0.3912959630115067,0.054128899999999994,0.0049486,7.637226192962547e-7,3.873428046351112e-4,1.80295775746287e-7,8488.617853299864,3.9511820603359924,0.09885290699890649,0.009037381058451007,6,0
2025-01-27T00:00:00Z,387.3428046351112,7846.430783845004,0.00323284715511554,0.06548801509624064,4.9486,54.128899999999994,-0.5,0.3912959630115067,0.054128899999999994,0.0049486,7.637226192962547e-7,3.873428046351112e-4,3.2328471551155397e-9,8488.617853299864,0.07084784782243479,0.09885290699890649,0.009037381058451007,6,0
2025-01-27T00:00:00Z,387.3428046351112,7846.430783845004,0.24780287510299256,5.019760491911226,4.9486,54.128899999999994,-0.5,0.3912959630115067,0.054128899999999994,0.0049486,7.637226192962547e-7,3.873428046351112e-4,2.4780287510299257e-7,8488.617853299864,5.4306001932315855,0.09885290699890649,0.009037381058451007,6,0
2025-01-27T00:00:00Z,425.3867609105857,8158.06803423884,NA,NA,4.9486,54.128899999999994,-0.5,0.3912959630115067,0.054128899999999994,0.0049486,7.637226192962547e-7,4.2538676091058566e-4,NA,9322.351183532684,NA,0.09885290699890649,0.009037381058451007,6,0
2025-01-27T00:00:00Z,425.3867609105857,8158.06803423884,NA,NA,4.9486,54.128899999999994,-0.5,0.3912959630115067,0.054128899999999994,0.0049486,7.637226192962547e-7,4.2538676091058566e-4,NA,9322.351183532684,NA,0.09885290699890649,0.009037381058451007,6,0
2025-01-27T00:00:00Z,425.3867609105857,8158.06803423884,NA,NA,4.9486,54.128899999999994,-0.5,0.3912959630115067,0.054128899999999994,0.0049486,7.637226192962547e-7,4.2538676091058566e-4,NA,9322.351183532684,NA,0.09885290699890649,0.009037381058451007,6,0
2025-01-27T00:00:00Z,147.8908885554718,2977.284581184532,4.09939590241615,82.52751965755283,4.9486,54.128899999999994,-0.5,0.3912959630115067,0.054128899999999994,0.0049486,7.637226192962547e-7,1.4789088855547182e-4,4.0993959024161505e-6,3241.0289333113433,89.83826426768148,0.09885290699890649,0.009037381058451007,6,0
2025-01-27T00:00:00Z,147.8908885554718,2977.284581184532,3.4870667130871413,70.20033525961291,4.9486,54.128899999999994,-0.5,0.3912959630115067,0.054128899999999994,0.0049486,7.637226192962547e-7,1.4789088855547182e-4,3.4870667130871414e-6,3241.0289333113433,76.41906962553145,0.09885290699890649,0.009037381058451007,6,0
2025-01-27T00:00:00Z,460.42947270239233,9075.94011955746,0.08698725363170387,1.7146841197900562,4.9486,54.128899999999994,-0.5,0.3912959630115067,0.054128899999999994,0.0049486,7.637226192962547e-7,4.6042947270239236e-4,8.698725363170387e-8,10090.312238661083,1.9063257284027824,0.09885290699890649,0.009037381058451007,6,0
2025-01-27T00:00:00Z,460.42947270239233,9075.94011955746,0.11668883650297784,2.3001587767740537,4.9486,54.128899999999994,-0.5,0.3912959630115067,0.054128899999999994,0.0049486,7.637226192962547e-7,4.6042947270239236e-4,1.1668883650297785e-7,10090.312238661083,2.557235939242691,0.09885290699890649,0.009037381058451007,6,0
2025-01-27T00:00:00Z,460.42947270239233,9075.94011955746,0.00657306950249779,0.12956769438806037,4.9486,54.128899999999994,-0.5,0.3912959630115067,0.054128899999999994,0.0049486,7.637226192962547e-7,4.6042947270239236e-4,6.5730695024977895e-9,10090.312238661083,0.14404882306370811,0.09885290699890649,0.009037381058451007,6,0
2025-01-27T00:00:00Z,27.613483595631767,544.3142510738624,0.08698725363170387,1.7146841197900562,4.9486,54.128899999999994,-0.5,0.3912959630115067,0.054128899999999994,0.0049486,7.637226192962547e-7,2.7613483595631765e-5,8.698725363170387e-8,605.1495136523706,1.9063257284027824,0.09885290699890649,0.009037381058451007,6,0
2025-01-27T00:00:00Z,27.613483595631767,544.3142510738624,0.11668883650297784,2.3001587767740537,4.9486,54.128899999999994,-0.5,0.3912959630115067,0.054128899999999994,0.0049486,7.637226192962547e-7,2.7613483595631765e-5,1.1668883650297785e-7,605.1495136523706,2.557235939242691,0.09885290699890649,0.009037381058451007,6,0
2025-01-27T00:00:00Z,27.613483595631767,544.3142510738624,0.00657306950249779,0.12956769438806037,4.9486,54.128899999999994,-0.5,0.3912959630115067,0.054128899999999994,0.0049486,7.637226192962547e-7,2.7613483595631765e-5,6.5730695024977895e-9,605.1495136523706,0.14404882306370811,0.09885290699890649,0.009037381058451007,6,0
2025-01-27T00:00:00Z,508.3844358998163,10131.995400442433,0.01904309753150882,0.3795249480010562,4.9486,54.128899999999994,-0.5,0.3912959630115067,0.054128899999999994,0.0049486,7.637226192962547e-7,5.083844358998163e-4,1.9043097531508822e-8,11141.245293001577,0.41732949664671126,0.09885290699890649,0.009037381058451007,6,0
2025-01-27T00:00:00Z,508.3844358998163,10131.995400442433,0.01852231464597651,0.36914585409448675,4.9486,54.128899999999994,-0.5,0.3912959630115067,0.054128899999999994,0.0049486,7.637226192962547e-7,5.083844358998163e-4,1.852231464597651e-8,11141.245293001577,0.40591653932073984,0.09885290699890649,0.009037381058451007,6,0
2025-01-27T00:00:00Z,508.3844358998163,10131.995400442433,0.16179869363918395,3.224614099069036,4.9486,54.128899999999994,-0.5,0.3912959630115067,0.054128899999999994,0.0049486,7.637226192962547e-7,5.083844358998163e-4,1.6179869363918396e-7,11141.245293001577,3.5458184921235385,0.09885290699890649,0.009037381058451007,6,0
2025-01-27T00:00:00Z,508.3844358998163,10131.995400442433,0.2666991820374042,5.315258876723836,4.9486,54.128899999999994,-0.5,0.3912959630115067,0.054128899999999994,0.0049486,7.637226192962547e-7,5.083844358998163e-4,2.666991820374042e-7,11141.245293001577,5.844712773833117,0.09885290699890649,0.009037381058451007,6,0
2025-01-27T00:00:00Z,61.165703622060725,1239.038015093086,0.180295775746287,3.652264371725072,4.9486,54.128899999999994,-0.5,0.3912959630115067,0.054128899999999994,0.0049486,7.637226192962547e-7,6.116570362206072e-5,1.80295775746287e-7,1340.4464406276677,3.9511820603359924,0.09885290699890649,0.009037381058451007,6,0
2025-01-27T00:00:00Z,61.165703622060725,1239.038015093086,0.00323284715511554,0.06548801509624064,4.9486,54.128899999999994,-0.5,0.3912959630115067,0.054128899999999994,0.0049486,7.637226192962547e-7,6.116570362206072e-5,3.2328471551155397e-9,1340.4464406276677,0.07084784782243479,0.09885290699890649,0.009037381058451007,6,0
2025-01-27T00:00:00Z,61.165703622060725,1239.038015093086,0.24780287510299256,5.019760491911226,4.9486,54.128899999999994,-0.5,0.3912959630115067,0.054128899999999994,0.0049486,7.637226192962547e-7,6.116570362206072e-5,2.4780287510299257e-7,1340.4464406276677,5.4306001932315855,0.09885290699890649,0.009037381058451007,6,0
2025-01-27T00:00:00Z,377.9098964653869,7509.342198056866,0.61255798890934,12.171969027265384,4.9486,54.128899999999994,-0.5,0.3912959630115067,0.054128899999999994,0.0049486,7.637226192962547e-7,3.779098964653869e-4,6.1255798890934e-7,8281.89566370481,13.424208785124142,0.09885290699890649,0.009037381058451007,6,0
2025-01-27T00:00:00Z,377.9098964653869,7509.342198056866,0.6977749727342114,13.865291955858888,4.9486,54.128899999999994,-0.5,0.3912959630115067,0.054128899999999994,0.0049486,7.637226192962547e-7,3.779098964653869e-4,6.977749727342114e-7,8281.89566370481,15.291739049386083,0.09885290699890649,0.009037381058451007,6,0
2025-01-27T00:00:00Z,454.4092454763859,9205.000453096056,0.180295775746287,3.652264371725072,4.9486,54.128899999999994,-0.5,0.3912959630115067,0.054128899999999994,0.0049486,7.637226192962547e-7,4.544092454763859e-4,1.80295775746287e-7,9958.378954500191,3.9511820603359924,0.09885290699890649,0.009037381058451007,6,0
2025-01-27T00:00:00Z,454.4092454763859,9205.000453096056,0.00323284715511554,0.06548801509624064,4.9486,54.128899999999994,-0.5,0.3912959630115067,0.054128899999999994,0.0049486,7.637226192962547e-7,4.544092454763859e-4,3.2328471551155397e-9,9958.378954500191,0.07084784782243479,0.09885290699890649,0.009037381058451007,6,0
2025-01-27T00:00:00Z,454.4092454763859,9205.000453096056,0.24780287510299256,5.019760491911226,4.9486,54.128899999999994,-0.5,0.3912959630115067,0.054128899999999994,0.0049486,7.637226192962547e-7,4.544092454763859e-4,2.4780287510299257e-7,9958.378954500191,5.4306001932315855,0.09885290699890649,0.009037381058451007,6,0
2025-01-27T00:00:00Z,29.02712127593749,578.5044515285672,0.01904309753150882,0.3795249480010562,2.85403,73.3151,-0.5,0.19666601053481816,0.0733151,0.00285403,5.973861271883034e-7,2.902712127593749e-5,1.9043097531508822e-8,666.7284801756792,0.4374038801272775,0.14033216479470206,0.005462888385735319,9,0
2025-01-27T00:00:00Z,29.02712127593749,578.5044515285672,0.01852231464597651,0.36914585409448675,2.85403,73.3151,-0.5,0.19666601053481816,0.0733151,0.00285403,5.973861271883034e-7,2.902712127593749e-5,1.852231464597651e-8,666.7284801756792,0.42544193672711333,0.14033216479470206,0.005462888385735319,9,0
2025-01-27T00:00:00Z,29.02712127593749,578.5044515285672,0.16179869363918395,3.224614099069036,2.85403,73.3151,-0.5,0.19666601053481816,0.0733151,0.00285403,5.973861271883034e-7,2.902712127593749e-5,1.6179869363918396e-7,666.7284801756792,3.71637945351091,0.14033216479470206,0.005462888385735319,9,0
2025-01-27T00:00:00Z,29.02712127593749,578.5044515285672,0.2666991820374042,5.315258876723836,2.85403,73.3151,-0.5,0.19666601053481816,0.0733151,0.00285403,5.973861271883034e-7,2.902712127593749e-5,2.666991820374042e-7,666.7284801756792,6.125855148140328,0.14033216479470206,0.005462888385735319,9,0
2025-01-27T00:00:00Z,27.606642482778653,550.19460649321,0.01904309753150882,0.3795249480010562,2.85403,73.3151,-0.5,0.19666601053481816,0.0733151,0.00285403,5.973861271883034e-7,2.7606642482778652e-5,1.9043097531508822e-8,634.1012810166063,0.4374038801272775,0.14033216479470206,0.005462888385735319,9,0
2025-01-27T00:00:00Z,27.606642482778653,550.19460649321,0.01852231464597651,0.36914585409448675,2.85403,73.3151,-0.5,0.19666601053481816,0.0733151,0.00285403,5.973861271883034e-7,2.7606642482778652e-5,1.852231464597651e-8,634.1012810166063,0.42544193672711333,0.14033216479470206,0.005462888385735319,9,0
2025-01-27T00:00:00Z,27.606642482778653,550.19460649321,0.16179869363918395,3.224614099069036,2.85403,73.3151,-0.5,0.19666601053481816,0.0733151,0.00285403,5.973861271883034e-7,2.7606642482778652e-5,1.6179869363918396e-7,634.1012810166063,3.71637945351091,0.14033216479470206,0.005462888385735319,9,0
2025-01-27T00:00:00Z,27.606642482778653,550.19460649321,0.2666991820374042,5.315258876723836,2.85403,73.3151,-0.5,0.19666601053481816,0.0733151,0.00285403,5.973861271883034e-7,2.7606642482778652e-5,2.666991820374042e-7,634.1012810166063,6.125855148140328,0.14033216479470206,0.005462888385735319,9,0
2025-01-27T00:00:00Z,256.8252713071654,5170.311219237493,0.08448038069639711,1.7007277278318604,2.85403,73.3151,-0.5,0.19666601053481816,0.0733151,0.00285403,5.973861271883034e-7,2.568252713071654e-4,8.448038069639711e-8,5899.05975110522,1.940443052927318,0.14033216479470206,0.005462888385735319,9,0
2025-01-27T00:00:00Z,256.8252713071654,5170.311219237493,0.11252522867032631,2.2653162178328854,2.85403,73.3151,-0.5,0.19666601053481816,0.0733151,0.00285403,5.973861271883034e-7,2.568252713071654e-4,1.1252522867032631e-7,5899.05975110522,2.5846095442809074,0.14033216479470206,0.005462888385735319,9,0
2025-01-27T00:00:00Z,126.16745225757238,2567.133782352382,0.2292764322243528,4.66509598258957,2.85403,73.3151,-0.5,0.19666601053481816,0.0733151,0.00285403,5.973861271883034e-7,1.2616745225757238e-4,2.292764322243528e-7,2897.9599076213244,5.266286165406451,0.14033216479470206,0.005462888385735319,9,0
2025-01-27T00:00:00Z,126.16745225757238,2567.133782352382,0.1706758761585621,3.4727483172502542,2.85403,73.3151,-0.5,0.19666601053481816,0.0733151,0.00285403,5.973861271883034e-7,1.2616745225757238e-4,1.7067587615856212e-7,2897.9599076213244,3.92028084466586,0.14033216479470206,0.005462888385735319,9,0
2025-01-27T00:00:00Z,162.63950719709015,3274.1983079486436,4.09939590241615,82.52751965755283,2.85403,73.3151,-0.5,0.19666601053481816,0.0733151,0.00285403,5.973861271883034e-7,1.6263950719709017e-4,4.0993959024161505e-6,3735.6922313866344,94.15966446256056,0.14033216479470206,0.005462888385735319,9,0
2025-01-27T00:00:00Z,162.63950719709015,3274.1983079486436,3.4870667130871413,70.20033525961291,2.85403,73.3151,-0.5,0.19666601053481816,0.0733151,0.00285403,5.973861271883034e-7,1.6263950719709017e-4,3.4870667130871414e-6,3735.6922313866344,80.09497971867701,0.14033216479470206,0.005462888385735319,9,0
2025-01-27T00:00:00Z,238.11465776741383,4565.196090251154,0.30345203171960056,5.817861200876779,2.85403,73.3151,-0.5,0.19666601053481816,0.0733151,0.00285403,5.973861271883034e-7,2.3811465776741382e-4,3.0345203171960054e-7,5469.29274769058,6.970037090186682,0.14033216479470206,0.005462888385735319,9,0
2025-01-27T00:00:00Z,238.11465776741383,4565.196090251154,0.2371845675761088,4.547364159429515,2.85403,73.3151,-0.5,0.19666601053481816,0.0733151,0.00285403,5.973861271883034e-7,2.3811465776741382e-4,2.371845675761088e-7,5469.29274769058,5.447929360884835,0.14033216479470206,0.005462888385735319,9,0
2025-01-27T00:00:00Z,345.4442633335254,6954.355937186648,0.08448038069639711,1.7007277278318604,2.85403,73.3151,-0.5,0.19666601053481816,0.0733151,0.00285403,5.973861271883034e-7,3.454442633335254e-4,8.448038069639711e-8,7934.563213772564,1.940443052927318,0.14033216479470206,0.005462888385735319,9,0
2025-01-27T00:00:00Z,345.4442633335254,6954.355937186648,0.11252522867032631,2.2653162178328854,2.85403,73.3151,-0.5,0.19666601053481816,0.0733151,0.00285403,5.973861271883034e-7,3.454442633335254e-4,1.1252522867032631e-7,7934.563213772564,2.5846095442809074,0.14033216479470206,0.005462888385735319,9,0
2025-01-27T00:00:00Z,358.4277950073241,7122.2187912496165,0.61255798890934,12.171969027265384,2.85403,73.3151,-0.5,0.19666601053481816,0.0733151,0.00285403,5.973861271883034e-7,3.584277950073241e-4,6.1255798890934e-7,8232.783979720874,14.069940077163384,0.14033216479470206,0.005462888385735319,9,0
2025-01-27T00:00:00Z,358.4277950073241,7122.2187912496165,0.6977749727342114,13.865291955858888,2.85403,73.3151,-0.5,0.19666601053481816,0.0733151,0.00285403,5.973861271883034e-7,3.584277950073241e-4,6.977749727342114e-7,8232.783979720874,16.027302282343925,0.14033216479470206,0.005462888385735319,9,0
2025-01-27T00:00:00Z,27.829719925996184,533.7184167276217,NA,NA,2.85403,73.3151,-0.5,0.19666601053481816,0.0733151,0.00285403,5.973861271883034e-7,2.7829719925996185e-5,NA,639.2251816357558,NA,0.14033216479470206,0.005462888385735319,9,0
2025-01-27T00:00:00Z,27.829719925996184,533.7184167276217,NA,NA,2.85403,73.3151,-0.5,0.19666601053481816,0.0733151,0.00285403,5.973861271883034e-7,2.7829719925996185e-5,NA,639.2251816357558,NA,0.14033216479470206,0.005462888385735319,9,0
2025-01-27T00:00:00Z,27.829719925996184,533.7184167276217,NA,NA,2.85403,73.3151,-0.5,0.19666601053481816,0.0733151,0.00285403,5.973861271883034e-7,2.7829719925996185e-5,NA,639.2251816357558,NA,0.14033216479470206,0.005462888385735319,9,0
2025-01-27T00:00:00Z,114.9162260417544,2338.204669536905,0.2292764322243528,4.66509598258957,2.85403,73.3151,-0.5,0.19666601053481816,0.0733151,0.00285403,5.973861271883034e-7,1.149162260417544e-4,2.292764322243528e-7,2639.5287361774112,5.266286165406451,0.14033216479470206,0.005462888385735319,9,0
2025-01-27T00:00:00Z,114.9162260417544,2338.204669536905,0.1706758761585621,3.4727483172502542,2.85403,73.3151,-0.5,0.19666601053481816,0.0733151,0.00285403,5.973861271883034e-7,1.149162260417544e-4,1.7067587615856212e-7,2639.5287361774112,3.92028084466586,0.14033216479470206,0.005462888385735319,9,0
2025-01-27T00:00:00Z,453.1557255000638,9031.29876178111,0.01904309753150882,0.3795249480010562,2.85403,73.3151,-0.5,0.19666601053481816,0.0733151,0.00285403,5.973861271883034e-7,4.531557255000638e-4,1.9043097531508822e-8,10408.604603723554,0.4374038801272775,0.14033216479470206,0.005462888385735319,9,0
2025-01-27T00:00:00Z,453.1557255000638,9031.29876178111,0.01852231464597651,0.36914585409448675,2.85403,73.3151,-0.5,0.19666601053481816,0.0733151,0.00285403,5.973861271883034e-7,4.531557255000638e-4,1.852231464597651e-8,10408.604603723554,0.42544193672711333,0.14033216479470206,0.005462888385735319,9,0
2025-01-27T00:00:00Z,453.1557255000638,9031.29876178111,0.16179869363918395,3.224614099069036,2.85403,73.3151,-0.5,0.19666601053481816,0.0733151,0.00285403,5.973861271883034e-7,4.531557255000638e-4,1.6179869363918396e-7,10408.604603723554,3.71637945351091,0.14033216479470206,0.005462888385735319,9,0
2025-01-27T00:00:00Z,453.1557255000638,9031.29876178111,0.2666991820374042,5.315258876723836,2.85403,73.3151,-0.5,0.19666601053481816,0.0733151,0.00285403,5.973861271883034e-7,4.531557255000638e-4,2.666991820374042e-7,10408.604603723554,6.125855148140328,0.14033216479470206,0.005462888385735319,9,0
2025-01-27T00:00:00Z,192.09195235413503,3682.8368235624753,0.30345203171960056,5.817861200876779,2.85403,73.3151,-0.5,0.19666601053481816,0.0733151,0.00285403,5.973861271883034e-7,1.9209195235413503e-4,3.0345203171960054e-7,4412.190042187194,6.970037090186682,0.14033216479470206,0.005462888385735319,9,0
2025-01-27T00:00:00Z,192.09195235413503,3682.8368235624753,0.2371845675761088,4.547364159429515,2.85403,73.3151,-0.5,0.19666601053481816,0.0733151,0.00285403,5.973861271883034e-7,1.9209195235413503e-4,2.371845675761088e-7,4412.190042187194,5.447929360884835,0.14033216479470206,0.005462888385735319,9,0
2025-01-27T00:00:00Z,332.7544943936672,6559.223604659678,0.08698725363170387,1.7146841197900562,2.85403,73.3151,-0.5,0.19666601053481816,0.0733151,0.00285403,5.973861271883034e-7,3.3275449439366717e-4,8.698725363170387e-8,7643.089929921099,1.9980238087405424,0.14033216479470206,0.005462888385735319,9,0
2025-01-27T00:00:00Z,332.7544943936672,6559.223604659678,0.11668883650297784,2.3001587767740537,2.85403,73.3151,-0.5,0.19666601053481816,0.0733151,0.00285403,5.973861271883034e-7,3.3275449439366717e-4,1.1668883650297785e-7,7643.089929921099,2.6802441025935337,0.14033216479470206,0.005462888385735319,9,0
2025-01-27T00:00:00Z,332.7544943936672,6559.223604659678,0.00657306950249779,0.12956769438806037,2.85403,73.3151,-0.5,0.19666601053481816,0.0733151,0.00285403,5.973861271883034e-7,3.3275449439366717e-4,6.5730695024977895e-9,7643.089929921099,0.15097785956206292,0.14033216479470206,0.005462888385735319,9,0
2025-01-27T00:00:00Z,527.8477757700805,10123.065553888058,NA,NA,2.85403,73.3151,-0.5,0.19666601053481816,0.0733151,0.00285403,5.973861271883034e-7,5.278477757700805e-4,NA,12124.217966975513,NA,0.14033216479470206,0.005462888385735319,9,0
2025-01-27T00:00:00Z,527.8477757700805,10123.065553888058,NA,NA,2.85403,73.3151,-0.5,0.19666601053481816,0.0733151,0.00285403,5.973861271883034e-7,5.278477757700805e-4,NA,12124.217966975513,NA,0.14033216479470206,0.005462888385735319,9,0
2025-01-27T00:00:00Z,527.8477757700805,10123.065553888058,NA,NA,2.85403,73.3151,-0.5,0.19666601053481816,0.0733151,0.00285403,5.973861271883034e-7,5.278477757700805e-4,NA,12124.217966975513,NA,0.14033216479470206,0.005462888385735319,9,0
2025-01-27T00:00:00Z,387.3428046351112,7846.430783845004,0.180295775746287,3.652264371725072,2.85403,73.3151,-0.5,0.19666601053481816,0.0733151,0.00285403,5.973861271883034e-7,3.873428046351112e-4,1.80295775746287e-7,8896.9373499478,4.141241820113443,0.14033216479470206,0.005462888385735319,9,0
2025-01-27T00:00:00Z,387.3428046351112,7846.430783845004,0.00323284715511554,0.06548801509624064,2.85403,73.3151,-0.5,0.19666601053481816,0.0733151,0.00285403,5.973861271883034e-7,3.873428046351112e-4,3.2328471551155397e-9,8896.9373499478,0.07425577100396906,0.14033216479470206,0.005462888385735319,9,0
2025-01-27T00:00:00Z,387.3428046351112,7846.430783845004,0.24780287510299256,5.019760491911226,2.85403,73.3151,-0.5,0.19666601053481816,0.0733151,0.00285403,5.973861271883034e-7,3.873428046351112e-4,2.4780287510299257e-7,8896.9373499478,5.691822924154089,0.14033216479470206,0.005462888385735319,9,0
2025-01-27T00:00:00Z,425.3867609105857,8158.06803423884,NA,NA,2.85403,73.3151,-0.5,0.19666601053481816,0.0733151,0.00285403,5.973861271883034e-7,4.2538676091058566e-4,NA,9770.77492089714,NA,0.14033216479470206,0.005462888385735319,9,0
2025-01-27T00:00:00Z,425.3867609105857,8158.06803423884,NA,NA,2.85403,73.3151,-0.5,0.19666601053481816,0.0733151,0.00285403,5.973861271883034e-7,4.2538676091058566e-4,NA,9770.77492089714,NA,0.14033216479470206,0.005462888385735319,9,0
2025-01-27T00:00:00Z,425.3867609105857,8158.06803423884,NA,NA,2.85403,73.3151,-0.5,0.19666601053481816,0.0733151,0.00285403,5.973861271883034e-7,4.2538676091058566e-4,NA,9770.77492089714,NA,0.14033216479470206,0.005462888385735319,9,0
2025-01-27T00:00:00Z,147.8908885554718,2977.284581184532,4.09939590241615,82.52751965755283,2.85403,73.3151,-0.5,0.19666601053481816,0.0733151,0.00285403,5.973861271883034e-7,1.4789088855547182e-4,4.0993959024161505e-6,3396.9289073167274,94.15966446256056,0.14033216479470206,0.005462888385735319,9,0
2025-01-27T00:00:00Z,147.8908885554718,2977.284581184532,3.4870667130871413,70.20033525961291,2.85403,73.3151,-0.5,0.19666601053481816,0.0733151,0.00285403,5.973861271883034e-7,1.4789088855547182e-4,3.4870667130871414e-6,3396.9289073167274,80.09497971867701,0.14033216479470206,0.005462888385735319,9,0
2025-01-27T00:00:00Z,460.42947270239233,9075.94011955746,0.08698725363170387,1.7146841197900562,2.85403,73.3151,-0.5,0.19666601053481816,0.0733151,0.00285403,5.973861271883034e-7,4.6042947270239236e-4,8.698725363170387e-8,10575.676438759803,1.9980238087405424,0.14033216479470206,0.005462888385735319,9,0
2025-01-27T00:00:00Z,460.42947270239233,9075.94011955746,0.11668883650297784,2.3001587767740537,2.85403,73.3151,-0.5,0.19666601053481816,0.0733151,0.00285403,5.973861271883034e-7,4.6042947270239236e-4,1.1668883650297785e-7,10575.676438759803,2.6802441025935337,0.14033216479470206,0.005462888385735319,9,0
2025-01-27T00:00:00Z,460.42947270239233,9075.94011955746,0.00657306950249779,0.12956769438806037,2.85403,73.3151,-0.5,0.19666601053481816,0.0733151,0.00285403,5.973861271883034e-7,4.6042947270239236e-4,6.5730695024977895e-9,10575.676438759803,0.15097785956206292,0.14033216479470206,0.005462888385735319,9,0
2025-01-27T00:00:00Z,27.613483595631767,544.3142510738624,0.08698725363170387,1.7146841197900562,2.85403,73.3151,-0.5,0.19666601053481816,0.0733151,0.00285403,5.973861271883034e-7,2.7613483595631765e-5,8.698725363170387e-8,634.2584156057345,1.9980238087405424,0.14033216479470206,0.005462888385735319,9,0
2025-01-27T00:00:00Z,27.613483595631767,544.3142510738624,0.11668883650297784,2.3001587767740537,2.85403,73.3151,-0.5,0.19666601053481816,0.0733151,0.00285403,5.973861271883034e-7,2.7613483595631765e-5,1.1668883650297785e-7,634.2584156057345,2.6802441025935337,0.14033216479470206,0.005462888385735319,9,0
2025-01-27T00:00:00Z,27.613483595631767,544.3142510738624,0.00657306950249779,0.12956769438806037,2.85403,73.3151,-0.5,0.19666601053481816,0.0733151,0.00285403,5.973861271883034e-7,2.7613483595631765e-5,6.5730695024977895e-9,634.2584156057345,0.15097785956206292,0.14033216479470206,0.005462888385735319,9,0
2025-01-27T00:00:00Z,508.3844358998163,10131.995400442433,0.01904309753150882,0.3795249480010562,2.85403,73.3151,-0.5,0.19666601053481816,0.0733151,0.00285403,5.973861271883034e-7,5.083844358998163e-4,1.9043097531508822e-8,11677.161474962948,0.4374038801272775,0.14033216479470206,0.005462888385735319,9,0
2025-01-27T00:00:00Z,508.3844358998163,10131.995400442433,0.01852231464597651,0.36914585409448675,2.85403,73.3151,-0.5,0.19666601053481816,0.0733151,0.00285403,5.973861271883034e-7,5.083844358998163e-4,1.852231464597651e-8,11677.161474962948,0.42544193672711333,0.14033216479470206,0.005462888385735319,9,0
2025-01-27T00:00:00Z,508.3844358998163,10131.995400442433,0.16179869363918395,3.224614099069036,2.85403,73.3151,-0.5,0.19666601053481816,0.0733151,0.00285403,5.973861271883034e-7,5.083844358998163e-4,1.6179869363918396e-7,11677.161474962948,3.71637945351091,0.14033216479470206,0.005462888385735319,9,0
2025-01-27T00:00:00Z,508.3844358998163,10131.995400442433,0.2666991820374042,5.315258876723836,2.85403,73.3151,-0.5,0.19666601053481816,0.0733151,0.00285403,5.973861271883034e-7,5.083844358998163e-4,2.666991820374042e-7,11677.161474962948,6.125855148140328,0.14033216479470206,0.005462888385735319,9,0
2025-01-27T00:00:00Z,61.165703622060725,1239.038015093086,0.180295775746287,3.652264371725072,2.85403,73.3151,-0.5,0.19666601053481816,0.0733151,0.00285403,5.973861271883034e-7,6.116570362206072e-5,1.80295775746287e-7,1404.9245954203043,4.141241820113443,0.14033216479470206,0.005462888385735319,9,0
2025-01-27T00:00:00Z,61.165703622060725,1239.038015093086,0.00323284715511554,0.06548801509624064,2.85403,73.3151,-0.5,0.19666601053481816,0.0733151,0.00285403,5.973861271883034e-7,6.116570362206072e-5,3.2328471551155397e-9,1404.9245954203043,0.07425577100396906,0.14033216479470206,0.005462888385735319,9,0
2025-01-27T00:00:00Z,61.165703622060725,1239.038015093086,0.24780287510299256,5.019760491911226,2.85403,73.3151,-0.5,0.19666601053481816,0.0733151,0.00285403,5.973861271883034e-7,6.116570362206072e-5,2.4780287510299257e-7,1404.9245954203043,5.691822924154089,0.14033216479470206,0.005462888385735319,9,0
2025-01-27T00:00:00Z,377.9098964653869,7509.342198056866,0.61255798890934,12.171969027265384,2.85403,73.3151,-0.5,0.19666601053481816,0.0733151,0.00285403,5.973861271883034e-7,3.779098964653869e-4,6.1255798890934e-7,8680.271409572566,14.069940077163384,0.14033216479470206,0.005462888385735319,9,0
2025-01-27T00:00:00Z,377.9098964653869,7509.342198056866,0.6977749727342114,13.865291955858888,2.85403,73.3151,-0.5,0.19666601053481816,0.0733151,0.00285403,5.973861271883034e-7,3.779098964653869e-4,6.977749727342114e-7,8680.271409572566,16.027302282343925,0.14033216479470206,0.005462888385735319,9,0
2025-01-27T00:00:00Z,454.4092454763859,9205.000453096056,0.180295775746287,3.652264371725072,2.85403,73.3151,-0.5,0.19666601053481816,0.0733151,0.00285403,5.973861271883034e-7,4.544092454763859e-4,1.80295775746287e-7,10437.396899753814,4.141241820113443,0.14033216479470206,0.005462888385735319,9,0
2025-01-27T00:00:00Z,454.4092454763859,9205.000453096056,0.00323284715511554,0.06548801509624064,2.85403,73.3151,-0.5,0.19666601053481816,0.0733151,0.00285403,5.973861271883034e-7,4.544092454763859e-4,3.2328471551155397e-9,10437.396899753814,0.07425577100396906,0.14033216479470206,0.005462888385735319,9,0
2025-01-27T00:00:00Z,454.4092454763859,9205.000453096056,0.24780287510299256,5.019760491911226,2.85403,73.3151,-0.5,0.19666601053481816,0.0733151,0.00285403,5.973861271883034e-7,4.544092454763859e-4,2.4780287510299257e-7,10437.396899753814,5.691822924154089,0.14033216479470206,0.005462888385735319,9,0
2025-01-27T00:00:00Z,29.02712127593749,578.5044515285672,0.01904309753150882,0.3795249480010562,2.7656,34.64569999999999,-0.5,0.2168534590216034,0.03464569999999999,0.0027656,5.544939068940136e-6,2.902712127593749e-5,1.9043097531508822e-8,1213.303672150832,0.7959817973151687,0.12067953803914379,0.009633268497997043,5,0
2025-01-27T00:00:00Z,29.02712127593749,578.5044515285672,0.01852231464597651,0.36914585409448675,2.7656,34.64569999999999,-0.5,0.2168534590216034,0.03464569999999999,0.0027656,5.544939068940136e-6,2.902712127593749e-5,1.852231464597651e-8,1213.303672150832,0.7742136108869314,0.12067953803914379,0.009633268497997043,5,0
2025-01-27T00:00:00Z,29.02712127593749,578.5044515285672,0.16179869363918395,3.224614099069036,2.7656,34.64569999999999,-0.5,0.2168534590216034,0.03464569999999999,0.0027656,5.544939068940136e-6,2.902712127593749e-5,1.6179869363918396e-7,1213.303672150832,6.763018188247436,0.12067953803914379,0.009633268497997043,5,0
2025-01-27T00:00:00Z,29.02712127593749,578.5044515285672,0.2666991820374042,5.315258876723836,2.7656,34.64569999999999,-0.5,0.2168534590216034,0.03464569999999999,0.0027656,5.544939068940136e-6,2.902712127593749e-5,2.666991820374042e-7,1213.303672150832,11.147750197118187,0.12067953803914379,0.009633268497997043,5,0
2025-01-27T00:00:00Z,27.606642482778653,550.19460649321,0.01904309753150882,0.3795249480010562,2.7656,34.64569999999999,-0.5,0.2168534590216034,0.03464569999999999,0.0027656,5.544939068940136e-6,2.7606642482778652e-5,1.9043097531508822e-8,1153.9291265467969,0.7959817973151687,0.12067953803914379,0.009633268497997043,5,0
2025-01-27T00:00:00Z,27.606642482778653,550.19460649321,0.01852231464597651,0.36914585409448675,2.7656,34.64569999999999,-0.5,0.2168534590216034,0.03464569999999999,0.0027656,5.544939068940136e-6,2.7606642482778652e-5,1.852231464597651e-8,1153.9291265467969,0.7742136108869314,0.12067953803914379,0.009633268497997043,5,0
2025-01-27T00:00:00Z,27.606642482778653,550.19460649321,0.16179869363918395,3.224614099069036,2.7656,34.64569999999999,-0.5,0.2168534590216034,0.03464569999999999,0.0027656,5.544939068940136e-6,2.7606642482778652e-5,1.6179869363918396e-7,1153.9291265467969,6.763018188247436,0.12067953803914379,0.009633268497997043,5,0
2025-01-27T00:00:00Z,27.606642482778653,550.19460649321,0.2666991820374042,5.315258876723836,2.7656,34.64569999999999,-0.5,0.2168534590216034,0.03464569999999999,0.0027656,5.544939068940136e-6,2.7606642482778652e-5,2.666991820374042e-7,1153.9291265467969,11.147750197118187,0.12067953803914379,0.009633268497997043,5,0
2025-01-27T00:00:00Z,256.8252713071654,5170.311219237493,0.08448038069639711,1.7007277278318604,2.7656,34.64569999999999,-0.5,0.2168534590216034,0.03464569999999999,0.0027656,5.544939068940136e-6,2.568252713071654e-4,8.448038069639711e-8,10735.03093248276,3.531192609465143,0.12067953803914379,0.009633268497997043,5,0
2025-01-27T00:00:00Z,256.8252713071654,5170.311219237493,0.11252522867032631,2.2653162178328854,2.7656,34.64569999999999,-0.5,0.2168534590216034,0.03464569999999999,0.0027656,5.544939068940136e-6,2.568252713071654e-4,1.1252522867032631e-7,10735.03093248276,4.703438272692081,0.12067953803914379,0.009633268497997043,5,0
2025-01-27T00:00:00Z,126.16745225757238,2567.133782352382,0.2292764322243528,4.66509598258957,2.7656,34.64569999999999,-0.5,0.2168534590216034,0.03464569999999999,0.0027656,5.544939068940136e-6,1.2616745225757238e-4,2.292764322243528e-7,5273.669120503693,9.583517928319404,0.12067953803914379,0.009633268497997043,5,0
2025-01-27T00:00:00Z,126.16745225757238,2567.133782352382,0.1706758761585621,3.4727483172502542,2.7656,34.64569999999999,-0.5,0.2168534590216034,0.03464569999999999,0.0027656,5.544939068940136e-6,1.2616745225757238e-4,1.7067587615856212e-7,5273.669120503693,7.134075243706919,0.12067953803914379,0.009633268497997043,5,0
2025-01-27T00:00:00Z,162.63950719709015,3274.1983079486436,4.09939590241615,82.52751965755283,2.7656,34.64569999999999,-0.5,0.2168534590216034,0.03464569999999999,0.0027656,5.544939068940136e-6,1.6263950719709017e-4,4.0993959024161505e-6,6798.163326055072,171.35051232671535,0.12067953803914379,0.009633268497997043,5,0
2025-01-27T00:00:00Z,162.63950719709015,3274.1983079486436,3.4870667130871413,70.20033525961291,2.7656,34.64569999999999,-0.5,0.2168534590216034,0.03464569999999999,0.0027656,5.544939068940136e-6,1.6263950719709017e-4,3.4870667130871414e-6,6798.163326055072,145.75578500548073,0.12067953803914379,0.009633268497997043,5,0
2025-01-27T00:00:00Z,238.11465776741383,4565.196090251154,0.30345203171960056,5.817861200876779,2.7656,34.64569999999999,-0.5,0.2168534590216034,0.03464569999999999,0.0027656,5.544939068940136e-6,2.3811465776741382e-4,3.0345203171960054e-7,9952.946622427718,12.683981332734861,0.12067953803914379,0.009633268497997043,5,0
2025-01-27T00:00:00Z,238.11465776741383,4565.196090251154,0.2371845675761088,4.547364159429515,2.7656,34.64569999999999,-0.5,0.2168534590216034,0.03464569999999999,0.0027656,5.544939068940136e-6,2.3811465776741382e-4,2.371845675761088e-7,9952.946622427718,9.914069813604195,0.12067953803914379,0.009633268497997043,5,0
2025-01-27T00:00:00Z,345.4442633335254,6954.355937186648,0.08448038069639711,1.7007277278318604,2.7656,34.64569999999999,-0.5,0.2168534590216034,0.03464569999999999,0.0027656,5.544939068940136e-6,3.454442633335254e-4,8.448038069639711e-8,14439.213218620102,3.531192609465143,0.12067953803914379,0.009633268497997043,5,0
2025-01-27T00:00:00Z,345.4442633335254,6954.355937186648,0.11252522867032631,2.2653162178328854,2.7656,34.64569999999999,-0.5,0.2168534590216034,0.03464569999999999,0.0027656,5.544939068940136e-6,3.454442633335254e-4,1.1252522867032631e-7,14439.213218620102,4.703438272692081,0.12067953803914379,0.009633268497997043,5,0
2025-01-27T00:00:00Z,358.4277950073241,7122.2187912496165,0.61255798890934,12.171969027265384,2.7656,34.64569999999999,-0.5,0.2168534590216034,0.03464569999999999,0.0027656,5.544939068940136e-6,3.584277950073241e-4,6.1255798890934e-7,14981.911425154458,25.604290907246604,0.12067953803914379,0.009633268497997043,5,0
2025-01-27T00:00:00Z,358.4277950073241,7122.2187912496165,0.6977749727342114,13.865291955858888,2.7656,34.64569999999999,-0.5,0.2168534590216034,0.03464569999999999,0.0027656,5.544939068940136e-6,3.584277950073241e-4,6.977749727342114e-7,14981.911425154458,29.16627276626219,0.12067953803914379,0.009633268497997043,5,0
2025-01-27T00:00:00Z,27.829719925996184,533.7184167276217,NA,NA,2.7656,34.64569999999999,-0.5,0.2168534590216034,0.03464569999999999,0.0027656,5.544939068940136e-6,2.7829719925996185e-5,NA,1163.2535331407855,NA,0.12067953803914379,0.009633268497997043,5,0
2025-01-27T00:00:00Z,27.829719925996184,533.7184167276217,NA,NA,2.7656,34.64569999999999,-0.5,0.2168534590216034,0.03464569999999999,0.0027656,5.544939068940136e-6,2.7829719925996185e-5,NA,1163.2535331407855,NA,0.12067953803914379,0.009633268497997043,5,0
2025-01-27T00:00:00Z,27.829719925996184,533.7184167276217,NA,NA,2.7656,34.64569999999999,-0.5,0.2168534590216034,0.03464569999999999,0.0027656,5.544939068940136e-6,2.7829719925996185e-5,NA,1163.2535331407855,NA,0.12067953803914379,0.009633268497997043,5,0
2025-01-27T00:00:00Z,114.9162260417544,2338.204669536905,0.2292764322243528,4.66509598258957,2.7656,34.64569999999999,-0.5,0.2168534590216034,0.03464569999999999,0.0027656,5.544939068940136e-6,1.149162260417544e-4,2.292764322243528e-7,4803.379491915274,9.583517928319404,0.12067953803914379,0.009633268497997043,5,0
2025-01-27T00:00:00Z,114.9162260417544,2338.204669536905,0.1706758761585621,3.4727483172502542,2.7656,34.64569999999999,-0.5,0.2168534590216034,0.03464569999999999,0.0027656,5.544939068940136e-6,1.149162260417544e-4,1.7067587615856212e-7,4803.379491915274,7.134075243706919,0.12067953803914379,0.009633268497997043,5,0
2025-01-27T00:00:00Z,453.1557255000638,9031.29876178111,0.01904309753150882,0.3795249480010562,2.7656,34.64569999999999,-0.5,0.2168534590216034,0.03464569999999999,0.0027656,5.544939068940136e-6,4.531557255000638e-4,1.9043097531508822e-8,18941.441026092394,0.7959817973151687,0.12067953803914379,0.009633268497997043,5,0
2025-01-27T00:00:00Z,453.1557255000638,9031.29876178111,0.01852231464597651,0.36914585409448675,2.7656,34.64569999999999,-0.5,0.2168534590216034,0.03464569999999999,0.0027656,5.544939068940136e-6,4.531557255000638e-4,1.852231464597651e-8,18941.441026092394,0.7742136108869314,0.12067953803914379,0.009633268497997043,5,0
2025-01-27T00:00:00Z,453.1557255000638,9031.29876178111,0.16179869363918395,3.224614099069036,2.7656,34.64569999999999,-0.5,0.2168534590216034,0.03464569999999999,0.0027656,5.544939068940136e-6,4.531557255000638e-4,1.6179869363918396e-7,18941.441026092394,6.763018188247436,0.12067953803914379,0.009633268497997043,5,0
2025-01-27T00:00:00Z,453.1557255000638,9031.29876178111,0.2666991820374042,5.315258876723836,2.7656,34.64569999999999,-0.5,0.2168534590216034,0.03464569999999999,0.0027656,5.544939068940136e-6,4.531557255000638e-4,2.666991820374042e-7,18941.441026092394,11.147750197118187,0.12067953803914379,0.009633268497997043,5,0
2025-01-27T00:00:00Z,192.09195235413503,3682.8368235624753,0.30345203171960056,5.817861200876779,2.7656,34.64569999999999,-0.5,0.2168534590216034,0.03464569999999999,0.0027656,5.544939068940136e-6,1.9209195235413503e-4,3.0345203171960054e-7,8029.245096898343,12.683981332734861,0.12067953803914379,0.009633268497997043,5,0
2025-01-27T00:00:00Z,192.09195235413503,3682.8368235624753,0.2371845675761088,4.547364159429515,2.7656,34.64569999999999,-0.5,0.2168534590216034,0.03464569999999999,0.0027656,5.544939068940136e-6,1.9209195235413503e-4,2.371845675761088e-7,8029.245096898343,9.914069813604195,0.12067953803914379,0.009633268497997043,5,0
2025-01-27T00:00:00Z,332.7544943936672,6559.223604659678,0.08698725363170387,1.7146841197900562,2.7656,34.64569999999999,-0.5,0.2168534590216034,0.03464569999999999,0.0027656,5.544939068940136e-6,3.3275449439366717e-4,8.698725363170387e-8,13908.793990784414,3.6359773075104362,0.12067953803914379,0.009633268497997043,5,0
2025-01-27T00:00:00Z,332.7544943936672,6559.223604659678,0.11668883650297784,2.3001587767740537,2.7656,34.64569999999999,-0.5,0.2168534590216034,0.03464569999999999,0.0027656,5.544939068940136e-6,3.3275449439366717e-4,1.1668883650297785e-7,13908.793990784414,4.877472777344797,0.12067953803914379,0.009633268497997043,5,0
2025-01-27T00:00:00Z,332.7544943936672,6559.223604659678,0.00657306950249779,0.12956769438806037,2.7656,34.64569999999999,-0.5,0.2168534590216034,0.03464569999999999,0.0027656,5.544939068940136e-6,3.3275449439366717e-4,6.5730695024977895e-9,13908.793990784414,0.27474751246842805,0.12067953803914379,0.009633268497997043,5,0
2025-01-27T00:00:00Z,527.8477757700805,10123.065553888058,NA,NA,2.7656,34.64569999999999,-0.5,0.2168534590216034,0.03464569999999999,0.0027656,5.544939068940136e-6,5.278477757700805e-4,NA,22063.491539183065,NA,0.12067953803914379,0.009633268497997043,5,0
2025-01-27T00:00:00Z,527.8477757700805,10123.065553888058,NA,NA,2.7656,34.64569999999999,-0.5,0.2168534590216034,0.03464569999999999,0.0027656,5.544939068940136e-6,5.278477757700805e-4,NA,22063.491539183065,NA,0.12067953803914379,0.009633268497997043,5,0
2025-01-27T00:00:00Z,527.8477757700805,10123.065553888058,NA,NA,2.7656,34.64569999999999,-0.5,0.2168534590216034,0.03464569999999999,0.0027656,5.544939068940136e-6,5.278477757700805e-4,NA,22063.491539183065,NA,0.12067953803914379,0.009633268497997043,5,0
2025-01-27T00:00:00Z,387.3428046351112,7846.430783845004,0.180295775746287,3.652264371725072,2.7656,34.64569999999999,-0.5,0.2168534590216034,0.03464569999999999,0.0027656,5.544939068940136e-6,3.873428046351112e-4,1.80295775746287e-7,16190.528946270928,7.536177105085244,0.12067953803914379,0.009633268497997043,5,0
2025-01-27T00:00:00Z,387.3428046351112,7846.430783845004,0.00323284715511554,0.06548801509624064,2.7656,34.64569999999999,-0.5,0.2168534590216034,0.03464569999999999,0.0027656,5.544939068940136e-6,3.873428046351112e-4,3.2328471551155397e-9,16190.528946270928,0.13512967019763042,0.12067953803914379,0.009633268497997043,5,0
2025-01-27T00:00:00Z,387.3428046351112,7846.430783845004,0.24780287510299256,5.019760491911226,2.7656,34.64569999999999,-0.5,0.2168534590216034,0.03464569999999999,0.0027656,5.544939068940136e-6,3.873428046351112e-4,2.4780287510299257e-7,16190.528946270928,10.357904095065464,0.12067953803914379,0.009633268497997043,5,0
2025-01-27T00:00:00Z,425.3867609105857,8158.06803423884,NA,NA,2.7656,34.64569999999999,-0.5,0.2168534590216034,0.03464569999999999,0.0027656,5.544939068940136e-6,4.2538676091058566e-4,NA,17780.727003232332,NA,0.12067953803914379,0.009633268497997043,5,0
2025-01-27T00:00:00Z,425.3867609105857,8158.06803423884,NA,NA,2.7656,34.64569999999999,-0.5,0.2168534590216034,0.03464569999999999,0.0027656,5.544939068940136e-6,4.2538676091058566e-4,NA,17780.727003232332,NA,0.12067953803914379,0.009633268497997043,5,0
2025-01-27T00:00:00Z,425.3867609105857,8158.06803423884,NA,NA,2.7656,34.64569999999999,-0.5,0.2168534590216034,0.03464569999999999,0.0027656,5.544939068940136e-6,4.2538676091058566e-4,NA,17780.727003232332,NA,0.12067953803914379,0.009633268497997043,5,0
2025-01-27T00:00:00Z,147.8908885554718,2977.284581184532,4.09939590241615,82.52751965755283,2.7656,34.64569999999999,-0.5,0.2168534590216034,0.03464569999999999,0.0027656,5.544939068940136e-6,1.4789088855547182e-4,4.0993959024161505e-6,6181.686308340547,171.35051232671535,0.12067953803914379,0.009633268497997043,5,0
2025-01-27T00:00:00Z,147.8908885554718,2977.284581184532,3.4870667130871413,70.20033525961291,2.7656,34.64569999999999,-0.5,0.2168534590216034,0.03464569999999999,0.0027656,5.544939068940136e-6,1.4789088855547182e-4,3.4870667130871414e-6,6181.686308340547,145.75578500548073,0.12067953803914379,0.009633268497997043,5,0
2025-01-27T00:00:00Z,460.42947270239233,9075.94011955746,0.08698725363170387,1.7146841197900562,2.7656,34.64569999999999,-0.5,0.2168534590216034,0.03464569999999999,0.0027656,5.544939068940136e-6,4.6042947270239236e-4,8.698725363170387e-8,19245.47614231999,3.6359773075104362,0.12067953803914379,0.009633268497997043,5,0
2025-01-27T00:00:00Z,460.42947270239233,9075.94011955746,0.11668883650297784,2.3001587767740537,2.7656,34.64569999999999,-0.5,0.2168534590216034,0.03464569999999999,0.0027656,5.544939068940136e-6,4.6042947270239236e-4,1.1668883650297785e-7,19245.47614231999,4.877472777344797,0.12067953803914379,0.009633268497997043,5,0
2025-01-27T00:00:00Z,460.42947270239233,9075.94011955746,0.00657306950249779,0.12956769438806037,2.7656,34.64569999999999,-0.5,0.2168534590216034,0.03464569999999999,0.0027656,5.544939068940136e-6,4.6042947270239236e-4,6.5730695024977895e-9,19245.47614231999,0.27474751246842805,0.12067953803914379,0.009633268497997043,5,0
2025-01-27T00:00:00Z,27.613483595631767,544.3142510738624,0.08698725363170387,1.7146841197900562,2.7656,34.64569999999999,-0.5,0.2168534590216034,0.03464569999999999,0.0027656,5.544939068940136e-6,2.7613483595631765e-5,8.698725363170387e-8,1154.21507799432,3.6359773075104362,0.12067953803914379,0.009633268497997043,5,0
2025-01-27T00:00:00Z,27.613483595631767,544.3142510738624,0.11668883650297784,2.3001587767740537,2.7656,34.64569999999999,-0.5,0.2168534590216034,0.03464569999999999,0.0027656,5.544939068940136e-6,2.7613483595631765e-5,1.1668883650297785e-7,1154.21507799432,4.877472777344797,0.12067953803914379,0.009633268497997043,5,0
2025-01-27T00:00:00Z,27.613483595631767,544.3142510738624,0.00657306950249779,0.12956769438806037,2.7656,34.64569999999999,-0.5,0.2168534590216034,0.03464569999999999,0.0027656,5.544939068940136e-6,2.7613483595631765e-5,6.5730695024977895e-9,1154.21507799432,0.27474751246842805,0.12067953803914379,0.009633268497997043,5,0
2025-01-27T00:00:00Z,508.3844358998163,10131.995400442433,0.01904309753150882,0.3795249480010562,2.7656,34.64569999999999,-0.5,0.2168534590216034,0.03464569999999999,0.0027656,5.544939068940136e-6,5.083844358998163e-4,1.9043097531508822e-8,21249.944046394412,0.7959817973151687,0.12067953803914379,0.009633268497997043,5,0
2025-01-27T00:00:00Z,508.3844358998163,10131.995400442433,0.01852231464597651,0.36914585409448675,2.7656,34.64569999999999,-0.5,0.2168534590216034,0.03464569999999999,0.0027656,5.544939068940136e-6,5.083844358998163e-4,1.852231464597651e-8,21249.944046394412,0.7742136108869314,0.12067953803914379,0.009633268497997043,5,0
2025-01-27T00:00:00Z,508.3844358998163,10131.995400442433,0.16179869363918395,3.224614099069036,2.7656,34.64569999999999,-0.5,0.2168534590216034,0.03464569999999999,0.0027656,5.544939068940136e-6,5.083844358998163e-4,1.6179869363918396e-7,21249.944046394412,6.763018188247436,0.12067953803914379,0.009633268497997043,5,0
2025-01-27T00:00:00Z,508.3844358998163,10131.995400442433,0.2666991820374042,5.315258876723836,2.7656,34.64569999999999,-0.5,0.2168534590216034,0.03464569999999999,0.0027656,5.544939068940136e-6,5.083844358998163e-4,2.666991820374042e-7,21249.944046394412,11.147750197118187,0.12067953803914379,0.009633268497997043,5,0
2025-01-27T00:00:00Z,61.165703622060725,1239.038015093086,0.180295775746287,3.652264371725072,2.7656,34.64569999999999,-0.5,0.2168534590216034,0.03464569999999999,0.0027656,5.544939068940136e-6,6.116570362206072e-5,1.80295775746287e-7,2556.663201591935,7.536177105085244,0.12067953803914379,0.009633268497997043,5,0
2025-01-27T00:00:00Z,61.165703622060725,1239.038015093086,0.00323284715511554,0.06548801509624064,2.7656,34.64569999999999,-0.5,0.2168534590216034,0.03464569999999999,0.0027656,5.544939068940136e-6,6.116570362206072e-5,3.2328471551155397e-9,2556.663201591935,0.13512967019763042,0.12067953803914379,0.009633268497997043,5,0
2025-01-27T00:00:00Z,61.165703622060725,1239.038015093086,0.24780287510299256,5.019760491911226,2.7656,34.64569999999999,-0.5,0.2168534590216034,0.03464569999999999,0.0027656,5.544939068940136e-6,6.116570362206072e-5,2.4780287510299257e-7,2556.663201591935,10.357904095065464,0.12067953803914379,0.009633268497997043,5,0
2025-01-27T00:00:00Z,377.9098964653869,7509.342198056866,0.61255798890934,12.171969027265384,2.7656,34.64569999999999,-0.5,0.2168534590216034,0.03464569999999999,0.0027656,5.544939068940136e-6,3.779098964653869e-4,6.1255798890934e-7,15796.243132924516,25.604290907246604,0.12067953803914379,0.009633268497997043,5,0
2025-01-27T00:00:00Z,377.9098964653869,7509.342198056866,0.6977749727342114,13.865291955858888,2.7656,34.64569999999999,-0.5,0.2168534590216034,0.03464569999999999,0.0027656,5.544939068940136e-6,3.779098964653869e-4,6.977749727342114e-7,15796.243132924516,29.16627276626219,0.12067953803914379,0.009633268497997043,5,0
2025-01-27T00:00:00Z,454.4092454763859,9205.000453096056,0.180295775746287,3.652264371725072,2.7656,34.64569999999999,-0.5,0.2168534590216034,0.03464569999999999,0.0027656,5.544939068940136e-6,4.544092454763859e-4,1.80295775746287e-7,18993.836865691093,7.536177105085244,0.12067953803914379,0.009633268497997043,5,0
2025-01-27T00:00:00Z,454.4092454763859,9205.000453096056,0.00323284715511554,0.06548801509624064,2.7656,34.64569999999999,-0.5,0.2168534590216034,0.03464569999999999,0.0027656,5.544939068940136e-6,4.544092454763859e-4,3.2328471551155397e-9,18993.836865691093,0.13512967019763042,0.12067953803914379,0.009633268497997043,5,0
2025-01-27T00:00:00Z,454.4092454763859,9205.000453096056,0.24780287510299256,5.019760491911226,2.7656,34.64569999999999,-0.5,0.2168534590216034,0.03464569999999999,0.0027656,5.544939068940136e-6,4.544092454763859e-4,2.4780287510299257e-7,18993.836865691093,10.357904095065464,0.12067953803914379,0.009633268497997043,5,0
2025-02-20T00:00:00Z,237.2525863920244,5148.816820464368,0.45706611465689406,9.919174054107687,4.9634,58.6433,-0.5,0.35482346873784654,0.0586433,0.0049634,2.3797951958313083e-6,2.372525863920244e-4,4.5706611465689405e-7,4870.358923139868,9.382726080405364,0.10031991775122809,0.00849078888409154,6,0
2025-02-20T00:00:00Z,237.2525863920244,5148.816820464368,0.4987130740544601,10.822989554407725,4.9634,58.6433,-0.5,0.35482346873784654,0.0586433,0.0049634,2.3797951958313083e-6,2.372525863920244e-4,4.987130740544601e-7,4870.358923139868,10.237661503484055,0.10031991775122809,0.00849078888409154,6,0
2025-02-20T00:00:00Z,230.613737594606,5004.741609835531,0.45706611465689406,9.919174054107687,4.9634,58.6433,-0.5,0.35482346873784654,0.0586433,0.0049634,2.3797951958313083e-6,2.3061373759460598e-4,4.5706611465689405e-7,4734.075576468753,9.382726080405364,0.10031991775122809,0.00849078888409154,6,0
2025-02-20T00:00:00Z,230.613737594606,5004.741609835531,0.4987130740544601,10.822989554407725,4.9634,58.6433,-0.5,0.35482346873784654,0.0586433,0.0049634,2.3797951958313083e-6,2.3061373759460598e-4,4.987130740544601e-7,4734.075576468753,10.237661503484055,0.10031991775122809,0.00849078888409154,6,0
2025-02-20T00:00:00Z,237.2525863920244,5148.816820464368,0.45706611465689406,9.919174054107687,2.38117,74.6219,-0.5,0.1648166534211855,0.07462189999999999,0.00238117,1.3864821227370948e-6,2.372525863920244e-4,4.5706611465689405e-7,1597.4820220172792,3.0775424291105726,0.041870686396438,0.0013360852822912079,9,0
2025-02-20T00:00:00Z,237.2525863920244,5148.816820464368,0.4987130740544601,10.822989554407725,2.38117,74.6219,-0.5,0.1648166534211855,0.07462189999999999,0.00238117,1.3864821227370948e-6,2.372525863920244e-4,4.987130740544601e-7,1597.4820220172792,3.357962001858091,0.041870686396438,0.0013360852822912079,9,0
2025-02-20T00:00:00Z,230.613737594606,5004.741609835531,0.45706611465689406,9.919174054107687,2.38117,74.6219,-0.5,0.1648166534211855,0.07462189999999999,0.00238117,1.3864821227370948e-6,2.3061373759460598e-4,4.5706611465689405e-7,1552.7809641192507,3.0775424291105726,0.041870686396438,0.0013360852822912079,9,0
2025-02-20T00:00:00Z,230.613737594606,5004.741609835531,0.4987130740544601,10.822989554407725,2.38117,74.6219,-0.5,0.1648166534211855,0.07462189999999999,0.00238117,1.3864821227370948e-6,2.3061373759460598e-4,4.987130740544601e-7,1552.7809641192507,3.357962001858091,0.041870686396438,0.0013360852822912079,9,0
2025-02-20T00:00:00Z,237.2525863920244,5148.816820464368,0.45706611465689406,9.919174054107687,NA,35.507,-0.5,0.2553345893055422,0.035507,NA,8.428085679512773e-6,2.372525863920244e-4,4.5706611465689405e-7,2428.9750265394596,4.679410222085309,0.030293177403213006,NA,5,0
2025-02-20T00:00:00Z,237.2525863920244,5148.816820464368,0.4987130740544601,10.822989554407725,NA,35.507,-0.5,0.2553345893055422,0.035507,NA,8.428085679512773e-6,2.372525863920244e-4,4.987130740544601e-7,2428.9750265394596,5.105788816503832,0.030293177403213006,NA,5,0
2025-02-20T00:00:00Z,230.613737594606,5004.741609835531,0.45706611465689406,9.919174054107687,NA,35.507,-0.5,0.2553345893055422,0.035507,NA,8.428085679512773e-6,2.3061373759460598e-4,4.5706611465689405e-7,2361.0069669320683,4.679410222085309,0.030293177403213006,NA,5,0
2025-02-20T00:00:00Z,230.613737594606,5004.741609835531,0.4987130740544601,10.822989554407725,NA,35.507,-0.5,0.2553345893055422,0.035507,NA,8.428085679512773e-6,2.3061373759460598e-4,4.987130740544601e-7,2361.0069669320683,5.105788816503832,0.030293177403213006,NA,5,0
2025-02-28T00:00:00Z,510.178339001349,11706.50720110923,0.2932907070227999,6.729822713566336,2.3179,76.96820000000001,-0.5,0.13403969792788065,0.07696820000000001,0.0023179,1.809957333697683e-6,5.10178339001349e-4,2.9329070702279993e-7,6523.935843499303,3.750472354151119,0.08201961948125348,0.002470023672056738,9,0
2025-02-28T00:00:00Z,510.178339001349,11706.50720110923,0.28542911096900614,6.549431223413899,2.3179,76.96820000000001,-0.5,0.13403969792788065,0.07696820000000001,0.0023179,1.809957333697683e-6,5.10178339001349e-4,2.8542911096900615e-7,6523.935843499303,3.649941727188686,0.08201961948125348,0.002470023672056738,9,0
2025-02-28T00:00:00Z,323.1571023529604,7425.777043939152,0.6795217086966944,15.61462418296744,2.3179,76.96820000000001,-0.5,0.13403969792788065,0.07696820000000001,0.0023179,1.809957333697683e-6,3.231571023529604e-4,6.795217086966943e-7,4132.3906601928,8.68942425207616,0.08201961948125348,0.002470023672056738,9,0
2025-02-28T00:00:00Z,323.1571023529604,7425.777043939152,0.7616096842258236,17.500911068910188,2.3179,76.96820000000001,-0.5,0.13403969792788065,0.07696820000000001,0.0023179,1.809957333697683e-6,3.231571023529604e-4,7.616096842258237e-7,4132.3906601928,9.739129119834894,0.08201961948125348,0.002470023672056738,9,0
2025-02-28T00:00:00Z,166.26071718783504,3842.441062798663,0.6186954259779951,14.29863139263242,2.3179,76.96820000000001,-0.5,0.13403969792788065,0.07696820000000001,0.0023179,1.809957333697683e-6,1.6626071718783505e-4,6.186954259779951e-7,2126.068806352732,7.911604545280857,0.08201961948125348,0.002470023672056738,9,0
2025-02-28T00:00:00Z,166.26071718783504,3842.441062798663,0.6404394092015092,14.801155232418608,2.3179,76.96820000000001,-0.5,0.13403969792788065,0.07696820000000001,0.0023179,1.809957333697683e-6,1.6626071718783505e-4,6.404394092015092e-7,2126.068806352732,8.189657023576993,0.08201961948125348,0.002470023672056738,9,0
2025-02-28T00:00:00Z,359.95336986418044,8183.894700513023,0.34593168113044565,7.865097784780426,2.3179,76.96820000000001,-0.5,0.13403969792788065,0.07696820000000001,0.0023179,1.809957333697683e-6,3.5995336986418045e-4,3.4593168113044565e-7,4602.925118777101,4.4236219404111505,0.08201961948125348,0.002470023672056738,9,0
2025-02-28T00:00:00Z,359.95336986418044,8183.894700513023,0.08551933456426443,1.9443663750000917,2.3179,76.96820000000001,-0.5,0.13403969792788065,0.07696820000000001,0.0023179,1.809957333697683e-6,3.5995336986418045e-4,8.551933456426442e-8,4602.925118777101,1.0935835754378005,0.08201961948125348,0.002470023672056738,9,0
2025-02-28T00:00:00Z,224.61712184826663,5219.418686105654,0.4816580574503788,11.192268179217873,2.3179,76.96820000000001,-0.5,0.13403969792788065,0.07696820000000001,0.0023179,1.809957333697683e-6,2.2461712184826665e-4,4.816580574503788e-7,2872.3048006271433,6.159231047444496,0.08201961948125348,0.002470023672056738,9,0
2025-02-28T00:00:00Z,224.61712184826663,5219.418686105654,0.16582817525057575,3.853342387542205,2.3179,76.96820000000001,-0.5,0.13403969792788065,0.07696820000000001,0.0023179,1.809957333697683e-6,2.2461712184826665e-4,1.6582817525057574e-7,2872.3048006271433,2.120537650612513,0.08201961948125348,0.002470023672056738,9,0
2025-02-28T00:00:00Z,364.1812667991566,8368.464969945546,0.6795217086966944,15.61462418296744,2.3179,76.96820000000001,-0.5,0.13403969792788065,0.07696820000000001,0.0023179,1.809957333697683e-6,3.641812667991566e-4,6.795217086966943e-7,4656.989602209899,8.68942425207616,0.08201961948125348,0.002470023672056738,9,0
2025-02-28T00:00:00Z,364.1812667991566,8368.464969945546,0.7616096842258236,17.500911068910188,2.3179,76.96820000000001,-0.5,0.13403969792788065,0.07696820000000001,0.0023179,1.809957333697683e-6,3.641812667991566e-4,7.616096842258237e-7,4656.989602209899,9.739129119834894,0.08201961948125348,0.002470023672056738,9,0
2025-02-28T00:00:00Z,202.48813650816516,4519.638747861376,0.3254467768049143,7.2641384733903696,2.3179,76.96820000000001,-0.5,0.13403969792788065,0.07696820000000001,0.0023179,1.809957333697683e-6,2.0248813650816517e-4,3.254467768049143e-7,2589.3290848741917,4.161670008383644,0.08201961948125348,0.002470023672056738,9,0
2025-02-28T00:00:00Z,202.48813650816516,4519.638747861376,0.31137854964690304,6.950128449526579,2.3179,76.96820000000001,-0.5,0.13403969792788065,0.07696820000000001,0.0023179,1.809957333697683e-6,2.0248813650816517e-4,3.1137854964690305e-7,2589.3290848741917,3.981771717150238,0.08201961948125348,0.002470023672056738,9,0
2025-02-28T00:00:00Z,383.7592218203482,8630.206153655205,0.29095394163749266,6.5431456881721894,2.3179,76.96820000000001,-0.5,0.13403969792788065,0.07696820000000001,0.0023179,1.809957333697683e-6,3.8375922182034823e-4,2.9095394163749266e-7,4907.343866083952,3.720590827850148,0.08201961948125348,0.002470023672056738,9,0
2025-02-28T00:00:00Z,383.7592218203482,8630.206153655205,0.3779422445747736,8.499390501636992,2.3179,76.96820000000001,-0.5,0.13403969792788065,0.07696820000000001,0.0023179,1.809957333697683e-6,3.8375922182034823e-4,3.779422445747736e-7,4907.343866083952,4.8329589236979045,0.08201961948125348,0.002470023672056738,9,0
2025-02-28T00:00:00Z,445.009969669955,10007.6494851802,0.28960047932397526,6.512708220815831,2.3179,76.96820000000001,-0.5,0.13403969792788065,0.07696820000000001,0.0023179,1.809957333697683e-6,4.45009969669955e-4,2.8960047932397527e-7,5690.5914459780315,3.703283348043643,0.08201961948125348,0.002470023672056738,9,0
2025-02-28T00:00:00Z,445.009969669955,10007.6494851802,0.3144145600677269,7.070742061191593,2.3179,76.96820000000001,-0.5,0.13403969792788065,0.07696820000000001,0.0023179,1.809957333697683e-6,4.45009969669955e-4,3.144145600677269e-7,5690.5914459780315,4.020594880917678,0.08201961948125348,0.002470023672056738,9,0
2025-02-28T00:00:00Z,411.3622313079711,9250.95908620885,0.29095394163749266,6.5431456881721894,2.3179,76.96820000000001,-0.5,0.13403969792788065,0.07696820000000001,0.0023179,1.809957333697683e-6,4.113622313079711e-4,2.9095394163749266e-7,5260.318991090736,3.720590827850148,0.08201961948125348,0.002470023672056738,9,0
2025-02-28T00:00:00Z,411.3622313079711,9250.95908620885,0.3779422445747736,8.499390501636992,2.3179,76.96820000000001,-0.5,0.13403969792788065,0.07696820000000001,0.0023179,1.809957333697683e-6,4.113622313079711e-4,3.779422445747736e-7,5260.318991090736,4.8329589236979045,0.08201961948125348,0.002470023672056738,9,0
2025-02-28T00:00:00Z,195.5661693066873,4365.136900421226,0.3254467768049143,7.2641384733903696,2.3179,76.96820000000001,-0.5,0.13403969792788065,0.07696820000000001,0.0023179,1.809957333697683e-6,1.955661693066873e-4,3.254467768049143e-7,2500.814017727979,4.161670008383644,0.08201961948125348,0.002470023672056738,9,0
2025-02-28T00:00:00Z,195.5661693066873,4365.136900421226,0.31137854964690304,6.950128449526579,2.3179,76.96820000000001,-0.5,0.13403969792788065,0.07696820000000001,0.0023179,1.809957333697683e-6,1.955661693066873e-4,3.1137854964690305e-7,2500.814017727979,3.981771717150238,0.08201961948125348,0.002470023672056738,9,0
2025-02-28T00:00:00Z,114.84072993019824,2611.017203237808,0.34593168113044565,7.865097784780426,2.3179,76.96820000000001,-0.5,0.13403969792788065,0.07696820000000001,0.0023179,1.809957333697683e-6,1.1484072993019824e-4,3.4593168113044565e-7,1468.5326620330354,4.4236219404111505,0.08201961948125348,0.002470023672056738,9,0
2025-02-28T00:00:00Z,114.84072993019824,2611.017203237808,0.08551933456426443,1.9443663750000917,2.3179,76.96820000000001,-0.5,0.13403969792788065,0.07696820000000001,0.0023179,1.809957333697683e-6,1.1484072993019824e-4,8.551933456426442e-8,1468.5326620330354,1.0935835754378005,0.08201961948125348,0.002470023672056738,9,0
2025-02-28T00:00:00Z,454.6586611331656,10224.635010754104,0.28960047932397526,6.512708220815831,2.3179,76.96820000000001,-0.5,0.13403969792788065,0.07696820000000001,0.0023179,1.809957333697683e-6,4.546586611331656e-4,2.8960047932397527e-7,5813.974661743173,3.703283348043643,0.08201961948125348,0.002470023672056738,9,0
2025-02-28T00:00:00Z,454.6586611331656,10224.635010754104,0.3144145600677269,7.070742061191593,2.3179,76.96820000000001,-0.5,0.13403969792788065,0.07696820000000001,0.0023179,1.809957333697683e-6,4.546586611331656e-4,3.144145600677269e-7,5813.974661743173,4.020594880917678,0.08201961948125348,0.002470023672056738,9,0
2025-02-28T00:00:00Z,93.04617294102492,2162.1100373954037,0.4816580574503788,11.192268179217873,2.3179,76.96820000000001,-0.5,0.13403969792788065,0.07696820000000001,0.0023179,1.809957333697683e-6,9.304617294102492e-5,4.816580574503788e-7,1189.8334687015833,6.159231047444496,0.08201961948125348,0.002470023672056738,9,0
2025-02-28T00:00:00Z,93.04617294102492,2162.1100373954037,0.16582817525057575,3.853342387542205,2.3179,76.96820000000001,-0.5,0.13403969792788065,0.07696820000000001,0.0023179,1.809957333697683e-6,9.304617294102492e-5,1.6582817525057574e-7,1189.8334687015833,2.120537650612513,0.08201961948125348,0.002470023672056738,9,0
2025-02-28T00:00:00Z,165.76487835826276,3830.981762541188,0.6186954259779951,14.29863139263242,2.3179,76.96820000000001,-0.5,0.13403969792788065,0.07696820000000001,0.0023179,1.809957333697683e-6,1.6576487835826277e-4,6.186954259779951e-7,2119.7282378386367,7.911604545280857,0.08201961948125348,0.002470023672056738,9,0
2025-02-28T00:00:00Z,165.76487835826276,3830.981762541188,0.6404394092015092,14.801155232418608,2.3179,76.96820000000001,-0.5,0.13403969792788065,0.07696820000000001,0.0023179,1.809957333697683e-6,1.6576487835826277e-4,6.404394092015092e-7,2119.7282378386367,8.189657023576993,0.08201961948125348,0.002470023672056738,9,0
2025-02-28T00:00:00Z,481.02951320966497,11037.660813584876,0.2932907070227999,6.729822713566336,2.3179,76.96820000000001,-0.5,0.13403969792788065,0.07696820000000001,0.0023179,1.809957333697683e-6,4.81029513209665e-4,2.9329070702279993e-7,6151.193500595203,3.750472354151119,0.08201961948125348,0.002470023672056738,9,0
2025-02-28T00:00:00Z,481.02951320966497,11037.660813584876,0.28542911096900614,6.549431223413899,2.3179,76.96820000000001,-0.5,0.13403969792788065,0.07696820000000001,0.0023179,1.809957333697683e-6,4.81029513209665e-4,2.8542911096900615e-7,6151.193500595203,3.649941727188686,0.08201961948125348,0.002470023672056738,9,0
2025-02-28T00:00:00Z,510.178339001349,11706.50720110923,0.2932907070227999,6.729822713566336,3.74647,58.4651,-0.5,0.28973214537338127,0.0584651,0.00374647,2.7287198028445023e-6,5.10178339001349e-4,2.9329070702279993e-7,10340.09388030706,5.944300674884916,0.09874563731068521,0.0063276650140915314,6,0
2025-02-28T00:00:00Z,510.178339001349,11706.50720110923,0.28542911096900614,6.549431223413899,3.74647,58.4651,-0.5,0.28973214537338127,0.0584651,0.00374647,2.7287198028445023e-6,5.10178339001349e-4,2.8542911096900615e-7,10340.09388030706,5.78496493867079,0.09874563731068521,0.0063276650140915314,6,0
2025-02-28T00:00:00Z,323.1571023529604,7425.777043939152,0.6795217086966944,15.61462418296744,3.74647,58.4651,-0.5,0.28973214537338127,0.0584651,0.00374647,2.7287198028445023e-6,3.231571023529604e-4,6.795217086966943e-7,6549.621026557877,13.77227868079265,0.09874563731068521,0.0063276650140915314,6,0
2025-02-28T00:00:00Z,323.1571023529604,7425.777043939152,0.7616096842258236,17.500911068910188,3.74647,58.4651,-0.5,0.28973214537338127,0.0584651,0.00374647,2.7287198028445023e-6,3.231571023529604e-4,7.616096842258237e-7,6549.621026557877,15.436005476949914,0.09874563731068521,0.0063276650140915314,6,0
2025-02-28T00:00:00Z,166.26071718783504,3842.441062798663,0.6186954259779951,14.29863139263242,3.74647,58.4651,-0.5,0.28973214537338127,0.0584651,0.00374647,2.7287198028445023e-6,1.6626071718783505e-4,6.186954259779951e-7,3369.7068121209477,12.539475510566747,0.09874563731068521,0.0063276650140915314,6,0
2025-02-28T00:00:00Z,166.26071718783504,3842.441062798663,0.6404394092015092,14.801155232418608,3.74647,58.4651,-0.5,0.28973214537338127,0.0584651,0.00374647,2.7287198028445023e-6,1.6626071718783505e-4,6.404394092015092e-7,3369.7068121209477,12.980174008866502,0.09874563731068521,0.0063276650140915314,6,0
2025-02-28T00:00:00Z,359.95336986418044,8183.894700513023,0.34593168113044565,7.865097784780426,3.74647,58.4651,-0.5,0.28973214537338127,0.0584651,0.00374647,2.7287198028445023e-6,3.5995336986418045e-4,3.4593168113044565e-7,7295.39330151505,7.011207230128592,0.09874563731068521,0.0063276650140915314,6,0
2025-02-28T00:00:00Z,359.95336986418044,8183.894700513023,0.08551933456426443,1.9443663750000917,3.74647,58.4651,-0.5,0.28973214537338127,0.0584651,0.00374647,2.7287198028445023e-6,3.5995336986418045e-4,8.551933456426442e-8,7295.39330151505,1.7332722312492073,0.09874563731068521,0.0063276650140915314,6,0
2025-02-28T00:00:00Z,224.61712184826663,5219.418686105654,0.4816580574503788,11.192268179217873,3.74647,58.4651,-0.5,0.28973214537338127,0.0584651,0.00374647,2.7287198028445023e-6,2.2461712184826665e-4,4.816580574503788e-7,4552.451465465502,9.76205603317486,0.09874563731068521,0.0063276650140915314,6,0
2025-02-28T00:00:00Z,224.61712184826663,5219.418686105654,0.16582817525057575,3.853342387542205,3.74647,58.4651,-0.5,0.28973214537338127,0.0584651,0.00374647,2.7287198028445023e-6,2.2461712184826665e-4,1.6582817525057574e-7,4552.451465465502,3.3609402222904463,0.09874563731068521,0.0063276650140915314,6,0
2025-02-28T00:00:00Z,364.1812667991566,8368.464969945546,0.6795217086966944,15.61462418296744,3.74647,58.4651,-0.5,0.28973214537338127,0.0584651,0.00374647,2.7287198028445023e-6,3.641812667991566e-4,6.795217086966943e-7,7381.082653417933,13.77227868079265,0.09874563731068521,0.0063276650140915314,6,0
2025-02-28T00:00:00Z,364.1812667991566,8368.464969945546,0.7616096842258236,17.500911068910188,3.74647,58.4651,-0.5,0.28973214537338127,0.0584651,0.00374647,2.7287198028445023e-6,3.641812667991566e-4,7.616096842258237e-7,7381.082653417933,15.436005476949914,0.09874563731068521,0.0063276650140915314,6,0
2025-02-28T00:00:00Z,202.48813650816516,4519.638747861376,0.3254467768049143,7.2641384733903696,3.74647,58.4651,-0.5,0.28973214537338127,0.0584651,0.00374647,2.7287198028445023e-6,2.0248813650816517e-4,3.254467768049143e-7,4103.949895719353,6.596027247635172,0.09874563731068521,0.0063276650140915314,6,0
2025-02-28T00:00:00Z,202.48813650816516,4519.638747861376,0.31137854964690304,6.950128449526579,3.74647,58.4651,-0.5,0.28973214537338127,0.0584651,0.00374647,2.7287198028445023e-6,2.0248813650816517e-4,3.1137854964690305e-7,4103.949895719353,6.310897953772821,0.09874563731068521,0.0063276650140915314,6,0
2025-02-28T00:00:00Z,383.7592218203482,8630.206153655205,0.29095394163749266,6.5431456881721894,3.74647,58.4651,-0.5,0.28973214537338127,0.0584651,0.00374647,2.7287198028445023e-6,3.8375922182034823e-4,2.9095394163749266e-7,7777.880944187811,5.896940033295103,0.09874563731068521,0.0063276650140915314,6,0
2025-02-28T00:00:00Z,383.7592218203482,8630.206153655205,0.3779422445747736,8.499390501636992,3.74647,58.4651,-0.5,0.28973214537338127,0.0584651,0.00374647,2.7287198028445023e-6,3.8375922182034823e-4,3.779422445747736e-7,7777.880944187811,7.65998473766405,0.09874563731068521,0.0063276650140915314,6,0
2025-02-28T00:00:00Z,445.009969669955,10007.6494851802,0.28960047932397526,6.512708220815831,3.74647,58.4651,-0.5,0.28973214537338127,0.0584651,0.00374647,2.7287198028445023e-6,4.45009969669955e-4,2.8960047932397527e-7,9019.287006710345,5.869508591551374,0.09874563731068521,0.0063276650140915314,6,0
2025-02-28T00:00:00Z,445.009969669955,10007.6494851802,0.3144145600677269,7.070742061191593,3.74647,58.4651,-0.5,0.28973214537338127,0.0584651,0.00374647,2.7287198028445023e-6,4.45009969669955e-4,3.144145600677269e-7,9019.287006710345,6.3724306186726265,0.09874563731068521,0.0063276650140915314,6,0
2025-02-28T00:00:00Z,411.3622313079711,9250.95908620885,0.29095394163749266,6.5431456881721894,3.74647,58.4651,-0.5,0.28973214537338127,0.0584651,0.00374647,2.7287198028445023e-6,4.113622313079711e-4,2.9095394163749266e-7,8337.327881977684,5.896940033295103,0.09874563731068521,0.0063276650140915314,6,0
2025-02-28T00:00:00Z,411.3622313079711,9250.95908620885,0.3779422445747736,8.499390501636992,3.74647,58.4651,-0.5,0.28973214537338127,0.0584651,0.00374647,2.7287198028445023e-6,4.113622313079711e-4,3.779422445747736e-7,8337.327881977684,7.65998473766405,0.09874563731068521,0.0063276650140915314,6,0
2025-02-28T00:00:00Z,195.5661693066873,4365.136900421226,0.3254467768049143,7.2641384733903696,3.74647,58.4651,-0.5,0.28973214537338127,0.0584651,0.00374647,2.7287198028445023e-6,1.955661693066873e-4,3.254467768049143e-7,3963.6581874516332,6.596027247635172,0.09874563731068521,0.0063276650140915314,6,0
2025-02-28T00:00:00Z,195.5661693066873,4365.136900421226,0.31137854964690304,6.950128449526579,3.74647,58.4651,-0.5,0.28973214537338127,0.0584651,0.00374647,2.7287198028445023e-6,1.955661693066873e-4,3.1137854964690305e-7,3963.6581874516332,6.310897953772821,0.09874563731068521,0.0063276650140915314,6,0
2025-02-28T00:00:00Z,114.84072993019824,2611.017203237808,0.34593168113044565,7.865097784780426,3.74647,58.4651,-0.5,0.28973214537338127,0.0584651,0.00374647,2.7287198028445023e-6,1.1484072993019824e-4,3.4593168113044565e-7,2327.5467380399677,7.011207230128592,0.09874563731068521,0.0063276650140915314,6,0
2025-02-28T00:00:00Z,114.84072993019824,2611.017203237808,0.08551933456426443,1.9443663750000917,3.74647,58.4651,-0.5,0.28973214537338127,0.0584651,0.00374647,2.7287198028445023e-6,1.1484072993019824e-4,8.551933456426442e-8,2327.5467380399677,1.7332722312492073,0.09874563731068521,0.0063276650140915314,6,0
2025-02-28T00:00:00Z,454.6586611331656,10224.635010754104,0.28960047932397526,6.512708220815831,3.74647,58.4651,-0.5,0.28973214537338127,0.0584651,0.00374647,2.7287198028445023e-6,4.546586611331656e-4,2.8960047932397527e-7,9214.842889672773,5.869508591551374,0.09874563731068521,0.0063276650140915314,6,0
2025-02-28T00:00:00Z,454.6586611331656,10224.635010754104,0.3144145600677269,7.070742061191593,3.74647,58.4651,-0.5,0.28973214537338127,0.0584651,0.00374647,2.7287198028445023e-6,4.546586611331656e-4,3.144145600677269e-7,9214.842889672773,6.3724306186726265,0.09874563731068521,0.0063276650140915314,6,0
2025-02-28T00:00:00Z,93.04617294102492,2162.1100373954037,0.4816580574503788,11.192268179217873,3.74647,58.4651,-0.5,0.28973214537338127,0.0584651,0.00374647,2.7287198028445023e-6,9.304617294102492e-5,4.816580574503788e-7,1885.8232305526012,9.76205603317486,0.09874563731068521,0.0063276650140915314,6,0
2025-02-28T00:00:00Z,93.04617294102492,2162.1100373954037,0.16582817525057575,3.853342387542205,3.74647,58.4651,-0.5,0.28973214537338127,0.0584651,0.00374647,2.7287198028445023e-6,9.304617294102492e-5,1.6582817525057574e-7,1885.8232305526012,3.3609402222904463,0.09874563731068521,0.0063276650140915314,6,0
2025-02-28T00:00:00Z,165.76487835826276,3830.981762541188,0.6186954259779951,14.29863139263242,3.74647,58.4651,-0.5,0.28973214537338127,0.0584651,0.00374647,2.7287198028445023e-6,1.6576487835826277e-4,6.186954259779951e-7,3359.6573457768554,12.539475510566747,0.09874563731068521,0.0063276650140915314,6,0
2025-02-28T00:00:00Z,165.76487835826276,3830.981762541188,0.6404394092015092,14.801155232418608,3.74647,58.4651,-0.5,0.28973214537338127,0.0584651,0.00374647,2.7287198028445023e-6,1.6576487835826277e-4,6.404394092015092e-7,3359.6573457768554,12.980174008866502,0.09874563731068521,0.0063276650140915314,6,0
2025-02-28T00:00:00Z,481.02951320966497,11037.660813584876,0.2932907070227999,6.729822713566336,3.74647,58.4651,-0.5,0.28973214537338127,0.0584651,0.00374647,2.7287198028445023e-6,4.81029513209665e-4,2.9329070702279993e-7,9749.316945761566,5.944300674884916,0.09874563731068521,0.0063276650140915314,6,0
2025-02-28T00:00:00Z,481.02951320966497,11037.660813584876,0.28542911096900614,6.549431223413899,3.74647,58.4651,-0.5,0.28973214537338127,0.0584651,0.00374647,2.7287198028445023e-6,4.81029513209665e-4,2.8542911096900615e-7,9749.316945761566,5.78496493867079,0.09874563731068521,0.0063276650140915314,6,0
2025-02-28T00:00:00Z,510.178339001349,11706.50720110923,0.2932907070227999,6.729822713566336,2.64979,35.8931,-0.5,0.16245476339437534,0.0358931,0.00264979,9.950683206961548e-6,5.10178339001349e-4,2.9329070702279993e-7,7095.8902298050525,4.079276800597759,0.041602036996508364,0.003071249393699009,5,0
2025-02-28T00:00:00Z,510.178339001349,11706.50720110923,0.28542911096900614,6.549431223413899,2.64979,35.8931,-0.5,0.16245476339437534,0.0358931,0.00264979,9.950683206961548e-6,5.10178339001349e-4,2.8542911096900615e-7,7095.8902298050525,3.969932639224726,0.041602036996508364,0.003071249393699009,5,0
2025-02-28T00:00:00Z,323.1571023529604,7425.777043939152,0.6795217086966944,15.61462418296744,2.64979,35.8931,-0.5,0.16245476339437534,0.0358931,0.00264979,9.950683206961548e-6,3.231571023529604e-4,6.795217086966943e-7,4494.6779390263755,9.451227316157297,0.041602036996508364,0.003071249393699009,5,0
2025-02-28T00:00:00Z,323.1571023529604,7425.777043939152,0.7616096842258236,17.500911068910188,2.64979,35.8931,-0.5,0.16245476339437534,0.0358931,0.00264979,9.950683206961548e-6,3.231571023529604e-4,7.616096842258237e-7,4494.6779390263755,10.592959959455754,0.041602036996508364,0.003071249393699009,5,0
2025-02-28T00:00:00Z,166.26071718783504,3842.441062798663,0.6186954259779951,14.29863139263242,2.64979,35.8931,-0.5,0.16245476339437534,0.0358931,0.00264979,9.950683206961548e-6,1.6626071718783505e-4,6.186954259779951e-7,2312.4615619763113,8.60521604467947,0.041602036996508364,0.003071249393699009,5,0
2025-02-28T00:00:00Z,166.26071718783504,3842.441062798663,0.6404394092015092,14.801155232418608,2.64979,35.8931,-0.5,0.16245476339437534,0.0358931,0.00264979,9.950683206961548e-6,1.6626071718783505e-4,6.404394092015092e-7,2312.4615619763113,8.90764542342338,0.041602036996508364,0.003071249393699009,5,0
2025-02-28T00:00:00Z,359.95336986418044,8183.894700513023,0.34593168113044565,7.865097784780426,2.64979,35.8931,-0.5,0.16245476339437534,0.0358931,0.00264979,9.950683206961548e-6,3.5995336986418045e-4,3.4593168113044565e-7,5006.464220735738,4.811441507137517,0.041602036996508364,0.003071249393699009,5,0
2025-02-28T00:00:00Z,359.95336986418044,8183.894700513023,0.08551933456426443,1.9443663750000917,2.64979,35.8931,-0.5,0.16245476339437534,0.0358931,0.00264979,9.950683206961548e-6,3.5995336986418045e-4,8.551933456426442e-8,5006.464220735738,1.1894582035408383,0.041602036996508364,0.003071249393699009,5,0
2025-02-28T00:00:00Z,224.61712184826663,5219.418686105654,0.4816580574503788,11.192268179217873,2.64979,35.8931,-0.5,0.16245476339437534,0.0358931,0.00264979,9.950683206961548e-6,2.2461712184826665e-4,4.816580574503788e-7,3124.1201723498334,6.699211712240071,0.041602036996508364,0.003071249393699009,5,0
2025-02-28T00:00:00Z,224.61712184826663,5219.418686105654,0.16582817525057575,3.853342387542205,2.64979,35.8931,-0.5,0.16245476339437534,0.0358931,0.00264979,9.950683206961548e-6,2.2461712184826665e-4,1.6582817525057574e-7,3124.1201723498334,2.3064454890231016,0.041602036996508364,0.003071249393699009,5,0
2025-02-28T00:00:00Z,364.1812667991566,8368.464969945546,0.6795217086966944,15.61462418296744,2.64979,35.8931,-0.5,0.16245476339437534,0.0358931,0.00264979,9.950683206961548e-6,3.641812667991566e-4,6.795217086966943e-7,5065.2685451456,9.451227316157297,0.041602036996508364,0.003071249393699009,5,0
2025-02-28T00:00:00Z,364.1812667991566,8368.464969945546,0.7616096842258236,17.500911068910188,2.64979,35.8931,-0.5,0.16245476339437534,0.0358931,0.00264979,9.950683206961548e-6,3.641812667991566e-4,7.616096842258237e-7,5065.2685451456,10.592959959455754,0.041602036996508364,0.003071249393699009,5,0
2025-02-28T00:00:00Z,202.48813650816516,4519.638747861376,0.3254467768049143,7.2641384733903696,2.64979,35.8931,-0.5,0.16245476339437534,0.0358931,0.00264979,9.950683206961548e-6,2.0248813650816517e-4,3.254467768049143e-7,2816.3359352187654,4.526524211851006,0.041602036996508364,0.003071249393699009,5,0
2025-02-28T00:00:00Z,202.48813650816516,4519.638747861376,0.31137854964690304,6.950128449526579,2.64979,35.8931,-0.5,0.16245476339437534,0.0358931,0.00264979,9.950683206961548e-6,2.0248813650816517e-4,3.1137854964690305e-7,2816.3359352187654,4.330854211755321,0.041602036996508364,0.003071249393699009,5,0
2025-02-28T00:00:00Z,383.7592218203482,8630.206153655205,0.29095394163749266,6.5431456881721894,2.64979,35.8931,-0.5,0.16245476339437534,0.0358931,0.00264979,9.950683206961548e-6,3.8375922182034823e-4,2.9095394163749266e-7,5337.5714030567615,4.046775556622161,0.041602036996508364,0.003071249393699009,5,0
2025-02-28T00:00:00Z,383.7592218203482,8630.206153655205,0.3779422445747736,8.499390501636992,2.64979,35.8931,-0.5,0.16245476339437534,0.0358931,0.00264979,9.950683206961548e-6,3.8375922182034823e-4,3.779422445747736e-7,5337.5714030567615,5.256665122157676,0.041602036996508364,0.003071249393699009,5,0
2025-02-28T00:00:00Z,445.009969669955,10007.6494851802,0.28960047932397526,6.512708220815831,2.64979,35.8931,-0.5,0.16245476339437534,0.0358931,0.00264979,9.950683206961548e-6,4.45009969669955e-4,2.8960047932397527e-7,6189.486410042444,4.0279507275914,0.041602036996508364,0.003071249393699009,5,0
2025-02-28T00:00:00Z,445.009969669955,10007.6494851802,0.3144145600677269,7.070742061191593,2.64979,35.8931,-0.5,0.16245476339437534,0.0358931,0.00264979,9.950683206961548e-6,4.45009969669955e-4,3.144145600677269e-7,6189.486410042444,4.373081007829965,0.041602036996508364,0.003071249393699009,5,0
2025-02-28T00:00:00Z,411.3622313079711,9250.95908620885,0.29095394163749266,6.5431456881721894,2.64979,35.8931,-0.5,0.16245476339437534,0.0358931,0.00264979,9.950683206961548e-6,4.113622313079711e-4,2.9095394163749266e-7,5721.4919076392225,4.046775556622161,0.041602036996508364,0.003071249393699009,5,0
2025-02-28T00:00:00Z,411.3622313079711,9250.95908620885,0.3779422445747736,8.499390501636992,2.64979,35.8931,-0.5,0.16245476339437534,0.0358931,0.00264979,9.950683206961548e-6,4.113622313079711e-4,3.779422445747736e-7,5721.4919076392225,5.256665122157676,0.041602036996508364,0.003071249393699009,5,0
2025-02-28T00:00:00Z,195.5661693066873,4365.136900421226,0.3254467768049143,7.2641384733903696,2.64979,35.8931,-0.5,0.16245476339437534,0.0358931,0.00264979,9.950683206961548e-6,1.955661693066873e-4,3.254467768049143e-7,2720.0607395055513,4.526524211851006,0.041602036996508364,0.003071249393699009,5,0
2025-02-28T00:00:00Z,195.5661693066873,4365.136900421226,0.31137854964690304,6.950128449526579,2.64979,35.8931,-0.5,0.16245476339437534,0.0358931,0.00264979,9.950683206961548e-6,1.955661693066873e-4,3.1137854964690305e-7,2720.0607395055513,4.330854211755321,0.041602036996508364,0.003071249393699009,5,0
2025-02-28T00:00:00Z,114.84072993019824,2611.017203237808,0.34593168113044565,7.865097784780426,2.64979,35.8931,-0.5,0.16245476339437534,0.0358931,0.00264979,9.950683206961548e-6,1.1484072993019824e-4,3.4593168113044565e-7,1597.279130059694,4.811441507137517,0.041602036996508364,0.003071249393699009,5,0
2025-02-28T00:00:00Z,114.84072993019824,2611.017203237808,0.08551933456426443,1.9443663750000917,2.64979,35.8931,-0.5,0.16245476339437534,0.0358931,0.00264979,9.950683206961548e-6,1.1484072993019824e-4,8.551933456426442e-8,1597.279130059694,1.1894582035408383,0.041602036996508364,0.003071249393699009,5,0
2025-02-28T00:00:00Z,454.6586611331656,10224.635010754104,0.28960047932397526,6.512708220815831,2.64979,35.8931,-0.5,0.16245476339437534,0.0358931,0.00264979,9.950683206961548e-6,4.546586611331656e-4,2.8960047932397527e-7,6323.6866499393755,4.0279507275914,0.041602036996508364,0.003071249393699009,5,0
2025-02-28T00:00:00Z,454.6586611331656,10224.635010754104,0.3144145600677269,7.070742061191593,2.64979,35.8931,-0.5,0.16245476339437534,0.0358931,0.00264979,9.950683206961548e-6,4.546586611331656e-4,3.144145600677269e-7,6323.6866499393755,4.373081007829965,0.041602036996508364,0.003071249393699009,5,0
2025-02-28T00:00:00Z,93.04617294102492,2162.1100373954037,0.4816580574503788,11.192268179217873,2.64979,35.8931,-0.5,0.16245476339437534,0.0358931,0.00264979,9.950683206961548e-6,9.304617294102492e-5,4.816580574503788e-7,1294.1463386810394,6.699211712240071,0.041602036996508364,0.003071249393699009,5,0
2025-02-28T00:00:00Z,93.04617294102492,2162.1100373954037,0.16582817525057575,3.853342387542205,2.64979,35.8931,-0.5,0.16245476339437534,0.0358931,0.00264979,9.950683206961548e-6,9.304617294102492e-5,1.6582817525057574e-7,1294.1463386810394,2.3064454890231016,0.041602036996508364,0.003071249393699009,5,0
2025-02-28T00:00:00Z,165.76487835826276,3830.981762541188,0.6186954259779951,14.29863139263242,2.64979,35.8931,-0.5,0.16245476339437534,0.0358931,0.00264979,9.950683206961548e-6,1.6576487835826277e-4,6.186954259779951e-7,2305.565114915844,8.60521604467947,0.041602036996508364,0.003071249393699009,5,0
2025-02-28T00:00:00Z,165.76487835826276,3830.981762541188,0.6404394092015092,14.801155232418608,2.64979,35.8931,-0.5,0.16245476339437534,0.0358931,0.00264979,9.950683206961548e-6,1.6576487835826277e-4,6.404394092015092e-7,2305.565114915844,8.90764542342338,0.041602036996508364,0.003071249393699009,5,0
2025-02-28T00:00:00Z,481.02951320966497,11037.660813584876,0.2932907070227999,6.729822713566336,2.64979,35.8931,-0.5,0.16245476339437534,0.0358931,0.00264979,9.950683206961548e-6,4.81029513209665e-4,2.9329070702279993e-7,6690.469512511616,4.079276800597759,0.041602036996508364,0.003071249393699009,5,0
2025-02-28T00:00:00Z,481.02951320966497,11037.660813584876,0.28542911096900614,6.549431223413899,2.64979,35.8931,-0.5,0.16245476339437534,0.0358931,0.00264979,9.950683206961548e-6,4.81029513209665e-4,2.8542911096900615e-7,6690.469512511616,3.969932639224726,0.041602036996508364,0.003071249393699009,5,0
2025-03-11T00:00:00Z,NA,NA,NA,NA,4.8228,52.61419999999999,-0.5,0.4176514353028705,0.05261419999999999,0.0048228,2.7899745471077477e-6,NA,NA,NA,NA,0.10658190396767958,0.009769666866650546,6,0
2025-03-11T00:00:00Z,NA,NA,NA,NA,3.5603599999999997,64.91,-0.5,0.27025209156478913,0.06491,0.00356036,2.1689318997879383e-6,NA,NA,NA,NA,0.1639386331322228,0.008992151469090135,9,0
2025-04-16T00:00:00Z,198.8300640495995,4838.078544400827,0.5483024265103864,13.34169567476008,4.10611,67.2563,-0.5,0.194673192143587,0.06725629999999999,0.0041061100000000005,9.118961960944462e-7,1.9883006404959952e-4,5.483024265103864e-7,2767.059946157259,7.630564774144277,0.07799885744404325,0.0047619611625908725,6,0
2025-04-16T00:00:00Z,198.8300640495995,4838.078544400827,0.2894906366612429,7.044097907076622,4.10611,67.2563,-0.5,0.194673192143587,0.06725629999999999,0.0041061100000000005,9.118961960944462e-7,1.9883006404959952e-4,2.894906366612429e-7,2767.059946157259,4.028756663746108,0.07799885744404325,0.0047619611625908725,6,0
2025-04-16T00:00:00Z,140.89328856700095,3449.7024517261852,0.32556669796431803,7.971339498075658,4.10611,67.2563,-0.5,0.194673192143587,0.06725629999999999,0.0041061100000000005,9.118961960944462e-7,1.4089328856700095e-4,3.25566697964318e-7,1960.7707583842632,4.530816675264039,0.07799885744404325,0.0047619611625908725,6,0
2025-04-16T00:00:00Z,140.89328856700095,3449.7024517261852,NA,NA,4.10611,67.2563,-0.5,0.194673192143587,0.06725629999999999,0.0041061100000000005,9.118961960944462e-7,1.4089328856700095e-4,NA,1960.7707583842632,NA,0.07799885744404325,0.0047619611625908725,6,0
2025-04-16T00:00:00Z,9.216034830341693,223.87096435632824,-0.01324330902856956,-0.3216993444657821,4.10611,67.2563,-0.5,0.194673192143587,0.06725629999999999,0.0041061100000000005,9.118961960944462e-7,9.216034830341693e-6,-1.324330902856956e-8,128.25686579805773,-0.18430326491468751,0.07799885744404325,0.0047619611625908725,6,0
2025-04-16T00:00:00Z,9.216034830341693,223.87096435632824,NA,NA,4.10611,67.2563,-0.5,0.194673192143587,0.06725629999999999,0.0041061100000000005,9.118961960944462e-7,9.216034830341693e-6,NA,128.25686579805773,NA,0.07799885744404325,0.0047619611625908725,6,0
2025-04-16T00:00:00Z,24.987371103762495,595.5544644880524,0.14186649639199023,3.3812770833985777,4.10611,67.2563,-0.5,0.194673192143587,0.06725629999999999,0.0041061100000000005,9.118961960944462e-7,2.4987371103762496e-5,1.4186649639199023e-7,347.741947735533,1.97431460752341,0.07799885744404325,0.0047619611625908725,6,0
2025-04-16T00:00:00Z,24.987371103762495,595.5544644880524,0.39963356084204127,9.524953638796273,4.10611,67.2563,-0.5,0.194673192143587,0.06725629999999999,0.0041061100000000005,9.118961960944462e-7,2.4987371103762496e-5,3.9963356084204126e-7,347.741947735533,5.561583579585633,0.07799885744404325,0.0047619611625908725,6,0
2025-04-16T00:00:00Z,24.987371103762495,595.5544644880524,10.323748952802411,246.05848904887551,4.10611,67.2563,-0.5,0.194673192143587,0.06725629999999999,0.0041061100000000005,9.118961960944462e-7,2.4987371103762496e-5,1.0323748952802411e-5,347.741947735533,143.67259980541175,0.07799885744404325,0.0047619611625908725,6,0
2025-04-16T00:00:00Z,272.2763325196792,6489.4936219245465,0.14186649639199023,3.3812770833985777,4.10611,67.2563,-0.5,0.194673192143587,0.06725629999999999,0.0041061100000000005,9.118961960944462e-7,2.722763325196792e-4,1.4186649639199023e-7,3789.1902193113892,1.97431460752341,0.07799885744404325,0.0047619611625908725,6,0
2025-04-16T00:00:00Z,272.2763325196792,6489.4936219245465,0.39963356084204127,9.524953638796273,4.10611,67.2563,-0.5,0.194673192143587,0.06725629999999999,0.0041061100000000005,9.118961960944462e-7,2.722763325196792e-4,3.9963356084204126e-7,3789.1902193113892,5.561583579585633,0.07799885744404325,0.0047619611625908725,6,0
2025-04-16T00:00:00Z,272.2763325196792,6489.4936219245465,10.323748952802411,246.05848904887551,4.10611,67.2563,-0.5,0.194673192143587,0.06725629999999999,0.0041061100000000005,9.118961960944462e-7,2.722763325196792e-4,1.0323748952802411e-5,3789.1902193113892,143.67259980541175,0.07799885744404325,0.0047619611625908725,6,0
2025-04-16T00:00:00Z,358.5257078628386,8751.08512546658,0.22988791133203096,5.6112257427072985,4.10611,67.2563,-0.5,0.194673192143587,0.06725629999999999,0.0041061100000000005,9.118961960944462e-7,3.585257078628386e-4,2.2988791133203095e-7,4989.4975925142935,3.1992829383886914,0.07799885744404325,0.0047619611625908725,6,0
2025-04-16T00:00:00Z,358.5257078628386,8751.08512546658,0.6497286901462127,15.858921553549068,4.10611,67.2563,-0.5,0.194673192143587,0.06725629999999999,0.0041061100000000005,9.118961960944462e-7,3.585257078628386e-4,6.497286901462127e-7,4989.4975925142935,9.042084470305872,0.07799885744404325,0.0047619611625908725,6,0
2025-04-16T00:00:00Z,358.5257078628386,8751.08512546658,NA,NA,4.10611,67.2563,-0.5,0.194673192143587,0.06725629999999999,0.0041061100000000005,9.118961960944462e-7,3.585257078628386e-4,NA,4989.4975925142935,NA,0.07799885744404325,0.0047619611625908725,6,0
2025-04-16T00:00:00Z,443.34788413814346,10821.469672051177,0.22988791133203096,5.6112257427072985,4.10611,67.2563,-0.5,0.194673192143587,0.06725629999999999,0.0041061100000000005,9.118961960944462e-7,4.4334788413814347e-4,2.2988791133203095e-7,6169.943053009327,3.1992829383886914,0.07799885744404325,0.0047619611625908725,6,0
2025-04-16T00:00:00Z,443.34788413814346,10821.469672051177,0.6497286901462127,15.858921553549068,4.10611,67.2563,-0.5,0.194673192143587,0.06725629999999999,0.0041061100000000005,9.118961960944462e-7,4.4334788413814347e-4,6.497286901462127e-7,6169.943053009327,9.042084470305872,0.07799885744404325,0.0047619611625908725,6,0
2025-04-16T00:00:00Z,443.34788413814346,10821.469672051177,NA,NA,4.10611,67.2563,-0.5,0.194673192143587,0.06725629999999999,0.0041061100000000005,9.118961960944462e-7,4.4334788413814347e-4,NA,6169.943053009327,NA,0.07799885744404325,0.0047619611625908725,6,0
2025-04-16T00:00:00Z,75.02388129538238,1787.6273165327814,NA,NA,4.10611,67.2563,-0.5,0.194673192143587,0.06725629999999999,0.0041061100000000005,9.118961960944462e-7,7.502388129538238e-5,NA,1044.0854502059772,NA,0.07799885744404325,0.0047619611625908725,6,0
2025-04-16T00:00:00Z,75.02388129538238,1787.6273165327814,NA,NA,4.10611,67.2563,-0.5,0.194673192143587,0.06725629999999999,0.0041061100000000005,9.118961960944462e-7,7.502388129538238e-5,NA,1044.0854502059772,NA,0.07799885744404325,0.0047619611625908725,6,0
2025-04-16T00:00:00Z,75.02388129538238,1787.6273165327814,NA,NA,4.10611,67.2563,-0.5,0.194673192143587,0.06725629999999999,0.0041061100000000005,9.118961960944462e-7,7.502388129538238e-5,NA,1044.0854502059772,NA,0.07799885744404325,0.0047619611625908725,6,0
2025-04-16T00:00:00Z,257.62521721039917,6268.725214368534,0.5483024265103864,13.34169567476008,4.10611,67.2563,-0.5,0.194673192143587,0.06725629999999999,0.0041061100000000005,9.118961960944462e-7,2.576252172103992e-4,5.483024265103864e-7,3585.29492544513,7.630564774144277,0.07799885744404325,0.0047619611625908725,6,0
2025-04-16T00:00:00Z,257.62521721039917,6268.725214368534,0.2894906366612429,7.044097907076622,4.10611,67.2563,-0.5,0.194673192143587,0.06725629999999999,0.0041061100000000005,9.118961960944462e-7,2.576252172103992e-4,2.894906366612429e-7,3585.29492544513,4.028756663746108,0.07799885744404325,0.0047619611625908725,6,0
2025-04-16T00:00:00Z,1631.6961745402718,38890.20327109205,0.14186649639199023,3.3812770833985777,4.10611,67.2563,-0.5,0.194673192143587,0.06725629999999999,0.0041061100000000005,9.118961960944462e-7,0.0016316961745402717,1.4186649639199023e-7,22707.839231707498,1.97431460752341,0.07799885744404325,0.0047619611625908725,6,0
2025-04-16T00:00:00Z,1631.6961745402718,38890.20327109205,0.39963356084204127,9.524953638796273,4.10611,67.2563,-0.5,0.194673192143587,0.06725629999999999,0.0041061100000000005,9.118961960944462e-7,0.0016316961745402717,3.9963356084204126e-7,22707.839231707498,5.561583579585633,0.07799885744404325,0.0047619611625908725,6,0
2025-04-16T00:00:00Z,1631.6961745402718,38890.20327109205,10.323748952802411,246.05848904887551,4.10611,67.2563,-0.5,0.194673192143587,0.06725629999999999,0.0041061100000000005,9.118961960944462e-7,0.0016316961745402717,1.0323748952802411e-5,22707.839231707498,143.67259980541175,0.07799885744404325,0.0047619611625908725,6,0
2025-04-16T00:00:00Z,NA,NA,NA,NA,4.10611,67.2563,-0.5,0.194673192143587,0.06725629999999999,0.0041061100000000005,9.118961960944462e-7,NA,NA,NA,NA,0.07799885744404325,0.0047619611625908725,6,0
2025-04-16T00:00:00Z,NA,NA,NA,NA,4.10611,67.2563,-0.5,0.194673192143587,0.06725629999999999,0.0041061100000000005,9.118961960944462e-7,NA,NA,NA,NA,0.07799885744404325,0.0047619611625908725,6,0
2025-04-16T00:00:00Z,NA,NA,NA,NA,4.10611,67.2563,-0.5,0.194673192143587,0.06725629999999999,0.0041061100000000005,9.118961960944462e-7,NA,NA,NA,NA,0.07799885744404325,0.0047619611625908725,6,0
2025-04-16T00:00:00Z,NA,NA,NA,NA,4.10611,67.2563,-0.5,0.194673192143587,0.06725629999999999,0.0041061100000000005,9.118961960944462e-7,NA,NA,NA,NA,0.07799885744404325,0.0047619611625908725,6,0
2025-04-16T00:00:00Z,NA,NA,NA,NA,4.10611,67.2563,-0.5,0.194673192143587,0.06725629999999999,0.0041061100000000005,9.118961960944462e-7,NA,NA,NA,NA,0.07799885744404325,0.0047619611625908725,6,0
2025-04-16T00:00:00Z,NA,NA,NA,NA,4.10611,67.2563,-0.5,0.194673192143587,0.06725629999999999,0.0041061100000000005,9.118961960944462e-7,NA,NA,NA,NA,0.07799885744404325,0.0047619611625908725,6,0
2025-04-16T00:00:00Z,NA,NA,0.32556669796431803,7.971339498075658,4.10611,67.2563,-0.5,0.194673192143587,0.06725629999999999,0.0041061100000000005,9.118961960944462e-7,NA,3.25566697964318e-7,NA,4.530816675264039,0.07799885744404325,0.0047619611625908725,6,0
2025-04-16T00:00:00Z,NA,NA,NA,NA,4.10611,67.2563,-0.5,0.194673192143587,0.06725629999999999,0.0041061100000000005,9.118961960944462e-7,NA,NA,NA,NA,0.07799885744404325,0.0047619611625908725,6,0
2025-04-16T00:00:00Z,NA,NA,-0.01324330902856956,-0.3216993444657821,4.10611,67.2563,-0.5,0.194673192143587,0.06725629999999999,0.0041061100000000005,9.118961960944462e-7,NA,-1.324330902856956e-8,NA,-0.18430326491468751,0.07799885744404325,0.0047619611625908725,6,0
2025-04-16T00:00:00Z,NA,NA,NA,NA,4.10611,67.2563,-0.5,0.194673192143587,0.06725629999999999,0.0041061100000000005,9.118961960944462e-7,NA,NA,NA,NA,0.07799885744404325,0.0047619611625908725,6,0
2025-04-16T00:00:00Z,NA,NA,0.22988791133203096,5.6112257427072985,4.10611,67.2563,-0.5,0.194673192143587,0.06725629999999999,0.0041061100000000005,9.118961960944462e-7,NA,2.2988791133203095e-7,NA,3.1992829383886914,0.07799885744404325,0.0047619611625908725,6,0
2025-04-16T00:00:00Z,NA,NA,0.6497286901462127,15.858921553549068,4.10611,67.2563,-0.5,0.194673192143587,0.06725629999999999,0.0041061100000000005,9.118961960944462e-7,NA,6.497286901462127e-7,NA,9.042084470305872,0.07799885744404325,0.0047619611625908725,6,0
2025-04-16T00:00:00Z,NA,NA,NA,NA,4.10611,67.2563,-0.5,0.194673192143587,0.06725629999999999,0.0041061100000000005,9.118961960944462e-7,NA,NA,NA,NA,0.07799885744404325,0.0047619611625908725,6,0
2025-04-16T00:00:00Z,198.8300640495995,4838.078544400827,0.5483024265103864,13.34169567476008,2.8825200000000004,34.25959999999999,-0.5,0.05560707009525906,0.034259599999999994,0.0028825200000000004,3.730211316583016e-6,1.9883006404959952e-4,5.483024265103864e-7,3114.82022906942,8.589563645246136,0.04472516754022609,0.0037630675763305043,5,0
2025-04-16T00:00:00Z,198.8300640495995,4838.078544400827,0.2894906366612429,7.044097907076622,2.8825200000000004,34.25959999999999,-0.5,0.05560707009525906,0.034259599999999994,0.0028825200000000004,3.730211316583016e-6,1.9883006404959952e-4,2.894906366612429e-7,3114.82022906942,4.535085252367503,0.04472516754022609,0.0037630675763305043,5,0
2025-04-16T00:00:00Z,140.89328856700095,3449.7024517261852,0.32556669796431803,7.971339498075658,2.8825200000000004,34.25959999999999,-0.5,0.05560707009525906,0.034259599999999994,0.0028825200000000004,3.730211316583016e-6,1.4089328856700095e-4,3.25566697964318e-7,2207.197726693554,5.100243474636824,0.04472516754022609,0.0037630675763305043,5,0
2025-04-16T00:00:00Z,140.89328856700095,3449.7024517261852,NA,NA,2.8825200000000004,34.25959999999999,-0.5,0.05560707009525906,0.034259599999999994,0.0028825200000000004,3.730211316583016e-6,1.4089328856700095e-4,NA,2207.197726693554,NA,0.04472516754022609,0.0037630675763305043,5,0
2025-04-16T00:00:00Z,9.216034830341693,223.87096435632824,-0.01324330902856956,-0.3216993444657821,2.8825200000000004,34.25959999999999,-0.5,0.05560707009525906,0.034259599999999994,0.0028825200000000004,3.730211316583016e-6,9.216034830341693e-6,-1.324330902856956e-8,144.37601204109495,-0.20746624540500033,0.04472516754022609,0.0037630675763305043,5,0
2025-04-16T00:00:00Z,9.216034830341693,223.87096435632824,NA,NA,2.8825200000000004,34.25959999999999,-0.5,0.05560707009525906,0.034259599999999994,0.0028825200000000004,3.730211316583016e-6,9.216034830341693e-6,NA,144.37601204109495,NA,0.04472516754022609,0.0037630675763305043,5,0
2025-04-16T00:00:00Z,24.987371103762495,595.5544644880524,0.14186649639199023,3.3812770833985777,2.8825200000000004,34.25959999999999,-0.5,0.05560707009525906,0.034259599999999994,0.0028825200000000004,3.730211316583016e-6,2.4987371103762496e-5,1.4186649639199023e-7,391.44567677576464,2.2224437481383243,0.04472516754022609,0.0037630675763305043,5,0
2025-04-16T00:00:00Z,24.987371103762495,595.5544644880524,0.39963356084204127,9.524953638796273,2.8825200000000004,34.25959999999999,-0.5,0.05560707009525906,0.034259599999999994,0.0028825200000000004,3.730211316583016e-6,2.4987371103762496e-5,3.9963356084204126e-7,391.44567677576464,6.260555743799964,0.04472516754022609,0.0037630675763305043,5,0
2025-04-16T00:00:00Z,24.987371103762495,595.5544644880524,10.323748952802411,246.05848904887551,2.8825200000000004,34.25959999999999,-0.5,0.05560707009525906,0.034259599999999994,0.0028825200000000004,3.730211316583016e-6,2.4987371103762496e-5,1.0323748952802411e-5,391.44567677576464,161.72917426612858,0.04472516754022609,0.0037630675763305043,5,0
2025-04-16T00:00:00Z,272.2763325196792,6489.4936219245465,0.14186649639199023,3.3812770833985777,2.8825200000000004,34.25959999999999,-0.5,0.05560707009525906,0.034259599999999994,0.0028825200000000004,3.730211316583016e-6,2.722763325196792e-4,1.4186649639199023e-7,4265.410427155354,2.2224437481383243,0.04472516754022609,0.0037630675763305043,5,0
2025-04-16T00:00:00Z,272.2763325196792,6489.4936219245465,0.39963356084204127,9.524953638796273,2.8825200000000004,34.25959999999999,-0.5,0.05560707009525906,0.034259599999999994,0.0028825200000000004,3.730211316583016e-6,2.722763325196792e-4,3.9963356084204126e-7,4265.410427155354,6.260555743799964,0.04472516754022609,0.0037630675763305043,5,0
2025-04-16T00:00:00Z,272.2763325196792,6489.4936219245465,10.323748952802411,246.05848904887551,2.8825200000000004,34.25959999999999,-0.5,0.05560707009525906,0.034259599999999994,0.0028825200000000004,3.730211316583016e-6,2.722763325196792e-4,1.0323748952802411e-5,4265.410427155354,161.72917426612858,0.04472516754022609,0.0037630675763305043,5,0
2025-04-16T00:00:00Z,358.5257078628386,8751.08512546658,0.22988791133203096,5.6112257427072985,2.8825200000000004,34.25959999999999,-0.5,0.05560707009525906,0.034259599999999994,0.0028825200000000004,3.730211316583016e-6,3.585257078628386e-4,2.2988791133203095e-7,5616.570777817703,3.601364411656083,0.04472516754022609,0.0037630675763305043,5,0
2025-04-16T00:00:00Z,358.5257078628386,8751.08512546658,0.6497286901462127,15.858921553549068,2.8825200000000004,34.25959999999999,-0.5,0.05560707009525906,0.034259599999999994,0.0028825200000000004,3.730211316583016e-6,3.585257078628386e-4,6.497286901462127e-7,5616.570777817703,10.178481192710134,0.04472516754022609,0.0037630675763305043,5,0
2025-04-16T00:00:00Z,358.5257078628386,8751.08512546658,NA,NA,2.8825200000000004,34.25959999999999,-0.5,0.05560707009525906,0.034259599999999994,0.0028825200000000004,3.730211316583016e-6,3.585257078628386e-4,NA,5616.570777817703,NA,0.04472516754022609,0.0037630675763305043,5,0
2025-04-16T00:00:00Z,443.34788413814346,10821.469672051177,0.22988791133203096,5.6112257427072985,2.8825200000000004,34.25959999999999,-0.5,0.05560707009525906,0.034259599999999994,0.0028825200000000004,3.730211316583016e-6,4.4334788413814347e-4,2.2988791133203095e-7,6945.372997939223,3.601364411656083,0.04472516754022609,0.0037630675763305043,5,0
2025-04-16T00:00:00Z,443.34788413814346,10821.469672051177,0.6497286901462127,15.858921553549068,2.8825200000000004,34.25959999999999,-0.5,0.05560707009525906,0.034259599999999994,0.0028825200000000004,3.730211316583016e-6,4.4334788413814347e-4,6.497286901462127e-7,6945.372997939223,10.178481192710134,0.04472516754022609,0.0037630675763305043,5,0
2025-04-16T00:00:00Z,443.34788413814346,10821.469672051177,NA,NA,2.8825200000000004,34.25959999999999,-0.5,0.05560707009525906,0.034259599999999994,0.0028825200000000004,3.730211316583016e-6,4.4334788413814347e-4,NA,6945.372997939223,NA,0.04472516754022609,0.0037630675763305043,5,0
2025-04-16T00:00:00Z,75.02388129538238,1787.6273165327814,NA,NA,2.8825200000000004,34.25959999999999,-0.5,0.05560707009525906,0.034259599999999994,0.0028825200000000004,3.730211316583016e-6,7.502388129538238e-5,NA,1175.3046715504017,NA,0.04472516754022609,0.0037630675763305043,5,0
2025-04-16T00:00:00Z,75.02388129538238,1787.6273165327814,NA,NA,2.8825200000000004,34.25959999999999,-0.5,0.05560707009525906,0.034259599999999994,0.0028825200000000004,3.730211316583016e-6,7.502388129538238e-5,NA,1175.3046715504017,NA,0.04472516754022609,0.0037630675763305043,5,0
2025-04-16T00:00:00Z,75.02388129538238,1787.6273165327814,NA,NA,2.8825200000000004,34.25959999999999,-0.5,0.05560707009525906,0.034259599999999994,0.0028825200000000004,3.730211316583016e-6,7.502388129538238e-5,NA,1175.3046715504017,NA,0.04472516754022609,0.0037630675763305043,5,0
2025-04-16T00:00:00Z,257.62521721039917,6268.725214368534,0.5483024265103864,13.34169567476008,2.8825200000000004,34.25959999999999,-0.5,0.05560707009525906,0.034259599999999994,0.0028825200000000004,3.730211316583016e-6,2.576252172103992e-4,5.483024265103864e-7,4035.8898535845988,8.589563645246136,0.04472516754022609,0.0037630675763305043,5,0
2025-04-16T00:00:00Z,257.62521721039917,6268.725214368534,0.2894906366612429,7.044097907076622,2.8825200000000004,34.25959999999999,-0.5,0.05560707009525906,0.034259599999999994,0.0028825200000000004,3.730211316583016e-6,2.576252172103992e-4,2.894906366612429e-7,4035.8898535845988,4.535085252367503,0.04472516754022609,0.0037630675763305043,5,0
2025-04-16T00:00:00Z,1631.6961745402718,38890.20327109205,0.14186649639199023,3.3812770833985777,2.8825200000000004,34.25959999999999,-0.5,0.05560707009525906,0.034259599999999994,0.0028825200000000004,3.730211316583016e-6,0.0016316961745402717,1.4186649639199023e-7,25561.7291904376,2.2224437481383243,0.04472516754022609,0.0037630675763305043,5,0
2025-04-16T00:00:00Z,1631.6961745402718,38890.20327109205,0.39963356084204127,9.524953638796273,2.8825200000000004,34.25959999999999,-0.5,0.05560707009525906,0.034259599999999994,0.0028825200000000004,3.730211316583016e-6,0.0016316961745402717,3.9963356084204126e-7,25561.7291904376,6.260555743799964,0.04472516754022609,0.0037630675763305043,5,0
2025-04-16T00:00:00Z,1631.6961745402718,38890.20327109205,10.323748952802411,246.05848904887551,2.8825200000000004,34.25959999999999,-0.5,0.05560707009525906,0.034259599999999994,0.0028825200000000004,3.730211316583016e-6,0.0016316961745402717,1.0323748952802411e-5,25561.7291904376,161.72917426612858,0.04472516754022609,0.0037630675763305043,5,0
2025-04-16T00:00:00Z,NA,NA,NA,NA,2.8825200000000004,34.25959999999999,-0.5,0.05560707009525906,0.034259599999999994,0.0028825200000000004,3.730211316583016e-6,NA,NA,NA,NA,0.04472516754022609,0.0037630675763305043,5,0
2025-04-16T00:00:00Z,NA,NA,NA,NA,2.8825200000000004,34.25959999999999,-0.5,0.05560707009525906,0.034259599999999994,0.0028825200000000004,3.730211316583016e-6,NA,NA,NA,NA,0.04472516754022609,0.0037630675763305043,5,0
2025-04-16T00:00:00Z,NA,NA,NA,NA,2.8825200000000004,34.25959999999999,-0.5,0.05560707009525906,0.034259599999999994,0.0028825200000000004,3.730211316583016e-6,NA,NA,NA,NA,0.04472516754022609,0.0037630675763305043,5,0
2025-04-16T00:00:00Z,NA,NA,NA,NA,2.8825200000000004,34.25959999999999,-0.5,0.05560707009525906,0.034259599999999994,0.0028825200000000004,3.730211316583016e-6,NA,NA,NA,NA,0.04472516754022609,0.0037630675763305043,5,0
2025-04-16T00:00:00Z,NA,NA,NA,NA,2.8825200000000004,34.25959999999999,-0.5,0.05560707009525906,0.034259599999999994,0.0028825200000000004,3.730211316583016e-6,NA,NA,NA,NA,0.04472516754022609,0.0037630675763305043,5,0
2025-04-16T00:00:00Z,NA,NA,NA,NA,2.8825200000000004,34.25959999999999,-0.5,0.05560707009525906,0.034259599999999994,0.0028825200000000004,3.730211316583016e-6,NA,NA,NA,NA,0.04472516754022609,0.0037630675763305043,5,0
2025-04-16T00:00:00Z,NA,NA,0.32556669796431803,7.971339498075658,2.8825200000000004,34.25959999999999,-0.5,0.05560707009525906,0.034259599999999994,0.0028825200000000004,3.730211316583016e-6,NA,3.25566697964318e-7,NA,5.100243474636824,0.04472516754022609,0.0037630675763305043,5,0
2025-04-16T00:00:00Z,NA,NA,NA,NA,2.8825200000000004,34.25959999999999,-0.5,0.05560707009525906,0.034259599999999994,0.0028825200000000004,3.730211316583016e-6,NA,NA,NA,NA,0.04472516754022609,0.0037630675763305043,5,0
2025-04-16T00:00:00Z,NA,NA,-0.01324330902856956,-0.3216993444657821,2.8825200000000004,34.25959999999999,-0.5,0.05560707009525906,0.034259599999999994,0.0028825200000000004,3.730211316583016e-6,NA,-1.324330902856956e-8,NA,-0.20746624540500033,0.04472516754022609,0.0037630675763305043,5,0
2025-04-16T00:00:00Z,NA,NA,NA,NA,2.8825200000000004,34.25959999999999,-0.5,0.05560707009525906,0.034259599999999994,0.0028825200000000004,3.730211316583016e-6,NA,NA,NA,NA,0.04472516754022609,0.0037630675763305043,5,0
2025-04-16T00:00:00Z,NA,NA,0.22988791133203096,5.6112257427072985,2.8825200000000004,34.25959999999999,-0.5,0.05560707009525906,0.034259599999999994,0.0028825200000000004,3.730211316583016e-6,NA,2.2988791133203095e-7,NA,3.601364411656083,0.04472516754022609,0.0037630675763305043,5,0
2025-04-16T00:00:00Z,NA,NA,0.6497286901462127,15.858921553549068,2.8825200000000004,34.25959999999999,-0.5,0.05560707009525906,0.034259599999999994,0.0028825200000000004,3.730211316583016e-6,NA,6.497286901462127e-7,NA,10.178481192710134,0.04472516754022609,0.0037630675763305043,5,0
2025-04-16T00:00:00Z,NA,NA,NA,NA,2.8825200000000004,34.25959999999999,-0.5,0.05560707009525906,0.034259599999999994,0.0028825200000000004,3.730211316583016e-6,NA,NA,NA,NA,0.04472516754022609,0.0037630675763305043,5,0
2025-04-16T00:00:00Z,198.8300640495995,4838.078544400827,0.5483024265103864,13.34169567476008,1.92866,93.0062,-0.5,0.06530324780929282,0.09300620000000001,0.00192866,5.61788177490212e-7,1.9883006404959952e-4,5.483024265103864e-7,1683.174401437074,4.641594886364338,0.06561116053350187,0.0013605718852565064,9,0
2025-04-16T00:00:00Z,198.8300640495995,4838.078544400827,0.2894906366612429,7.044097907076622,1.92866,93.0062,-0.5,0.06530324780929282,0.09300620000000001,0.00192866,5.61788177490212e-7,1.9883006404959952e-4,2.894906366612429e-7,1683.174401437074,2.4506516728897387,0.06561116053350187,0.0013605718852565064,9,0
2025-04-16T00:00:00Z,140.89328856700095,3449.7024517261852,0.32556669796431803,7.971339498075658,1.92866,93.0062,-0.5,0.06530324780929282,0.09300620000000001,0.00192866,5.61788177490212e-7,1.4089328856700095e-4,3.25566697964318e-7,1192.7168951225835,2.7560496678069613,0.06561116053350187,0.0013605718852565064,9,0
2025-04-16T00:00:00Z,140.89328856700095,3449.7024517261852,NA,NA,1.92866,93.0062,-0.5,0.06530324780929282,0.09300620000000001,0.00192866,5.61788177490212e-7,1.4089328856700095e-4,NA,1192.7168951225835,NA,0.06561116053350187,0.0013605718852565064,9,0
2025-04-16T00:00:00Z,9.216034830341693,223.87096435632824,-0.01324330902856956,-0.3216993444657821,1.92866,93.0062,-0.5,0.06530324780929282,0.09300620000000001,0.00192866,5.61788177490212e-7,9.216034830341693e-6,-1.324330902856956e-8,78.01734603532582,-0.11210980016406458,0.06561116053350187,0.0013605718852565064,9,0
2025-04-16T00:00:00Z,9.216034830341693,223.87096435632824,NA,NA,1.92866,93.0062,-0.5,0.06530324780929282,0.09300620000000001,0.00192866,5.61788177490212e-7,9.216034830341693e-6,NA,78.01734603532582,NA,0.06561116053350187,0.0013605718852565064,9,0
2025-04-16T00:00:00Z,24.987371103762495,595.5544644880524,0.14186649639199023,3.3812770833985777,1.92866,93.0062,-0.5,0.06530324780929282,0.09300620000000001,0.00192866,5.61788177490212e-7,2.4987371103762496e-5,1.4186649639199023e-7,211.5278874052457,1.2009554807013298,0.06561116053350187,0.0013605718852565064,9,0
2025-04-16T00:00:00Z,24.987371103762495,595.5544644880524,0.39963356084204127,9.524953638796273,1.92866,93.0062,-0.5,0.06530324780929282,0.09300620000000001,0.00192866,5.61788177490212e-7,2.4987371103762496e-5,3.9963356084204126e-7,211.5278874052457,3.383054684309066,0.06561116053350187,0.0013605718852565064,9,0
2025-04-16T00:00:00Z,24.987371103762495,595.5544644880524,10.323748952802411,246.05848904887551,1.92866,93.0062,-0.5,0.06530324780929282,0.09300620000000001,0.00192866,5.61788177490212e-7,2.4987371103762496e-5,1.0323748952802411e-5,211.5278874052457,87.39458012690216,0.06561116053350187,0.0013605718852565064,9,0
2025-04-16T00:00:00Z,272.2763325196792,6489.4936219245465,0.14186649639199023,3.3812770833985777,1.92866,93.0062,-0.5,0.06530324780929282,0.09300620000000001,0.00192866,5.61788177490212e-7,2.722763325196792e-4,1.4186649639199023e-7,2304.9258431057465,1.2009554807013298,0.06561116053350187,0.0013605718852565064,9,0
2025-04-16T00:00:00Z,272.2763325196792,6489.4936219245465,0.39963356084204127,9.524953638796273,1.92866,93.0062,-0.5,0.06530324780929282,0.09300620000000001,0.00192866,5.61788177490212e-7,2.722763325196792e-4,3.9963356084204126e-7,2304.9258431057465,3.383054684309066,0.06561116053350187,0.0013605718852565064,9,0
2025-04-16T00:00:00Z,272.2763325196792,6489.4936219245465,10.323748952802411,246.05848904887551,1.92866,93.0062,-0.5,0.06530324780929282,0.09300620000000001,0.00192866,5.61788177490212e-7,2.722763325196792e-4,1.0323748952802411e-5,2304.9258431057465,87.39458012690216,0.06561116053350187,0.0013605718852565064,9,0
2025-04-16T00:00:00Z,358.5257078628386,8751.08512546658,0.22988791133203096,5.6112257427072985,1.92866,93.0062,-0.5,0.06530324780929282,0.09300620000000001,0.00192866,5.61788177490212e-7,3.585257078628386e-4,2.2988791133203095e-7,3035.060601204147,1.9460912483405184,0.06561116053350187,0.0013605718852565064,9,0
2025-04-16T00:00:00Z,358.5257078628386,8751.08512546658,0.6497286901462127,15.858921553549068,1.92866,93.0062,-0.5,0.06530324780929282,0.09300620000000001,0.00192866,5.61788177490212e-7,3.585257078628386e-4,6.497286901462127e-7,3035.060601204147,5.50020795074802,0.06561116053350187,0.0013605718852565064,9,0
2025-04-16T00:00:00Z,358.5257078628386,8751.08512546658,NA,NA,1.92866,93.0062,-0.5,0.06530324780929282,0.09300620000000001,0.00192866,5.61788177490212e-7,3.585257078628386e-4,NA,3035.060601204147,NA,0.06561116053350187,0.0013605718852565064,9,0
2025-04-16T00:00:00Z,443.34788413814346,10821.469672051177,0.22988791133203096,5.6112257427072985,1.92866,93.0062,-0.5,0.06530324780929282,0.09300620000000001,0.00192866,5.61788177490212e-7,4.4334788413814347e-4,2.2988791133203095e-7,3753.113559961738,1.9460912483405184,0.06561116053350187,0.0013605718852565064,9,0
2025-04-16T00:00:00Z,443.34788413814346,10821.469672051177,0.6497286901462127,15.858921553549068,1.92866,93.0062,-0.5,0.06530324780929282,0.09300620000000001,0.00192866,5.61788177490212e-7,4.4334788413814347e-4,6.497286901462127e-7,3753.113559961738,5.50020795074802,0.06561116053350187,0.0013605718852565064,9,0
2025-04-16T00:00:00Z,443.34788413814346,10821.469672051177,NA,NA,1.92866,93.0062,-0.5,0.06530324780929282,0.09300620000000001,0.00192866,5.61788177490212e-7,4.4334788413814347e-4,NA,3753.113559961738,NA,0.06561116053350187,0.0013605718852565064,9,0
2025-04-16T00:00:00Z,75.02388129538238,1787.6273165327814,NA,NA,1.92866,93.0062,-0.5,0.06530324780929282,0.09300620000000001,0.00192866,5.61788177490212e-7,7.502388129538238e-5,NA,635.1065524041693,NA,0.06561116053350187,0.0013605718852565064,9,0
2025-04-16T00:00:00Z,75.02388129538238,1787.6273165327814,NA,NA,1.92866,93.0062,-0.5,0.06530324780929282,0.09300620000000001,0.00192866,5.61788177490212e-7,7.502388129538238e-5,NA,635.1065524041693,NA,0.06561116053350187,0.0013605718852565064,9,0
2025-04-16T00:00:00Z,75.02388129538238,1787.6273165327814,NA,NA,1.92866,93.0062,-0.5,0.06530324780929282,0.09300620000000001,0.00192866,5.61788177490212e-7,7.502388129538238e-5,NA,635.1065524041693,NA,0.06561116053350187,0.0013605718852565064,9,0
2025-04-16T00:00:00Z,257.62521721039917,6268.725214368534,0.5483024265103864,13.34169567476008,1.92866,93.0062,-0.5,0.06530324780929282,0.09300620000000001,0.00192866,5.61788177490212e-7,2.576252172103992e-4,5.483024265103864e-7,2180.8984111428854,4.641594886364338,0.06561116053350187,0.0013605718852565064,9,0
2025-04-16T00:00:00Z,257.62521721039917,6268.725214368534,0.2894906366612429,7.044097907076622,1.92866,93.0062,-0.5,0.06530324780929282,0.09300620000000001,0.00192866,5.61788177490212e-7,2.576252172103992e-4,2.894906366612429e-7,2180.8984111428854,2.4506516728897387,0.06561116053350187,0.0013605718852565064,9,0
2025-04-16T00:00:00Z,1631.6961745402718,38890.20327109205,0.14186649639199023,3.3812770833985777,1.92866,93.0062,-0.5,0.06530324780929282,0.09300620000000001,0.00192866,5.61788177490212e-7,0.0016316961745402717,1.4186649639199023e-7,13812.947478726706,1.2009554807013298,0.06561116053350187,0.0013605718852565064,9,0
2025-04-16T00:00:00Z,1631.6961745402718,38890.20327109205,0.39963356084204127,9.524953638796273,1.92866,93.0062,-0.5,0.06530324780929282,0.09300620000000001,0.00192866,5.61788177490212e-7,0.0016316961745402717,3.9963356084204126e-7,13812.947478726706,3.383054684309066,0.06561116053350187,0.0013605718852565064,9,0
2025-04-16T00:00:00Z,1631.6961745402718,38890.20327109205,10.323748952802411,246.05848904887551,1.92866,93.0062,-0.5,0.06530324780929282,0.09300620000000001,0.00192866,5.61788177490212e-7,0.0016316961745402717,1.0323748952802411e-5,13812.947478726706,87.39458012690216,0.06561116053350187,0.0013605718852565064,9,0
2025-04-16T00:00:00Z,NA,NA,NA,NA,1.92866,93.0062,-0.5,0.06530324780929282,0.09300620000000001,0.00192866,5.61788177490212e-7,NA,NA,NA,NA,0.06561116053350187,0.0013605718852565064,9,0
2025-04-16T00:00:00Z,NA,NA,NA,NA,1.92866,93.0062,-0.5,0.06530324780929282,0.09300620000000001,0.00192866,5.61788177490212e-7,NA,NA,NA,NA,0.06561116053350187,0.0013605718852565064,9,0
2025-04-16T00:00:00Z,NA,NA,NA,NA,1.92866,93.0062,-0.5,0.06530324780929282,0.09300620000000001,0.00192866,5.61788177490212e-7,NA,NA,NA,NA,0.06561116053350187,0.0013605718852565064,9,0
2025-04-16T00:00:00Z,NA,NA,NA,NA,1.92866,93.0062,-0.5,0.06530324780929282,0.09300620000000001,0.00192866,5.61788177490212e-7,NA,NA,NA,NA,0.06561116053350187,0.0013605718852565064,9,0
2025-04-16T00:00:00Z,NA,NA,NA,NA,1.92866,93.0062,-0.5,0.06530324780929282,0.09300620000000001,0.00192866,5.61788177490212e-7,NA,NA,NA,NA,0.06561116053350187,0.0013605718852565064,9,0
2025-04-16T00:00:00Z,NA,NA,NA,NA,1.92866,93.0062,-0.5,0.06530324780929282,0.09300620000000001,0.00192866,5.61788177490212e-7,NA,NA,NA,NA,0.06561116053350187,0.0013605718852565064,9,0
2025-04-16T00:00:00Z,NA,NA,0.32556669796431803,7.971339498075658,1.92866,93.0062,-0.5,0.06530324780929282,0.09300620000000001,0.00192866,5.61788177490212e-7,NA,3.25566697964318e-7,NA,2.7560496678069613,0.06561116053350187,0.0013605718852565064,9,0
2025-04-16T00:00:00Z,NA,NA,NA,NA,1.92866,93.0062,-0.5,0.06530324780929282,0.09300620000000001,0.00192866,5.61788177490212e-7,NA,NA,NA,NA,0.06561116053350187,0.0013605718852565064,9,0
2025-04-16T00:00:00Z,NA,NA,-0.01324330902856956,-0.3216993444657821,1.92866,93.0062,-0.5,0.06530324780929282,0.09300620000000001,0.00192866,5.61788177490212e-7,NA,-1.324330902856956e-8,NA,-0.11210980016406458,0.06561116053350187,0.0013605718852565064,9,0
2025-04-16T00:00:00Z,NA,NA,NA,NA,1.92866,93.0062,-0.5,0.06530324780929282,0.09300620000000001,0.00192866,5.61788177490212e-7,NA,NA,NA,NA,0.06561116053350187,0.0013605718852565064,9,0
2025-04-16T00:00:00Z,NA,NA,0.22988791133203096,5.6112257427072985,1.92866,93.0062,-0.5,0.06530324780929282,0.09300620000000001,0.00192866,5.61788177490212e-7,NA,2.2988791133203095e-7,NA,1.9460912483405184,0.06561116053350187,0.0013605718852565064,9,0
2025-04-16T00:00:00Z,NA,NA,0.6497286901462127,15.858921553549068,1.92866,93.0062,-0.5,0.06530324780929282,0.09300620000000001,0.00192866,5.61788177490212e-7,NA,6.497286901462127e-7,NA,5.50020795074802,0.06561116053350187,0.0013605718852565064,9,0
2025-04-16T00:00:00Z,NA,NA,NA,NA,1.92866,93.0062,-0.5,0.06530324780929282,0.09300620000000001,0.00192866,5.61788177490212e-7,NA,NA,NA,NA,0.06561116053350187,0.0013605718852565064,9,0
2024-11-01T00:00:00Z,440.2230822481684,11702.130443458536,8.957951907139126,238.1227290223634,17.373199999999997,54.91305,1.2192,6.217999999999999,0.05491305,0.0173732,3.878916574355414e-6,4.402230822481684e-4,8.957951907139126e-6,3.654312186382496e-7,7.436037349998139e-9,0.0037986314192801933,0.0012017978126044474,5,3
2024-11-01T00:00:00Z,635.3570673884975,17361.657363216058,1.451065923969555,39.6515765330952,9.6698,69.94772,0.3048,4.515000000000002,0.06994772,0.009669800000000001,3.878916574355414e-6,6.353570673884975e-4,1.451065923969555e-6,5.27412843098754e-7,1.204536541365871e-9,0.004838660516926551,6.689121456221356e-4,5,4
2024-11-01T00:00:00Z,379.3423571428954,10365.843658810803,1.451065923969555,39.6515765330952,9.6698,69.94772,0.3048,4.515000000000002,0.06994772,0.009669800000000001,3.878916574355414e-6,3.793423571428954e-4,1.451065923969555e-6,3.1489384687395304e-7,1.204536541365871e-9,0.004838660516926551,6.689121456221356e-4,5,4
2024-11-01T00:00:00Z,839.8985442863132,22699.558674352415,5.205617496843549,140.68987333017014,11.290399999999998,72.42859,4.8768,NA,0.07242859,0.011290399999999999,3.878916574355414e-6,8.398985442863131e-4,5.205617496843549e-6,6.97203670020227e-7,4.321207184142484e-9,0.005010275656299608,7.810177758518439e-4,5,5
2024-11-01T00:00:00Z,1786.7471968438815,48289.6096283344,5.205617496843549,140.68987333017014,11.290399999999998,72.42859,4.8768,NA,0.07242859,0.011290399999999999,3.878916574355414e-6,0.0017867471968438815,5.205617496843549e-6,1.4831871200544089e-6,4.321207184142484e-9,0.005010275656299608,7.810177758518439e-4,5,5
2024-11-01T00:00:00Z,197.37241069283985,5032.14810115106,8.43284638126117,215.00133557572968,6.5692,52.61152,12.192,NA,0.05261152,0.006569200000000001,3.878916574355414e-6,1.9737241069283984e-4,8.43284638126117e-6,1.6383975187469547e-7,7.000144821929642e-9,0.0036394221935967547,4.5442694440639246e-4,5,7
2024-11-01T00:00:00Z,252.8630498417207,6446.920882435378,8.43284638126117,215.00133557572968,6.5692,52.61152,12.192,NA,0.05261152,0.006569200000000001,3.878916574355414e-6,2.528630498417207e-4,8.43284638126117e-6,2.0990278833256003e-7,7.000144821929642e-9,0.0036394221935967547,4.5442694440639246e-4,5,7
2024-11-01T00:00:00Z,1486.3330167336237,39839.24903009,13.093040418547698,350.9421454835638,8.552399999999999,33.90038,0.3048,2.9549999999999965,0.03390038,0.008552399999999998,2.0441844521530967e-6,0.0014863330167336237,1.3093040418547698e-5,8.125128717886668e-6,7.157389192832444e-8,0.01544320530147133,0.003896017360876291,6,1
2024-11-01T00:00:00Z,1602.5028662059858,42953.03275877841,13.093040418547698,350.9421454835638,8.552399999999999,33.90038,0.3048,2.9549999999999965,0.03390038,0.008552399999999998,2.0441844521530967e-6,0.0016025028662059859,1.3093040418547698e-5,8.760178178185123e-6,7.157389192832444e-8,0.01544320530147133,0.003896017360876291,6,1
2024-11-01T00:00:00Z,1363.9204118931616,36558.13625539129,5.254946144061848,140.8520874635935,8.5598,30.16413,2.4384,11.127,0.03016413,0.0085598,2.0441844521530967e-6,0.0013639204118931615,5.254946144061848e-6,7.455952860375051e-6,2.872647875366197e-8,0.013741169046785625,0.003899388406251915,6,2
2024-11-01T00:00:00Z,1229.215006174223,32947.530729094295,5.254946144061848,140.8520874635935,8.5598,30.16413,2.4384,11.127,0.03016413,0.0085598,2.0441844521530967e-6,0.0012292150061742229,5.254946144061848e-6,6.7195776684501615e-6,2.872647875366197e-8,0.013741169046785625,0.003899388406251915,6,2
2024-11-01T00:00:00Z,300.02702638994913,8175.968797911517,17.402469380048945,474.2307663742429,5.1299,48.75571,7.9248,1.2069999999999985,0.04875571,0.0051299,2.0441844521530967e-6,3.000270263899491e-4,1.7402469380048945e-5,1.64011576195781e-6,9.513164420764524e-8,0.022210501450101703,0.002336908874650307,6,3
2024-11-01T00:00:00Z,1058.7771551159844,28457.642264065096,18.969740405667363,509.86563480161834,15.785899999999998,33.63137,1.524,-0.6940000000000035,0.033631369999999994,0.0157859,2.0441844521530967e-6,0.0010587771551159844,1.8969740405667363e-5,5.787868917680771e-6,1.0369922541293183e-7,0.015320658691133958,0.007191214215548507,6,4
2024-11-01T00:00:00Z,1052.5567086452838,28290.450103249565,18.969740405667363,509.86563480161834,15.785899999999998,33.63137,1.524,-0.6940000000000035,0.033631369999999994,0.0157859,2.0441844521530967e-6,0.0010525567086452838,1.8969740405667363e-5,5.753864473395306e-6,1.0369922541293183e-7,0.015320658691133958,0.007191214215548507,6,4
2024-11-01T00:00:00Z,467.04587338374034,12938.77282828235,4.533041132947821,125.58078934631992,4.2604,20.946053999999997,7.62,-2.005000000000003,0.020946053999999995,0.0042604,2.0441844521530967e-6,4.6704587338374035e-4,4.533041132947821e-6,2.5531343216341834e-6,2.478014164659891e-8,0.009541905199225044,0.0019408110430145168,6,5
2024-11-01T00:00:00Z,515.2217052468027,14273.40863134304,4.533041132947821,125.58078934631992,4.2604,20.946053999999997,7.62,-2.005000000000003,0.020946053999999995,0.0042604,2.0441844521530967e-6,5.152217052468026e-4,4.533041132947821e-6,2.8164904003673785e-6,2.478014164659891e-8,0.009541905199225044,0.0019408110430145168,6,5
2024-11-01T00:00:00Z,1239.2104905866956,33123.78447767251,0.03849036970853985,1.0288378934623073,9.1259,120.43193,0.3048,0.29300000000000004,0.12043192999999999,0.0091259,1.8305041552332039e-6,0.0012392104905866955,3.849036970853985e-8,1.111683158508965e-6,3.452932015569782e-11,0.00900318854522884,6.822293584841152e-4,9,1
2024-11-01T00:00:00Z,1568.8794519491664,41935.75283018273,0.03849036970853985,1.0288378934623073,9.1259,120.43193,0.3048,0.29300000000000004,0.12043192999999999,0.0091259,1.8305041552332039e-6,0.0015688794519491665,3.849036970853985e-8,1.4074258390412214e-6,3.452932015569782e-11,0.00900318854522884,6.822293584841152e-4,9,1
2024-11-01T00:00:00Z,1519.5789999054628,42677.30229614679,11.017129831919403,309.41555542816303,16.6332,109.67153,1.524,3.9859999999999998,0.10967153,0.016633199999999997,1.8305041552332039e-6,0.0015195789999054628,1.1017129831919404e-5,1.3631989036979637e-6,9.883355396267654e-9,0.008198768072833517,0.0012434562471140363,9,2
2024-11-01T00:00:00Z,1937.2894431536952,54408.679776272096,11.017129831919403,309.41555542816303,16.6332,109.67153,1.524,3.9859999999999998,0.10967153,0.016633199999999997,1.8305041552332039e-6,0.0019372894431536952,1.1017129831919404e-5,1.7379227043918445e-6,9.883355396267654e-9,0.008198768072833517,0.0012434562471140363,9,2
2024-11-01T00:00:00Z,810.5397127798876,22951.043829118735,12.966375187101542,367.15270150468257,14.183799999999998,91.55819,4.2672,0.9939999999999992,0.09155819,0.014183799999999998,1.8305041552332039e-6,8.105397127798876e-4,1.2966375187101543e-5,7.271269528823087e-7,1.1632003628039714e-8,0.006844660277634725,0.0010603452563437022,9,3
2024-11-01T00:00:00Z,1100.7796280015382,31169.40612547765,12.966375187101542,367.15270150468257,14.183799999999998,91.55819,4.2672,0.9939999999999992,0.09155819,0.014183799999999998,1.8305041552332039e-6,0.0011007796280015382,1.2966375187101543e-5,9.87498236154951e-7,1.1632003628039714e-8,0.006844660277634725,0.0010603452563437022,9,3
2024-11-01T00:00:00Z,1024.5671384035954,28384.02436806319,2.357193435722434,65.3023441919415,12.5151,70.18684,0.3,1.261000000000002,0.07018684,0.0125151,1.8305041552332039e-6,0.0010245671384035955,2.3571934357224336e-6,9.191287849619092e-7,2.1146143159261663e-9,0.0052469918394051265,9.355974363475986e-4,9,4
2024-11-01T00:00:00Z,833.7234402705254,23096.99926716001,2.357193435722434,65.3023441919415,12.5151,70.18684,0.3,1.261000000000002,0.07018684,0.0125151,1.8305041552332039e-6,8.337234402705254e-4,2.3571934357224336e-6,7.479248396001666e-7,2.1146143159261663e-9,0.0052469918394051265,9.355974363475986e-4,9,4
2024-12-09T00:00:00Z,1025.8167959401662,24165.83124251481,5.704018997798442,134.37327313261858,26.4234,30.844099999999997,2.1336,4.332999999999998,0.030844099999999996,0.0264234,3.592722505994083e-6,0.0010258167959401661,5.704018997798441e-6,7.601151141372351e-7,4.2265939383248444e-9,0.0019045852603138537,0.0016316124693985913,5,2
2024-12-09T00:00:00Z,1017.9757716183896,23981.115149662342,5.704018997798442,134.37327313261858,26.4234,30.844099999999997,2.1336,4.332999999999998,0.030844099999999996,0.0264234,3.592722505994083e-6,0.0010179757716183896,5.704018997798441e-6,7.543050307764559e-7,4.2265939383248444e-9,0.0019045852603138537,0.0016316124693985913,5,2
2024-12-09T00:00:00Z,2998.572521247627,68253.94699724858,-0.29470396891089995,-6.708094912293188,39.477,39.635299999999994,1.2192,7.452999999999999,0.03963529999999999,0.039477,3.592722505994083e-6,0.002998572521247627,-2.947039689108999e-7,2.221898006795613e-6,-2.1837129383332003e-10,0.002447431053852039,0.0024376562234401395,5,3
2024-12-09T00:00:00Z,2855.949519393516,65007.54133583452,-0.29470396891089995,-6.708094912293188,39.477,39.635299999999994,1.2192,7.452999999999999,0.03963529999999999,0.039477,3.592722505994083e-6,0.002855949519393516,-2.947039689108999e-7,2.1162164662301024e-6,-2.1837129383332003e-10,0.002447431053852039,0.0024376562234401395,5,3
2024-12-09T00:00:00Z,1791.232640730054,42801.96447461907,6.069931257128015,145.04256796319,21.3026,56.4158,0.3048,5.615000000000003,0.056415799999999995,0.0213026,3.592722505994083e-6,0.001791232640730054,6.069931257128015e-6,1.3272769646036118e-6,4.4977295249766505e-9,0.003483606301652968,0.0013154093640716346,5,4
2024-12-09T00:00:00Z,1726.7916573015984,41262.1306078746,6.069931257128015,145.04256796319,21.3026,56.4158,0.3048,5.615000000000003,0.056415799999999995,0.0213026,3.592722505994083e-6,0.0017267916573015984,6.069931257128015e-6,1.2795271464414482e-6,4.4977295249766505e-9,0.003483606301652968,0.0013154093640716346,5,4
2024-12-09T00:00:00Z,3204.9958894117385,77239.0376714347,2.5322954247251084,61.02724260948875,29.908800000000003,41.77369999999999,4.8768,3.944000000000001,0.04177369999999999,0.029908800000000003,3.592722505994083e-6,0.0032049958894117387,2.5322954247251083e-6,2.3748546776881496e-6,1.8763935562490016e-9,0.002579474625253219,0.0018468316350185286,5,5
2024-12-09T00:00:00Z,3352.566333940834,80795.42261465071,2.5322954247251084,61.02724260948875,29.908800000000003,41.77369999999999,4.8768,3.944000000000001,0.04177369999999999,0.029908800000000003,3.592722505994083e-6,0.0033525663339408337,2.5322954247251083e-6,2.484202200296912e-6,1.8763935562490016e-9,0.002579474625253219,0.0018468316350185286,5,5
2024-12-09T00:00:00Z,1670.2908374832978,41058.18896267954,27.577223784909513,677.8884490158365,32.299,60.395599999999995,7.62,4.518,0.060395599999999994,0.032299,3.592722505994083e-6,0.0016702908374832978,2.7577223784909515e-5,1.237660872390365e-6,2.0434316037536627e-8,0.0037293540595384977,0.0019944235468980186,5,6
2024-12-09T00:00:00Z,2253.1234570163165,55385.06622823209,27.577223784909513,677.8884490158365,32.299,60.395599999999995,7.62,4.518,0.060395599999999994,0.032299,3.592722505994083e-6,0.0022531234570163164,2.7577223784909515e-5,1.669531246196454e-6,2.0434316037536627e-8,0.0037293540595384977,0.0019944235468980186,5,6
2024-12-09T00:00:00Z,2374.2329660293803,55772.0684742679,11.844661076903064,278.2377542926252,37.0979,12.822139999999996,12.192,NA,0.012822139999999996,0.0370979,3.592722505994083e-6,0.00237423296602938,1.1844661076903063e-5,1.759271605908735e-6,8.776719139342485e-9,7.91751383560573e-4,0.0022907497229161275,5,7
2024-12-09T00:00:00Z,1933.6031165593415,45421.42534527967,11.844661076903064,278.2377542926252,37.0979,12.822139999999996,12.192,NA,0.012822139999999996,0.0370979,3.592722505994083e-6,0.0019336031165593415,1.1844661076903063e-5,1.4327713871096977e-6,8.776719139342485e-9,7.91751383560573e-4,0.0022907497229161275,5,7
2024-12-09T00:00:00Z,1672.0224861656236,39501.32875489743,34.203796091223126,808.0605405991213,42.141,48.15919999999999,16.806672,5.891000000000001,0.04815919999999999,0.042141,3.592722505994083e-6,0.0016720224861656236,3.4203796091223126e-5,1.2389439985207045e-6,2.5344508369039462e-8,0.002973771400965077,0.002602154948754741,5,8
2024-12-09T00:00:00Z,1551.9471032127474,36664.562373681474,34.203796091223126,808.0605405991213,42.141,48.15919999999999,16.806672,5.891000000000001,0.04815919999999999,0.042141,3.592722505994083e-6,0.0015519471032127473,3.4203796091223126e-5,1.1499699109647999e-6,2.5344508369039462e-8,0.002973771400965077,0.002602154948754741,5,8
2024-12-09T00:00:00Z,628.6266276952427,15627.707689936204,1.7576076818513369,43.69426600057295,6.5211,42.24889999999999,0.3048,3.5749999999999966,0.04224889999999999,0.006521099999999999,3.8394217031128854e-7,6.286266276952428e-4,1.7576076818513369e-6,2.3611323813666905e-6,6.6016045590896005e-9,0.01322396600677198,0.0020411136083249687,6,1
2024-12-09T00:00:00Z,20.03062808780569,497.9629987195053,1.7576076818513369,43.69426600057295,6.5211,42.24889999999999,0.3048,3.5749999999999966,0.04224889999999999,0.006521099999999999,3.8394217031128854e-7,2.0030628087805693e-5,1.7576076818513369e-6,7.523538220235828e-8,6.6016045590896005e-9,0.01322396600677198,0.0020411136083249687,6,1
2024-12-09T00:00:00Z,1503.171192134541,37263.9169870332,23.019524432365117,570.658652864776,23.7483,26.99201,2.4384,11.867,0.02699201,0.0237483,3.8394217031128854e-7,0.001503171192134541,2.3019524432365116e-5,5.645936745471552e-6,8.646172806931874e-8,0.008448537658837258,0.007433251798712465,6,2
2024-12-09T00:00:00Z,-4.046412738696799,-100.31138780404144,23.019524432365117,570.658652864776,23.7483,26.99201,2.4384,11.867,0.02699201,0.0237483,3.8394217031128854e-7,-4.046412738696799e-6,2.3019524432365116e-5,-1.5198395557535156e-8,8.646172806931874e-8,0.008448537658837258,0.007433251798712465,6,2
2024-12-09T00:00:00Z,681.1097863221731,17560.447869374188,11.694870452066688,301.51844392301905,8.1898,42.51619999999999,7.9248,1.5519999999999985,0.04251619999999999,0.0081898,3.8394217031128854e-7,6.811097863221731e-4,1.1694870452066688e-5,2.5582600241532862e-6,4.392613373935851e-8,0.013307631288320378,0.0025634190902546856,6,3
2024-12-09T00:00:00Z,667.4291942771599,17207.73333164033,11.694870452066688,301.51844392301905,8.1898,42.51619999999999,7.9248,1.5519999999999985,0.04251619999999999,0.0081898,3.8394217031128854e-7,6.674291942771599e-4,1.1694870452066688e-5,2.5068754860974015e-6,4.392613373935851e-8,0.013307631288320378,0.0025634190902546856,6,3
2024-12-09T00:00:00Z,906.8757489418692,22863.883121570707,2.644457209282722,66.67127290985795,13.3587,57.811699999999995,1.524,0.11999999999999661,0.057811699999999994,0.013358700000000001,3.8394217031128854e-7,9.068757489418693e-4,2.6444572092827217e-6,3.406240846897267e-6,9.932626574964408e-9,0.018095144621367652,0.004181292168427223,6,4
2024-12-09T00:00:00Z,890.3307986782252,22446.756729645975,2.644457209282722,66.67127290985795,13.3587,57.811699999999995,1.524,0.11999999999999661,0.057811699999999994,0.013358700000000001,3.8394217031128854e-7,8.903307986782252e-4,2.6444572092827217e-6,3.3440977303086236e-6,9.932626574964408e-9,0.018095144621367652,0.004181292168427223,6,4
2024-12-09T00:00:00Z,1195.2378499705846,26432.625379568024,-0.04427607931422745,-0.9791632835404416,11.3496,95.3525,0.3048,0.38,0.0953525,0.011349600000000001,3.400804790079146e-7,0.0011952378499705846,-4.427607931422745e-8,2.200492906997096e-7,-8.151448557539918e-12,0.0014629061760915373,1.741265298358041e-4,9,1
2024-12-09T00:00:00Z,1075.6112023490182,23787.08803980567,-0.04427607931422745,-0.9791632835404416,11.3496,95.3525,0.3048,0.38,0.0953525,0.011349600000000001,3.400804790079146e-7,0.0010756112023490182,-4.427607931422745e-8,1.9802542410398754e-7,-8.151448557539918e-12,0.0014629061760915373,1.741265298358041e-4,9,1
2024-12-09T00:00:00Z,27.034733545030253,597.871782632898,-0.04427607931422745,-0.9791632835404416,11.3496,95.3525,0.3048,0.38,0.0953525,0.011349600000000001,3.400804790079146e-7,2.7034733545030252e-5,-4.427607931422745e-8,4.977230214878119e-9,-8.151448557539918e-12,0.0014629061760915373,1.741265298358041e-4,9,1
2024-12-09T00:00:00Z,1421.489264871481,36445.000243085866,23.223038621796547,595.4062891168501,21.1361,97.7285,1.524,4.08,0.0977285,0.021136099999999998,3.400804790079146e-7,0.001421489264871481,2.3223038621796548e-5,2.6170331242431715e-7,4.275478037065222e-9,0.0014993589704534415,3.2427184634370714e-4,9,2
2024-12-09T00:00:00Z,1210.3053141217133,31030.538574881168,23.223038621796547,595.4062891168501,21.1361,97.7285,1.524,4.08,0.0977285,0.021136099999999998,3.400804790079146e-7,0.0012103053141217133,2.3223038621796548e-5,2.2282328651918666e-7,4.275478037065222e-9,0.0014993589704534415,3.2427184634370714e-4,9,2
2024-12-09T00:00:00Z,-6.773375104959174,-172.6919509832013,0.1057144706446523,2.6952646058853404,38.293,66.1574,4.2672,1.133999999999999,0.06615739999999999,0.038293,3.400804790079146e-7,-6.773375104959175e-6,1.0571447064465229e-7,-1.2470123729147455e-9,1.9462564946904505e-11,0.0010149924653696362,5.874944673823259e-4,9,3
2024-12-09T00:00:00Z,2425.7853146830935,61847.098701548624,0.1057144706446523,2.6952646058853404,38.293,66.1574,4.2672,1.133999999999999,0.06615739999999999,0.038293,3.400804790079146e-7,0.0024257853146830936,1.0571447064465229e-7,4.465992587993457e-7,1.9462564946904505e-11,0.0010149924653696362,5.874944673823259e-4,9,3
2024-12-09T00:00:00Z,2246.4243890770967,57274.16605082706,0.1057144706446523,2.6952646058853404,38.293,66.1574,4.2672,1.133999999999999,0.06615739999999999,0.038293,3.400804790079146e-7,0.002246424389077097,1.0571447064465229e-7,4.1357801163936473e-7,1.9462564946904505e-11,0.0010149924653696362,5.874944673823259e-4,9,3
2024-12-09T00:00:00Z,883.5975993008657,21720.11986471052,11.719073778675568,288.07195422171844,32.572799999999994,55.37629999999999,0.3,1.386000000000002,0.055376299999999996,0.03257279999999999,3.400804790079146e-7,8.835975993008657e-4,1.1719073778675568e-5,1.6267475548478226e-7,2.1575403361921554e-9,8.49587910952495e-4,4.997346717977442e-4,9,4
2024-12-09T00:00:00Z,2252.620880388269,55372.71216048561,11.719073778675568,288.07195422171844,32.572799999999994,55.37629999999999,0.3,1.386000000000002,0.055376299999999996,0.03257279999999999,3.400804790079146e-7,0.002252620880388269,1.1719073778675568e-5,4.147188168087156e-7,2.1575403361921554e-9,8.49587910952495e-4,4.997346717977442e-4,9,4
2024-12-09T00:00:00Z,525.1476231417291,13165.769036945969,1.3505124208925985,33.85816450739229,12.2672,29.8343,20,2.567000000000003,0.029834299999999998,0.0122672,3.400804790079146e-7,5.251476231417291e-4,1.3505124208925984e-6,9.668231472741582e-8,2.486361189999778e-10,4.577203715620224e-4,1.882044271870177e-4,9,5
2024-12-09T00:00:00Z,317.86744906095265,7969.129506219306,1.3505124208925985,33.85816450739229,12.2672,29.8343,20,2.567000000000003,0.029834299999999998,0.0122672,3.400804790079146e-7,3.1786744906095265e-4,1.3505124208925984e-6,5.852099371192949e-8,2.486361189999778e-10,4.577203715620224e-4,1.882044271870177e-4,9,5
2025-01-10T00:00:00Z,1119.737053128339,25065.36543050025,20.206868093851902,452.3316715859915,13.2921,43.58539999999999,2.1336,4.472999999999998,0.04358539999999999,0.0132921,4.521045600190514e-6,0.0011197370531283392,2.02068680938519e-5,1.1175710589114286e-6,2.016778038186552e-8,0.003625090781729515,0.0011055323383478617,5,2
2025-01-10T00:00:00Z,2537.76359456592,60640.51354899454,0.01516366781303053,0.36233974095834354,5.1891,94.0457,1.2192,7.257999999999999,0.0940457,0.0051890999999999994,4.521045600190514e-6,0.00253776359456592,1.516366781303053e-8,2.532854601642663e-6,1.5134335554444982e-11,0.007821981675774446,4.3158852678815905e-4,5,3
2025-01-10T00:00:00Z,1705.3723059264669,40750.309699868965,0.01516366781303053,0.36233974095834354,5.1891,94.0457,1.2192,7.257999999999999,0.0940457,0.0051890999999999994,4.521045600190514e-6,0.0017053723059264668,1.516366781303053e-8,1.7020734720243504e-6,1.5134335554444982e-11,0.007821981675774446,4.3158852678815905e-4,5,3
2025-01-10T00:00:00Z,2448.1200387076888,56854.3280830588,7.095760030765171,164.78957829238547,40.069,46.82269999999999,0.3048,5.625000000000003,0.04682269999999999,0.040069,4.521045600190514e-6,0.0024481200387076888,7.095760030765171e-6,2.443384450266341e-6,7.082034151865047e-9,0.0038943439350260993,0.003332624285497436,5,4
2025-01-10T00:00:00Z,699.5368434755882,16245.811715238884,7.095760030765171,164.78957829238547,40.069,46.82269999999999,0.3048,5.625000000000003,0.04682269999999999,0.040069,4.521045600190514e-6,6.995368434755882e-4,7.095760030765171e-6,6.981836751105235e-7,7.082034151865047e-9,0.0038943439350260993,0.003332624285497436,5,4
2025-01-10T00:00:00Z,2613.0134164059914,59648.95112615993,0.6709386169629346,15.315950741240773,26.7342,46.9118,4.8768,3.904000000000001,0.0469118,0.0267342,4.521045600190514e-6,0.0026130134164059913,6.709386169629346e-7,2.6079588619167633e-6,6.696407683651915e-10,0.0039017545722727946,0.002223540496976355,5,5
2025-01-10T00:00:00Z,687.2292882192178,15687.8284543353,0.6709386169629346,15.315950741240773,26.7342,46.9118,4.8768,3.904000000000001,0.0469118,0.0267342,4.521045600190514e-6,6.872292882192177e-4,6.709386169629346e-7,6.858999273127303e-7,6.696407683651915e-10,0.0039017545722727946,0.002223540496976355,5,5
2025-01-10T00:00:00Z,2805.9269068560443,61515.86810142747,0.939155742093894,20.58962427573677,12.8555,54.3071,16.806672,5.621000000000001,0.0543071,0.012855499999999999,4.521045600190514e-6,0.0028059269068560445,9.391557420938939e-7,2.800499184841895e-6,9.37339060310907e-10,0.00451683746374848,0.0010692193841177042,5,8
2025-01-10T00:00:00Z,797.872636054639,17492.1975769747,0.939155742093894,20.58962427573677,12.8555,54.3071,16.806672,5.621000000000001,0.0543071,0.012855499999999999,4.521045600190514e-6,7.97872636054639e-4,9.391557420938939e-7,7.963292491400975e-7,9.37339060310907e-10,0.00451683746374848,0.0010692193841177042,5,8
2025-01-10T00:00:00Z,849.572562354658,18625.64329837056,0.939155742093894,20.58962427573677,12.8555,54.3071,16.806672,5.621000000000001,0.0543071,0.012855499999999999,4.521045600190514e-6,8.49572562354658e-4,9.391557420938939e-7,8.479291682633712e-7,9.37339060310907e-10,0.00451683746374848,0.0010692193841177042,5,8
2025-01-10T00:00:00Z,1756.069579857368,42320.52992029243,0.0113366279605097,0.2732079117485441,14.3355,34.7348,0.3048,3.8049999999999966,0.0347348,0.0143355,2.995519022213106e-7,0.001756069579857368,1.1336627960509699e-8,5.625423313625628e-6,3.6315947818042176e-11,0.00927250434509141,0.0038268821481355266,6,1
2025-01-10T00:00:00Z,575.3165641018286,13864.88448065301,0.0113366279605097,0.2732079117485441,14.3355,34.7348,0.3048,3.8049999999999966,0.0347348,0.0143355,2.995519022213106e-7,5.753165641018286e-4,1.1336627960509699e-8,1.842978916972235e-6,3.6315947818042176e-11,0.00927250434509141,0.0038268821481355266,6,1
2025-01-10T00:00:00Z,796.3668646551852,19192.10269897543,3.0655657414681072,73.87883041340649,13.5548,28.46216,2.4384,12.107,0.02846216,0.0135548,2.995519022213106e-7,7.963668646551852e-4,3.0655657414681073e-6,2.5510952288086967e-6,9.820285704685697e-9,0.007598014160746194,0.0036184731709077073,6,2
2025-01-10T00:00:00Z,102.65665592691025,2473.98174224101,3.0655657414681072,73.87883041340649,13.5548,28.46216,2.4384,12.107,0.02846216,0.0135548,2.995519022213106e-7,1.0265665592691024e-4,3.0655657414681073e-6,3.2885208659954705e-7,9.820285704685697e-9,0.007598014160746194,0.0036184731709077073,6,2
2025-01-10T00:00:00Z,288.9127486132701,7162.2053011357075,37.310517671794805,924.935257234863,10.5282,44.2388,7.9248,1.5319999999999985,0.044238799999999995,0.0105282,2.995519022213106e-7,2.8891274861327006e-4,3.731051767179481e-5,9.255080381181462e-7,1.195211501650197e-7,0.0118096106850084,0.002810517989048199,6,3
2025-01-10T00:00:00Z,2682.9443271989735,66510.7309218748,37.310517671794805,924.935257234863,10.5282,44.2388,7.9248,1.5319999999999985,0.044238799999999995,0.0105282,2.995519022213106e-7,0.0026829443271989737,3.731051767179481e-5,8.594589724975817e-6,1.195211501650197e-7,0.0118096106850084,0.002810517989048199,6,3
2025-01-10T00:00:00Z,855.3452139143247,20155.66662920238,1.4042561571568053,33.090404324741364,12.6779,57.455299999999994,1.524,0.11999999999999661,0.057455299999999994,0.012677899999999999,2.995519022213106e-7,8.553452139143247e-4,1.4042561571568052e-6,2.740027481110719e-6,4.498418180795459e-9,0.01533777418895547,0.0033843834666281184,6,4
2025-01-10T00:00:00Z,4486.870941625243,105730.26356667292,1.4042561571568053,33.090404324741364,12.6779,57.455299999999994,1.524,0.11999999999999661,0.057455299999999994,0.012677899999999999,2.995519022213106e-7,0.0044868709416252435,1.4042561571568052e-6,1.437331908129638e-5,4.498418180795459e-9,0.01533777418895547,0.0033843834666281184,6,4
2025-01-10T00:00:00Z,671.1647708636041,14084.629270295243,32.77560462768254,687.807614956739,10.2618,90.8678,0.3048,0.33999999999999997,0.0908678,0.0102618,3.489659844699867e-7,6.711647708636041e-4,3.277560462768254e-5,1.2611886574256764e-7,6.158878205647386e-9,0.0014229173378911165,1.606916106472376e-4,9,1
2025-01-10T00:00:00Z,1618.7283836712074,33969.585656256844,32.77560462768254,687.807614956739,10.2618,90.8678,0.3048,0.33999999999999997,0.0908678,0.0102618,3.489659844699867e-7,0.0016187283836712075,3.277560462768254e-5,3.041759588055031e-7,6.158878205647386e-9,0.0014229173378911165,1.606916106472376e-4,9,1
2025-01-10T00:00:00Z,796.645476203779,19253.306932721465,10.337164304485476,249.8283152458664,NA,NA,1.524,4.08,NA,NA,3.489659844699867e-7,7.96645476203779e-4,1.0337164304485476e-5,1.49697999983653e-7,1.942461067196285e-9,NA,NA,9,2
2025-01-10T00:00:00Z,28.727082933698114,694.2753853820361,10.337164304485476,249.8283152458664,NA,NA,1.524,4.08,NA,NA,3.489659844699867e-7,2.8727082933698115e-5,1.0337164304485476e-5,5.398118722812048e-9,1.942461067196285e-9,NA,NA,9,2
2025-01-10T00:00:00Z,4085.007722256131,98726.3592757995,10.337164304485476,249.8283152458664,NA,NA,1.524,4.08,NA,NA,3.489659844699867e-7,0.004085007722256131,1.0337164304485476e-5,7.676155883713281e-7,1.942461067196285e-9,NA,NA,9,2
2025-01-10T00:00:00Z,887.5475107301874,21511.06276279803,42.81403142739257,1037.6631177809966,51.428,81.5717,4.2672,1.193999999999999,0.08157170000000001,0.051427999999999995,3.489659844699867e-7,8.875475107301873e-4,4.281403142739257e-5,1.6677944106318215e-7,8.045203377616983e-9,0.0012773478197034903,8.053214984082847e-4,9,3
2025-01-10T00:00:00Z,1956.6323975260875,47421.95972391465,42.81403142739257,1037.6631177809966,51.428,81.5717,4.2672,1.193999999999999,0.08157170000000001,0.051427999999999995,3.489659844699867e-7,0.0019566323975260874,4.281403142739257e-5,3.676716498895317e-7,8.045203377616983e-9,0.0012773478197034903,8.053214984082847e-4,9,3
2025-01-10T00:00:00Z,3098.6236949549266,72167.48893291302,36.93385103581273,860.1958638012821,35.0999,62.38549999999999,0.3,1.5160000000000018,0.062385499999999997,0.035099899999999996,3.489659844699867e-7,0.0030986236949549265,3.693385103581273e-5,5.822637342361011e-7,6.940256107524871e-9,9.769072166708806e-4,5.496364638325611e-4,9,4
2025-01-10T00:00:00Z,2816.70168382313,65601.47588285324,36.93385103581273,860.1958638012821,35.0999,62.38549999999999,0.3,1.5160000000000018,0.062385499999999997,0.035099899999999996,3.489659844699867e-7,0.00281670168382313,3.693385103581273e-5,5.292876457771444e-7,6.940256107524871e-9,9.769072166708806e-4,5.496364638325611e-4,9,4
2025-01-10T00:00:00Z,1122.9460433254635,26909.39919012397,1.8261720901545195,43.76095722133323,37.405,27.83549,20,2.707000000000003,0.02783549,0.037405,3.489659844699867e-7,0.0011229460433254635,1.8261720901545195e-6,2.110132823152797e-7,3.4315679645204016e-10,4.3588159204574993e-4,5.857324929602919e-4,9,5
2025-01-30T00:00:00Z,634.1772324779497,13308.43274092075,0.10237052548581414,2.1482815580706633,10.7465,33.2795,4.2672,4.529000000000002,0.0332795,0.010746499999999999,5.8137625173968676e-6,6.341772324779497e-4,1.0237052548581414e-7,1.6132162430229262e-6,2.6040952917093234e-10,0.007054682719885164,0.0022780735242189914,5,1
2025-01-30T00:00:00Z,597.3017254435064,12534.587228937156,0.10237052548581414,2.1482815580706633,10.7465,33.2795,4.2672,4.529000000000002,0.0332795,0.010746499999999999,5.8137625173968676e-6,5.973017254435063e-4,1.0237052548581414e-7,1.51941254924283e-6,2.6040952917093234e-10,0.007054682719885164,0.0022780735242189914,5,1
2025-01-30T00:00:00Z,505.6974149182624,10612.238486393771,0.23110924818621864,4.849909028227363,10.7724,32.952799999999996,2.1336,3.9579999999999984,0.0329528,0.0107724,5.8137625173968676e-6,5.056974149182623e-4,2.3110924818621864e-7,1.286390053161062e-6,5.878943203779991e-10,0.00698542792805877,0.0022835638796163088,5,2
2025-01-30T00:00:00Z,98.570421569069,2068.535038021522,0.23110924818621864,4.849909028227363,10.7724,32.952799999999996,2.1336,3.9579999999999984,0.0329528,0.0107724,5.8137625173968676e-6,9.8570421569069e-5,2.3110924818621864e-7,2.507428476035182e-7,5.878943203779991e-10,0.00698542792805877,0.0022835638796163088,5,2
2025-01-30T00:00:00Z,2041.1480271807905,43975.553296544625,16.89248307566098,363.9404295585224,27.0635,38.2691,1.2192,6.972999999999999,0.0382691,0.0270635,5.8137625173968676e-6,0.0020411480271807906,1.689248307566098e-5,5.192260117879182e-6,4.297099720241643e-8,0.008112392267779185,0.0057369974245289794,5,3
2025-01-30T00:00:00Z,2116.46097223476,45598.13450331529,16.89248307566098,363.9404295585224,27.0635,38.2691,1.2192,6.972999999999999,0.0382691,0.0270635,5.8137625173968676e-6,0.00211646097223476,1.689248307566098e-5,5.38384073611776e-6,4.297099720241643e-8,0.008112392267779185,0.0057369974245289794,5,3
2025-01-30T00:00:00Z,1732.8339505306828,39329.76400683788,3.0338775235732407,68.85927355661681,23.781599999999997,41.357899999999994,0.3048,4.450000000000003,0.041357899999999996,0.023781599999999996,5.8137625173968676e-6,0.0017328339505306828,3.0338775235732407e-6,4.407972617583492e-6,7.717559460857334e-9,0.00876716484504691,0.005041290962040325,5,4
2025-01-30T00:00:00Z,1395.6914982690844,31677.713399176097,3.0338775235732407,68.85927355661681,23.781599999999997,41.357899999999994,0.3048,4.450000000000003,0.041357899999999996,0.023781599999999996,5.8137625173968676e-6,0.0013956914982690843,3.0338775235732407e-6,3.5503516681907645e-6,7.717559460857334e-9,0.00876716484504691,0.005041290962040325,5,4
2025-01-30T00:00:00Z,1257.7254592334318,27334.656012174077,0.9368063851186637,20.35999199923508,22.6716,50.0303,4.8768,3.6640000000000006,0.0500303,0.0226716,5.8137625173968676e-6,0.0012577254592334318,9.368063851186636e-7,3.1993944849942063e-6,2.38304246769623e-9,0.010605564773529372,0.004805990016441008,5,5
2025-01-30T00:00:00Z,25.844561165613943,561.6902989927737,0.9368063851186637,20.35999199923508,22.6716,50.0303,4.8768,3.6640000000000006,0.0500303,0.0226716,5.8137625173968676e-6,2.584456116561394e-5,9.368063851186636e-7,6.574323979317186e-8,2.38304246769623e-9,0.010605564773529372,0.004805990016441008,5,5
2025-01-30T00:00:00Z,1960.4395342838343,42607.025173026675,0.9368063851186637,20.35999199923508,22.6716,50.0303,4.8768,3.6640000000000006,0.0500303,0.0226716,5.8137625173968676e-6,0.001960439534283834,9.368063851186636e-7,4.986954337375942e-6,2.38304246769623e-9,0.010605564773529372,0.004805990016441008,5,5
2025-01-30T00:00:00Z,1272.727958915387,28146.31527017037,1.7552432775666271,38.817117452451505,13.791599999999995,68.8007,7.62,4.088,0.0688007,0.013791599999999996,5.8137625173968676e-6,0.001272727958915387,1.755243277566627e-6,3.2375577537673687e-6,4.4649773293867576e-9,0.01458456735846402,0.0029235824516464556,5,6
2025-01-30T00:00:00Z,1448.5193825360252,32033.933827112513,1.7552432775666271,38.817117452451505,13.791599999999995,68.8007,7.62,4.088,0.0688007,0.013791599999999996,5.8137625173968676e-6,0.001448519382536025,1.755243277566627e-6,3.6847349235639806e-6,4.4649773293867576e-9,0.01458456735846402,0.0029235824516464556,5,6
2025-01-30T00:00:00Z,1364.4146749795425,28548.892423978206,0.00284750428052247,0.05958092863716262,NA,NA,16.806672,5.301000000000001,NA,NA,5.8137625173968676e-6,0.0013644146749795425,2.84750428052247e-9,3.470789872565121e-6,7.2434643222167065e-12,NA,NA,5,8
2025-01-30T00:00:00Z,25.75432689997715,538.8812665258383,0.00284750428052247,0.05958092863716262,NA,NA,16.806672,5.301000000000001,NA,NA,5.8137625173968676e-6,2.575432689997715e-5,2.84750428052247e-9,6.551370240906594e-8,7.2434643222167065e-12,NA,NA,5,8
2025-01-30T00:00:00Z,1036.1376471859596,22980.53082265437,3.7809300202772897,83.85737078973966,10.136,48.78289999999999,0.3048,NA,0.04878289999999999,0.010136,9.396218568103033e-7,0.0010361376471859597,3.78093002027729e-6,1.964913575532694e-6,7.170090523357465e-9,0.0077092542292509485,0.001601811308218405,6,1
2025-01-30T00:00:00Z,1302.22208808188,28965.65988566646,1.1949263127935663,26.579052437817076,14.8498,42.24889999999999,2.4384,11.032,0.04224889999999999,0.0148498,9.396218568103033e-7,0.00130222208808188,1.1949263127935663e-6,2.4695115230876156e-6,2.2660376641520803e-9,0.006676673814107001,0.0023467420644022957,6,2
2025-01-30T00:00:00Z,1199.1186771439295,26672.304273276484,1.1949263127935663,26.579052437817076,14.8498,42.24889999999999,2.4384,11.032,0.04224889999999999,0.0148498,9.396218568103033e-7,0.0011991186771439296,1.1949263127935663e-6,2.2739879916476413e-6,2.2660376641520803e-9,0.006676673814107001,0.0023467420644022957,6,2
2025-01-30T00:00:00Z,645.4875356438617,15249.56486149258,2.496777452549866,58.986064958469754,11.7418,38.150299999999994,7.9248,1.0319999999999987,0.03815029999999999,0.0117418,9.396218568103033e-7,6.454875356438618e-4,2.4967774525498657e-6,1.2240914371448719e-6,4.734845727228632e-9,0.006028964280971251,0.0018555789284568735,6,3
2025-01-30T00:00:00Z,584.2549886962234,13802.953355073663,2.496777452549866,58.986064958469754,11.7418,38.150299999999994,7.9248,1.0319999999999987,0.03815029999999999,0.0117418,9.396218568103033e-7,5.842549886962234e-4,2.4967774525498657e-6,1.107971090501137e-6,4.734845727228632e-9,0.006028964280971251,0.0018555789284568735,6,3
2025-01-30T00:00:00Z,925.960832648716,21875.712538110183,2.496777452549866,58.986064958469754,11.7418,38.150299999999994,7.9248,1.0319999999999987,0.03815029999999999,0.0117418,9.396218568103033e-7,9.259608326487159e-4,2.4967774525498657e-6,1.7559761634223086e-6,4.734845727228632e-9,0.006028964280971251,0.0018555789284568735,6,3
2025-01-30T00:00:00Z,1028.0523935191125,23066.18094599428,3.3831581321906317,75.90716011943256,11.6493,40.88269999999999,1.524,-0.22500000000000342,0.040882699999999994,0.0116493,9.396218568103033e-7,0.0010280523935191125,3.3831581321906318e-6,1.9495808398341504e-6,6.415762770679571e-9,0.006460770636395084,0.0018409609779823071,6,4
2025-01-30T00:00:00Z,1044.9196333749153,23444.62742306695,3.3831581321906317,75.90716011943256,11.6493,40.88269999999999,1.524,-0.22500000000000342,0.040882699999999994,0.0116493,9.396218568103033e-7,0.0010449196333749153,3.3831581321906318e-6,1.9815675827774697e-6,6.415762770679571e-9,0.006460770636395084,0.0018409609779823071,6,4
2025-01-30T00:00:00Z,1519.2364931143231,32069.024845146592,32.320280782420184,682.2373554816598,15.3567,102.3617,0.3048,0.29000000000000004,0.1023617,0.0153567,6.710845291768987e-7,0.0015192364931143232,3.2320280782420185e-5,4.929943074095662e-7,1.0487975053145944e-8,0.002768042567515763,4.1527250227936155e-4,9,1
2025-01-30T00:00:00Z,1312.0735048933104,27696.09472770599,32.320280782420184,682.2373554816598,15.3567,102.3617,0.3048,0.29000000000000004,0.1023617,0.0153567,6.710845291768987e-7,0.0013120735048933105,3.2320280782420185e-5,4.257696360948619e-7,1.0487975053145944e-8,0.002768042567515763,4.1527250227936155e-4,9,1
2025-01-30T00:00:00Z,2711.9999137431328,62086.608600386586,2.3018206825302223,52.696255283902104,22.5384,91.937,1.524,3.9299999999999997,0.09193699999999999,0.0225384,6.710845291768987e-7,0.002711999913743133,2.3018206825302223e-6,8.800476589591699e-7,7.469439407940873e-10,0.0024861401239887255,6.094784534029553e-4,9,2
2025-01-30T00:00:00Z,2287.777509826564,52374.76081675948,2.3018206825302223,52.696255283902104,22.5384,91.937,1.524,3.9299999999999997,0.09193699999999999,0.0225384,6.710845291768987e-7,0.0022877775098265637,2.3018206825302223e-6,7.423869121601311e-7,7.469439407940873e-10,0.0024861401239887255,6.094784534029553e-4,9,2
2025-01-30T00:00:00Z,2286.216645127782,52489.43294010914,4.83912239653335,111.10180264986246,27.433499999999995,92.2637,4.2672,0.9389999999999992,0.0922637,0.027433499999999996,6.710845291768987e-7,0.002286216645127782,4.83912239653335e-6,7.418804094433892e-7,1.570301796436348e-9,0.0024949746735009695,7.418506704748328e-4,9,3
2025-01-30T00:00:00Z,1815.711635567808,39806.8378798104,16.118821451040315,353.38172634142927,NA,41.3876,0.3,1.146000000000002,0.0413876,NA,6.710845291768987e-7,0.0018157116355678078,1.6118821451040314e-5,5.892008941921083e-7,5.230579474314998e-9,0.0011191943721852548,NA,9,4
2025-01-30T00:00:00Z,1872.3157443499072,41047.80067229455,16.118821451040315,353.38172634142927,NA,41.3876,0.3,1.146000000000002,0.0413876,NA,6.710845291768987e-7,0.001872315744349907,1.6118821451040314e-5,6.075690044448857e-7,5.230579474314998e-9,0.0011191943721852548,NA,9,4
2025-01-30T00:00:00Z,1204.149553135525,26861.71233436299,1.021248721611267,22.781629831880466,17.9245,23.90618,20,2.057000000000003,0.02390618,0.0179245,6.710845291768987e-7,0.0012041495531355249,1.021248721611267e-6,3.907481670274195e-7,3.313965985450858e-10,6.464656591937608e-4,4.847103848552369e-4,9,5
2025-01-30T00:00:00Z,1654.8710728661652,36916.23735111457,1.021248721611267,22.781629831880466,17.9245,23.90618,20,2.057000000000003,0.02390618,0.0179245,6.710845291768987e-7,0.0016548710728661652,1.021248721611267e-6,5.37007912933532e-7,3.313965985450858e-10,6.464656591937608e-4,4.847103848552369e-4,9,5
2025-03-12T00:00:00Z,-12.200004537483323,-281.71136762966046,-0.01998687627662185,-0.46151870134414313,13.4549,31.943,4.2672,4.514000000000002,0.031943,0.0134549,1.0965248899341058e-5,-1.2200004537483323e-5,-1.9986876276621852e-8,-7.996021868416032e-8,-1.3099626258185103e-10,0.017446504887086295,0.007348745534397439,5,1
2025-03-12T00:00:00Z,-2.3677183795311176,-54.67319137548364,-0.01998687627662185,-0.46151870134414313,13.4549,31.943,4.2672,4.514000000000002,0.031943,0.0134549,1.0965248899341058e-5,-2.3677183795311177e-6,-1.9986876276621852e-8,-1.551829581932831e-8,-1.3099626258185103e-10,0.017446504887086295,0.007348745534397439,5,1
2025-03-12T00:00:00Z,-5.283646423652089,-122.00513987559889,-0.01998687627662185,-0.46151870134414313,13.4549,31.943,4.2672,4.514000000000002,0.031943,0.0134549,1.0965248899341058e-5,-5.283646423652088e-6,-1.9986876276621852e-8,-3.462962019292447e-8,-1.3099626258185103e-10,0.017446504887086295,0.007348745534397439,5,1
2025-03-12T00:00:00Z,6.90493006822774,159.44234175742903,-0.01998687627662185,-0.46151870134414313,13.4549,31.943,4.2672,4.514000000000002,0.031943,0.0134549,1.0965248899341058e-5,6.90493006822774e-6,-1.9986876276621852e-8,4.5255697779291e-8,-1.3099626258185103e-10,0.017446504887086295,0.007348745534397439,5,1
2025-03-12T00:00:00Z,16.737216226179946,386.4805180116058,-0.01998687627662185,-0.46151870134414313,13.4549,31.943,4.2672,4.514000000000002,0.031943,0.0134549,1.0965248899341058e-5,1.6737216226179945e-5,-1.9986876276621852e-8,1.0969762064412301e-7,-1.3099626258185103e-10,0.017446504887086295,0.007348745534397439,5,1
2025-03-12T00:00:00Z,13.821288182058977,319.1485695114906,-0.01998687627662185,-0.46151870134414313,13.4549,31.943,4.2672,4.514000000000002,0.031943,0.0134549,1.0965248899341058e-5,1.3821288182058976e-5,-1.9986876276621852e-8,9.058629627052688e-8,-1.3099626258185103e-10,0.017446504887086295,0.007348745534397439,5,1
2025-03-12T00:00:00Z,12.320430263422653,284.4921285587184,-0.01998687627662185,-0.46151870134414313,13.4549,31.943,4.2672,4.514000000000002,0.031943,0.0134549,1.0965248899341058e-5,1.2320430263422653e-5,-1.9986876276621852e-8,8.074950260218861e-8,-1.3099626258185103e-10,0.017446504887086295,0.007348745534397439,5,1
2025-03-12T00:00:00Z,22.15271642137486,511.5303048128952,-0.01998687627662185,-0.46151870134414313,13.4549,31.943,4.2672,4.514000000000002,0.031943,0.0134549,1.0965248899341058e-5,2.215271642137486e-5,-1.9986876276621852e-8,1.4519142546702061e-7,-1.3099626258185103e-10,0.017446504887086295,0.007348745534397439,5,1
2025-03-12T00:00:00Z,19.23678837725389,444.19835631278,-0.01998687627662185,-0.46151870134414313,13.4549,31.943,4.2672,4.514000000000002,0.031943,0.0134549,1.0965248899341058e-5,1.923678837725389e-5,-1.9986876276621852e-8,1.2608010109342448e-7,-1.3099626258185103e-10,0.017446504887086295,0.007348745534397439,5,1
2025-03-12T00:00:00Z,NA,NA,-0.01998687627662185,-0.46151870134414313,13.4549,31.943,4.2672,4.514000000000002,0.031943,0.0134549,1.0965248899341058e-5,NA,-1.9986876276621852e-8,NA,-1.3099626258185103e-10,0.017446504887086295,0.007348745534397439,5,1
2025-03-12T00:00:00Z,428.77014862411056,9872.437913919992,0.40026281829708577,9.21605628462917,13.473399999999998,31.8242,2.1336,3.9379999999999984,0.031824200000000004,0.013473399999999998,1.0965248899341058e-5,4.2877014862411055e-4,4.0026281829708576e-7,2.8102083686844425e-6,2.6233680802200325e-9,0.0173816191599916,0.00735884979324636,5,2
2025-03-12T00:00:00Z,438.60243478206274,10098.82642290963,0.40026281829708577,9.21605628462917,13.473399999999998,31.8242,2.1336,3.9379999999999984,0.031824200000000004,0.013473399999999998,1.0965248899341058e-5,4.3860243478206274e-4,4.0026281829708576e-7,2.8746502915492746e-6,2.6233680802200325e-9,0.0173816191599916,0.00735884979324636,5,2
2025-03-12T00:00:00Z,435.6865067379418,10031.687144045609,0.40026281829708577,9.21605628462917,13.473399999999998,31.8242,2.1336,3.9379999999999984,0.031824200000000004,0.013473399999999998,1.0965248899341058e-5,4.3568650673794177e-4,4.0026281829708576e-7,2.855538967175678e-6,2.6233680802200325e-9,0.0173816191599916,0.00735884979324636,5,2
2025-03-12T00:00:00Z,16.8553602808848,388.0948765294502,0.40026281829708577,9.21605628462917,13.473399999999998,31.8242,2.1336,3.9379999999999984,0.031824200000000004,0.013473399999999998,1.0965248899341058e-5,1.6855360280884797e-5,4.0026281829708576e-7,1.1047195022911694e-7,2.6233680802200325e-9,0.0173816191599916,0.00735884979324636,5,2
2025-03-12T00:00:00Z,26.687646438837003,614.4833855190886,0.40026281829708577,9.21605628462917,13.473399999999998,31.8242,2.1336,3.9379999999999984,0.031824200000000004,0.013473399999999998,1.0965248899341058e-5,2.6687646438837003e-5,4.0026281829708576e-7,1.7491387309394894e-7,2.6233680802200325e-9,0.0173816191599916,0.00735884979324636,5,2
2025-03-12T00:00:00Z,23.771718394716036,547.3441066550664,0.40026281829708577,9.21605628462917,13.473399999999998,31.8242,2.1336,3.9379999999999984,0.031824200000000004,0.013473399999999998,1.0965248899341058e-5,2.3771718394716036e-5,4.0026281829708576e-7,1.5580254872035283e-7,2.6233680802200325e-9,0.0173816191599916,0.00735884979324636,5,2
2025-03-12T00:00:00Z,7.314952140105173,168.42686245351086,0.40026281829708577,9.21605628462917,13.473399999999998,31.8242,2.1336,3.9379999999999984,0.031824200000000004,0.013473399999999998,1.0965248899341058e-5,7.3149521401051726e-6,4.0026281829708576e-7,4.794302911854762e-8,2.6233680802200325e-9,0.0173816191599916,0.00735884979324636,5,2
2025-03-12T00:00:00Z,17.147238298057378,394.8153714431494,0.40026281829708577,9.21605628462917,13.473399999999998,31.8242,2.1336,3.9379999999999984,0.031824200000000004,0.013473399999999998,1.0965248899341058e-5,1.7147238298057377e-5,4.0026281829708576e-7,1.1238495198337963e-7,2.6233680802200325e-9,0.0173816191599916,0.00735884979324636,5,2
2025-03-12T00:00:00Z,14.231310253936408,327.6760925791271,0.40026281829708577,9.21605628462917,13.473399999999998,31.8242,2.1336,3.9379999999999984,0.031824200000000004,0.013473399999999998,1.0965248899341058e-5,1.4231310253936408e-5,4.0026281829708576e-7,9.327362760978351e-8,2.6233680802200325e-9,0.0173816191599916,0.00735884979324636,5,2
2025-03-12T00:00:00Z,428.77014862411033,9872.437913919986,0.40026281829708577,9.21605628462917,13.473399999999998,31.8242,2.1336,3.9379999999999984,0.031824200000000004,0.013473399999999998,1.0965248899341058e-5,4.2877014862411034e-4,4.0026281829708576e-7,2.810208368684441e-6,2.6233680802200325e-9,0.0173816191599916,0.00735884979324636,5,2
2025-03-12T00:00:00Z,438.6024347820626,10098.826422909626,0.40026281829708577,9.21605628462917,13.473399999999998,31.8242,2.1336,3.9379999999999984,0.031824200000000004,0.013473399999999998,1.0965248899341058e-5,4.386024347820626e-4,4.0026281829708576e-7,2.874650291549273e-6,2.6233680802200325e-9,0.0173816191599916,0.00735884979324636,5,2
2025-03-12T00:00:00Z,435.6865067379416,10031.687144045602,0.40026281829708577,9.21605628462917,13.473399999999998,31.8242,2.1336,3.9379999999999984,0.031824200000000004,0.013473399999999998,1.0965248899341058e-5,4.356865067379416e-4,4.0026281829708576e-7,2.855538967175677e-6,2.6233680802200325e-9,0.0173816191599916,0.00735884979324636,5,2
2025-03-12T00:00:00Z,NA,NA,0.40026281829708577,9.21605628462917,13.473399999999998,31.8242,2.1336,3.9379999999999984,0.031824200000000004,0.013473399999999998,1.0965248899341058e-5,NA,4.0026281829708576e-7,NA,2.6233680802200325e-9,0.0173816191599916,0.00735884979324636,5,2
2025-03-12T00:00:00Z,9.532164828069108,207.76921354585744,-0.01153406861659415,-0.2514039998969633,11.368099999999998,32.1806,1.2192,6.690999999999999,0.0321806,0.011368099999999999,1.0965248899341058e-5,9.532164828069108e-6,-1.1534068616594151e-8,6.247489350058033e-8,-7.559559884321391e-11,0.017576276341275683,0.006208985136239104,5,3
2025-03-12T00:00:00Z,19.36445098602131,422.08006519836306,-0.01153406861659415,-0.2514039998969633,11.368099999999998,32.1806,1.2192,6.690999999999999,0.0321806,0.011368099999999999,1.0965248899341058e-5,1.936445098602131e-5,-1.1534068616594151e-8,1.2691681636541233e-7,-7.559559884321391e-11,0.017576276341275683,0.006208985136239104,5,3
2025-03-12T00:00:00Z,16.448522941900347,358.52261655885536,-0.01153406861659415,-0.2514039998969633,11.368099999999998,32.1806,1.2192,6.690999999999999,0.0321806,0.011368099999999999,1.0965248899341058e-5,1.6448522941900346e-5,-1.1534068616594151e-8,1.0780549199181621e-7,-7.559559884321391e-11,0.017576276341275683,0.006208985136239104,5,3
2025-03-12T00:00:00Z,6.8367019034382,149.0171648671079,-0.01153406861659415,-0.2514039998969633,11.368099999999998,32.1806,1.2192,6.690999999999999,0.0321806,0.011368099999999999,1.0965248899341058e-5,6.8367019034382006e-6,-1.1534068616594151e-8,4.480852261962374e-8,-7.559559884321391e-11,0.017576276341275683,0.006208985136239104,5,3
2025-03-12T00:00:00Z,16.668988061390404,363.3280165196134,-0.01153406861659415,-0.2514039998969633,11.368099999999998,32.1806,1.2192,6.690999999999999,0.0321806,0.011368099999999999,1.0965248899341058e-5,1.6668988061390403e-5,-1.1534068616594151e-8,1.0925044548445572e-7,-7.559559884321391e-11,0.017576276341275683,0.006208985136239104,5,3
2025-03-12T00:00:00Z,13.753060017269435,299.77056788010583,-0.01153406861659415,-0.2514039998969633,11.368099999999998,32.1806,1.2192,6.690999999999999,0.0321806,0.011368099999999999,1.0965248899341058e-5,1.3753060017269436e-5,-1.1534068616594151e-8,9.013912111085959e-8,-7.559559884321391e-11,0.017576276341275683,0.006208985136239104,5,3
2025-03-12T00:00:00Z,13.729010943157462,299.2463787473248,-0.01153406861659415,-0.2514039998969633,11.368099999999998,32.1806,1.2192,6.690999999999999,0.0321806,0.011368099999999999,1.0965248899341058e-5,1.3729010943157462e-5,-1.1534068616594151e-8,8.998150074119195e-8,-7.559559884321391e-11,0.017576276341275683,0.006208985136239104,5,3
2025-03-12T00:00:00Z,23.561297101109663,513.5572303998304,-0.01153406861659415,-0.2514039998969633,11.368099999999998,32.1806,1.2192,6.690999999999999,0.0321806,0.011368099999999999,1.0965248899341058e-5,2.356129710110966e-5,-1.1534068616594151e-8,1.5442342360602394e-7,-7.559559884321391e-11,0.017576276341275683,0.006208985136239104,5,3
2025-03-12T00:00:00Z,20.6453690569887,449.99978176032266,-0.01153406861659415,-0.2514039998969633,11.368099999999998,32.1806,1.2192,6.690999999999999,0.0321806,0.011368099999999999,1.0965248899341058e-5,2.0645369056988698e-5,-1.1534068616594151e-8,1.3531209923242783e-7,-7.559559884321391e-11,0.017576276341275683,0.006208985136239104,5,3
2025-03-12T00:00:00Z,NA,NA,-0.01153406861659415,-0.2514039998969633,11.368099999999998,32.1806,1.2192,6.690999999999999,0.0321806,0.011368099999999999,1.0965248899341058e-5,NA,-1.1534068616594151e-8,NA,-7.559559884321391e-11,0.017576276341275683,0.006208985136239104,5,3
2025-03-12T00:00:00Z,11.815873376676723,279.94468409695094,0.01397670689116347,0.33113970255349023,25.2875,45.040699999999994,0.3048,5.274000000000003,0.045040699999999996,0.0252875,1.0965248899341058e-5,1.1815873376676723e-5,1.397670689116347e-8,7.744257932368906e-8,9.1604928184099e-11,0.02460015629927645,0.01381142949416757,5,4
2025-03-12T00:00:00Z,21.64815953462893,512.8937141595013,0.01397670689116347,0.33113970255349023,25.2875,45.040699999999994,0.3048,5.274000000000003,0.045040699999999996,0.0252875,1.0965248899341058e-5,2.1648159534628933e-5,1.397670689116347e-8,1.418845021885211e-7,9.1604928184099e-11,0.02460015629927645,0.01381142949416757,5,4
2025-03-12T00:00:00Z,18.732231490507957,443.8088036210917,0.01397670689116347,0.33113970255349023,25.2875,45.040699999999994,0.3048,5.274000000000003,0.045040699999999996,0.0252875,1.0965248899341058e-5,1.8732231490507955e-5,1.397670689116347e-8,1.227731778149249e-7,9.1604928184099e-11,0.02460015629927645,0.01381142949416757,5,4
2025-03-12T00:00:00Z,-10.699089231087598,-253.48554943335972,0.01397670689116347,0.33113970255349023,25.2875,45.040699999999994,0.3048,5.274000000000003,0.045040699999999996,0.0252875,1.0965248899341058e-5,-1.0699089231087597e-5,1.397670689116347e-8,-7.012304888991345e-8,9.1604928184099e-11,0.02460015629927645,0.01381142949416757,5,4
2025-03-12T00:00:00Z,-0.8668030731353906,-20.53651937080945,0.01397670689116347,0.33113970255349023,25.2875,45.040699999999994,0.3048,5.274000000000003,0.045040699999999996,0.0252875,1.0965248899341058e-5,-8.668030731353906e-7,1.397670689116347e-8,-5.6811260250814316e-9,9.1604928184099e-11,0.02460015629927645,0.01381142949416757,5,4
2025-03-12T00:00:00Z,-3.7827311172563616,-89.62142990921888,0.01397670689116347,0.33113970255349023,25.2875,45.040699999999994,0.3048,5.274000000000003,0.045040699999999996,0.0252875,1.0965248899341058e-5,-3.7827311172563616e-6,1.397670689116347e-8,-2.4792450398677592e-8,9.1604928184099e-11,0.02460015629927645,0.01381142949416757,5,4
2025-03-12T00:00:00Z,11.815873376676745,279.94468409695145,0.01397670689116347,0.33113970255349023,25.2875,45.040699999999994,0.3048,5.274000000000003,0.045040699999999996,0.0252875,1.0965248899341058e-5,1.1815873376676745e-5,1.397670689116347e-8,7.74425793236892e-8,9.1604928184099e-11,0.02460015629927645,0.01381142949416757,5,4
2025-03-12T00:00:00Z,21.64815953462895,512.8937141595017,0.01397670689116347,0.33113970255349023,25.2875,45.040699999999994,0.3048,5.274000000000003,0.045040699999999996,0.0252875,1.0965248899341058e-5,2.164815953462895e-5,1.397670689116347e-8,1.418845021885212e-7,9.1604928184099e-11,0.02460015629927645,0.01381142949416757,5,4
2025-03-12T00:00:00Z,18.73223149050798,443.8088036210923,0.01397670689116347,0.33113970255349023,25.2875,45.040699999999994,0.3048,5.274000000000003,0.045040699999999996,0.0252875,1.0965248899341058e-5,1.8732231490507982e-5,1.397670689116347e-8,1.2277317781492507e-7,9.1604928184099e-11,0.02460015629927645,0.01381142949416757,5,4
2025-03-12T00:00:00Z,34.08922506558685,758.2553759859422,-0.01047782619501286,-0.2330609753002333,8.3896,56.4158,4.8768,3.4230000000000005,0.056415799999999995,0.0083896,1.0965248899341058e-5,3.408922506558685e-5,-1.0477826195012859e-8,2.234246620682136e-7,-6.867286576113677e-11,0.030812964668593526,0.004582199461562759,5,5
2025-03-12T00:00:00Z,43.92151122353906,976.9574386803992,-0.01047782619501286,-0.2330609753002333,8.3896,56.4158,4.8768,3.4230000000000005,0.056415799999999995,0.0083896,1.0965248899341058e-5,4.392151122353906e-5,-1.0477826195012859e-8,2.878665849330457e-7,-6.867286576113677e-11,0.030812964668593526,0.004582199461562759,5,5
2025-03-12T00:00:00Z,41.005583179418096,912.0977033479312,-0.01047782619501286,-0.2330609753002333,8.3896,56.4158,4.8768,3.4230000000000005,0.056415799999999995,0.0083896,1.0965248899341058e-5,4.10055831794181e-5,-1.0477826195012859e-8,2.687552605594496e-7,-6.867286576113677e-11,0.030812964668593526,0.004582199461562759,5,5
2025-03-12T00:00:00Z,41.688025781628376,927.2774491747192,-0.01047782619501286,-0.2330609753002333,8.3896,56.4158,4.8768,3.4230000000000005,0.056415799999999995,0.0083896,1.0965248899341058e-5,4.1688025781628376e-5,-1.0477826195012859e-8,2.7322806706902635e-7,-6.867286576113677e-11,0.030812964668593526,0.004582199461562759,5,5
2025-03-12T00:00:00Z,51.52031193958059,1145.9795118691763,-0.01047782619501286,-0.2330609753002333,8.3896,56.4158,4.8768,3.4230000000000005,0.056415799999999995,0.0083896,1.0965248899341058e-5,5.1520311939580586e-5,-1.0477826195012859e-8,3.3766998993385837e-7,-6.867286576113677e-11,0.030812964668593526,0.004582199461562759,5,5
2025-03-12T00:00:00Z,48.60438389545962,1081.1197765367083,-0.01047782619501286,-0.2330609753002333,8.3896,56.4158,4.8768,3.4230000000000005,0.056415799999999995,0.0083896,1.0965248899341058e-5,4.860438389545962e-5,-1.0477826195012859e-8,3.185586655602622e-7,-6.867286576113677e-11,0.030812964668593526,0.004582199461562759,5,5
2025-03-12T00:00:00Z,8.454441153537243,188.0543028858097,-0.01047782619501286,-0.2330609753002333,8.3896,56.4158,4.8768,3.4230000000000005,0.056415799999999995,0.0083896,1.0965248899341058e-5,8.454441153537243e-6,-1.0477826195012859e-8,5.541136984106852e-8,-6.867286576113677e-11,0.030812964668593526,0.004582199461562759,5,5
2025-03-12T00:00:00Z,18.28672731148945,406.75636558026656,-0.01047782619501286,-0.2330609753002333,8.3896,56.4158,4.8768,3.4230000000000005,0.056415799999999995,0.0083896,1.0965248899341058e-5,1.828672731148945e-5,-1.0477826195012859e-8,1.1985329270590056e-7,-6.867286576113677e-11,0.030812964668593526,0.004582199461562759,5,5
2025-03-12T00:00:00Z,15.370799267368476,341.89663024779844,-0.01047782619501286,-0.2330609753002333,8.3896,56.4158,4.8768,3.4230000000000005,0.056415799999999995,0.0083896,1.0965248899341058e-5,1.5370799267368477e-5,-1.0477826195012859e-8,1.0074196833230437e-7,-6.867286576113677e-11,0.030812964668593526,0.004582199461562759,5,5
2025-03-12T00:00:00Z,8.390138922314428,186.624011865149,-0.01047782619501286,-0.2330609753002333,8.3896,56.4158,4.8768,3.4230000000000005,0.056415799999999995,0.0083896,1.0965248899341058e-5,8.390138922314427e-6,-1.0477826195012859e-8,5.4989925696957057e-8,-6.867286576113677e-11,0.030812964668593526,0.004582199461562759,5,5
2025-03-12T00:00:00Z,18.222425080266635,405.3260745596059,-0.01047782619501286,-0.2330609753002333,8.3896,56.4158,4.8768,3.4230000000000005,0.056415799999999995,0.0083896,1.0965248899341058e-5,1.8222425080266636e-5,-1.0477826195012859e-8,1.1943184856178908e-7,-6.867286576113677e-11,0.030812964668593526,0.004582199461562759,5,5
2025-03-12T00:00:00Z,15.306497036145666,340.4663392271378,-0.01047782619501286,-0.2330609753002333,8.3896,56.4158,4.8768,3.4230000000000005,0.056415799999999995,0.0083896,1.0965248899341058e-5,1.5306497036145666e-5,-1.0477826195012859e-8,1.0032052418819293e-7,-6.867286576113677e-11,0.030812964668593526,0.004582199461562759,5,5
2025-03-12T00:00:00Z,13.876046180826238,308.6484539850178,-0.01047782619501286,-0.2330609753002333,8.3896,56.4158,4.8768,3.4230000000000005,0.056415799999999995,0.0083896,1.0965248899341058e-5,1.3876046180826238e-5,-1.0477826195012859e-8,9.094518642853337e-8,-6.867286576113677e-11,0.030812964668593526,0.004582199461562759,5,5
2025-03-12T00:00:00Z,23.708332338778444,527.3505166794746,-0.01047782619501286,-0.2330609753002333,8.3896,56.4158,4.8768,3.4230000000000005,0.056415799999999995,0.0083896,1.0965248899341058e-5,2.3708332338778443e-5,-1.0477826195012859e-8,1.5538710929336537e-7,-6.867286576113677e-11,0.030812964668593526,0.004582199461562759,5,5
2025-03-12T00:00:00Z,20.792404294657477,462.4907813470066,-0.01047782619501286,-0.2330609753002333,8.3896,56.4158,4.8768,3.4230000000000005,0.056415799999999995,0.0083896,1.0965248899341058e-5,2.0792404294657475e-5,-1.0477826195012859e-8,1.3627578491976923e-7,-6.867286576113677e-11,0.030812964668593526,0.004582199461562759,5,5
2025-03-12T00:00:00Z,NA,NA,-0.01047782619501286,-0.2330609753002333,8.3896,56.4158,4.8768,3.4230000000000005,0.056415799999999995,0.0083896,1.0965248899341058e-5,NA,-1.0477826195012859e-8,NA,-6.867286576113677e-11,0.030812964668593526,0.004582199461562759,5,5
2025-03-12T00:00:00Z,51.91334088875119,1215.9984852320767,0.6082830211733965,14.248191691695125,14.5723,76.7009,7.62,3.778,0.0767009,0.0145723,1.0965248899341058e-5,5.1913340888751196e-5,6.082830211733965e-7,3.4024594641226227e-7,3.986756172544825e-9,0.04189220257001275,0.007959042768872292,5,6
2025-03-12T00:00:00Z,61.745627046703405,1446.306241769258,0.6082830211733965,14.248191691695125,14.5723,76.7009,7.62,3.778,0.0767009,0.0145723,1.0965248899341058e-5,6.17456270467034e-5,6.082830211733965e-7,4.0468786927709434e-7,3.986756172544825e-9,0.04189220257001275,0.007959042768872292,5,6
2025-03-12T00:00:00Z,58.82969900258243,1378.004644838802,0.6082830211733965,14.248191691695125,14.5723,76.7009,7.62,3.778,0.0767009,0.0145723,1.0965248899341058e-5,5.882969900258243e-5,6.082830211733965e-7,3.855765449034982e-7,3.986756172544825e-9,0.04189220257001275,0.007959042768872292,5,6
2025-03-12T00:00:00Z,8.138902122354176,190.64256861147837,0.6082830211733965,14.248191691695125,14.5723,76.7009,7.62,3.778,0.0767009,0.0145723,1.0965248899341058e-5,8.138902122354177e-6,6.082830211733965e-7,5.334329110722318e-8,3.986756172544825e-9,0.04189220257001275,0.007959042768872292,5,6
2025-03-12T00:00:00Z,17.971188280306382,420.9503251486595,0.6082830211733965,14.248191691695125,14.5723,76.7009,7.62,3.778,0.0767009,0.0145723,1.0965248899341058e-5,1.7971188280306383e-5,6.082830211733965e-7,1.1778521397205519e-7,3.986756172544825e-9,0.04189220257001275,0.007959042768872292,5,6
2025-03-12T00:00:00Z,15.055260236185417,352.64872821820376,0.6082830211733965,14.248191691695125,14.5723,76.7009,7.62,3.778,0.0767009,0.0145723,1.0965248899341058e-5,1.5055260236185417e-5,6.082830211733965e-7,9.867388959845908e-8,3.986756172544825e-9,0.04189220257001275,0.007959042768872292,5,6
2025-03-12T00:00:00Z,NA,NA,0.6082830211733965,14.248191691695125,14.5723,76.7009,7.62,3.778,0.0767009,0.0145723,1.0965248899341058e-5,NA,6.082830211733965e-7,NA,3.986756172544825e-9,0.04189220257001275,0.007959042768872292,5,6
2025-03-12T00:00:00Z,293.2185636030563,7086.498539253957,0.26482962659832593,6.400395455796599,13.140399999999998,52.2578,0.3048,2.7449999999999966,0.0522578,0.013140399999999998,2.7578417796506917e-6,2.932185636030563e-4,2.648296265983259e-7,1.4438963150721904e-6,1.3041006588004484e-9,0.021444425825396202,0.0053922731748377506,6,1
2025-03-12T00:00:00Z,293.80019093476267,7100.555293321231,0.26482962659832593,6.400395455796599,13.140399999999998,52.2578,0.3048,2.7449999999999966,0.0522578,0.013140399999999998,2.7578417796506917e-6,2.9380019093476267e-4,2.648296265983259e-7,1.4467604228240208e-6,1.3041006588004484e-9,0.021444425825396202,0.0053922731748377506,6,1
2025-03-12T00:00:00Z,290.8456843980711,7029.150856988119,0.26482962659832593,6.400395455796599,13.140399999999998,52.2578,0.3048,2.7449999999999966,0.0522578,0.013140399999999998,2.7578417796506917e-6,2.908456843980711e-4,2.648296265983259e-7,1.43221154485134e-6,1.3041006588004484e-9,0.021444425825396202,0.0053922731748377506,6,1
2025-03-12T00:00:00Z,21.666123152242207,523.6262949487431,0.26482962659832593,6.400395455796599,13.140399999999998,52.2578,0.3048,2.7449999999999966,0.0522578,0.013140399999999998,2.7578417796506917e-6,2.1666123152242207e-5,2.648296265983259e-7,1.0669050075483255e-7,1.3041006588004484e-9,0.021444425825396202,0.0053922731748377506,6,1
2025-03-12T00:00:00Z,22.24775048394856,537.6830490160162,0.26482962659832593,6.400395455796599,13.140399999999998,52.2578,0.3048,2.7449999999999966,0.0522578,0.013140399999999998,2.7578417796506917e-6,2.224775048394856e-5,2.648296265983259e-7,1.095546085066629e-7,1.3041006588004484e-9,0.021444425825396202,0.0053922731748377506,6,1
2025-03-12T00:00:00Z,19.29324394725705,466.27861268290536,0.26482962659832593,6.400395455796599,13.140399999999998,52.2578,0.3048,2.7449999999999966,0.0522578,0.013140399999999998,2.7578417796506917e-6,1.929324394725705e-5,2.648296265983259e-7,9.500573053398223e-8,1.3041006588004484e-9,0.021444425825396202,0.0053922731748377506,6,1
2025-03-12T00:00:00Z,4.4499219933033025,107.5455977883701,0.26482962659832593,6.400395455796599,13.140399999999998,52.2578,0.3048,2.7449999999999966,0.0522578,0.013140399999999998,2.7578417796506917e-6,4.449921993303302e-6,2.648296265983259e-7,2.1912753031514962e-8,1.3041006588004484e-9,0.021444425825396202,0.0053922731748377506,6,1
2025-03-12T00:00:00Z,5.031549325009653,121.60235185564318,0.26482962659832593,6.400395455796599,13.140399999999998,52.2578,0.3048,2.7449999999999966,0.0522578,0.013140399999999998,2.7578417796506917e-6,5.031549325009653e-6,2.648296265983259e-7,2.4776860783345303e-8,1.3041006588004484e-9,0.021444425825396202,0.0053922731748377506,6,1
2025-03-12T00:00:00Z,2.0770427883181473,50.197915522532405,0.26482962659832593,6.400395455796599,13.140399999999998,52.2578,0.3048,2.7449999999999966,0.0522578,0.013140399999999998,2.7578417796506917e-6,2.0770427883181472e-6,2.648296265983259e-7,1.0227982810664656e-8,1.3041006588004484e-9,0.021444425825396202,0.0053922731748377506,6,1
2025-03-12T00:00:00Z,293.2185636030565,7086.498539253962,0.26482962659832593,6.400395455796599,13.140399999999998,52.2578,0.3048,2.7449999999999966,0.0522578,0.013140399999999998,2.7578417796506917e-6,2.932185636030565e-4,2.648296265983259e-7,1.4438963150721915e-6,1.3041006588004484e-9,0.021444425825396202,0.0053922731748377506,6,1
2025-03-12T00:00:00Z,293.80019093476284,7100.555293321234,0.26482962659832593,6.400395455796599,13.140399999999998,52.2578,0.3048,2.7449999999999966,0.0522578,0.013140399999999998,2.7578417796506917e-6,2.9380019093476283e-4,2.648296265983259e-7,1.4467604228240219e-6,1.3041006588004484e-9,0.021444425825396202,0.0053922731748377506,6,1
2025-03-12T00:00:00Z,290.84568439807134,7029.150856988124,0.26482962659832593,6.400395455796599,13.140399999999998,52.2578,0.3048,2.7449999999999966,0.0522578,0.013140399999999998,2.7578417796506917e-6,2.9084568439807134e-4,2.648296265983259e-7,1.4322115448513411e-6,1.3041006588004484e-9,0.021444425825396202,0.0053922731748377506,6,1
2025-03-12T00:00:00Z,NA,NA,0.26482962659832593,6.400395455796599,13.140399999999998,52.2578,0.3048,2.7449999999999966,0.0522578,0.013140399999999998,2.7578417796506917e-6,NA,2.648296265983259e-7,NA,1.3041006588004484e-9,0.021444425825396202,0.0053922731748377506,6,1
2025-03-12T00:00:00Z,168.28412971727477,3908.174832459825,0.27741684982101444,6.442636940228837,18.8828,38.2691,2.4384,11.017,0.0382691,0.018882799999999998,2.7578417796506917e-6,1.6828412971727475e-4,2.7741684982101443e-7,8.286816216480872e-7,1.366083928225487e-9,0.01570404564207965,0.0077487151004403424,6,2
2025-03-12T00:00:00Z,168.8657570489811,3921.682352767679,0.27741684982101444,6.442636940228837,18.8828,38.2691,2.4384,11.017,0.0382691,0.018882799999999998,2.7578417796506917e-6,1.688657570489811e-4,2.7741684982101443e-7,8.315457293999176e-7,1.366083928225487e-9,0.01570404564207965,0.0077487151004403424,6,2
2025-03-12T00:00:00Z,165.9112505122896,3853.067872552374,0.27741684982101444,6.442636940228837,18.8828,38.2691,2.4384,11.017,0.0382691,0.018882799999999998,2.7578417796506917e-6,1.659112505122896e-4,2.7741684982101443e-7,8.169968514272369e-7,1.366083928225487e-9,0.01570404564207965,0.0077487151004403424,6,2
2025-03-12T00:00:00Z,168.28412971727454,3908.174832459821,0.27741684982101444,6.442636940228837,18.8828,38.2691,2.4384,11.017,0.0382691,0.018882799999999998,2.7578417796506917e-6,1.6828412971727454e-4,2.7741684982101443e-7,8.286816216480861e-7,1.366083928225487e-9,0.01570404564207965,0.0077487151004403424,6,2
2025-03-12T00:00:00Z,168.8657570489809,3921.6823527676743,0.27741684982101444,6.442636940228837,18.8828,38.2691,2.4384,11.017,0.0382691,0.018882799999999998,2.7578417796506917e-6,1.688657570489809e-4,2.7741684982101443e-7,8.315457293999166e-7,1.366083928225487e-9,0.01570404564207965,0.0077487151004403424,6,2
2025-03-12T00:00:00Z,165.91125051228937,3853.0678725523694,0.27741684982101444,6.442636940228837,18.8828,38.2691,2.4384,11.017,0.0382691,0.018882799999999998,2.7578417796506917e-6,1.6591125051228938e-4,2.7741684982101443e-7,8.169968514272359e-7,1.366083928225487e-9,0.01570404564207965,0.0077487151004403424,6,2
2025-03-12T00:00:00Z,180.49390204239245,4191.730536680169,0.2834551659873355,6.582868792818255,18.812499999999996,39.249199999999995,7.9248,0.1989999999999985,0.0392492,0.018812499999999996,2.7578417796506917e-6,1.8049390204239244e-4,2.834551659873355e-7,8.888062094350116e-7,1.395818411454164e-9,0.016106237884222847,0.007719866906763507,6,3
2025-03-12T00:00:00Z,181.0755293740988,4205.2380569880215,0.2834551659873355,6.582868792818255,18.812499999999996,39.249199999999995,7.9248,0.1989999999999985,0.0392492,0.018812499999999996,2.7578417796506917e-6,1.810755293740988e-4,2.834551659873355e-7,8.916703171868421e-7,1.395818411454164e-9,0.016106237884222847,0.007719866906763507,6,3
2025-03-12T00:00:00Z,178.12102283740728,4136.623576772718,0.2834551659873355,6.582868792818255,18.812499999999996,39.249199999999995,7.9248,0.1989999999999985,0.0392492,0.018812499999999996,2.7578417796506917e-6,1.7812102283740728e-4,2.834551659873355e-7,8.771214392141613e-7,1.395818411454164e-9,0.016106237884222847,0.007719866906763507,6,3
2025-03-12T00:00:00Z,119.57582824790605,2776.9893888041024,0.2834551659873355,6.582868792818255,18.812499999999996,39.249199999999995,7.9248,0.1989999999999985,0.0392492,0.018812499999999996,2.7578417796506917e-6,1.1957582824790604e-4,2.834551659873355e-7,5.888273090805669e-7,1.395818411454164e-9,0.016106237884222847,0.007719866906763507,6,3
2025-03-12T00:00:00Z,120.15745557961236,2790.4969091119556,0.2834551659873355,6.582868792818255,18.812499999999996,39.249199999999995,7.9248,0.1989999999999985,0.0392492,0.018812499999999996,2.7578417796506917e-6,1.2015745557961236e-4,2.834551659873355e-7,5.91691416832397e-7,1.395818411454164e-9,0.016106237884222847,0.007719866906763507,6,3
2025-03-12T00:00:00Z,117.20294904292088,2721.8824288966507,0.2834551659873355,6.582868792818255,18.812499999999996,39.249199999999995,7.9248,0.1989999999999985,0.0392492,0.018812499999999996,2.7578417796506917e-6,1.1720294904292088e-4,2.834551659873355e-7,5.771425388597164e-7,1.395818411454164e-9,0.016106237884222847,0.007719866906763507,6,3
2025-03-12T00:00:00Z,17.78634760145164,413.0642394749831,0.2834551659873355,6.582868792818255,18.812499999999996,39.249199999999995,7.9248,0.1989999999999985,0.0392492,0.018812499999999996,2.7578417796506917e-6,1.7786347601451643e-5,2.834551659873355e-7,8.758532012691924e-8,1.395818411454164e-9,0.016106237884222847,0.007719866906763507,6,3
2025-03-12T00:00:00Z,18.367974933157996,426.5717597828366,0.2834551659873355,6.582868792818255,18.812499999999996,39.249199999999995,7.9248,0.1989999999999985,0.0392492,0.018812499999999996,2.7578417796506917e-6,1.8367974933157997e-5,2.834551659873355e-7,9.044942787874961e-8,1.395818411454164e-9,0.016106237884222847,0.007719866906763507,6,3
2025-03-12T00:00:00Z,15.413468396466488,357.9572795675314,0.2834551659873355,6.582868792818255,18.812499999999996,39.249199999999995,7.9248,0.1989999999999985,0.0392492,0.018812499999999996,2.7578417796506917e-6,1.5413468396466486e-5,2.834551659873355e-7,7.590054990606895e-8,1.395818411454164e-9,0.016106237884222847,0.007719866906763507,6,3
2025-03-12T00:00:00Z,180.4939020423923,4191.730536680167,0.2834551659873355,6.582868792818255,18.812499999999996,39.249199999999995,7.9248,0.1989999999999985,0.0392492,0.018812499999999996,2.7578417796506917e-6,1.804939020423923e-4,2.834551659873355e-7,8.88806209435011e-7,1.395818411454164e-9,0.016106237884222847,0.007719866906763507,6,3
2025-03-12T00:00:00Z,181.07552937409864,4205.23805698802,0.2834551659873355,6.582868792818255,18.812499999999996,39.249199999999995,7.9248,0.1989999999999985,0.0392492,0.018812499999999996,2.7578417796506917e-6,1.8107552937409864e-4,2.834551659873355e-7,8.916703171868414e-7,1.395818411454164e-9,0.016106237884222847,0.007719866906763507,6,3
2025-03-12T00:00:00Z,178.12102283740717,4136.623576772715,0.2834551659873355,6.582868792818255,18.812499999999996,39.249199999999995,7.9248,0.1989999999999985,0.0392492,0.018812499999999996,2.7578417796506917e-6,1.7812102283740717e-4,2.834551659873355e-7,8.771214392141608e-7,1.395818411454164e-9,0.016106237884222847,0.007719866906763507,6,3
2025-03-12T00:00:00Z,NA,NA,0.2834551659873355,6.582868792818255,18.812499999999996,39.249199999999995,7.9248,0.1989999999999985,0.0392492,0.018812499999999996,2.7578417796506917e-6,NA,2.834551659873355e-7,NA,1.395818411454164e-9,0.016106237884222847,0.007719866906763507,6,3
2025-03-12T00:00:00Z,22.169916340047703,519.2997450306916,0.01376589884946876,0.3224472141888128,15.5935,42.7835,1.524,-0.2900000000000034,0.042783499999999995,0.0155935,2.7578417796506917e-6,2.2169916340047702e-5,1.3765898849468759e-8,1.0917132979407296e-7,6.778742238609502e-11,0.01755656748467862,0.0063989233015610235,6,4
2025-03-12T00:00:00Z,22.751543671754053,532.9235639222582,0.01376589884946876,0.3224472141888128,15.5935,42.7835,1.524,-0.2900000000000034,0.042783499999999995,0.0155935,2.7578417796506917e-6,2.2751543671754053e-5,1.3765898849468759e-8,1.1203543754590329e-7,6.778742238609502e-11,0.01755656748467862,0.0063989233015610235,6,4
2025-03-12T00:00:00Z,19.79703713506255,463.7183189559567,0.01376589884946876,0.3224472141888128,15.5935,42.7835,1.524,-0.2900000000000034,0.042783499999999995,0.0155935,2.7578417796506917e-6,1.979703713506255e-5,1.3765898849468759e-8,9.748655957322267e-8,6.778742238609502e-11,0.01755656748467862,0.0063989233015610235,6,4
2025-03-12T00:00:00Z,4.287824998230574,100.43639291029334,0.01376589884946876,0.3224472141888128,15.5935,42.7835,1.524,-0.2900000000000034,0.042783499999999995,0.0155935,2.7578417796506917e-6,4.287824998230574e-6,1.3765898849468759e-8,2.1114538720000113e-8,6.778742238609502e-11,0.01755656748467862,0.0063989233015610235,6,4
2025-03-12T00:00:00Z,4.869452329936926,114.06021180185978,0.01376589884946876,0.3224472141888128,15.5935,42.7835,1.524,-0.2900000000000034,0.042783499999999995,0.0155935,2.7578417796506917e-6,4.869452329936926e-6,1.3765898849468759e-8,2.3978646471830454e-8,6.778742238609502e-11,0.01755656748467862,0.0063989233015610235,6,4
2025-03-12T00:00:00Z,1.9149457932454197,44.854966835558315,0.01376589884946876,0.3224472141888128,15.5935,42.7835,1.524,-0.2900000000000034,0.042783499999999995,0.0155935,2.7578417796506917e-6,1.91494579324542e-6,1.3765898849468759e-8,9.429768499149807e-9,6.778742238609502e-11,0.01755656748467862,0.0063989233015610235,6,4
2025-03-12T00:00:00Z,16.727473348379988,391.8180164320244,0.01376589884946876,0.3224472141888128,15.5935,42.7835,1.524,-0.2900000000000034,0.042783499999999995,0.0155935,2.7578417796506917e-6,1.6727473348379987e-5,1.3765898849468759e-8,8.237110512856487e-8,6.778742238609502e-11,0.01755656748467862,0.0063989233015610235,6,4
2025-03-12T00:00:00Z,17.30910068008634,405.4418353235909,0.01376589884946876,0.3224472141888128,15.5935,42.7835,1.524,-0.2900000000000034,0.042783499999999995,0.0155935,2.7578417796506917e-6,1.7309100680086338e-5,1.3765898849468759e-8,8.523521288039522e-8,6.778742238609502e-11,0.01755656748467862,0.0063989233015610235,6,4
2025-03-12T00:00:00Z,14.354594143394834,336.23659035728946,0.01376589884946876,0.3224472141888128,15.5935,42.7835,1.524,-0.2900000000000034,0.042783499999999995,0.0155935,2.7578417796506917e-6,1.4354594143394834e-5,1.3765898849468759e-8,7.068633490771458e-8,6.778742238609502e-11,0.01755656748467862,0.0063989233015610235,6,4
2025-03-12T00:00:00Z,19.407858374433367,454.602342690362,0.01376589884946876,0.3224472141888128,15.5935,42.7835,1.524,-0.2900000000000034,0.042783499999999995,0.0155935,2.7578417796506917e-6,1.9407858374433367e-5,1.3765898849468759e-8,9.557012641335782e-8,6.778742238609502e-11,0.01755656748467862,0.0063989233015610235,6,4
2025-03-12T00:00:00Z,19.98948570613972,468.2261615819284,0.01376589884946876,0.3224472141888128,15.5935,42.7835,1.524,-0.2900000000000034,0.042783499999999995,0.0155935,2.7578417796506917e-6,1.998948570613972e-5,1.3765898849468759e-8,9.843423416518818e-8,6.778742238609502e-11,0.01755656748467862,0.0063989233015610235,6,4
2025-03-12T00:00:00Z,17.034979169448214,399.020916615627,0.01376589884946876,0.3224472141888128,15.5935,42.7835,1.524,-0.2900000000000034,0.042783499999999995,0.0155935,2.7578417796506917e-6,1.7034979169448214e-5,1.3765898849468759e-8,8.388535619250753e-8,6.778742238609502e-11,0.01755656748467862,0.0063989233015610235,6,4
2025-03-12T00:00:00Z,NA,NA,0.01376589884946876,0.3224472141888128,15.5935,42.7835,1.524,-0.2900000000000034,0.042783499999999995,0.0155935,2.7578417796506917e-6,NA,1.3765898849468759e-8,NA,6.778742238609502e-11,0.01755656748467862,0.0063989233015610235,6,4
2025-03-12T00:00:00Z,18.422815507409755,454.138849696825,0.00929955872858108,0.22924242507814577,6.4175,13.668589999999998,7.62,-2.127000000000003,0.013668589999999998,0.0064175000000000005,2.7578417796506917e-6,1.8422815507409754e-5,9.299558728581081e-9,9.07194793451559e-8,4.579382156094733e-11,0.005609020364285375,0.002633474863742449,6,5
2025-03-12T00:00:00Z,19.004442839116106,468.4764826860453,0.00929955872858108,0.22924242507814577,6.4175,13.668589999999998,7.62,-2.127000000000003,0.013668589999999998,0.0064175000000000005,2.7578417796506917e-6,1.9004442839116105e-5,9.299558728581081e-9,9.358358709698624e-8,4.579382156094733e-11,0.005609020364285375,0.002633474863742449,6,5
2025-03-12T00:00:00Z,16.049936302424598,395.6452588454129,0.00929955872858108,0.22924242507814577,6.4175,13.668589999999998,7.62,-2.127000000000003,0.013668589999999998,0.0064175000000000005,2.7578417796506917e-6,1.6049936302424598e-5,9.299558728581081e-9,7.903470912430559e-8,4.579382156094733e-11,0.005609020364285375,0.002633474863742449,6,5
2025-03-12T00:00:00Z,29.07879710912603,716.8183095789244,0.00929955872858108,0.22924242507814577,6.4175,13.668589999999998,7.62,-2.127000000000003,0.013668589999999998,0.0064175000000000005,2.7578417796506917e-6,2.9078797109126028e-5,9.299558728581081e-9,1.4319273471865985e-7,4.579382156094733e-11,0.005609020364285375,0.002633474863742449,6,5
2025-03-12T00:00:00Z,29.660424440832376,731.1559425681446,0.00929955872858108,0.22924242507814577,6.4175,13.668589999999998,7.62,-2.127000000000003,0.013668589999999998,0.0064175000000000005,2.7578417796506917e-6,2.9660424440832375e-5,9.299558728581081e-9,1.460568424704902e-7,4.579382156094733e-11,0.005609020364285375,0.002633474863742449,6,5
2025-03-12T00:00:00Z,26.705917904140875,658.3247187275124,0.00929955872858108,0.22924242507814577,6.4175,13.668589999999998,7.62,-2.127000000000003,0.013668589999999998,0.0064175000000000005,2.7578417796506917e-6,2.6705917904140875e-5,9.299558728581081e-9,1.3150796449780957e-7,4.579382156094733e-11,0.005609020364285375,0.002633474863742449,6,5
2025-03-12T00:00:00Z,11.154250896917445,274.96224285145036,0.00929955872858108,0.22924242507814577,6.4175,13.668589999999998,7.62,-2.127000000000003,0.013668589999999998,0.0064175000000000005,2.7578417796506917e-6,1.1154250896917444e-5,9.299558728581081e-9,5.492688310571172e-8,4.579382156094733e-11,0.005609020364285375,0.002633474863742449,6,5
2025-03-12T00:00:00Z,11.735878228623797,289.29987584067055,0.00929955872858108,0.22924242507814577,6.4175,13.668589999999998,7.62,-2.127000000000003,0.013668589999999998,0.0064175000000000005,2.7578417796506917e-6,1.1735878228623797e-5,9.299558728581081e-9,5.779099085754208e-8,4.579382156094733e-11,0.005609020364285375,0.002633474863742449,6,5
2025-03-12T00:00:00Z,8.781371691932288,216.46865200003828,0.00929955872858108,0.22924242507814577,6.4175,13.668589999999998,7.62,-2.127000000000003,0.013668589999999998,0.0064175000000000005,2.7578417796506917e-6,8.781371691932288e-6,9.299558728581081e-9,4.324211288486141e-8,4.579382156094733e-11,0.005609020364285375,0.002633474863742449,6,5
2025-03-12T00:00:00Z,18.42281550740976,454.1388496968251,0.00929955872858108,0.22924242507814577,6.4175,13.668589999999998,7.62,-2.127000000000003,0.013668589999999998,0.0064175000000000005,2.7578417796506917e-6,1.8422815507409758e-5,9.299558728581081e-9,9.071947934515593e-8,4.579382156094733e-11,0.005609020364285375,0.002633474863742449,6,5
2025-03-12T00:00:00Z,19.004442839116113,468.47648268604536,0.00929955872858108,0.22924242507814577,6.4175,13.668589999999998,7.62,-2.127000000000003,0.013668589999999998,0.0064175000000000005,2.7578417796506917e-6,1.9004442839116112e-5,9.299558728581081e-9,9.358358709698628e-8,4.579382156094733e-11,0.005609020364285375,0.002633474863742449,6,5
2025-03-12T00:00:00Z,16.049936302424605,395.64525884541314,0.00929955872858108,0.22924242507814577,6.4175,13.668589999999998,7.62,-2.127000000000003,0.013668589999999998,0.0064175000000000005,2.7578417796506917e-6,1.6049936302424605e-5,9.299558728581081e-9,7.903470912430563e-8,4.579382156094733e-11,0.005609020364285375,0.002633474863742449,6,5
2025-03-12T00:00:00Z,NA,NA,0.00929955872858108,0.22924242507814577,6.4175,13.668589999999998,7.62,-2.127000000000003,0.013668589999999998,0.0064175000000000005,2.7578417796506917e-6,NA,9.299558728581081e-9,NA,4.579382156094733e-11,0.005609020364285375,0.002633474863742449,6,5
2025-03-12T00:00:00Z,21.41167215243244,487.37561818465696,-3.2183147944845844e-4,-0.00732557528112796,13.7731,107.4404,0.3048,0.148,0.10744039999999999,0.0137731,2.1628294914399343e-6,2.1411672152432443e-5,-3.2183147944845845e-10,2.1702747456017417e-8,-3.262065322195247e-13,0.009075080837426166,0.0011633612298721369,9,1
2025-03-12T00:00:00Z,20.738476415922825,472.0522382120481,-3.2183147944845844e-4,-0.00732557528112796,13.7731,107.4404,0.3048,0.148,0.10744039999999999,0.0137731,2.1628294914399343e-6,2.0738476415922826e-5,-3.2183147944845845e-10,2.1020400138445766e-8,-3.262065322195247e-13,0.009075080837426166,0.0011633612298721369,9,1
2025-03-12T00:00:00Z,20.0150358982086,480.9877788059843,-9.159148501338856e-4,-0.02201064497619729,21.754,112.8161,1.524,3.812,0.1128161,0.021754000000000003,2.1628294914399343e-6,2.0015035898208597e-5,-9.159148501338856e-10,2.028712500030488e-8,-9.283660118723405e-13,0.009529145714862883,0.0018374774157334562,9,2
2025-03-12T00:00:00Z,20.62351933511424,495.6104404012937,-9.159148501338856e-4,-0.02201064497619729,21.754,112.8161,1.524,3.812,0.1128161,0.021754000000000003,2.1628294914399343e-6,2.062351933511424e-5,-9.159148501338856e-10,2.0903880304062522e-8,-9.283660118723405e-13,0.009529145714862883,0.0018374774157334562,9,2
2025-03-12T00:00:00Z,19.067940059991045,464.7629892677935,-7.446674266678009e-4,-0.01815056362352783,14.8794,84.6308,4.2672,-0.007000000000000839,0.08463079999999999,0.014879400000000001,2.1628294914399343e-6,1.9067940059991044e-5,-7.446674266678009e-10,1.932715411866845e-8,-7.547906106836998e-13,0.0071484409154847365,0.0012568061717231033,9,3
2025-03-12T00:00:00Z,18.84191103112526,459.2537456480604,-7.446674266678009e-4,-0.01815056362352783,14.8794,84.6308,4.2672,-0.007000000000000839,0.08463079999999999,0.014879400000000001,2.1628294914399343e-6,1.884191103112526e-5,-7.446674266678009e-10,1.909805239806109e-8,-7.547906106836998e-13,0.0071484409154847365,0.0012568061717231033,9,3
2025-03-12T00:00:00Z,19.93268389797584,466.89565748600177,-5.613826803858311e-4,-0.01314961582702937,20.496,30.2204,0.3,0.3250000000000019,0.0302204,0.020496,2.1628294914399343e-6,1.993268389797584e-5,-5.613826803858312e-10,2.020365348762592e-8,-5.690142484837057e-13,0.0025526019350202876,0.0017312189534280096,9,4
2025-03-12T00:00:00Z,19.483192953274244,456.3669514053436,-5.613826803858311e-4,-0.01314961582702937,20.496,30.2204,0.3,0.3250000000000019,0.0302204,0.020496,2.1628294914399343e-6,1.9483192953274245e-5,-5.613826803858312e-10,1.9748052057379043e-8,-5.690142484837057e-13,0.0025526019350202876,0.0017312189534280096,9,4
2025-03-12T00:00:00Z,19.93641545656303,464.3226101207482,-6.696355744615731e-4,-0.01559592989226896,22.5421,20.04518,20,1.430000000000003,0.02004518,0.022542100000000002,2.1628294914399343e-6,1.993641545656303e-5,-6.696355744615731e-10,2.020743577389756e-8,-6.787387578439861e-13,0.0016931399073417284,0.0019040452171189275,9,5
2025-04-17T00:00:00Z,80.84831455186969,1987.3696853815215,0.25319204143816726,6.223830274300245,15.4899,39.130399999999995,2.1336,4.352999999999999,0.039130399999999996,0.015489900000000001,3.430271326188278e-6,8.08483145518697e-5,2.531920414381673e-7,6.424503693364965e-8,2.011956853233502e-10,0.002591204289129639,0.0010257369032309715,5,2
2025-04-17T00:00:00Z,20.086296038891373,493.75050130056775,0.25319204143816726,6.223830274300245,15.4899,39.130399999999995,2.1336,4.352999999999999,0.039130399999999996,0.015489900000000001,3.430271326188278e-6,2.0086296038891372e-5,2.531920414381673e-7,1.596130776543138e-8,2.011956853233502e-10,0.002591204289129639,0.0010257369032309715,5,2
2025-04-17T00:00:00Z,885.7963492199721,21835.67082559168,5.9445939298419015,146.53954755869466,30.045699999999997,36.2495,1.2192,7.302999999999999,0.0362495,0.030045699999999998,3.430271326188278e-6,8.857963492199721e-4,5.944593929841902e-6,7.038862774909024e-7,4.723792433956316e-9,0.0024004318861755784,0.0019896179622468056,5,3
2025-04-17T00:00:00Z,6.49917437572676,160.21045066561683,5.9445939298419015,146.53954755869466,30.045699999999997,36.2495,1.2192,7.302999999999999,0.0362495,0.030045699999999998,3.430271326188278e-6,6.49917437572676e-6,5.944593929841902e-6,5.164482402894311e-9,4.723792433956316e-9,0.0024004318861755784,0.0019896179622468056,5,3
2025-04-17T00:00:00Z,1536.8953568582965,37992.78010207247,5.574921722510794,137.81470166101136,20.595899999999997,50.327299999999994,0.3048,5.765000000000002,0.05032729999999999,0.020595899999999997,3.430271326188278e-6,0.0015368953568582965,5.574921722510794e-6,1.2212734367043463e-6,4.430037335350102e-9,0.0033326599171057307,0.0013638548141211215,5,4
2025-04-17T00:00:00Z,19.150813100644488,473.4171572982113,5.574921722510794,137.81470166101136,20.595899999999997,50.327299999999994,0.3048,5.765000000000002,0.05032729999999999,0.020595899999999997,3.430271326188278e-6,1.9150813100644487e-5,5.574921722510794e-6,1.521793870138105e-8,4.430037335350102e-9,0.0033326599171057307,0.0013638548141211215,5,4
2025-04-17T00:00:00Z,154.3114733126058,3803.915582665583,0.703930609621074,17.352517979193866,32.5543,50.7728,4.8768,3.9390000000000005,0.0507728,0.032554299999999994,3.430271326188278e-6,1.5431147331260582e-4,7.03930609621074e-7,1.2262155812653225e-7,5.593690884528966e-10,0.003362160804160483,0.0021557367619450094,5,5
2025-04-17T00:00:00Z,17.577912828363186,433.3112443498764,0.703930609621074,17.352517979193866,32.5543,50.7728,4.8768,3.9390000000000005,0.0507728,0.032554299999999994,3.430271326188278e-6,1.7577912828363185e-5,7.03930609621074e-7,1.3968054437920878e-8,5.593690884528966e-10,0.003362160804160483,0.0021557367619450094,5,5
2025-04-17T00:00:00Z,NA,NA,NA,NA,27.4853,96.4217,7.62,4.398,0.0964217,0.027485299999999997,3.430271326188278e-6,NA,NA,NA,NA,0.006385018364370702,0.0018200689808439187,5,6
2025-04-17T00:00:00Z,484.0662918860788,11698.901420841084,8.112319572369856,196.05832622993267,NA,NA,16.806672,5.726000000000001,NA,NA,3.430271326188278e-6,4.840662918860788e-4,8.112319572369857e-6,3.8465683512306156e-7,6.446346759771971e-9,NA,NA,5,8
2025-04-17T00:00:00Z,448.1042111983728,10829.770799878908,8.112319572369856,196.05832622993267,NA,NA,16.806672,5.726000000000001,NA,NA,3.430271326188278e-6,4.481042111983728e-4,8.112319572369857e-6,3.5608004641944193e-7,6.446346759771971e-9,NA,NA,5,8
2025-04-17T00:00:00Z,113.64222714140028,2785.6184110810264,5.151208245671049,126.26732940211946,8.0159,52.049899999999994,0.3048,3.3549999999999964,0.052049899999999996,0.0080159,8.443988072543176e-7,1.1364222714140029e-4,5.151208245671049e-6,5.495839595131777e-7,2.4911703115517992e-8,0.020976497068787608,0.003230467356396354,6,1
2025-04-17T00:00:00Z,422.788104341898,10363.456939078123,5.151208245671049,126.26732940211946,8.0159,52.049899999999994,0.3048,3.3549999999999964,0.052049899999999996,0.0080159,8.443988072543176e-7,4.2278810434189803e-4,5.151208245671049e-6,2.044641030575527e-6,2.4911703115517992e-8,0.020976497068787608,0.003230467356396354,6,1
2025-04-17T00:00:00Z,283.04493859943744,6918.479163778117,0.7332960288895803,17.923985222479015,11.246,41.80339999999999,2.4384,11.712,0.04180339999999999,0.011246,8.443988072543176e-7,2.8304493859943747e-4,7.332960288895804e-7,1.368830600988575e-6,3.5462850842493548e-9,0.01684708131169043,0.004532221695634103,6,2
2025-04-17T00:00:00Z,NA,NA,0.7332960288895803,17.923985222479015,11.246,41.80339999999999,2.4384,11.712,0.04180339999999999,0.011246,8.443988072543176e-7,NA,7.332960288895804e-7,NA,3.5462850842493548e-9,0.01684708131169043,0.004532221695634103,6,2
2025-04-17T00:00:00Z,21.1060007638062,523.2220152342694,0.01053898714980288,0.26126361676741994,14.2208,39.0413,7.9248,1.3119999999999985,0.0390413,0.0142208,8.443988072543176e-7,2.11060007638062e-5,1.053898714980288e-8,1.0207050460941747e-7,5.0967483062790997e-11,0.01573393445542946,0.005731088234863368,6,3
2025-04-17T00:00:00Z,73.23609529828006,1815.5375714553325,0.01053898714980288,0.26126361676741994,14.2208,39.0413,7.9248,1.3119999999999985,0.0390413,0.0142208,8.443988072543176e-7,7.323609529828007e-5,1.053898714980288e-8,3.5417629736552545e-7,5.0967483062790997e-11,0.01573393445542946,0.005731088234863368,6,3
2025-04-17T00:00:00Z,293.2601361516885,7147.938218922789,0.36595699784614055,8.919855407942773,8.322999999999999,56.2376,1.524,-3.3861802251067274e-15,0.0562376,0.008322999999999999,8.443988072543176e-7,2.9326013615168855e-4,3.6595699784614053e-7,1.4182322086408964e-6,1.7698007241409217e-9,0.02266417133473167,0.0033542309419138027,6,4
2025-04-17T00:00:00Z,7.384754825604861,179.99640847200618,0.36595699784614055,8.919855407942773,8.322999999999999,56.2376,1.524,-3.3861802251067274e-15,0.0562376,0.008322999999999999,8.443988072543176e-7,7.384754825604861e-6,3.6595699784614053e-7,3.571333384763825e-8,1.7698007241409217e-9,0.02266417133473167,0.0033542309419138027,6,4
2025-04-17T00:00:00Z,19.606254253985004,501.2746188315692,-0.00442179344064086,-0.11305233487210682,10.4616,20.83817,7.62,-1.4800000000000029,0.020838170000000003,0.010461600000000001,8.443988072543176e-7,1.9606254253985004e-5,-4.42179344064086e-9,9.481759654991561e-8,-2.1384187976473483e-11,0.008397937593038564,0.004216102657926883,6,5
2025-04-17T00:00:00Z,NA,NA,-0.00442179344064086,-0.11305233487210682,10.4616,20.83817,7.62,-1.4800000000000029,0.020838170000000003,0.010461600000000001,8.443988072543176e-7,NA,-4.42179344064086e-9,NA,-2.1384187976473483e-11,0.008397937593038564,0.004216102657926883,6,5
2025-04-17T00:00:00Z,17.346616503571816,418.0460792532356,-0.01081800980423224,-0.26070943477946534,6.4212,57.84139999999999,0.3048,0.41000000000000003,0.057841399999999994,0.0064212,5.093389615297086e-7,1.7346616503571815e-5,-1.081800980423224e-8,4.589811649550495e-9,-2.8623811112785426e-12,0.0012753742278388274,1.4158428032168445e-4,9,1
2025-04-17T00:00:00Z,445.6350853732339,10739.616004054822,-0.01081800980423224,-0.26070943477946534,6.4212,57.84139999999999,0.3048,0.41000000000000003,0.057841399999999994,0.0064212,5.093389615297086e-7,4.4563508537323387e-4,-1.081800980423224e-8,1.1791239553104416e-7,-2.8623811112785426e-12,0.0012753742278388274,1.4158428032168445e-4,9,1
2025-04-17T00:00:00Z,62.97419774172406,1565.5435372251125,2.743026405389857,68.19185341603297,21.8687,77.9186,1.524,4.095,0.0779186,0.0218687,5.093389615297086e-7,6.297419774172406e-5,2.7430264053898573e-6,1.6662598516347313e-8,7.257884872182769e-10,0.001718066545921822,4.8219400596007296e-4,9,2
2025-04-17T00:00:00Z,637.7290454761129,15853.994515985316,2.743026405389857,68.19185341603297,21.8687,77.9186,1.524,4.095,0.0779186,0.0218687,5.093389615297086e-7,6.377290454761129e-4,2.7430264053898573e-6,1.6873931591098898e-7,7.257884872182769e-10,0.001718066545921822,4.8219400596007296e-4,9,2
2025-04-17T00:00:00Z,-3.9490965468238146,-101.24932221839606,-0.0120071777901636,-0.3078472755971549,33.6865,79.55210000000001,4.2672,0.9889999999999992,0.07955210000000001,0.0336865,5.093389615297086e-7,-3.949096546823815e-6,-1.20071777901636e-8,-1.0449074799157149e-9,-3.1770278940662056e-12,0.001754084412038042,7.427706439694173e-4,9,3
2025-04-17T00:00:00Z,62.484866778674096,1602.0247505308148,-0.0120071777901636,-0.3078472755971549,33.6865,79.55210000000001,4.2672,0.9889999999999992,0.07955210000000001,0.0336865,5.093389615297086e-7,6.24848667786741e-5,-1.20071777901636e-8,1.6533124451233234e-8,-3.1770278940662056e-12,0.001754084412038042,7.427706439694173e-4,9,3
2025-04-17T00:00:00Z,111.54663964464208,2812.2808823753667,1.7122638346418024,43.16908929830925,34.7558,63.6923,0.3,1.426000000000002,0.06369230000000001,0.0347558,5.093389615297086e-7,1.1154663964464208e-4,1.7122638346418024e-6,2.9514578016051064e-8,4.530548360093576e-10,0.0014043836755641972,7.663481794686975e-4,9,4
2025-04-17T00:00:00Z,303.51754474737606,7652.194555370055,1.7122638346418024,43.16908929830925,34.7558,63.6923,0.3,1.426000000000002,0.06369230000000001,0.0347558,5.093389615297086e-7,3.0351754474737606e-4,1.7122638346418024e-6,8.03089387741766e-8,4.530548360093576e-10,0.0014043836755641972,7.663481794686975e-4,9,4
2025-04-17T00:00:00Z,180.23069643100416,4543.923004806154,-0.03377957458752798,-0.8516406422453869,NA,NA,20,NA,NA,NA,5.093389615297086e-7,1.8023069643100417e-4,-3.377957458752798e-8,4.768797130640947e-8,-8.937874710423863e-12,NA,NA,9,5
2025-04-17T00:00:00Z,166.47604172560213,4197.14471910515,-0.03377957458752798,-0.8516406422453869,NA,NA,20,NA,NA,NA,5.093389615297086e-7,1.6647604172560212e-4,-3.377957458752798e-8,4.4048571404451666e-8,-8.937874710423863e-12,NA,NA,9,5
2024-05-08T00:00:00Z,NA,NA,NA,NA,10.827899999999998,117.32337,0.3048,0.405,0.11732337,0.010827899999999998,3.406924264136777e-8,NA,NA,NA,NA,1.6123323706210337e-4,1.4880388856753338e-5,9,1
2024-05-08T00:00:00Z,NA,NA,NA,NA,43.695,100.94365,1.2192,6.687999999999999,0.10094365000000001,0.043695,3.231882155454068e-6,NA,NA,NA,NA,0.008541680151944708,0.0036973966588212726,5,3
2024-05-08T00:00:00Z,NA,NA,NA,NA,30.3195,119.74446,1.524,4.359999999999999,0.11974446,0.030319500000000003,3.406924264136777e-8,NA,NA,NA,NA,1.6456045292641657e-4,4.1666985282680195e-5,9,2
2024-05-08T00:00:00Z,NA,NA,NA,NA,38.33,75.41759,0.3,1.421000000000002,0.07541759,0.038329999999999996,3.406924264136777e-8,NA,NA,NA,NA,1.0364364889213903e-4,5.267552386698763e-5,9,4
2024-05-08T00:00:00Z,NA,NA,NA,NA,36.4393,111.22581,4.2672,1.1239999999999992,0.11122581,0.0364393,3.406924264136777e-8,NA,NA,NA,NA,1.5285358229272196e-4,5.0077203674571426e-05,9,3
2024-05-08T00:00:00Z,NA,NA,NA,NA,35.0259,55.00272,2.1336,4.3729999999999984,0.05500272,0.0350259,3.231882155454068e-6,NA,NA,NA,NA,0.0046542367125319145,0.002963832146291521,5,2
2024-05-08T00:00:00Z,NA,NA,NA,NA,33.0982,92.54456,4.8768,3.3640000000000008,0.09254456,0.0330982,3.231882155454068e-6,NA,NA,NA,NA,0.007830963426847118,0.002800713447602661,5,5
2024-05-08T00:00:00Z,NA,NA,NA,NA,45.064,100.91376,7.62,-2.435000000000003,0.10091375999999999,0.045064,1.4634638516255536e-7,NA,NA,NA,NA,0.012682841598318468,0.005663643627852371,6,5
2024-05-08T00:00:00Z,NA,NA,NA,NA,17.1068,64.80664,2.4384,10.717,0.06480664,0.0171068,1.4634638516255536e-7,NA,NA,NA,NA,0.008144898670302736,0.00214998266494197,6,2
2024-05-30T00:00:00Z,NA,NA,NA,NA,34.2415,53.17943,2.1336,4.432999999999998,0.05317943000000001,0.0342415,1.1165182589308032e-6,NA,NA,NA,NA,0.0010106574115270482,6.507483392883945e-4,5,2
2024-05-30T00:00:00Z,NA,NA,NA,NA,30.3195,66.68971,1.2192,6.747999999999999,0.06668971,0.030319500000000003,1.1165182589308032e-6,NA,NA,NA,NA,0.0012674157975008289,5.762120313962437e-4,5,3
2024-05-30T00:00:00Z,NA,NA,NA,NA,22.7715,59.15743,0.3048,5.615000000000003,0.05915743,0.0227715,1.1165182589308032e-6,NA,NA,NA,NA,0.0011242673168251813,4.327647973396514e-4,5,4
2024-05-30T00:00:00Z,NA,NA,NA,NA,26.5788,64.05939000000001,4.8768,3.4240000000000004,0.06405939000000001,0.0265788,1.1165182589308032e-6,NA,NA,NA,NA,0.0012174274391696506,5.051212698123148e-4,5,5
2024-05-30T00:00:00Z,NA,NA,NA,NA,26.2976,78.79516,7.62,4.568,0.07879515999999999,0.0262976,1.1165182589308032e-6,NA,NA,NA,NA,0.001497475855729548,4.997771571709908e-4,5,6
2024-05-30T00:00:00Z,NA,NA,NA,NA,12.2191,73.86331000000001,7.9248,1.8519999999999985,0.07386331000000002,0.012219099999999998,1.805548563344522e-8,NA,NA,NA,NA,0.002863475985442336,4.73700669706224e-4,6,3
2024-05-30T00:00:00Z,NA,NA,NA,NA,6.1880999999999995,97.59597,0.3048,0.765,0.09759596999999999,0.006188099999999999,NA,NA,NA,NA,NA,NA,NA,9,1
2024-05-30T00:00:00Z,NA,NA,NA,NA,26.8119,101.78057,4.2672,1.3139999999999992,0.10178057,0.026811900000000003,NA,NA,NA,NA,NA,NA,NA,9,3
2024-05-30T00:00:00Z,NA,NA,NA,NA,26.4641,83.27866,0.3,1.581000000000002,0.08327866,0.026464099999999997,NA,NA,NA,NA,NA,NA,NA,9,4
2024-06-20T00:00:00Z,NA,NA,NA,NA,15.560199999999998,103.15551,1.524,5.609999999999999,0.10315551,0.015560199999999998,NA,NA,NA,NA,NA,NA,NA,9,2
2024-06-20T00:00:00Z,NA,NA,NA,NA,11.2793,75.47737000000001,2.4384,12.557,0.07547737,0.011279299999999999,NA,NA,NA,NA,NA,NA,NA,6,2
2024-07-11T00:00:00Z,NA,NA,NA,NA,14.846099999999998,66.09191000000001,7.62,3.8080000000000003,0.06609191000000002,0.014846099999999997,6.731370309374179e-7,NA,NA,NA,NA,0.0021738484351188437,4.883074381209115e-4,5,6
2024-07-11T00:00:00Z,NA,NA,NA,NA,16.166999999999998,73.50463,1.524,-0.6100000000000034,0.07350463,0.016166999999999997,1.3450844837182262e-8,NA,NA,NA,NA,5.937780574286547e-4,1.305987099649241e-4,6,4
2024-07-11T00:00:00Z,NA,NA,NA,NA,32.3286,101.12299000000002,1.524,5.41,0.10112299000000001,0.0323286,NA,NA,NA,NA,NA,NA,NA,9,2
2024-07-11T00:00:00Z,NA,NA,NA,NA,8.123199999999999,64.53763000000001,1.2192,6.672999999999999,0.06453763000000001,0.008123199999999999,6.731370309374179e-7,NA,NA,NA,NA,0.0021227261548619025,2.671825584728507e-4,5,3
2024-07-11T00:00:00Z,NA,NA,NA,NA,11.8676,45.31836,2.4384,11.547,0.045318359999999995,0.011867599999999999,1.3450844837182262e-8,NA,NA,NA,NA,3.6608643246898115e-4,9.586770893670647e-5,6,2
2024-07-11T00:00:00Z,NA,NA,NA,NA,7.6644,76.64308,0.3048,3.6249999999999964,0.07664308,0.0076644,1.3450844837182262e-8,NA,NA,NA,NA,6.191307834315876e-4,6.191382152874153e-5,6,1
2024-07-11T00:00:00Z,NA,NA,NA,NA,13.5881,63.90994,12.192,NA,0.06390994,0.0135881,6.731370309374179e-7,NA,NA,NA,NA,0.0021020806186042916,4.4693019041571586e-4,5,7
2024-07-11T00:00:00Z,NA,NA,NA,NA,27.559299999999997,68.63256000000001,7.9248,2.241999999999998,0.06863256000000001,0.0275593,1.3450844837182262e-8,NA,NA,NA,NA,5.544209684907685e-4,2.226268959940826e-4,6,3
2024-07-11T00:00:00Z,NA,NA,NA,NA,32.2139,62.35566,0.3048,4.985000000000003,0.06235566,0.032213900000000004,6.731370309374179e-7,NA,NA,NA,NA,0.002050958338347351,0.0010595568520273496,5,4
2024-07-11T00:00:00Z,NA,NA,NA,NA,11.7233,60.29325,4.2672,4.354000000000002,0.06029325,0.0117233,6.731370309374179e-7,NA,NA,NA,NA,0.0019831230049294868,3.8559450558213156e-4,5,1
2024-07-11T00:00:00Z,NA,NA,NA,NA,26.7305,79.99076,4.2672,2.5339999999999994,0.07999076,0.0267305,NA,NA,NA,NA,NA,NA,NA,9,3
2024-07-11T00:00:00Z,NA,NA,NA,NA,15.6749,63.730599999999995,2.1336,3.6629999999999985,0.0637306,0.0156749,6.731370309374179e-7,NA,NA,NA,NA,0.00209618189395926,5.155677424913935e-4,5,2
2024-07-11T00:00:00Z,NA,NA,NA,NA,16.884800000000002,76.91209,4.8768,3.404000000000001,0.07691209,0.016884800000000002,6.731370309374179e-7,NA,NA,NA,NA,0.0025297381553690858,5.553629189608024e-4,5,5
2024-07-29T00:00:00Z,NA,NA,NA,NA,25.194999999999997,89.31644000000001,4.2672,-0.4160000000000008,0.08931644000000001,0.025194999999999995,1.6230476997121997e-7,NA,NA,NA,NA,5.878052528846471e-4,1.6581217686720024e-4,9,3
2024-07-29T00:00:00Z,NA,NA,NA,NA,14.002499999999998,48.30736,7.9248,0.5819999999999985,0.04830736,0.014002499999999998,2.2049569767743422e-7,NA,NA,NA,NA,0.0023379142475334256,6.776740490700959e-4,6,3
2024-07-29T00:00:00Z,NA,NA,NA,NA,26.7305,79.36307000000001,7.62,3.733,0.07936307000000001,0.0267305,2.842821868031006e-6,NA,NA,NA,NA,0.013529127421221166,0.004556783659363887,5,6
2024-07-29T00:00:00Z,NA,NA,NA,NA,11.283,45.31836,1.524,0.25999999999999646,0.045318359999999995,0.011283,2.2049569767743422e-7,NA,NA,NA,NA,0.0021932566697672753,5.460593676599102e-4,6,4
2024-07-29T00:00:00Z,NA,NA,NA,NA,16.9181,61.78775,2.1336,3.8479999999999985,0.06178775,0.0169181,2.842821868031006e-6,NA,NA,NA,NA,0.010533039395030435,0.0028840508642742997,5,2
2024-07-29T00:00:00Z,NA,NA,NA,NA,12.2043,57.18469,4.2672,4.514000000000002,0.05718469,0.0122043,2.842821868031006e-6,NA,NA,NA,NA,0.009748349673885244,0.002080483148986165,5,1
2024-07-29T00:00:00Z,NA,NA,NA,NA,12.9998,120.46182,0.3048,0.29500000000000004,0.12046182,0.0129998,1.6230476997121997e-7,NA,NA,NA,NA,7.927777973242644e-4,8.555368671713555e-5,9,1
2024-07-29T00:00:00Z,NA,NA,NA,NA,32.27310000000001,70.27651,0.3048,5.155000000000003,0.07027651,0.032273100000000006,2.842821868031006e-6,NA,NA,NA,NA,0.01198012953012936,0.005501638005911476,5,4
2024-07-29T00:00:00Z,NA,NA,NA,NA,14.157899999999998,105.54671,1.524,4.02,0.10554671,0.014157899999999998,1.6230476997121997e-7,NA,NA,NA,NA,6.946191603997259e-4,9.31753212489833e-5,9,2
2024-07-29T00:00:00Z,NA,NA,NA,NA,11.6345,97.05795,0.3048,2.9449999999999967,0.09705795,0.011634499999999999,2.2049569767743422e-7,NA,NA,NA,NA,0.0046972793408993335,5.630707890666688e-4,6,1
2024-07-29T00:00:00Z,NA,NA,NA,NA,17.029099999999996,86.77579000000001,1.2192,6.782999999999999,0.08677579000000002,0.017029099999999995,2.842821868031006e-6,NA,NA,NA,NA,0.014792783595532906,0.0029029731809608337,5,3
2024-07-29T00:00:00Z,NA,NA,NA,NA,9.0963,35.99268,2.4384,11.157,0.03599268,0.0090963,2.2049569767743422e-7,NA,NA,NA,NA,0.001741925027136887,4.402304197504955e-4,6,2
2024-07-29T00:00:00Z,NA,NA,NA,NA,7.4757,67.16795,12.192,NA,0.06716795,0.0074757,2.842821868031006e-6,NA,NA,NA,NA,0.011450209198966374,0.0012743924581398258,5,7
2024-07-29T00:00:00Z,NA,NA,NA,NA,9.1666,87.3437,4.8768,3.3440000000000007,0.0873437,0.0091666,2.842821868031006e-6,NA,NA,NA,NA,0.014889595963726139,0.0015626424156646908,5,5
2024-08-30T00:00:00Z,NA,NA,NA,NA,46.026,138.84417,1.524,3.8299999999999996,0.13884417,0.046026000000000004,3.2932280814273686e-6,NA,NA,NA,NA,0.01803425846521588,0.005978247269006874,9,2
2024-08-30T00:00:00Z,NA,NA,NA,NA,45.397,80.94724000000001,1.2192,7.6179999999999986,0.08094724,0.045397,4.117775050463732e-6,NA,NA,NA,NA,0.007581959778023895,0.004252130499359221,5,3
2024-08-30T00:00:00Z,NA,NA,NA,NA,18.509099999999997,40.65552,4.2672,4.498000000000002,0.04065552,0.018509099999999997,4.117775050463732e-6,NA,NA,NA,NA,0.003808017634630236,0.0017336632073857248,5,1
2024-08-30T00:00:00Z,NA,NA,NA,NA,18.2538,37.81597,12.192,NA,0.03781597,0.018253799999999997,4.117775050463732e-6,NA,NA,NA,NA,0.003542049901972671,0.001709750417631195,5,7
2024-08-30T00:00:00Z,NA,NA,NA,NA,33.7605,182.15478,0.3048,0.16000000000000003,0.18215478,0.0337605,3.2932280814273686e-6,NA,NA,NA,NA,0.023659807849292745,0.004385100093975287,9,1
2024-08-30T00:00:00Z,NA,NA,NA,NA,14.6426,30.79182,7.9248,1.0319999999999985,0.03079182,0.0146426,4.616008962391615e-6,NA,NA,NA,NA,0.015942224242336423,0.007581091753940991,6,3
2024-08-30T00:00:00Z,NA,NA,NA,NA,19.0752,43.01682999999999,2.1336,4.057999999999998,0.04301682999999999,0.0190752,4.117775050463732e-6,NA,NA,NA,NA,0.004029190801787579,0.0017866872194501184,5,2
2024-08-30T00:00:00Z,NA,NA,NA,NA,23.9148,80.05054000000001,4.8768,4.394000000000001,0.08005054000000002,0.0239148,4.117775050463732e-6,NA,NA,NA,NA,0.007497969967710981,0.0022399905382751266,5,5
2024-08-30T00:00:00Z,NA,NA,NA,NA,29.8977,47.201429999999995,2.4384,11.007,0.047201429999999996,0.0298977,4.616008962391615e-6,NA,NA,NA,NA,0.024438171618921697,0.015479300597694505,6,2
2024-08-30T00:00:00Z,NA,NA,NA,NA,33.290600000000005,52.64141,1.524,-0.30000000000000343,0.05264141,0.033290600000000004,4.616008962391615e-6,NA,NA,NA,NA,0.02725467876380061,0.01723594806549028,6,4
2024-08-30T00:00:00Z,NA,NA,NA,NA,39.107,85.90898,0.3048,4.2150000000000025,0.08590898,0.039106999999999996,4.117775050463732e-6,NA,NA,NA,NA,0.008046703395088693,0.003662974809754853,5,4
2024-10-04T00:00:00Z,NA,NA,NA,NA,1.57938,25.444498999999997,2.4384,11.037,0.025444498999999995,0.00157938,8.316457982613584e-6,NA,NA,NA,NA,0.028429485672006035,0.00176466280906741,6,2
2024-10-04T00:00:00Z,NA,NA,NA,NA,1.42879,24.90349,1.524,-0.3400000000000034,0.02490349,0.00142879,8.316457982613584e-6,NA,NA,NA,NA,0.027825008939572588,0.0015964065487516776,6,4
2024-10-04T00:00:00Z,NA,NA,NA,NA,9.248,54.70382,4.2672,4.489000000000002,0.05470382,0.009248,6.231401783689824e-6,NA,NA,NA,NA,0.0106748085115796,0.0018046386726756581,5,1
2024-10-04T00:00:00Z,NA,NA,NA,NA,2.71824,63.342029999999994,0.3048,6.1350000000000025,0.06334203,0.0027182400000000002,6.231401783689824e-6,NA,NA,NA,NA,0.012360453821775705,5.304326368527121e-4,5,4
2024-10-04T00:00:00Z,NA,NA,NA,NA,1.5660600000000002,103.66364000000002,7.62,4.788,0.10366364000000002,0.0015660600000000002,6.231401783689824e-6,NA,NA,NA,NA,0.02022874283026896,3.055982309397104e-4,5,6
2024-10-04T00:00:00Z,NA,NA,NA,NA,2.32826,19.606982,7.62,-2.925000000000003,0.019606982,0.0023282600000000004,8.316457982613584e-6,NA,NA,NA,NA,0.021907148332544507,0.002601396644151052,6,5
2024-10-04T00:00:00Z,NA,NA,NA,NA,1.404,101.00343,4.2672,1.6439999999999992,0.10100342999999999,0.0014039999999999999,4.6171831335339265e-6,NA,NA,NA,NA,0.01856726954181211,2.580946650693368e-4,9,3
2024-10-04T00:00:00Z,NA,NA,NA,NA,4.04395,65.34466,1.2192,7.067999999999999,0.06534466,0.004043949999999999,6.231401783689824e-6,NA,NA,NA,NA,0.01275124356496996,7.891293858528037e-4,5,3
2024-10-04T00:00:00Z,NA,NA,NA,NA,1.50575,73.2954,4.8768,3.7440000000000007,0.0732954,0.00150575,6.231401783689824e-6,NA,NA,NA,NA,0.014302737172278488,2.9382944219089236e-4,5,5
2024-10-04T00:00:00Z,NA,NA,NA,NA,10.7206,52.402289999999994,12.192,NA,0.05240228999999999,0.010720599999999999,6.231401783689824e-6,NA,NA,NA,NA,0.01022569194104292,0.0020919992813891288,5,7
2024-10-04T00:00:00Z,NA,NA,NA,NA,3.35501,45.22868999999999,7.9248,1.8669999999999984,0.045228689999999995,0.00335501,8.316457982613584e-6,NA,NA,NA,NA,0.050534632036520075,0.003748598419031045,6,3
2024-10-04T00:00:00Z,NA,NA,NA,NA,10.025,51.98383,2.1336,4.025999999999998,0.051983829999999995,0.010025000000000001,6.231401783689824e-6,NA,NA,NA,NA,0.010144034382763524,0.001956261104408897,5,2
2024-11-01T00:00:00Z,NA,NA,NA,NA,14.4243,49.144279999999995,2.1336,4.3679999999999986,0.04914427999999999,0.014424300000000001,3.878916574355414e-6,NA,NA,NA,NA,0.0033995745289307953,9.978065174147729e-4,5,2
2024-11-01T00:00:00Z,NA,NA,NA,NA,1.4369299999999998,28.098731,4.2672,5.346000000000002,0.028098731000000002,0.0014369299999999999,3.878916574355414e-6,NA,NA,NA,NA,0.0019437405574540545,9.940018711956972e-5,5,1
2025-01-10T00:00:00Z,NA,NA,NA,NA,41.474999999999994,41.65489999999999,7.62,4.408,0.04165489999999999,0.04147499999999999,4.521045600190514e-6,NA,NA,NA,NA,0.0034645269747177894,0.0034495643075945527,5,6
2025-01-30T00:00:00Z,NA,NA,NA,NA,18.664499999999997,74.1764,12.192,NA,0.0741764,0.018664499999999997,5.8137625173968676e-6,NA,NA,NA,NA,0.015724123478516504,0.003956553602827466,5,7
2024-04-18T00:00:00Z,NA,NA,NA,NA,NA,NA,4.2672,5.894000000000002,NA,NA,5.764822488130861e-6,NA,NA,NA,NA,NA,NA,5,1
2024-04-18T00:00:00Z,NA,NA,NA,NA,NA,NA,2.1336,5.132999999999998,NA,NA,5.764822488130861e-6,NA,NA,NA,NA,NA,NA,5,2
2024-04-18T00:00:00Z,NA,NA,NA,NA,NA,NA,1.2192,7.467999999999999,NA,NA,5.764822488130861e-6,NA,NA,NA,NA,NA,NA,5,3
2024-04-18T00:00:00Z,NA,NA,NA,NA,NA,NA,0.3048,6.145000000000002,NA,NA,5.764822488130861e-6,NA,NA,NA,NA,NA,NA,5,4
2024-04-18T00:00:00Z,NA,NA,NA,NA,NA,NA,4.8768,3.8140000000000005,NA,NA,5.764822488130861e-6,NA,NA,NA,NA,NA,NA,5,5
2024-04-18T00:00:00Z,NA,NA,NA,NA,NA,NA,7.62,4.888,NA,NA,5.764822488130861e-6,NA,NA,NA,NA,NA,NA,5,6
2024-04-18T00:00:00Z,NA,NA,NA,NA,NA,NA,12.192,NA,NA,NA,5.764822488130861e-6,NA,NA,NA,NA,NA,NA,5,7
2024-04-18T00:00:00Z,NA,NA,NA,NA,NA,NA,0.3048,3.5849999999999964,NA,NA,9.089324590862489e-7,NA,NA,NA,NA,NA,NA,6,1
2024-04-18T00:00:00Z,NA,NA,NA,NA,NA,NA,2.4384,11.047,NA,NA,9.089324590862489e-7,NA,NA,NA,NA,NA,NA,6,2
2024-04-18T00:00:00Z,NA,NA,NA,NA,NA,NA,7.9248,1.9419999999999984,NA,NA,9.089324590862489e-7,NA,NA,NA,NA,NA,NA,6,3
2024-04-18T00:00:00Z,NA,NA,NA,NA,NA,NA,1.524,-0.7000000000000035,NA,NA,9.089324590862489e-7,NA,NA,NA,NA,NA,NA,6,4
2024-04-18T00:00:00Z,NA,NA,NA,NA,NA,NA,7.62,-2.155000000000003,NA,NA,9.089324590862489e-7,NA,NA,NA,NA,NA,NA,6,5
2024-04-18T00:00:00Z,NA,NA,NA,NA,NA,NA,0.3048,0.30500000000000005,NA,NA,5.854341140090066e-7,NA,NA,NA,NA,NA,NA,9,1
2024-04-18T00:00:00Z,NA,NA,NA,NA,NA,NA,1.524,4.26,NA,NA,5.854341140090066e-7,NA,NA,NA,NA,NA,NA,9,2
2024-04-18T00:00:00Z,NA,NA,NA,NA,NA,NA,4.2672,1.7639999999999993,NA,NA,5.854341140090066e-7,NA,NA,NA,NA,NA,NA,9,3
2024-04-18T00:00:00Z,NA,NA,NA,NA,NA,NA,0.3,1.2410000000000019,NA,NA,5.854341140090066e-7,NA,NA,NA,NA,NA,NA,9,4
2024-05-08T00:00:00Z,NA,NA,NA,NA,NA,NA,4.2672,5.584000000000002,NA,NA,3.231882155454068e-6,NA,NA,NA,NA,NA,NA,5,1
2024-05-08T00:00:00Z,NA,NA,NA,NA,NA,NA,0.3048,5.575000000000003,NA,NA,3.231882155454068e-6,NA,NA,NA,NA,NA,NA,5,4
2024-05-08T00:00:00Z,NA,NA,NA,NA,NA,NA,7.62,4.568,NA,NA,3.231882155454068e-6,NA,NA,NA,NA,NA,NA,5,6
2024-05-08T00:00:00Z,NA,NA,NA,NA,NA,NA,12.192,NA,NA,NA,3.231882155454068e-6,NA,NA,NA,NA,NA,NA,5,7
2024-05-08T00:00:00Z,NA,NA,NA,NA,NA,NA,0.3048,3.0849999999999964,NA,NA,1.4634638516255536e-7,NA,NA,NA,NA,NA,NA,6,1
2024-05-08T00:00:00Z,NA,NA,NA,NA,NA,NA,7.9248,1.5919999999999985,NA,NA,1.4634638516255536e-7,NA,NA,NA,NA,NA,NA,6,3
2024-05-08T00:00:00Z,NA,NA,NA,NA,NA,NA,1.524,-0.4600000000000035,NA,NA,1.4634638516255536e-7,NA,NA,NA,NA,NA,NA,6,4
2024-05-30T00:00:00Z,NA,NA,NA,NA,NA,NA,4.2672,5.384000000000002,NA,NA,1.1165182589308032e-6,NA,NA,NA,NA,NA,NA,5,1
2024-05-30T00:00:00Z,NA,NA,NA,NA,NA,NA,12.192,NA,NA,NA,1.1165182589308032e-6,NA,NA,NA,NA,NA,NA,5,7
2024-05-30T00:00:00Z,NA,NA,NA,NA,NA,NA,0.3048,3.5639999999999965,NA,NA,1.805548563344522e-8,NA,NA,NA,NA,NA,NA,6,1
2024-05-30T00:00:00Z,NA,NA,NA,NA,NA,NA,2.4384,10.947000000000001,NA,NA,1.805548563344522e-8,NA,NA,NA,NA,NA,NA,6,2
2024-05-30T00:00:00Z,NA,NA,NA,NA,NA,NA,1.524,-0.4500000000000035,NA,NA,1.805548563344522e-8,NA,NA,NA,NA,NA,NA,6,4
2024-05-30T00:00:00Z,NA,NA,NA,NA,NA,NA,7.62,-2.1650000000000027,NA,NA,1.805548563344522e-8,NA,NA,NA,NA,NA,NA,6,5
2024-05-30T00:00:00Z,NA,NA,NA,NA,NA,NA,1.524,4.67,NA,NA,NA,NA,NA,NA,NA,NA,NA,9,2
2024-06-20T00:00:00Z,NA,NA,NA,NA,NA,NA,4.2672,5.404000000000002,NA,NA,NA,NA,NA,NA,NA,NA,NA,5,1
2024-06-20T00:00:00Z,NA,NA,NA,NA,NA,NA,2.1336,5.632999999999998,NA,NA,NA,NA,NA,NA,NA,NA,NA,5,2
2024-06-20T00:00:00Z,NA,NA,NA,NA,NA,NA,1.2192,7.727999999999999,NA,NA,NA,NA,NA,NA,NA,NA,NA,5,3
2024-06-20T00:00:00Z,NA,NA,NA,NA,NA,NA,0.3048,6.005000000000003,NA,NA,NA,NA,NA,NA,NA,NA,NA,5,4
2024-06-20T00:00:00Z,NA,NA,NA,NA,NA,NA,4.8768,3.8240000000000007,NA,NA,NA,NA,NA,NA,NA,NA,NA,5,5
2024-06-20T00:00:00Z,NA,NA,NA,NA,NA,NA,7.62,4.868,NA,NA,NA,NA,NA,NA,NA,NA,NA,5,6
2024-06-20T00:00:00Z,NA,NA,NA,NA,NA,NA,12.192,NA,NA,NA,NA,NA,NA,NA,NA,NA,NA,5,7
2024-06-20T00:00:00Z,NA,NA,NA,NA,NA,NA,0.3048,4.344999999999996,NA,NA,NA,NA,NA,NA,NA,NA,NA,6,1
2024-06-20T00:00:00Z,NA,NA,NA,NA,NA,NA,7.9248,3.1619999999999986,NA,NA,NA,NA,NA,NA,NA,NA,NA,6,3
2024-06-20T00:00:00Z,NA,NA,NA,NA,NA,NA,1.524,0.7599999999999965,NA,NA,NA,NA,NA,NA,NA,NA,NA,6,4
2024-06-20T00:00:00Z,NA,NA,NA,NA,NA,NA,7.62,-0.5350000000000028,NA,NA,NA,NA,NA,NA,NA,NA,NA,6,5
2024-06-20T00:00:00Z,NA,NA,NA,NA,NA,NA,0.3048,1.4649999999999999,NA,NA,NA,NA,NA,NA,NA,NA,NA,9,1
2024-06-20T00:00:00Z,NA,NA,NA,NA,NA,NA,4.2672,2.543999999999999,NA,NA,NA,NA,NA,NA,NA,NA,NA,9,3
2024-06-20T00:00:00Z,NA,NA,NA,NA,NA,NA,0.3,2.431000000000002,NA,NA,NA,NA,NA,NA,NA,NA,NA,9,4
2024-07-11T00:00:00Z,NA,NA,NA,NA,NA,NA,7.62,-1.1850000000000027,NA,NA,1.3450844837182262e-8,NA,NA,NA,NA,NA,NA,6,5
2024-07-11T00:00:00Z,NA,NA,NA,NA,NA,NA,0.3048,0.8849999999999999,NA,NA,NA,NA,NA,NA,NA,NA,NA,9,1
2024-07-11T00:00:00Z,NA,NA,NA,NA,NA,NA,0.3,1.671000000000002,NA,NA,NA,NA,NA,NA,NA,NA,NA,9,4
2024-07-29T00:00:00Z,NA,NA,NA,NA,NA,NA,7.62,-1.8250000000000028,NA,NA,2.2049569767743422e-7,NA,NA,NA,NA,NA,NA,6,5
2024-07-29T00:00:00Z,NA,NA,NA,NA,NA,NA,0.3,1.4610000000000019,NA,NA,1.6230476997121997e-7,NA,NA,NA,NA,NA,NA,9,4
2024-08-30T00:00:00Z,NA,NA,NA,NA,NA,NA,7.62,3.628,NA,NA,4.117775050463732e-6,NA,NA,NA,NA,NA,NA,5,6
2024-08-30T00:00:00Z,NA,NA,NA,NA,NA,NA,0.3048,2.7249999999999965,NA,NA,4.616008962391615e-6,NA,NA,NA,NA,NA,NA,6,1
2024-08-30T00:00:00Z,NA,NA,NA,NA,NA,NA,7.62,-2.345000000000003,NA,NA,4.616008962391615e-6,NA,NA,NA,NA,NA,NA,6,5
2024-08-30T00:00:00Z,NA,NA,NA,NA,NA,NA,4.2672,0.7439999999999992,NA,NA,3.2932280814273686e-6,NA,NA,NA,NA,NA,NA,9,3
2024-08-30T00:00:00Z,NA,NA,NA,NA,NA,NA,0.3,NA,NA,NA,3.2932280814273686e-6,NA,NA,NA,NA,NA,NA,9,4
2024-10-04T00:00:00Z,NA,NA,NA,NA,NA,NA,0.3048,2.8299999999999965,NA,NA,8.316457982613584e-6,NA,NA,NA,NA,NA,NA,6,1
2024-10-04T00:00:00Z,NA,NA,NA,NA,NA,NA,0.3048,0.7899999999999999,NA,NA,4.6171831335339265e-6,NA,NA,NA,NA,NA,NA,9,1
2024-10-04T00:00:00Z,NA,NA,NA,NA,NA,NA,1.524,4.6,NA,NA,4.6171831335339265e-6,NA,NA,NA,NA,NA,NA,9,2
2024-10-04T00:00:00Z,NA,NA,NA,NA,NA,NA,0.3,1.881000000000002,NA,NA,4.6171831335339265e-6,NA,NA,NA,NA,NA,NA,9,4
2024-11-01T00:00:00Z,NA,NA,NA,NA,NA,NA,7.62,NA,NA,NA,3.878916574355414e-6,NA,NA,NA,NA,NA,NA,5,6
2024-12-09T00:00:00Z,NA,NA,NA,NA,NA,NA,4.2672,5.564000000000002,NA,NA,3.592722505994083e-6,NA,NA,NA,NA,NA,NA,5,1
2024-12-09T00:00:00Z,NA,NA,NA,NA,NA,NA,7.62,-1.2450000000000028,NA,NA,3.8394217031128854e-7,NA,NA,NA,NA,NA,NA,6,5
2025-01-30T00:00:00Z,NA,NA,NA,NA,NA,NA,7.62,-2.077000000000003,NA,NA,9.396218568103033e-7,NA,NA,NA,NA,NA,NA,6,5
2025-03-12T00:00:00Z,NA,NA,NA,NA,NA,NA,16.806672,5.186000000000001,NA,NA,1.0965248899341058e-5,NA,NA,NA,NA,NA,NA,5,8
2025-04-17T00:00:00Z,NA,NA,NA,NA,NA,NA,4.2672,NA,NA,NA,3.430271326188278e-6,NA,NA,NA,NA,NA,NA,5,1
2025-01-10T00:00:00Z,NA,NA,NA,NA,NA,NA,4.2672,5.1140000000000025,NA,NA,4.521045600190514e-6,NA,NA,NA,NA,NA,NA,5,1
