Date,ID,GPP,K600,DO,DO_Saturation,depth,Q,NEP_corrected,ER_corrected,CO2_flux,CO2,active,passive,active.passive,Basin
2024-02-09T00:00:00Z,5,0.20304021905660402,6.834457064764979,7.37625,4.926513415163932,0.27022107741185153,169.54109927255894,-5.067314480788585,-5.270707402165128,8.91954277449501,3485.441,6.967557411084304,1.9519853634107065,3.569472159826999,5
2024-02-10T00:00:00Z,5,0.2061313104436237,8.292542120111655,6.9925,4.733707685910016,0.2626207781203439,164.72014403124473,-5.319802776412022,-5.526261282300292,9.691039242285841,3778.998,7.314728817566531,2.3763104247193105,3.0781874040848622,5
2024-02-11T00:00:00Z,5,0.19878045017706866,5.600134408825975,6.61375,4.568128206054758,0.2541574089208784,159.3533712561465,-4.986987769158461,-5.186039331095365,9.109484966483855,3978.043,6.857108182592884,2.2523767838909707,3.0443877026415005,5
2024-02-12T00:00:00Z,5,0.16448934854491062,4.428143295866671,6.149583333333333,4.320526901546872,0.25345873328110297,158.91155650028284,-4.23288570976502,-4.397661085425321,7.917699012546222,4231.294,5.820217850926902,2.09748116161932,2.774860607774668,5
2024-02-13T00:00:00Z,5,0.1773691516863764,5.13659434129959,6.421250000000001,4.245595858209505,0.2745951391902781,172.3162430978494,-5.307488225127653,-5.485212095191019,11.192550300924822,4750.668,7.297796309550522,3.8947539913742997,1.873750261431898,5
2024-02-14T00:00:00Z,5,0.27986684380511206,11.92325302751735,7.20375,4.763448727707584,0.2592771161299897,162.5998861596453,-8.25133328252069,-8.531619719711665,18.320733929282188,3989.208,11.345583263465949,6.975150665816239,1.6265717841864393,5
2024-02-15T00:00:00Z,5,0.37893745348562935,19.89259541115562,7.308333333333334,4.967692104338695,0.2456940397214128,153.98870008002118,-10.858298616937153,-11.23763992264656,23.734949050376898,3738.744,14.930160598288586,8.804788452088312,1.6956864641929543,5
2024-02-16T00:00:00Z,5,0.34868718086307376,18.080872157759227,7.153333333333333,4.823625351059772,0.23970539138047955,150.1938949894624,-9.13037481201717,-9.479312289738488,19.448062013809967,3817.662,12.554265366523609,6.893796647286358,1.821095980756179,5
2024-02-17T00:00:00Z,5,0.23724291066734518,3.883839420880155,7.01875,4.722544981568578,0.2466216930918711,154.57957567053305,-5.417710743124901,-5.655162052488402,11.063800587714136,3965.154000000001,7.449352271796738,3.6144483159173975,2.060992887625781,5
2024-02-18T00:00:00Z,5,0.1164132728393375,1.1557622701742942,7.205416666666666,4.686908856502113,0.47210898118765926,298.116576814174,-3.0621488616618717,-3.1788578545394355,5.999808886704072,4245.822,4.2104546847850735,1.7893542019189983,2.353058259940686,5
2024-02-19T00:00:00Z,5,0.19041257677710435,3.60884885792092,7.168333333333333,5.053635798931574,0.5046795955713123,318.86812414299914,-5.80206936575005,-5.993062734542189,11.583350320824946,3690.04,7.977845377906319,3.6055049429186274,2.212684632030574,5
2024-02-20T00:00:00Z,5,0.29231839847932883,10.636979755780484,7.5112499999999995,5.085663009576896,0.4168607646306201,262.8177715222444,-9.117785518112663,-9.410880841575223,18.528469682933665,3499.521,12.536955087404912,5.991514595528752,2.0924517311133286,5
2024-02-21T00:00:00Z,5,0.37483836281720045,13.659517995883046,7.70875,5.098280363386293,0.3655227831667783,230.11130830975765,-9.497108165109251,-9.87281810061324,19.36867776594065,3369.167,13.058523727025221,6.310154038915428,2.069446109634066,5
2024-02-22T00:00:00Z,5,0.31307401930656376,7.663168992354293,7.828333333333333,5.096395925390255,0.33219771651664515,208.9081380357952,-7.073988732552047,-7.387778111845462,14.04260707662899,3241.677,9.726734507259065,4.315872569369924,2.2537121638600826,5
2024-02-23T00:00:00Z,5,0.26755678831286167,4.117481758733607,7.382916666666667,4.928206523475168,0.3132718263921377,196.8766802477412,-6.124574994187978,-6.3927533955279054,11.483936544816288,3301.841,8.42129061700847,3.062645927807818,2.749678159184488,5
2024-02-24T00:00:00Z,5,0.29194017681107387,10.908993784424228,7.17375,4.67754715582467,0.3033641361222116,190.5819102279515,-7.158624068465601,-7.451133128940869,13.680255624679704,3634.367,9.8431080941402,3.8371475305395037,2.565214919624489,5
2024-02-25T00:00:00Z,5,0.4314568686522536,13.200864108445986,7.422916666666667,4.7966232486780696,0.2834606872244047,177.9434912081865,-9.296606965957661,-9.728741488661552,18.78929256393557,3478.034,12.782834578191784,6.006457985743788,2.128181801742657,5
2024-02-26T00:00:00Z,5,0.4378916914627492,15.93483028994146,7.6025,4.8873672153043914,0.2635748519981889,165.32531754689538,-8.1740893605383,-8.612711054137604,16.9759444071397,3453.683,11.239372870740162,5.736571536399538,1.9592491437480382,5
2024-02-27T00:00:00Z,5,0.43591459215711154,8.150136219386935,7.3133333333333335,4.820471968078482,0.24966298705324697,156.5044079255377,-7.04027353431485,-7.476896899653544,14.153590444422116,3525.306,9.68037610968292,4.473214334739197,2.164076072658682,5
2024-02-28T00:00:00Z,5,0.30405184539551466,7.840790089874961,6.83125,4.620763926746867,0.23881296535320332,149.6286772584391,-4.716754502985505,-5.021374091455732,9.0625279290144,3734.446,6.485537441605069,2.576990487409332,2.5167098882561376,5
2024-02-29T00:00:00Z,5,0.3290318961278661,4.657865087851449,6.535416666666666,4.346555683950575,0.23069306274976187,144.48507327479174,-5.028955553613852,-5.358497825362551,9.686167238268666,4050.569,6.914813886219047,2.771353352049619,2.4951036579673374,5
2024-03-01T00:00:00Z,5,0.379721626357374,9.372577751570669,6.73625,4.650761791920089,0.2221328183565457,139.06502437223838,-7.479272448339862,-7.859418174573508,14.425062513631048,3767.671,10.28399961646731,4.141062897163737,2.4834202889096284,5
2024-03-02T00:00:00Z,5,0.4800517923338935,17.589046101093118,6.239166666666667,4.340584320250721,0.2194467334389213,137.36465844241823,-10.273110204230598,-10.753626851939375,19.47787338385957,4207.161,14.125526530817073,5.352346853042498,2.639127642258,5
2024-03-03T00:00:00Z,5,0.5032672569406451,14.800164152686634,6.0320833333333335,4.245238384118855,0.2205211674059712,138.04477657188053,-11.250003537109164,-11.753754897540464,21.537960675575412,4453.461,15.4687548635251,6.069205812050312,2.548728011960335,5
2024-03-04T00:00:00Z,5,0.4119408460285007,12.285420341503404,6.004583333333334,4.18306497573141,0.21945486282580948,137.36985865832824,-8.571133733037529,-8.983551442768611,16.677526323322866,4500.717,11.785308882926602,4.892217440396264,2.408991224636165,5
2024-03-05T00:00:00Z,5,0.368803392957103,6.3562431826567805,5.913333333333333,4.165096907863776,0.21708063022186655,135.86715651813896,-8.157962895258054,-8.527221348097582,16.079002955908443,4476.373,11.217198980979823,4.86180397492862,2.3072092249759026,5
2024-03-06T00:00:00Z,5,0.40076464273387635,10.544456899626612,5.76375,4.110855891936911,0.2568464294504347,161.0589622293383,-9.797258230329623,-10.19853410694536,19.631180461168988,4721.24,13.471230066703232,6.159950394465756,2.1869056086565406,5
2024-03-07T00:00:00Z,5,0.5162173169039643,15.485802031411987,5.765833333333333,4.040648230816867,0.2550116719930411,159.8953147231829,-12.264927721403643,-12.781771676069434,24.88078745735806,4926.015,16.86427561693001,8.016511840428052,2.103692472813652,5
2024-03-08T00:00:00Z,5,0.454636871280833,13.975651638595895,5.70875,4.064357050434325,0.2391681743969546,149.85376712003193,-10.071273389281025,-10.526543098056752,20.44666944484783,4832.61,13.848000910261408,6.598668534586423,2.0986053228281065,5
2024-03-09T00:00:00Z,5,0.3048820050496648,3.625744551725956,5.25125,3.8965974482277996,0.2342979942020489,146.7688195075517,-6.950091631930752,-7.2555412197319455,13.878125248215191,4868.736,9.556375993904783,4.321749254310408,2.211228701982996,5
2024-03-10T00:00:00Z,5,0.17338267700075208,4.838494544560264,5.48625,3.77846032483873,0.28016986624882323,175.85437363884017,-4.573259225748195,-4.747288610051722,9.66582170533254,5637.709,6.288231435403769,3.3775902699287714,1.8617508142976675,5
2024-03-11T00:00:00Z,5,0.3630345466825605,7.11429247908433,6.455,4.284078211079881,0.26310221847716414,165.02643166558295,-7.890492426805165,-8.254323167945463,17.93276493473705,4697.03,10.849427086857101,7.08333784787995,1.5316828478122566,5
2024-03-12T00:00:00Z,5,0.5487412031843799,19.848601526483176,6.795,4.60592211146878,0.2392063373520686,149.87829064670726,-11.441131696691139,-11.990729152712364,25.18379454288465,4182.809,15.731556082950316,9.452238459934335,1.6643206950007061,5
2024-03-13T00:00:00Z,5,0.798783821266085,22.2467540571556,6.5025,4.490150726831149,0.22581407571906056,141.39580564167335,-15.590695405306485,-16.390335589463263,33.06283690711644,4219.949,21.437206182296418,11.625630724820024,1.8439607011195762,5
2024-03-17T00:00:00Z,5,0.3897894272084998,20.281922284794955,5.337916666666667,3.8567980424811767,0.18940074531664208,118.36240699329248,-9.680700544866493,-10.071024438949957,16.367535330341678,4678.71,13.310963249191428,3.05657208115025,4.35486646340833,5
2024-03-18T00:00:00Z,5,0.2781512593807518,4.338082706312408,5.300416666666667,3.8352744418957925,0.18692308884617767,116.79668565994908,-7.100445908913088,-7.379245900728803,12.249285532003881,4710.697,9.763113124755495,2.486172407248386,3.9269654414518214,5
2024-03-19T00:00:00Z,5,0.4300871855217622,5.510890532614798,6.4191666666666665,4.192761830394855,0.1821262989495677,113.76676957314132,-7.234232697531399,-7.665058562663406,15.796604069619859,4404.773,9.947069959105674,5.849534110514185,1.700489264816221,5
2024-03-20T00:00:00Z,5,0.5532906965064167,35.53093195796303,7.218333333333334,4.83351860355778,0.173439823243283,108.2816452818427,-7.928277563656171,-8.482479857137488,17.771801956212048,3466.575,10.901381650027234,6.870420306184814,1.5867124810710218,5
2024-03-31T00:00:00Z,5,0.4072335294902101,5.975853904348609,6.712916666666667,4.4837218294503405,0.16327673473528767,101.86845933773589,-8.918057165134774,-9.32575487315213,18.94431967935847,3934.992,12.262328602060315,6.681991077298154,1.8351309452838354,5
2024-04-01T00:00:00Z,5,0.4000782816624712,26.54138586072205,6.3566666666666665,4.2955951287888805,0.16209074751482827,101.1201986768335,-8.235915685980478,-8.636407599190832,16.132422226255095,4030.959,11.324384068223157,4.808038158031938,2.3553024531025226,5
2024-04-05T00:00:00Z,5,0.07984192018730012,3.878378753752559,6.272083333333334,4.437224786834287,0.3793935495446747,238.94670326395217,-3.9026194587092493,-3.9829054410185614,8.693917309237504,4550.954,5.366101755725218,3.327815553512286,1.612499752295964,5
2024-04-06T00:00:00Z,5,0.16336142846068744,6.3559123468371395,6.677083333333333,4.484642904709667,0.3174756226785181,199.5504696197396,-7.657164159377142,-7.82097605314083,17.07195147932577,4227.216,10.52860071914357,6.543350760182198,1.6090533894671426,5
2024-04-07T00:00:00Z,5,0.29231119184974014,17.94134600106737,7.000416666666666,4.54517294196989,0.2774103910329032,174.1043948714872,-11.527692718436523,-11.820388974434774,25.168659911317636,3952.182,15.850577487850218,9.318082423467418,1.7010557287978945,5
2024-04-08T00:00:00Z,5,0.39999188839817024,23.794334537692,6.9037500000000005,4.506468535019727,0.24878523908562972,155.9490835973427,-15.225676241708637,-15.625994284221536,32.229398708030516,3761.663,20.935304832349377,11.294093875681138,1.853650683515926,5
2024-04-16T00:00:00Z,5,0.20767399163582245,23.092648393238235,6.2725,4.15256638372529,0.16718990544041684,104.3378991797991,-11.7624417054526,-11.970329728855157,21.833585030077305,3877.693,16.173357344997324,5.660227685079981,2.8573686863567906,5
2024-04-17T00:00:00Z,5,0.15805588220186,24.333361065176668,6.0925,4.11585530679899,0.15118494918808006,94.243597256511,-8.65392625947138,-8.812178030804,15.816664587594294,3833.287,11.899148606773148,3.917515980821147,3.0374218420620145,5
2024-04-18T00:00:00Z,5,0.14106936427705688,3.282315249537065,5.68625,3.951818016826565,0.147406816631815,91.8620219224756,-7.559925096988237,-7.701176118824632,13.198000423659487,4056.752,10.394897008358825,2.8031034153006615,3.708353017451504,5
2024-04-19T00:00:00Z,5,0.08861100439563624,15.374839188714398,5.395833333333333,3.8351449572118814,0.14472660293805434,90.1735013406969,-6.170241639650529,-6.259023128337764,10.136480182990583,4234.378,8.484082254519477,1.6523979284711068,5.134406251870235,5
2024-04-20T00:00:00Z,5,0.08949872139134196,14.274094271094748,5.153333333333333,3.7763958340259247,0.13464864717608205,83.82663986086685,-7.542270549962973,-7.631933002112245,12.429341652530812,4460.708,10.370622006199088,2.058719646331724,5.03741343542221,5
2024-04-21T00:00:00Z,5,0.06522852680447845,10.915716122585152,5.213333333333333,3.778364536983058,0.13624268445506574,84.82978056540291,-5.756862109298534,-5.822270055219493,9.62359881383567,4648.361,7.915685400285484,1.7079134135501866,4.63471118470309,5
2024-04-22T00:00:00Z,5,0.043502526542830815,7.141681670117048,5.558333333333334,3.9436810206369626,0.1311082991862952,81.59808390221264,-4.149790929283405,-4.193508445856228,7.303448749869294,4535.196,5.705962527764682,1.597486222104612,3.5718383350107072,5
2024-04-23T00:00:00Z,5,0.04534579002271215,7.467400240072934,6.10125,4.436621587490657,0.12429180828058614,77.30980473954209,-2.932536758410412,-2.9781257654903808,5.361728594444208,4267.325,4.032238042814317,1.329490551629891,3.03291966826766,5
2024-04-24T00:00:00Z,5,0.049767068341862286,5.402009497604055,6.042083333333333,4.4181315055227905,0.1197709659055682,74.46692258387607,-2.4383670091161873,-2.488399164182068,4.279004223594146,4182.809,3.3527546375347574,0.9262495860593889,3.6197097283450628,5
2024-04-25T00:00:00Z,5,0.16459702180202174,3.942091632793995,5.664166666666667,4.339020763382542,0.11487730081520768,71.39127253860597,-3.6489219758190656,-3.81377349626462,5.90173626516477,4179.944,5.017267716751215,0.8844685484135546,5.672635534356243,5
2024-04-26T00:00:00Z,5,0.2981209890568975,15.136008696821744,5.3875,4.081032977596251,0.1096988813674597,68.13789471817168,-4.789078240694433,-5.087482872564178,7.77436642980545,4605.388,6.584982580954845,1.1893838488506043,5.536465445800727,5
2024-04-27T00:00:00Z,5,0.3924388987054253,13.340744142442952,5.525833333333333,4.1109725801383545,0.1113075967061025,69.14776492035051,-5.315190634643328,-5.707898930853003,8.64429279261457,4477.898,7.308387122634577,1.3359056699799927,5.470735911124646,5
2024-04-28T00:00:00Z,5,0.3478347165204653,7.970049932477043,5.4125,4.043314535164702,0.10644622334699216,66.09593301579956,-4.257010398508077,-4.605134144342626,7.070503316319578,4454.978,5.853389297948606,1.2171140183709719,4.809236611852509,5
2024-04-29T00:00:00Z,5,0.31492683357634604,9.341580063674172,5.529166666666667,4.160480315341033,0.1017991496589052,63.17854207544645,-3.0637786912578084,-3.3789636309629425,4.931462837464684,4466.438,4.212695700479487,0.7187671369851971,5.861002101667103,5
2024-04-30T00:00:00Z,5,0.26006066330256866,5.34462446979809,5.441666666666666,3.9517500795851057,0.09800633904298103,60.79865564671117,-2.371945273208663,-2.6322112509393287,3.7579600049889006,4093.996,3.2614247506619116,0.496535254326989,6.568364929258636,5
2024-05-01T00:00:00Z,5,0.2724150793289949,3.286273183915031,5.130416666666667,3.807902224348828,0.09633597585376975,59.75147451483823,-1.4339506619706477,-1.7064968349496556,2.113620085272229,4136.97,1.9716821602096406,0.1419379250625883,13.891158119580913,5
2024-05-02T00:00:00Z,5,0.2652166567537851,1.9000409173117776,5.0975,3.789414413475207,0.09366456899580458,58.07670825541416,-0.9438862589147811,-1.2091679129386594,1.3045304850183594,4258.73,1.297843606007824,0.00668687901053544,194.08809460482544,5
2024-05-05T00:00:00Z,5,0.3617552606806718,1.7588619544335895,4.803333333333334,3.7169645094139243,0.09730472779127392,60.35915482753606,-0.813123232631102,-1.1749847258391308,1.1630866078381905,3863.369,1.118044444867765,0.0450421629704254,24.822174849859472,5
2024-05-06T00:00:00Z,5,0.29716375782954274,2.228473114427024,4.78875,3.6818079065621725,0.09642697982365672,59.80894401879112,-0.8339291442986647,-1.1311813538552746,1.195633606323633,3685.742,1.146652573410664,0.04898103291296896,23.410134601450167,5
2024-05-09T00:00:00Z,5,0.2345691462935328,1.0098136268679787,3.1225,3.6752471824166397,0.08809571316112344,54.586769679679726,-1.0129518490780336,-1.2475152980497983,1.4352976583424057,4715.688,1.3928087924822963,0.04248886586010947,32.78055943098096,5
2024-05-10T00:00:00Z,5,0.2931655186703984,3.8821092534558455,4.69125,3.5381162537369297,0.10355170998220782,64.27798298414515,-0.95408477147848,-1.2473044783683491,1.375710443991598,5002.181,1.31186656078291,0.06384388320868783,20.5480383530993,5
2024-05-11T00:00:00Z,5,0.32046960898973714,1.4170542851566967,5.22625,3.534893709292512,0.09651798379354334,59.86646060973752,-0.9322226970118899,-1.2528223192241181,1.458935971410633,3449.385,1.2818062083913486,0.1771297630192843,7.236537702880555,5
2024-05-12T00:00:00Z,5,0.2626635292107274,1.5356677127257543,4.585833333333333,3.902415436532589,0.09410491078557924,58.35214693928554,-0.6793535075443654,-0.942103169215884,1.2837900359493222,3548.225,0.9341110728735025,0.3496789630758197,2.6713390609973935,5
2024-05-13T00:00:00Z,5,0.18838602493094458,3.3623707840644377,5.5495833333333335,3.9433031454769636,0.0981942182066181,60.927364195071185,-1.2850820629708193,-1.4735412207543872,2.6226295623450455,3462.277,1.7669878365848766,0.855641725760169,2.0651024644865816,5
2024-05-18T00:00:00Z,5,0.10947905430205983,28.800391740431472,5.224166666666667,3.5441435382196396,0.1494177108051185,93.1292547544212,-11.761800431830332,-11.871348906970107,25.70823306428896,5357.434,16.172475593766706,9.535757470522256,1.6959822692387507,5
2024-05-19T00:00:00Z,5,0.14423998021987317,12.808112759204016,5.060833333333333,3.5662512615132353,0.13627497618631587,84.85130481965122,-11.565129506075879,-11.709441326082715,23.58622191065012,5079.535,15.902053070854333,7.684168839795788,2.069456489360135,5
2024-05-20T00:00:00Z,5,0.209560360845756,21.1286027964692,4.98625,3.5796795781661195,0.12432410001183632,77.32980049757619,-9.539648066852934,-9.749306047638578,18.622457005731942,5158.32,13.117016091922784,5.505440913809158,2.382555057310978,5
2024-05-21T00:00:00Z,5,0.2850756373752307,21.93572908420735,5.053333333333334,3.7638710155495954,0.11734615044987665,72.94299260063251,-9.100059620934791,-9.385246390852188,17.501438762774328,5125.374,12.512581978785338,4.9888567839889895,2.508106069298812,5
2024-05-22T00:00:00Z,5,0.38560761854780035,11.79306158492713,4.81375,3.7070590830844714,0.10754707782142844,66.78748593227978,-8.403361263033288,-8.789105185504916,15.55326526228336,5195.564,11.554621736670772,3.9986435256125876,2.889635363257498,5
2024-05-23T00:00:00Z,5,0.35754056868860196,18.215115673742716,4.274583333333333,3.5587572647593584,0.09657963164411174,59.90513620780566,-5.262867489135214,-5.620527100262456,9.21944153492151,5629.603,7.236442797560919,1.9829987373605906,3.6492422618446865,5
2024-05-24T00:00:00Z,5,0.3067691328915715,2.530837717205668,3.9875,3.472251042590954,0.085770708511114,53.1319397134579,-3.5861050248702315,-3.892962472239493,6.0755396697030895,6024.964,4.9308944091965685,1.144645260506521,4.307792623030284,5
2024-05-25T00:00:00Z,5,0.16558527616347055,1.7083610512114429,3.8020833333333335,3.4722476459768266,0.07702552056619248,47.65906033280257,-0.8204136252400436,-0.9860098798058482,1.363022581757909,6047.884,1.12806873470506,0.23495384705284894,4.8012354292344055,5
2024-05-26T00:00:00Z,5,0.1590374120607517,1.564463482593137,3.6770833333333335,3.457806079303838,0.07204672272980914,44.54486624161852,-0.4928693619364051,-0.6518558578529144,0.880927681360437,5297.27,0.6776953726625571,0.2032323086978799,3.3345848256342068,5
2024-05-27T00:00:00Z,5,0.17338893409245903,0.8065713316261623,3.4158333333333335,3.573480162479504,0.06535646313716868,40.36521263562694,-0.40948198515972895,-0.5827806919861653,0.6963598908285472,4519.439,0.5630377295946273,0.13332216123391993,4.223136831743609,5
2024-05-28T00:00:00Z,5,0.14748084748463736,1.1932614454744186,3.2391666666666667,3.3425338346668565,0.06112037511953806,37.72086507450384,-0.2514528120538966,-0.39883123221471617,0.4662733199088687,5159.753,0.3457476165741078,0.12052570333476093,2.8686629242377584,5
2024-05-29T00:00:00Z,5,0.07821420279234205,0.6740591418517318,2.7016666666666667,3.6173285865182416,0.05474129039167159,33.7410755354218,-0.367337825639798,-0.44543304552664037,0.5170494453157799,5268.621,0.5050895102547223,0.011959935061057636,42.23179370758694,5
2024-05-30T00:00:00Z,5,0.03156153745915449,1.972364369904907,4.493333333333333,3.9762833162349858,0.03865729843347802,23.73714893431973,-0.245507502822385,-0.2769671338890154,0.38504002033934503,5254.296,0.3375728163807794,0.04746720395856563,7.111706362048384,5
2024-07-01T00:00:00Z,5,0.06134035776476522,2.5663976707474143,3.870416666666667,3.1788810391508164,0.02275779839438484,13.892883449170366,-1.214019733212795,-1.2753407897972975,2.0420762938658465,3326.193,1.6692771331675933,0.37279916069825325,4.477684794249631,5
2024-07-16T00:00:00Z,5,0.1158842465455705,19.207500833295175,5.49625,3.249521445665994,0.16568980774325187,103.39225918861524,-13.283729931314774,-13.399631891727825,33.71283138449997,5450.569,18.265128655557813,15.447702728942158,1.182384784071294,5
2024-07-17T00:00:00Z,5,0.1979308242323065,32.541711963881234,5.295416666666667,3.1308844304009016,0.14749782060170172,91.92083262529331,-13.085987242304137,-13.283949694831723,32.14278076210335,5414.98,17.993232458168187,14.149548303935163,1.2716471276446364,5
2024-07-18T00:00:00Z,5,0.2131416223928569,22.732191379901565,5.102916666666666,3.107539750534021,0.13375034992494225,83.26213054669378,-9.961914091859622,-10.17509523214808,23.929260198635603,5714.222,13.69763187630698,10.231628322328623,1.3387538566480617,5
2024-07-23T00:00:00Z,5,0.12370276668270415,22.35709973384773,5.742083333333333,3.2713255603843026,0.22042135660028875,137.9832162741322,-8.84306525572851,-8.96679180854223,25.41327894006084,5462.423,12.1592147266267,13.254064213434141,0.9173951876815478,5
2024-07-24T00:00:00Z,5,0.4863057105175675,1.8468498887441651,5.337083333333333,3.207446185622778,0.2669508057197932,167.47321182150876,-6.227203119165417,-6.71357657405091,17.276481348198914,5051.182,8.562404288852449,8.714077059346465,0.9825945112189091,5
2024-07-25T00:00:00Z,5,1.9426138394863168,0.6445128704482516,5.2629166666666665,3.160181225985861,0.3330167522456255,209.5058186513574,-17.23689252463958,-19.179497005161792,36.592672179335764,6488.473,23.70072722137942,12.891944957956344,1.8384136217361344,5
2024-07-26T00:00:00Z,5,1.9605783765251508,17.66654549349192,4.303333333333334,3.2202138747926834,0.5543119865027609,350.6407688911537,-18.205713381646124,-20.166290405663432,38.778157241868605,7783.809,25.03285589976342,13.745301342105186,1.8211936775137638,5
2024-07-27T00:00:00Z,5,1.6345430081926768,1.7256924477088385,4.20375,3.1792275109296506,0.60997705995412,386.21118149532145,-20.90030972137729,-22.53483012783361,45.42908731859764,7015.79,28.737925866893775,16.691161451703863,1.7217451254094818,5
2024-07-28T00:00:00Z,5,0.13308594099603438,3.736747884083725,4.270416666666667,3.240968518546617,0.5450178391265867,344.64395558193695,-6.0418608449147095,-6.175016540509821,13.942973329853443,6449.901,8.307558661757726,5.6354146680957165,1.4741698971665849,5
2024-07-29T00:00:00Z,5,0.11497338433055057,1.6626145282581235,4.2995833333333335,3.2234688830765386,0.47694777291652474,301.1561657491221,-5.493494568777915,-5.6085456094286075,12.90095856094568,6669.244,7.5535550320696325,5.347403528876048,1.4125649936984068,5
2024-07-30T00:00:00Z,5,0.05784424976469218,2.018322671861436,4.544583333333334,3.1501555633532745,0.3953603428418979,249.1155690710748,-3.0427890015092407,-3.1006893232762907,7.58472589183494,6849.729,4.183834877075206,3.4008910147597335,1.2302172750957108,5
2024-08-03T00:00:00Z,5,0.31241845246803324,1.1773042097302806,3.68125,3.2517672535007645,0.6085562237791143,385.3188334772703,-4.008875882009497,-4.321557454636367,6.170584030377527,6997.529,5.512204337763059,0.658379692614468,8.372379038414355,5
2024-08-07T14:00:00Z,5,0.22380403351812658,2.4744578396047303,4.0125,3.1650482817482493,0.9670942514612306,615.48937396491,-10.258725868559894,-10.482760297868031,20.209121804295528,5652.042,14.105748069269854,6.103373735025674,2.3111394913145555,5
2024-08-08T00:00:00Z,5,0.18527300981646055,2.37406333831229,3.5016666666666665,2.9856847948175522,0.7877166199786946,500.17716067393434,-9.920962424421084,-10.106454140898578,19.298992370902884,6360.205,13.641323333578992,5.657669037323892,2.4111207713965914,5
2024-08-09T00:00:00Z,5,0.10941118124380814,1.6723860564736213,3.10375,2.8657445562396475,0.6518447573258779,413.0264339859402,-7.663256338531459,-7.7728249044918565,15.0675648374879,6886.279,10.536977465480756,4.530587372007144,2.3257420286351653,5
2024-08-10T00:00:00Z,5,0.08740320514537878,1.6897743570998038,3.047083333333333,2.874779281728071,0.5592262008766439,353.7332584444408,-5.74879497542791,-5.836319449488123,11.575430725544162,7396.586,7.904593091213377,3.670837634330786,2.1533486028603464,5
2024-08-11T00:00:00Z,5,0.2226984503270935,1.756013769503984,3.08875,2.914617919850377,0.479603598449621,302.84951787877344,-5.457667302152814,-5.680535364991739,11.311756614382029,7743.48,7.504292540460119,3.80746407392191,1.9709424422041257,5
2024-08-12T00:00:00Z,5,0.21635063797800302,2.162698739953821,3.2266666666666666,2.872050856990017,0.43995815931025783,277.5480362982977,-4.578854176234329,-4.795369659236474,9.86248496718981,8097.542,6.295924492322203,3.5665604748676065,1.7652650324276116,5
2024-08-13T00:00:00Z,5,0.20724497957184015,1.2918442556814438,3.2070833333333333,2.928233379336174,0.41215204309196496,259.82144303756274,-3.842693823022255,-4.050082319489035,8.531773507453494,8152.013000000001,5.283704006655601,3.248069500797893,1.626721351054111,5
2024-08-14T00:00:00Z,5,0.054227970857985947,1.5632672763517494,3.3070833333333334,2.877049737112133,0.32578046883366507,204.83276072121117,-2.6875961518661384,-2.7418598957810203,6.293133591804036,8200.75,3.6954447088159403,2.5976888829880957,1.4225894151593346,5
2024-08-19T00:00:00Z,5,0.01741630458489877,3.007701927485589,8.187083333333334,3.1683680754438086,0.1350126630556291,84.05657597131784,-0.03239259935317386,-0.04960817049023403,3.4841191718822073,6631.126,0.04453982411061406,3.4395793477715935,0.01294920675095638,5
2024-08-20T00:00:00Z,5,0.019407874012399934,2.7512727653766347,8.105416666666667,3.029200062702232,0.1144663151447516,71.13516204710781,-0.0041617249715015184,-0.023395984790367065,3.263333422630463,6427.576,0.005722371835814588,3.2576110507946483,0.0017566160436552718,5
2024-09-13T08:14:20Z,5,0.20209108534404327,10.497382993122052,4.942916666666667,3.329757349648559,0.2893101036851425,181.65715836333072,-5.492061334938769,-5.694083679580038,14.56343149568424,8974.813,7.551584335540807,7.011847160143433,1.0769750342627737,5
2024-09-14T00:00:00Z,5,0.23640768130574225,3.398356535500747,4.87125,3.294607718587311,0.2782558472692704,174.64168914479842,-6.966020035447891,-7.2024892376925225,18.81170218447158,8081.775,9.57827754874085,9.233424635730731,1.0373483216265864,5
2024-09-15T00:00:00Z,5,0.0836531505937687,5.2313182407101015,4.9904166666666665,3.2475332858378305,0.2367081315980814,148.29661333467067,-4.504277891477785,-4.587954140552678,12.451430206630599,6935.08,6.193382100781954,6.258048105848645,0.9896667452897565,5
2024-09-22T00:00:00Z,5,0.03014740575942163,3.700806990676766,5.4870833333333335,3.3893157578262563,0.12025534187432002,74.7751734705944,-1.4689513591623165,-1.4991468997044106,4.204449495520781,5367.654,2.019808118848185,2.1846413766725963,0.9245490543278699,5
2024-09-23T00:00:00Z,5,0.029899528653536508,4.844630048762276,5.589583333333334,3.478575618452627,0.0903590699605643,56.006968009235166,-1.30925920575689,-1.3391970748713393,4.117903838165753,4988.884,1.8002314079157236,2.3176724302500293,0.7767410892148877,5
2024-09-24T00:00:00Z,5,0.029312692626154893,5.64543717936775,5.664583333333334,3.4155178027245574,0.06692114429683405,41.342241926024215,-1.5624322448660537,-1.5917415994754247,5.094215151020039,6440.516,2.148344336690824,2.9458708143292154,0.729273098548963,5
2024-09-25T00:00:00Z,5,0.029490340341838294,11.964847393977015,5.509166666666666,3.34106323986346,0.05296524517291465,32.63232606200192,-1.8994942878713077,-1.9289947193015768,5.632532408997335,7622.125,2.611804645823048,3.020727763174287,0.8646276164517627,5
2024-10-04T10:00:00Z,5,0.031596845821169825,4.1218765715692625,4.435833333333333,3.304350608725216,0.13001805807807423,80.91357687216633,-2.151100948058777,-2.1827102324469165,5.942267782162791,8379.938,2.9577638035808183,2.9845039785819725,0.9910403285795386,5
2024-10-05T00:00:00Z,5,0.058624475328464376,4.000155161711383,4.514583333333333,3.236750987688644,0.10956090760666327,68.05193097228538,-1.8780635634997271,-1.93673269655646,4.671965097053983,6728.892,2.5823373998121246,2.089627697241858,1.2357882713847084,5
2024-10-06T00:00:00Z,5,0.07979894754781346,2.8220081419832668,4.7683333333333335,3.2880718160332125,0.10786705952199796,66.99042226993146,-1.7194292676255474,-1.79925559129451,4.035591720318365,6173.769,2.3642152429851278,1.6713764773332374,1.414531839503538,5
2024-10-07T00:00:00Z,5,0.08100087017901336,2.512352139283631,4.730416666666667,3.4321531635046063,0.1638433078381308,102.2300037425574,-3.267424987644942,-3.3484723908287197,7.690272783698696,6279.917,4.492709358011795,3.1975634256869014,1.4050415143983173,5
2024-10-11T00:00:00Z,5,0.09126441432018266,1.793236098374002,4.394583333333333,3.680824348519476,0.48957000095818415,309.21803737066807,-3.957872931801711,-4.049240071464467,8.921284313172778,7404.506,5.4420752812273525,3.479209031945426,1.5641702557274564,5
2024-10-12T00:00:00Z,5,0.065816052794852,3.025756431156851,4.745416666666666,3.844324201323388,0.402226739150448,253.4911947878204,-4.303616727055835,-4.369619245772494,9.874989546568443,5779.302,5.917472999701773,3.95751654686667,1.495249086042832,5
2024-10-13T00:00:00Z,5,0.06945229713106685,2.8575206905133945,4.8654166666666665,3.813775013656188,0.33966004204735717,213.6564801677276,-5.306816101009054,-5.376444403996801,11.830441006653304,5690.367,7.29687213888745,4.5335688677658545,1.609520523834758,5
2024-10-14T00:00:00Z,5,0.06963897193000769,6.056027780561514,5.1154166666666665,3.8298115659342566,0.2848551028920237,178.83131624353192,-4.93292564749367,-5.002692609897931,10.700911496242023,5611.474,6.782772765303797,3.9181387309382263,1.7311211345698352,5
2024-10-18T00:00:00Z,5,0.12362573458292163,34.8182395241883,6.58875,4.5850435688319635,0.1441981927903248,89.8412107329838,-6.323987299557427,-6.447695294343532,21.04122056632072,4537.089,8.695482536891461,12.34573802942926,0.7043307185170729,5
2024-10-19T13:00:00Z,5,0.12700073231418377,10.13588677852252,6.317083333333334,4.3856748962479735,0.12648177478173148,78.68752666076982,-7.322892616243088,-7.449938206240537,23.17490706144553,10158.6,10.068977347334247,13.105929714111284,0.7682764646977223,5
2024-10-20T00:00:00Z,5,0.05481152647257557,11.23247073197043,5.59125,4.217158908836563,0.11040636384303094,68.58247488329206,-3.7601910998000263,-3.815030642958929,10.276798037232307,7011.474,5.170262762225036,5.106535275007271,1.0124795940468019,5
2024-10-21T00:00:00Z,5,0.03715562673485819,6.241243406156765,5.0575,4.098880771014065,0.09903967444298516,61.447211862829775,-2.7026099194356714,-2.739914138786428,6.8619384466479065,6114.958,3.716088639224048,3.1458498074238586,1.1812670237639726,5
2024-10-22T00:00:00Z,5,0.038339758509052836,1.587865863775632,4.719166666666666,4.013313628931865,0.08800764480316846,54.53039069998521,-1.8922264666807715,-1.9307432878238404,4.066531879959907,5681.761,2.601811391686061,1.464720488273846,1.7763193814215446,5
2024-10-23T00:00:00Z,5,0.048504144712132734,3.734724954685109,2.5258333333333334,3.8692169720236986,0.07868707691960823,48.69468839884075,-2.6796907094269895,-2.7283788736573698,3.9613228830024627,6239.752,3.6845747254621104,0.2767481575403523,13.313818448546915,5
2024-10-24T00:00:00Z,5,0.15461130045943858,8.302043056805038,0.80625,3.9254726821240027,0.06778714981672374,41.88013011474249,-2.4435939651067557,-2.5985170050446698,3.7338548733383305,11848.36,3.359941702021789,0.37391317131654134,8.985887526217642,5
2024-10-25T00:00:00Z,5,0.2329012218853546,1.627495548217199,3.5500000000000003,4.023862710277181,0.05697551688809674,35.132159403536896,-5.630625954479713,-5.863813528474182,14.657104068243546,9219.055,7.742110687409606,6.91499338083394,1.1196121617221153,5
2024-10-26T00:00:00Z,5,0.22721157882339987,76.76967698790897,6.1258333333333335,4.041719966115834,0.05032319443426768,30.987260812599697,-7.0054052513866365,-7.232887766958476,19.723444480316374,4564.343,9.632432220656625,10.091012259659749,0.9545555958903784,5
2024-10-27T00:00:00Z,5,0.12147901379573098,64.3983715930037,6.085416666666666,4.04108802651919,0.04635131149050178,28.515288596415154,-9.632434899976126,-9.753922023538532,25.06498315983295,4484.015,13.244597987467174,11.820385172365775,1.1204878516506371,5
2024-10-28T00:00:00Z,5,0.06289213188931403,56.6453998554911,5.984166666666667,4.020868744289508,0.04399988633310617,27.052414503797184,-6.356834238580023,-6.4197309990655125,14.331022835544989,4385.04,8.740647078047532,5.590375757497457,1.5635169185765612,5
2024-10-29T00:00:00Z,5,0.05706960482069256,12.655133466401397,6.093333333333334,4.025257121678711,0.0475020713677788,29.231633356789292,-5.053966721781579,-5.111043183227556,10.823751892270668,4420.9,6.949204242449672,3.874547649820996,1.7935524015998938,5
2024-10-30T00:00:00Z,5,0.073526886771594,31.97899926847395,5.88625,3.9423274809902744,0.05070482398540553,31.224862586834124,-4.874405129613979,-4.947940557693657,10.271607473370828,4755.122,6.702307053219222,3.569300420151606,1.8777649018780385,5
2024-10-31T00:00:00Z,5,0.05184650817539975,48.721980838181445,5.761666666666667,3.889944089677671,0.04500093000185997,27.675402696307724,-5.427790535547874,-5.479648566799924,11.496233714548183,4633.195,7.463211986378328,4.033021728169855,1.8505261040993843,5
2024-11-01T00:00:00Z,5,0.06922634380858865,26.10389699434257,5.81625,3.970994329981394,0.04217687132343951,25.92018186758435,-5.857877746033907,-5.927114950000861,11.814637215897736,4565.777,8.054581900796622,3.7600553151011145,2.1421445233658805,5
2024-11-02T00:00:00Z,5,0.06345668930624164,50.37512046027648,5.739166666666667,3.9748213141267694,0.03754741130694364,23.044593300173855,-5.805039737285191,-5.868507621119989,10.212399470303783,4640.368,7.981929638767138,2.230469831536645,3.578586684253927,5
2024-11-03T00:00:00Z,5,0.06450907822308394,53.69959922173144,5.560416666666667,3.902657116143703,0.03713936124841945,22.791461416830572,-7.209137050611158,-7.27364873448434,11.028715787904225,4750.818,9.912563444590342,1.1161523433138836,8.881012976382506,5
2024-11-04T00:00:00Z,5,0.09188107186718923,59.220350966056735,5.452916666666667,3.7658238453790176,0.03566568405864088,21.877018505408905,-7.259122593556685,-7.3510116431933685,9.989136635974516,4667.622,9.981293566140442,0.007843069834073901,1272.6258693728716,5
2024-11-06T06:00:00Z,5,0.13233683248273018,7.426027126439264,5.194166666666667,3.5948811185821046,0.03897411870581314,23.933620747446785,-7.0724853962229925,-7.204834524693959,10.808852660845917,1255.123,9.724667419806615,1.084185241039302,8.9695626279551,5
2024-11-07T00:00:00Z,5,0.09638184891020092,67.64651966873825,5.2195833333333335,3.5172663436982945,0.05070482398540573,31.22420026987858,-8.596127729965263,-8.692515864425715,15.256087658806939,5651.638,11.819675628702235,3.4364120301047034,3.4395397074494887,5
2024-11-08T00:00:00Z,5,0.08508981984221234,60.54944510526914,5.174166666666666,3.4998231325912803,0.04784260235187166,29.4425642129624,-11.81829731425194,-11.903397455709158,23.026490222793594,5528.277,16.250158807096415,6.776331415697179,2.3980761580600065,5
2024-11-09T00:00:00Z,5,0.08210030574880887,64.235322644127,5.327083333333333,3.6269711362003485,0.04596674632743206,28.27576541045357,-8.069955385962643,-8.152064336955616,17.206934575652127,5466.597,11.096188655698635,6.110745919953493,1.815848474319005,5
2024-11-10T00:00:00Z,5,0.10951024440413203,11.038355521018326,5.29875,3.660236826561757,0.04665074390754836,28.701395448385888,-5.796156497704798,-5.905694672057011,12.801131346450628,5333.195,7.969715184344097,4.831416162106531,1.6495608982831333,5
2024-11-11T00:00:00Z,5,0.09653026729183314,21.397815175839472,5.232083333333334,3.6689497287660213,0.05275975233768654,32.50405631443682,-4.450251229978941,-4.546821263941934,9.653674832316845,5350.408,6.119095441221044,3.534579391095801,1.7312089400611776,5
2024-11-12T00:00:00Z,5,0.1458980023837165,36.914102169051766,5.315416666666667,3.6235528667167687,0.0509220592683613,31.35947669813653,-7.459011365825935,-7.604952422665559,16.831680740923613,5305.941,10.25614062801066,6.575540112912952,1.5597411698348242,5
2024-11-13T00:00:00Z,5,0.12332675555972201,64.76389040851357,5.464166666666666,3.6790500063897373,0.04709108569732306,28.974921914278617,-6.6186204641946,-6.7419849113499986,14.94352351573422,5204.097,9.100603138267575,5.842920377466646,1.5575435827200823,5
2024-11-14T00:00:00Z,5,0.11609527979770702,9.779027231247708,5.02625,3.930440807824683,0.04418776549674294,27.169433155243457,-4.773857676711071,-4.8899803257753325,10.659676600224243,4980.327,6.564054305477722,4.095622294746521,1.602700110773758,5
2024-11-15T00:00:00Z,5,0.04881826009208823,7.762971918685008,4.708333333333333,3.870653236861641,0.04256730771037295,26.161992366719748,-1.4550070506127741,-1.5038878264617517,2.75755097307881,6070.49,2.0006346945925646,0.7569162784862455,2.643138681854785,5
2024-11-16T00:00:00Z,5,0.0482227084879239,8.115788546235306,5.809583333333333,4.505990470693067,0.04025698112002275,24.727095062318295,-1.0806927213846946,-1.129024610780308,1.8137098240072502,6810.654,1.485952491903955,0.32775733210329516,4.533697178849522,5
2024-11-22T10:00:00Z,5,0.0384727800681256,2.523139394276397,5.849583333333333,5.238079103159622,0.03451131112052436,21.161163358955115,-0.47066845635589455,-0.5091972827412404,0.8190441106757587,1523.804,0.647169127489355,0.1718749831864037,3.7653480191906703,5
2024-11-23T00:00:00Z,5,0.03466951678878756,5.74468586352974,8.1345833333333335,5.813675606113951,0.03391605934727023,20.79210086646773,-0.25062288125491644,-0.2852699249657244,1.0457165359515121,3899.542,0.3446064617255101,0.701110074226002,0.4915154900690054,5
2024-11-24T00:00:00Z,5,0.023118482537217506,6.907546389596569,8.1675,5.7306321665775934,0.03310583045408519,20.290212899232326,-0.35552522071451637,-0.3785726285316252,1.3921521494327334,5054.72,0.48884717848246,0.9033049709502734,0.5411762297379972,5
2024-11-25T00:00:00Z,5,0.027616233291624017,6.858326318681154,8.230833333333333,5.579060983519891,0.03275942824612914,20.075463530724058,-0.4470548259099524,-0.47462231701706786,1.5415046989100087,4693.61,0.6147003856261846,0.9268043132838242,0.6632472214638248,5
2024-11-26T00:00:00Z,5,0.04688090022491703,6.965245416919876,7.639583333333333,5.344740187698377,0.03370763090011022,20.66316021733237,-0.7483021090935701,-0.7951539128659311,1.920876975057383,4283.224,1.0289154000036589,0.8919615750537242,1.153542292381469,5
2024-11-27T00:00:00Z,5,0.058292123217593396,11.895225855891004,6.64375,4.780246822760673,0.03260677642567419,19.98062529437095,-0.9736079236462906,-1.031865766187074,1.9452424683251004,3930.465,1.3387108950136495,0.6065315733114509,2.2071578033518597,5
2024-11-28T00:00:00Z,5,0.062279935934914286,7.17347579241419,5.6379166666666665,4.452726580564264,0.03412742340636203,20.923066725358453,-0.9889719436576581,-1.0512373687064729,2.0092259684859686,4967.42,1.3598364225292798,0.6493895459566887,2.0940226571186202,5
2024-12-09T11:00:00Z,5,0.05944751099641884,7.347109121728446,8.307083333333333,5.3794731405613385,0.03910915685467742,24.013776115401075,-1.024465033475682,-1.0839063932368207,2.1615403557338198,1279.588,1.4086394210290627,0.752900934704757,1.8709492259847536,5
2024-12-10T00:00:00Z,5,0.04795536710201168,12.054412344638443,7.22,4.854651433013521,0.03945262345070124,24.227186999356533,-0.8181201437271051,-0.8660803340209355,1.9808348743763549,3817.153,1.1249151976247695,0.8559196767515853,1.3142765941473444,5
2024-12-11T00:00:00Z,5,0.04147636839468636,2.688770303835222,6.749583333333334,4.429320226015304,0.06641621904455941,41.04262575767871,-0.784238573041078,-0.8257329576109911,2.4223556305871656,4350.616,1.0783280379314824,1.3440275926556833,0.8023109375312739,5
2024-12-12T00:00:00Z,5,0.031305855708595835,7.588952834526548,8.391666666666667,5.017980895251825,0.06886745500763732,42.55586324497606,-0.5209027379051183,-0.5522203210799069,2.1300612654508706,4423.588,0.7162412646195377,1.4138200008313329,0.5066000369201061,5
2024-12-13T00:00:00Z,5,0.04159646786788055,6.229728407598823,8.67,5.648604760083785,0.05573985008109855,34.361211783899144,-0.7430905383237165,-0.7847068927928988,2.5942963473263547,3677.511,1.0217494901951103,1.5725468571312444,0.6497418411169387,5
2024-12-14T00:00:00Z,5,0.06825731319530194,7.307514709054715,7.415,5.098349865697921,0.05234583105529852,32.2461672442639,-1.5995080477657848,-1.6677746114442762,3.6486351750276973,3839.841,2.199323565677954,1.4493116093497433,1.517495307075278,5
2024-12-15T00:00:00Z,5,0.09616558613641021,16.591236113119532,6.51625,4.714006382165608,0.05520805268883265,34.02963702231347,-2.724295935628228,-2.82048061363367,5.730495606287905,4641.805,3.7459069114888135,1.9845886947990912,1.8874978585263122,5
2024-12-16T00:00:00Z,5,0.10993065080589536,18.886489090978184,6.215416666666667,4.6159190183414465,0.05885995393202927,36.306387956796215,-3.618782675734945,-3.7287440761859276,7.430574343786811,4987.502,4.975826179135549,2.454748164651262,2.0270210406053804,5
2024-12-17T00:00:00Z,5,0.11507853817952174,14.874479388701037,5.738333333333333,4.393175252924318,0.06328392111329671,39.066819480567595,-4.296617954234625,-4.4117283412071275,8.810666065164469,5163.937,5.907849687072609,2.9028163780918597,2.0352130199003775,5
2024-12-18T00:00:00Z,5,0.09792293692711249,19.275484992297734,5.539166666666667,4.289703300871439,0.06685949644626558,41.29975621194688,-4.385023499922286,-4.482979957020802,8.984884571019263,5518.24,6.029407312393143,2.9554772586261198,2.0400790751460454,5
2024-12-19T00:00:00Z,5,0.07692135374904199,16.06158139556307,5.710833333333333,4.292736620129147,0.06975988103491357,43.111539187159856,-3.698699684735105,-3.7756562073823754,7.862504788810239,5555.535,5.085712066510769,2.7767927222994695,1.8315058324912625,5
2024-12-20T00:00:00Z,5,0.0501801079693398,8.108425843051847,6.154166666666667,4.4411674979551385,0.06837133659115797,42.24395830668303,-2.5521364915896156,-2.6023664180169304,6.108264351857431,5419.911,3.5091876759357215,2.59907667592171,1.350167045260894,5
2024-12-21T00:00:00Z,5,0.04035891917433852,11.57995093120964,7.263333333333334,5.086994433236436,0.06452862057239264,39.844181414690674,-1.501592918046394,-1.5420053582669688,4.267798945495419,4899.042,2.0646902623137917,2.203108683181627,0.9371713152762223,5
2024-12-22T00:00:00Z,5,0.059791195816631414,8.682469079256206,7.975416666666667,5.504663722342817,0.05978760730248752,36.88516251716331,-1.7769397727400211,-1.8367848184439728,5.380197130165275,4194.258,2.443292187517529,2.936904942647746,0.83192756838592,5
2024-12-23T00:00:00Z,5,0.09027464378281033,18.397111493701047,7.78125,5.3897988700520365,0.06002832748089731,37.035212615886486,-2.4903551734809066,-2.580675694906988,7.295528789168195,4307.577,3.4242383635362468,3.871290425631948,0.8845211769347621,5
2024-12-24T00:00:00Z,5,0.14147047732334805,25.593571004701932,7.575,5.133603340169455,0.06106459849283337,37.681727841375114,-3.956406030924196,-4.097918297248805,11.517583014756958,4481.246,5.440058292520769,6.0775247222361894,0.8951108454757765,5
2024-12-25T00:00:00Z,5,0.12545714189862092,35.48666970549841,7.459583333333334,4.996556724260792,0.0613258679547662,37.84485426608185,-4.251067596790724,-4.376544887412624,12.013688094667614,5116.914,5.845217945587246,6.168470149080369,0.9475960496394207,5
2024-12-26T00:00:00Z,5,0.11041708897499053,19.266042691566547,6.962083333333333,4.939527709229883,0.05994025912294248,36.98034842522985,-3.489489839972666,-3.5999318323444953,9.71801076418124,6336.527,4.798048529962416,4.919962234218825,0.9752206016118402,5
2024-12-27T00:00:00Z,5,0.08291563375658009,8.122045872220788,6.828333333333333,4.8250712127811175,0.06070938944908169,37.4601394301078,-2.7795945180306254,-2.8625344229401364,6.885752299964931,4872.957,3.82194246229211,3.0638098376728213,1.2474476761897022,5
2024-12-28T00:00:00Z,5,0.1060682334174618,14.577018018054702,6.115833333333334,4.4984739095848925,0.06252066201102097,38.59045003129482,-1.8551710398236274,-1.9612770861485493,4.373282333661059,5800.822,2.5508601797574877,1.8224221539035717,1.3997087196803575,5
2024-12-29T00:00:00Z,5,0.08782209534450633,1.9711497337163848,5.890416666666667,4.238087517360171,0.08758198107305301,54.29084855072215,-2.0555407731134623,-2.143398632723051,4.910944208780064,5426.437,2.8263685630310107,2.0845756457490534,1.3558484043477386,5
2024-12-30T00:00:00Z,5,0.07184863244896066,6.347173961900024,6.19125,4.3290887083468155,0.10693059931574414,66.40047159523884,-2.2827011264984196,-2.354588492131526,5.586631865646292,6193.855,3.138714048935327,2.447917816710965,1.2821974771818605,5
2024-12-31T00:00:00Z,5,0.045416441783070846,13.348849698910144,6.2,4.419944655402219,0.09013596345374526,55.863911615135194,-2.311554887843712,-2.3570271534728784,5.907715786215703,5317.559,3.178387970785104,2.7293278154305987,1.1645314105603906,5
2025-01-01T00:00:00Z,5,0.04765057503352896,3.984319551850965,6.580416666666666,4.266922191174254,0.08076549016734397,49.99512278313899,-2.1621722547672118,-2.209885946856438,6.430938364637794,5318.854,2.972986850304916,3.457951514332878,0.8597537698207074,5
2025-01-02T00:00:00Z,5,0.03236172070388599,14.745689543737228,7.870833333333334,4.992022799855136,0.06924321333491151,42.7891794754816,-1.0809636589660983,-1.113375574640807,4.574967308104395,4521.53,1.486325031078385,3.0886422770260102,0.48122278262328805,5
2025-01-03T00:00:00Z,5,0.028160350239849388,9.991825990709192,8.479166666666666,5.424582655554427,0.0592490354211477,36.550549878520634,-0.9503300437987278,-0.978509614841286,4.549744434671562,4151.195,1.3067038102232507,3.2430406244483114,0.4029255139058087,5
2025-01-04T00:00:00Z,5,0.02244583221779129,6.560153165888959,8.912916666666666,5.688904904905539,0.05255425950245844,32.37621440292677,-0.5113426003695816,-0.5337704278449922,2.807764420114929,4316.267,0.7030960755081747,2.1046683446067544,0.33406502136541816,5
2025-01-05T00:00:00Z,5,0.022596037400117983,5.697854770629652,8.879166666666666,5.923273403224204,0.04799231856039467,29.53570479244636,-0.45286022225093503,-0.47539426195905893,2.1277680157074794,4756.937,0.6226828055950356,1.5050852101124437,0.41371930400439955,5
2025-01-14T00:00:00Z,5,0.08821901439183799,14.354878213729307,9.092083333333333,5.552597788411123,0.06218306663886051,38.37983377074167,-1.734706880686549,-1.822936026438571,9.718648638174155,5299.521,2.385221960944005,7.33342667723015,0.32525340007148035,5
2025-01-15T00:00:00Z,5,0.028989196125850946,19.25221009658469,9.281666666666666,5.603182817201949,0.05490862027178603,33.843134640953416,-0.928148416828255,-0.9571389324451248,5.973117084990354,4797.128,1.2762040731388506,4.696913011851503,0.27171124309065636,5
2025-01-16T00:00:00Z,5,0.027076947182676243,8.235630253207388,9.127916666666668,5.74814884951531,0.05117158628256658,31.514876295015043,-0.7119386615065628,-0.7389983884717675,4.470103949755228,7469.855,0.9789156595715238,3.4911882901837044,0.28039612252480767,5
2025-01-17T00:00:00Z,5,0.034491393146070595,6.206019758657352,9.23375,5.750033250166878,0.04923995363142247,30.312179778250822,-0.45613643222634337,-0.49060155164801367,2.091596426118226,4418.181,0.6271875943112222,1.4644088318070039,0.42828722463883634,5
2025-01-23T00:00:00Z,5,0.1502718571795975,20.49173927331113,9.00125,5.925843700341697,0.3731759234730588,234.9939479725598,-5.6571229240593714,-5.807511920638012,19.032864772133205,3389.244,7.778544020581636,11.25432075155157,0.6911606832877277,5
2025-01-24T00:00:00Z,5,0.29534636682140686,8.927487616429357,9.080416666666666,5.75492478672236,0.29461307695342664,185.02639213621913,-7.576092851126222,-7.871631184105994,26.0724698149048,3498.085,10.417127670298555,15.655342144606244,0.6654040246503065,5
2025-01-25T00:00:00Z,5,0.2542666714828601,21.435106122976876,9.47,5.913135930786054,0.2563121480788416,160.72022032652487,-4.41119664918656,-4.665680470907083,15.484820410621445,3345.992,6.06539539263152,9.419425017989926,0.6439241653335922,5
2025-01-30T00:00:00Z,5,0.24654700681386865,28.74049544873889,7.565416666666667,5.126936259699775,0.1761141657131801,109.97008418409617,-8.357396883011294,-8.604063658974168,19.08377448642679,3868.687,11.49142071414053,7.592353772286261,1.5135517994546974,5
2025-01-31T00:00:00Z,5,0.15388027634522278,4.22441174163974,7.267083333333334,5.031323934015318,0.16317105270574156,101.80130278325532,-5.527888425265635,-5.6818622844138575,12.66605608332997,4026.514,7.600846584740248,5.065209498589722,1.5005986597112142,5
2025-02-01T00:00:00Z,5,0.19200861261399005,4.1113908093772045,6.755,4.660047937136085,0.15371544667331766,95.83803464861548,-5.679664737208968,-5.871784175389689,13.574736652458451,4532.789,7.809539013662332,5.76519763879612,1.3546003975837866,5
2025-02-02T00:00:00Z,5,0.2370592441339227,36.949541609073655,7.185833333333333,4.8132054885846935,0.1366888974687041,85.1110198169735,-7.533081805428899,-7.770241857012627,18.082556291041893,4241.708,10.357987482464736,7.724568808577157,1.3409146502732296,5
2025-02-03T00:00:00Z,5,0.29360267569404896,21.463639614676087,6.980833333333333,4.827626180248213,0.12367239416297005,76.92000166369901,-9.537918920674379,-9.831627563717019,22.83278017765999,4324.237,13.114638515927272,9.71814166173272,1.3495006527399154,5
2025-02-04T00:00:00Z,5,0.32229409375715223,22.332622082562736,6.720416666666667,4.662304143512537,0.11686177448112472,72.63798318132771,-9.430164325078573,-9.752563919324466,23.06984341841,4475.89,12.966475946983039,10.10336747142696,1.2833816035745658,5
2025-02-05T00:00:00Z,5,0.35180693320381407,40.41632394956584,6.796666666666667,4.620566552077476,0.10959026372598205,68.06930906415407,-9.917104770899611,-10.269026538558302,25.001902635169003,4629.036,13.636019059986966,11.365883575182037,1.1997324246538896,5
2025-02-06T00:00:00Z,5,0.3310272791502232,28.118667451478174,6.570833333333334,4.5591876966540665,0.1032904405202749,64.11389502261136,-9.970059620858756,-10.301193219522348,25.990334686594345,5534.349,13.708831978680788,12.281502707913557,1.1162178036933164,5
2025-02-16T00:00:00Z,5,0.12068111072051532,5.68012048988062,6.15375,4.148759405788768,0.13893170498462185,86.52802280417009,-2.770552468866888,-2.891449348862624,14.35175877176199,10481.49,3.8095096446919707,10.542249127070018,0.3613564428969948,5
2025-02-17T00:00:00Z,5,0.19594765972614628,5.466599477546438,6.98375,4.5130322640570375,0.1559993527562814,97.27833419971536,-3.4866756836889237,-3.682882518749944,20.841728522992174,10654.68,4.79417906507227,16.047549457919903,0.298748358909479,5
2023-12-08T00:00:00Z,5,0.058321137384917635,2.694950563207778,7.223333333333334,5.0835369805761506,0.18087866387853985,112.97850122531956,-1.85730527867836,-1.9159478969058568,2.6968015079175855,2644.154761904762,2.553794758182745,0.14300674973484062,17.857861694765628,5
2023-12-17T00:00:00Z,5,0.05355441250700115,0.3800858813661265,6.5975,4.3607312111705765,1.116968983028875,712.1783468105494,-2.7277896046242747,-2.7812489013698585,3.8100574963645255,1358.6847619047617,3.7507107063583778,0.05934679000614773,63.19989178807888,5
2023-12-18T00:00:00Z,5,0.06944372735339328,1.6890787451612093,6.145833333333333,4.435341041685479,0.8693119536239073,552.5920577150122,-3.9352082750967363,-4.0047008585306365,7.329364369877996,4025.845,5.410911378258012,1.9184529916199837,2.8204555451155047,5
2023-12-19T00:00:00Z,5,0.21514231194824973,2.177401475477748,6.840416666666667,4.761678099392196,0.7565873910535703,480.1893077592453,-9.217752189466019,-9.433413071531419,24.89957113649906,5406.573,12.674409260515777,12.225161875983282,1.0367477657220274,5
2023-12-20T00:00:00Z,5,0.3022769171148404,11.411190239068231,7.525416666666667,5.2655123834365885,0.6639658989924041,420.789962540225,-12.794685087068832,-13.097508765117263,35.24656530774331,5081.48,17.592691994719644,17.653873313023666,0.9965343968873456,5
2023-12-21T00:00:00Z,5,0.33962260003831324,9.33507218018235,7.3425,5.240300280940507,0.5905726650847241,373.7870206432265,-14.14089103519787,-14.481000330677773,37.38465301030679,4781.692,19.44372517339707,17.940927836909722,1.0837636353118625,5
2023-12-22T00:00:00Z,5,0.21843321549613412,4.698149064407548,6.909583333333333,5.1216534420831055,0.5331609025339265,337.06357155033805,-11.422428246732107,-11.641213886821012,26.865338287939522,4595.954,15.705838839256646,11.159499448682876,1.4073963542433223,5
2023-12-23T00:00:00Z,5,0.17501597119201032,6.737787416975955,6.4625,4.900618301370193,0.48781744063488103,308.09191748283763,-10.747962451811315,-10.923275551808079,22.929996485951694,4669.225,14.778448371240557,8.151548114711137,1.8129621715131417,5
2023-12-24T00:00:00Z,5,0.19091473988236457,8.594483940030788,6.327083333333333,4.791702526286352,0.4428086384960648,279.36322679653443,-9.416560940133895,-9.607761200680097,19.575257833301436,4732.749,12.947771292684106,6.62748654061733,1.9536473161178327,5
2023-12-25T00:00:00Z,5,0.18866586321227252,2.3339123966232993,5.952083333333333,4.570410432857305,0.4259406123357699,268.6049302901899,-9.060053339138076,-9.248969056980663,18.339472324825,4741.008,12.457573341314854,5.881898983510146,2.11795091623293,5
2023-12-26T00:00:00Z,5,0.13821613469368246,5.713640646439533,5.56625,4.369311255655633,0.4386635544483212,276.71861854136614,-6.038118694120765,-6.176517769378588,12.084586620389551,5169.785,8.302413204416052,3.7821734159734994,2.1951434509459373,5
2023-12-27T00:00:00Z,5,0.07597119132232202,2.8470554035484334,5.68375,4.286903239856079,0.4039323296828412,254.57502507547196,-6.240975175002316,-6.317071042012725,13.296192440392694,5470.692,8.581340865628185,4.714851574764509,1.8200659616855053,5
2023-12-28T00:00:00Z,5,0.07162151003295004,3.752593368676868,6.1425,4.50869055694901,0.3753042421236358,236.33773933699695,-3.9261158719258873,-3.9978763608236667,9.475809859866732,5270.089,5.398409323898095,4.077400535968637,1.3239830809546984,5
2023-12-29T00:00:00Z,5,0.08745715239914406,3.3210431138114855,6.845833333333333,4.742023335082557,0.35370400952923126,222.58829074200867,-5.5419874487432645,-5.629650386678138,13.251312627337505,5193.484,7.620232742021988,5.631079885315517,1.3532453627400487,5
2023-12-30T00:00:00Z,5,0.13120426689319042,11.448807744671162,7.730833333333333,5.2290587512669,0.32925623336095156,207.03754235535328,-8.530117299739867,-8.661595413524696,19.904236890437936,5988.887,11.728911287142317,8.175325603295619,1.4346720676683733,5
2023-12-31T00:00:00Z,5,0.13649361233782875,19.619001554992032,8.067083333333333,5.359111535167176,0.30961405392507757,194.55254241501405,-11.030219202493699,-11.166944172837315,24.49237433304904,2960.681,15.166551403428835,9.325822929620204,1.6262963084209552,5
2024-01-04T11:00:00Z,5,0.14660252288961767,14.989665333491432,7.8029166666666665,5.155009580875046,0.28987206368352114,182.0137481702232,-9.350522923786437,-9.497350900810883,20.357687759253515,1236.818,12.856969020206352,7.500718739047164,1.7140982707797954,5
2024-01-05T11:00:00Z,5,0.09070884038402043,5.685995993099729,7.957083333333333,5.261921306907636,0.28501236781694356,178.92796950513485,-5.466244547527813,-5.557061451339662,10.898487821572118,1786.837,7.516086252850743,3.3824015687213755,2.2221152929786494,5
2024-01-06T00:00:00Z,5,0.08853634548556025,1.423484000968454,6.8875,4.970599745511532,0.32752715793310383,205.9515493194295,-2.8501258816765387,-2.9388017799016355,6.054951480303116,4985.88,3.9189230873052407,2.1360283929978756,1.8346774322625488,5
2024-01-07T00:00:00Z,5,0.10154566928777459,2.7611976377295453,6.6674999999999995,4.6619296246948725,0.35559747922526136,223.7941996701612,-4.075170925127569,-4.176819452248294,10.40789541961842,4835.225,5.603360022050408,4.804535397568012,1.1662646974953603,5
2024-01-08T00:00:00Z,5,0.2611583192545795,9.109087360185145,7.412083333333333,5.009589557827609,0.3222870906347874,202.6069194215528,-3.924252143916119,-4.1854762209848495,10.070236027282458,4816.249,5.3958466978846635,4.674389329397795,1.1543425927210507,5
2024-01-09T00:00:00Z,5,0.2684606073411542,0.6095221477239982,6.931666666666667,4.91732126577523,0.4175682471061911,263.4476983841696,-4.115393301248813,-4.3839939724283745,10.517449507034888,6180.536,5.6586657892171175,4.85878371781777,1.164625988283051,5
2024-01-10T00:00:00Z,5,0.236432020317831,2.001211379655426,6.7575,4.690772624332293,0.6579919287111302,416.9758367628715,-2.032926802965201,-2.2694410481323715,4.68386726371803,4281.731,2.795274354077151,1.8885929096408787,1.480083050088693,5
2024-01-13T14:00:00Z,5,0.11469572946382782,1.2803452280598526,6.399583333333333,4.511148182616864,0.4462814674114197,281.57893127693166,-2.854096652609641,-2.9690546703662775,6.977561486407834,4280.799,3.9243828973382566,3.053178589069577,1.2853433832490517,5
2024-01-15T12:00:00Z,5,0.09671848430585847,3.9737127430948,7.738333333333333,5.282000518279527,0.3699614284077053,232.93608872316065,-2.4749624448439618,-2.571883376557499,5.4131269240956,3779.715,3.4030733616604474,2.0100535624351528,1.693026208484549,5
2024-01-16T00:00:00Z,5,0.09312672719231609,1.6094595206428306,6.962083333333333,4.931849626384095,0.4052709687237555,255.44308654606695,-2.955221655114625,-3.048700949995813,7.1360081650829965,4322.343,4.06342977578261,3.0725783893003866,1.3224820528363594,5
2024-01-17T00:00:00Z,5,0.14721079355632105,3.2220143212754295,7.575833333333334,4.9595381674533385,0.4388778541193442,276.8582007714591,-5.804729434430586,-5.952287371454683,16.75275538464723,4649.228,7.981502972342056,8.771252412305174,0.9099616106298366,5
2024-01-18T00:00:00Z,5,0.16439739544083973,15.216643636947962,8.355,5.531978599161405,0.38638324155436177,243.3941069247209,-6.940966187715085,-7.105704695403361,20.155279208367975,4230.246,9.543828508108241,10.611450700259734,0.8993896101194382,5
2024-01-19T00:00:00Z,5,0.1614098680178702,6.168717753326754,7.910833333333334,5.37167093878832,0.36413423872302286,229.2262427647064,-6.984488485424003,-7.146174887466014,20.35817943617582,4305.107,9.603671667458004,10.754507768717817,0.8929903510221725,5
2024-01-20T00:00:00Z,5,0.10167562231970197,4.400388774072804,8.068333333333333,5.187973055714634,0.3426220744865733,215.53788601304996,-4.515899834521293,-4.617854208576368,14.445136839009457,4509.563,6.209362272466778,8.23577456654268,0.7539500046166785,5
2024-01-21T00:00:00Z,5,0.11367297417179976,9.845191918918111,8.987916666666667,5.637012357580128,0.31999144210409647,201.14765975144152,-3.3152716951941317,-3.429291199744646,11.735946796781484,4293.62,4.558498580891931,7.1774482158895525,0.6351141023630449,5
2024-01-22T00:00:00Z,5,0.13157790007628836,3.0704325419049208,9.0408333333333335,5.856951260763296,0.3055863943546069,191.9934213535505,-3.429578703144035,-3.5614404228271543,11.486389913961297,4019.958,4.715670716823048,6.7707191971382485,0.696480031075015,5
2024-01-23T00:00:00Z,5,0.12532138099122422,4.1761190672810615,7.967083333333333,5.323796501958436,0.2974048439005969,186.79639687563193,-2.959851913034588,-3.0853832164435357,7.683118502538406,4256.134,4.0697963804225585,3.6133221221158474,1.1263309062629085,5
2024-01-24T00:00:00Z,5,0.11184681871450335,3.902613383534728,7.06375,4.892168455089982,0.29269318675001,183.80428962956728,-6.040860956750763,-6.1528506369364235,14.5150576377748,4732.375,8.3061838155323,6.2088738222425,1.3377923361522428,5
2024-01-25T00:00:00Z,5,0.07696919820379969,11.799437977087353,6.3429166666666665,4.460915264386802,0.28504298205566103,178.94732327630376,-6.406777860372624,-6.483796872840019,13.696365418503209,5512.231,8.809319558012358,4.887045860490851,1.8025858175858325,5
2024-01-26T00:00:00Z,5,0.07087303412277704,0.9682006167969748,6.023333333333333,4.250504121276733,0.776743302577514,493.32923874175174,-9.226853751143025,-9.297890330455209,19.04338331494394,6241.728,12.68692390782166,6.356459407122282,1.9959104739355722,5
2024-01-27T00:00:00Z,5,0.05786412109680292,4.244497966989671,5.335833333333333,4.1473241523077355,0.6916751400169464,438.554129409204,-6.102885453102941,-6.160922064542564,11.766931821588422,5438.85,8.391467498016544,3.3754643235718778,2.486018720273953,5
2024-01-28T00:00:00Z,5,0.06880854786669169,0.9924859282906406,5.310833333333333,4.062733903602421,0.5903730434733592,373.6607886544407,-6.1181703175283895,-6.187399456573365,13.639719253548565,5686.332,8.412484186601535,5.2272350669470296,1.6093563956584895,5
2024-01-29T00:00:00Z,5,0.07978356912383563,2.945239823627993,6.2975,4.549211177169086,0.509511612811104,321.9511224273095,-5.459095677217474,-5.539327365423689,14.603978311672552,5253.958,7.506256556174026,7.097721755498526,1.0575585821406726,5
2024-01-30T00:00:00Z,5,0.09415307416200443,8.112606622524375,6.997916666666667,4.903984913977942,0.4477345953176755,282.5064792092995,-7.612073296049425,-7.706734009003247,20.397890919193753,4953.033,10.466600782067959,9.931290137125794,1.0539014204147588,5
2024-01-31T00:00:00Z,5,0.16953037600808343,7.595098311356229,7.1883333333333335,5.003082678882311,0.4030340324317012,254.0028756315937,-10.361683832500352,-10.53171074110024,28.314188442649485,4803.29,14.247315269687984,14.0668731729615,1.012827448894138,5
2024-02-01T00:00:00Z,5,0.22253086518756326,13.714767323907967,7.527916666666667,5.077391047901239,0.3673663474599674,231.28429158882545,-10.878425356210398,-11.101387015170715,29.730374625642494,4656.427,14.957834864789298,14.772539760853196,1.012543212401914,5
2024-02-02T00:00:00Z,5,0.314613509377385,13.119913029553782,7.5075,5.066171103132808,0.3434411102155537,216.05869201516887,-11.333442138227893,-11.648521018323923,31.19372228151649,4683.784,15.583482940063353,15.610239341453136,0.9982859710985513,5
2024-02-03T00:00:00Z,5,0.26724001537554104,11.54523924087,7.54,4.979459166864042,0.324019101674567,203.70780952948897,-8.217667366512867,-8.485270181534313,21.9250753109981,4693.862,11.299292628955191,10.625782682042908,1.0633845023059323,5
2024-02-04T00:00:00Z,5,0.21510461514013415,3.3775309981496404,7.070416666666667,4.811563760278967,0.3189933340472741,200.51327010347111,-7.184247683097846,-7.3996810851463115,18.850391354127485,4709.56,9.878340564259538,8.972050789867946,1.1010125550576526,5
2024-02-05T00:00:00Z,5,0.1310071038170723,9.126542973322772,6.96375,4.638439246777948,0.33103814980357227,208.1701624771717,-6.346078125256922,-6.477347749914179,16.6873002724497,4709.628,8.725857422228268,7.961442850221433,1.0960145775568275,5
2024-02-06T00:00:00Z,5,0.1357534112335813,8.656455541215102,7.239583333333333,4.8537344679274605,0.31293129540804543,196.66054684814395,-7.65556792660803,-7.791641311779296,21.93015434605559,4958.792,10.526405899086042,11.40374844696955,0.9230654243239946,5
2024-02-07T00:00:00Z,5,0.11351242900529011,10.7873299666461,7.7283333333333335,5.016658364666877,0.2941463146562658,184.727423610195,-6.172658381945793,-6.28648409100811,16.530833081530485,5012.066,8.487405275175465,8.04342780635502,1.05519754506526,5
2025-04-02T11:10:50Z,5,0.08789110309941978,2.606135769240501,4.696666666666666,3.868012411650205,0.339637008784507,213.6414028124417,-4.6209575858671466,-4.709134571263704,11.454489529775515,5253.5142857142855,6.353816680567326,5.1006728492081885,1.2456820636033679,5
2025-04-08T12:00:00Z,5,0.10606475927024506,5.085458036219775,5.28375,3.72562692852094,0.1323970328243685,82.40930917355026,-3.551083263658756,-3.6573470407869357,6.765482405071864,4892.635714285714,4.882739487530789,1.8827429175410746,2.5934180615098583,5
2023-10-07T00:00:00Z,5a,0.38309631758370133,3.123179857938013,1.0767083333333334,8.499657754081198,0.4689868052463376,15.862903169044488,-13.669684171591372,-14.053077746870047,26.600707622890837,11523.74,18.795815735938138,7.804891886952699,2.4082096213733304,5
2023-10-13T00:00:00Z,5a,1.1925756525430067,4.605613271510464,6.273208333333334,8.589536001078322,0.5930369586496751,35.94642843239549,-6.748175565774603,-7.946091885524476,29.0696344489818,5646.042,9.27874140294008,19.790893046041724,0.46883894432423673,5
2023-10-14T00:00:00Z,5a,0.35329612575771446,4.560562532558234,5.929,8.445116675569652,0.5601404913415885,29.44304299220282,-8.12180685404569,-8.47508922441973,26.392623423413994,6391.366,11.167484424312825,15.22513899910117,0.7334898173981931,5
2023-10-15T00:00:00Z,5a,0.3335844863787967,4.488381136850592,5.671541666666666,8.563296515030308,0.5402693341750319,25.95538491166641,-8.551073324129808,-8.884329749528835,22.704023328641707,6592.804,11.757725820678486,10.946297507963221,1.074128106980919,5
2023-10-16T00:00:00Z,5a,0.3470066120594496,4.302896751189718,5.347666666666667,8.860614512159408,0.5288233832528271,24.09023836577364,-9.05508183256708,-9.401768916162787,21.729233448477,6811.631,12.450737519779734,9.278495928697266,1.3418917910252144,5
2023-10-17T00:00:00Z,5a,0.3454559256111332,4.210122321649238,5.110375,9.301721273616172,0.5150729769641358,21.978972811668452,-9.623130054022742,-9.968251563684348,21.173137533890156,6561.074,13.23180382428127,7.941333709608886,1.6661941568166316,5
2023-10-18T00:00:00Z,5a,0.32185779027536426,4.134858189424507,4.699125,9.668860043625022,0.5086527936692236,21.04184297102039,-10.174718708045464,-10.4964041404322,21.02950641937712,6690.662,13.990238223562514,7.039268195814607,1.9874563426750524,5
2023-10-19T00:00:00Z,5a,0.3031116293421159,4.04644503455048,4.325875,9.739759694469821,0.5034362112663617,20.298248958382377,-10.82973453341633,-11.132435633341661,21.299532239467535,6950.582,14.890884983447453,6.408647256020082,2.323561336514414,5
2023-10-20T00:00:00Z,5a,0.3796803303842886,3.890479256501331,3.7696666666666667,9.572450886543969,0.4983722806839552,19.598931782328343,-11.226834034157262,-11.606460187986695,21.452221032761397,7341.262,15.436896796966236,6.015324235795161,2.566261799340172,5
2023-10-21T00:00:00Z,5a,0.3762968913907171,3.5324576892291817,3.2813333333333334,9.466013932682698,0.4943827840685984,19.05878002913285,-11.99307930619675,-12.369186804267027,22.028521781354506,7995.685,16.49048404602053,5.538037735333976,2.9776763601315652,5
2023-10-22T00:00:00Z,5a,0.3964453435900745,3.4737382279646045,2.2292916666666667,9.308316804374147,0.49112425482426736,18.62195564709548,-12.488028763780171,-12.884850813051617,22.300558747607887,8605.823,17.171039550197737,5.129519197410151,3.3474949384860953,5
2023-10-23T00:00:00Z,5a,0.33867898754176,3.1373426542973,1.4839583333333333,9.39947226869355,0.4834799213537819,17.646668988771,-13.427364598633153,-13.766382665600997,23.920900144821875,9726.621,18.462626323120585,5.45827382170129,3.382502770329314,5
2023-10-24T00:00:00Z,5a,0.3366015194719246,3.298024574517562,0.66675,9.37708413392494,0.47784941766853234,16.929647962585705,-14.024793664710545,-14.361837739862526,25.775864573639296,10617.27,19.284091288977,6.4917732846622975,2.9705429384815862,5
2023-10-25T00:00:00Z,5a,0.31461235652849406,3.262186131731684,0.23520833333333332,9.300049237841776,0.4748169305429518,16.55795487398565,-14.58222632993804,-14.896931137094255,28.56748039732663,11804.32,20.050561203664806,8.516919193661824,2.3542035268558332,5
2023-10-26T00:00:00Z,5a,0.29365287057061246,3.2550197115525608,0.07354166666666666,9.160490227398778,0.4704575468241844,16.038453743879717,-14.712986818522428,-15.006550393610453,31.097687715680987,13253.23,20.23035687546834,10.867330840212649,1.861575503030556,5
2023-10-27T00:00:00Z,5a,0.30163969393865964,3.261333671493967,0.073375,9.12230904298939,0.4693478855139528,15.905294474148294,-14.675684742083705,-14.977324583869507,33.77090783394563,14388.49,20.179066520365094,13.591841313580534,1.4846455351272247,5
2023-10-28T00:00:00Z,5a,0.2950926620821943,3.2785162938404087,0.07304166666666666,9.09416441452584,0.46862572497872257,15.820655211302675,-14.63831861130191,-14.933410127830735,36.19813292377954,15840.28,20.127688090540126,16.070444833239414,1.2524661451131014,5
2023-10-29T00:00:00Z,5a,0.2945965520890592,3.247687515713718,0.07325,9.08641396131983,0.46698765352076155,15.628983410380767,-14.661316779931896,-14.955913087790787,38.20248849262018,17260.44,20.15931057240636,18.043177920213825,1.1172815931622457,5
2023-10-30T00:00:00Z,5a,0.28961116955973404,3.29991186146884,0.07325,8.997267417741298,0.46574295406166566,15.483982998950337,-14.614352006128225,-14.903963627488496,39.07062326788343,18043.16,20.09473400842631,18.975889259457116,1.0589613869300798,5
2024-01-07T00:00:00Z,5a,0.2992956599899581,4.520641586302059,6.955416666666666,4.658638332348729,0.5479077964216533,27.245592805419196,-7.330970324851473,-7.630872451012989,16.017482707588957,4835.225,10.080084196670775,5.937398510918182,1.697727410099672,5
2024-01-08T00:00:00Z,5a,0.2814143760383925,4.449006024382039,7.129583333333334,4.977078514663264,0.5422567434528809,26.279789382124218,-6.292619073859763,-6.573614697027038,16.20838484260902,4816.249,8.652351226557174,7.556033616051847,1.1450916798697583,5
2024-01-09T00:00:00Z,5a,0.26558934089632236,3.425621102031666,7.105,5.001135631361418,0.588463275259884,36.85135149942986,-5.955583181627119,-6.220768240564221,17.337512816400313,6180.536,8.18892687473729,9.148585941663024,0.8951030166798336,5
2024-01-10T00:00:00Z,5a,0.21571483395542415,4.696175872708504,7.825,4.702282916489097,0.6429335546549878,47.61963437266263,-5.4884008030960345,-5.70351343518637,16.340613445487758,4281.731,7.5465511042570474,8.79406234123071,0.8581416427849571,5
2024-01-13T13:00:00Z,5a,0.2354256781275647,3.9687315888956145,7.0325,4.561172744981847,0.5709758349819728,31.44904993291035,-5.9805760998675135,-6.2161483019451245,16.65065644767347,33.11171,8.22329213731783,8.427364310355639,0.9757845791967197,5
2024-01-15T11:00:00Z,5a,0.21757598841987874,4.550198302573629,7.755,5.245444194865589,0.548066319465972,27.272140098077145,-6.066402019644728,-6.2840861333772,14.42380647912682,169.8701,8.341302777011501,6.08250370211532,1.3713600822159198,5
2024-01-16T00:00:00Z,5a,0.23326300861164848,3.966863061705506,7.21875,4.955916988675793,0.5641476016285365,30.25014211965969,-6.019448317420862,-6.253106134192804,14.983177381876214,4322.343,8.276741436453685,6.706435945422529,1.2341490329305191,5
2024-01-17T00:00:00Z,5a,0.23474287448303896,4.598827155720468,7.774583333333333,4.87562651652591,0.5661085903989989,30.5332775423739,-5.859920162300083,-6.095075532131045,15.324330046776188,4649.228,8.057390223162615,7.266939823613573,1.1087734890800267,5
2024-01-18T00:00:00Z,5a,0.2603547978907521,4.528865350059823,8.187916666666666,5.475300015923742,0.5539610282250867,28.306692476919043,-5.958084655153817,-6.218870310270258,16.077974113121517,4230.246,8.192366400836498,7.885607712285019,1.038901084069092,5
2024-01-19T00:00:00Z,5a,0.2623674016931699,4.569856128202641,7.722916666666666,5.387151295735867,0.5485741803301788,27.36077578159292,-6.076650668990437,-6.339313414511853,15.733136315002263,4305.107,8.355394669861852,7.377741645140411,1.132513860168227,5
2024-01-20T00:00:00Z,5a,0.25990448032418595,4.5411636946094545,7.75,5.169396610205517,0.5415698102608327,26.166444010078443,-5.912095516914576,-6.172283695541755,15.612575616508142,4509.563,8.129131335757542,7.4834442807506,1.0862820688954442,5
2024-01-21T00:00:00Z,5a,0.28590513315027,4.66573349759113,8.23875,5.589352382880635,0.5346623153852365,25.022486221847647,-5.666862702434581,-5.953140942246237,15.489850796323983,4293.62,7.7919362158475485,7.697914580476435,1.012213909934721,5
2024-01-22T00:00:00Z,5a,0.30093808962047824,4.511711595218055,8.360833333333334,5.867004986563895,0.5320613632136354,24.60046955366895,-5.943609879013589,-6.244841971180928,15.81856341937536,4019.958,8.172463583643685,7.646099835731675,1.0688408154772204,5
2024-01-23T00:00:00Z,5a,0.30793439225536184,4.441474964230028,7.645833333333333,5.488487060896232,0.5303117385022649,24.320508874797323,-6.684280512777325,-6.992359703774703,15.941847587599002,4256.134,9.19088570506882,6.750961882530181,1.3614186933646537,5
2024-01-24T00:00:00Z,5a,0.24178831151364508,4.17566683205295,6.86625,5.008674871867539,0.5275405208386176,23.881730609277604,-6.112752786195382,-6.35465119147097,14.547761454650896,4732.375,8.405035081018651,6.142726373632245,1.3682906530066852,5
2024-01-25T00:00:00Z,5a,0.1871407329076647,2.7270192316455755,6.222916666666666,4.564571086014271,0.5242496998630362,23.368943919386137,-6.705953722016552,-6.893131743365397,16.77129027973421,5512.231,9.22068636777276,7.550603911961449,1.2211852820362639,5
2024-01-26T00:00:00Z,5a,0.1493598939666599,3.924629541353409,7.152083333333334,4.315589095145035,0.7111013993240105,69.4008692664161,-6.7984076251894905,-6.9478212484849236,19.254206901200416,6241.728,9.347810484635549,9.906396416564867,0.9436136099908857,5
2024-01-27T00:00:00Z,5a,0.1791922373607067,4.2931517842115055,6.913333333333333,4.171250235849102,0.6589091547880064,51.90922248039968,-7.373527543911643,-7.552657757601461,21.909310479903503,5438.85,10.138600372878509,11.770710107024994,0.861341438255929,5
2024-01-28T00:00:00Z,5a,0.21540357004790292,3.921835040415072,7.020416666666667,4.101554347025862,0.6114491166861123,39.95440044502409,-6.584146046954166,-6.799655719951327,21.58822641623048,5686.332,9.05320081456198,12.5350256016685,0.7222323353976184,5
2024-01-29T00:00:00Z,5a,0.2381639024226917,4.777949514976404,7.501666666666667,4.519631544128874,0.5852223596871434,34.27497912150846,-6.010734457630934,-6.24907814075273,20.57249484304061,5253.958,8.264759879242535,12.307734963798074,0.6715094128653621,5
2024-01-30T00:00:00Z,5a,0.24839070142964256,4.793253443348541,7.695416666666667,4.86834374670914,0.5671037628438893,30.720178599038753,-6.174684148935755,-6.423332806372282,20.508506772334737,4953.033,8.490190704786663,12.018316067548074,0.706437628788273,5
2024-01-31T00:00:00Z,5a,0.2578724062832171,4.74386303388215,7.62875,4.954810922766703,0.5549503294461133,28.486908042680156,-6.258474710693961,-6.51664553312344,19.298032823538215,4803.29,8.605402727204197,10.692630096334018,0.8047975708197902,5
2024-02-01T00:00:00Z,5a,0.2670761157772091,4.779966203506588,7.633333333333333,5.023032276614082,0.5453039086381202,26.800991618568645,-6.430566546402485,-6.697956977904728,18.366274747123104,4656.427,8.842029001303416,9.524245745819687,0.9283705226930222,5
2024-02-02T00:00:00Z,5a,0.2883317848135861,4.676230983664515,7.500416666666666,5.053628486498092,0.5389747293130948,25.7310292277462,-6.66007338069112,-6.94879124363006,17.876163743712077,4683.784,9.15760089845029,8.718562845261786,1.050356699949362,5
2024-02-03T00:00:00Z,5a,0.2992142075476054,4.646465387840902,7.297083333333333,4.987775411161518,0.5338579577159154,24.893472109628384,-6.905138894112704,-7.2046132515707155,17.574225912625774,4693.862,9.494565979404967,8.079659933220807,1.175119504766104,5
2024-02-04T00:00:00Z,5a,0.3423930608603184,4.51837070662425,7.05375,4.879955465050284,0.5386547476125255,25.687451881433944,-7.161304711673672,-7.504038989397791,17.456705478520878,4709.56,9.8467939785513,7.609911499969577,1.2939432973157001,5
2024-02-05T00:00:00Z,5a,0.33826335090766485,4.336465995682139,6.874583333333334,4.647437209129488,0.5402076863244634,25.936051084522894,-7.401044306449038,-7.739596393783109,17.452289539004806,4709.628,10.176435921367428,7.275853617637377,1.3986586943831245,5
2024-02-06T00:00:00Z,5a,0.347742253133198,4.512510613130384,6.684166666666667,4.847128894566545,0.5325545460181829,24.68370630980368,-7.498393749218783,-7.84644089718132,17.241684796505794,4958.792,10.310291405175827,6.9313933913299675,1.4874774555534973,5
2024-02-07T00:00:00Z,5a,0.33754780807647494,4.296384757836155,6.697916666666667,5.022502127564034,0.5293136304454427,24.161525776646712,-7.482823427111553,-7.820606232808265,17.491376885520303,5012.066,10.288882212278386,7.202494673241917,1.428516462567164,5
2024-02-08T13:00:00Z,5a,0.3527523969176878,4.479252707461639,6.892916666666666,5.210630405929031,0.5277053667394052,23.90743978414958,-7.589401723345322,-7.942397404002513,17.92574574237092,589.9285,10.435427369599818,7.490318372771103,1.393188760511811,5
2024-02-09T00:00:00Z,5a,0.35948757650664487,4.4416710083977105,6.676666666666667,5.02814189123928,0.5261519763948619,23.665211778795893,-7.961454377778606,-8.321327365558764,18.68451481725351,5032.142,10.946999769445585,7.737515047807927,1.4147952801134673,5
2024-02-10T00:00:00Z,5a,0.3446401464622236,4.213919052569097,6.18,4.837737588403762,0.5242144725198539,23.3635909085242,-8.534393554895908,-8.879425331008274,19.340831397361132,5480.781,11.734791137981874,7.606040259379258,1.5428252727838665,5
2024-02-11T00:00:00Z,5a,0.30569900863275645,4.0672923378453545,5.69125,4.67735399630885,0.5215636149454116,22.955239821366103,-9.13266513885124,-9.438679982408997,20.273091970017155,6062.508,12.557414565920453,7.715677404096702,1.627519387896258,5
2024-02-12T00:00:00Z,5a,0.3138737145512149,4.145050043377873,5.177083333333333,4.470373139846267,0.5207357723806356,22.83134116783335,-9.586958871026793,-9.900985041492124,21.485143753730576,6687.571,13.182068447661841,8.303075306068735,1.5876127774039386,5
2024-02-13T00:00:00Z,5a,0.319180489701067,4.134124177496476,5.1925,4.343356960826534,0.5259171274403152,23.62662315725797,-9.81489407541411,-10.134096675234991,22.420455021405854,6838.596,13.4954793536944,8.924975667711454,1.5121026494803784,5
2024-02-14T00:00:00Z,5a,0.39963429687088553,4.0689247493388905,5.1175,4.657075417034337,0.520107551427224,22.73302963097811,-9.734078873386487,-10.133786855714591,22.637627906794304,6744.188,13.384358450906419,9.253269455887885,1.4464464170974627,5
2024-02-15T00:00:00Z,5a,0.38315770075837535,3.9826656334926858,5.12625,4.898710113593058,0.5164820706914142,22.185211675648308,-9.77776287974556,-10.161066345462183,22.233251895485676,6836.337,13.444423959650145,8.788827935835531,1.52971750702183,5
2024-02-16T00:00:00Z,5a,0.29665691039277037,4.098665846682334,5.012083333333333,4.888981665122551,0.5179586834931245,22.406046763238106,-7.368237026220314,-7.6645075065219,17.70919707158079,7164.619,10.131325911052931,7.577871160527858,1.3369620169613976,5
2024-02-17T00:00:00Z,5a,0.2930467029669377,1.847741804064128,5.224583333333333,4.832132908295462,0.5247370114437198,23.462670470406508,-5.994156817327085,-6.287055858490664,18.458462485413207,7518.988,8.241965623824742,10.216496861588466,0.8067310875230159,5
2024-02-18T00:00:00Z,5a,0.2663918383789212,4.8117773469823515,7.908333333333333,4.80221323763757,0.5794362685695067,33.19575635544743,-4.6584250425435245,-4.924713978304495,18.615943431283384,5694.337,6.405334433497346,12.210608997786037,0.5245712506770733,5
2024-02-19T00:00:00Z,5a,0.3262604318125595,4.808270125797007,7.929583333333333,5.0469466591295324,0.5829149687087254,33.81151988943872,-5.785988736626238,-6.112937102710813,21.81757024439233,5043.742,7.955734512861077,13.86183573153125,0.5739308030295238,5
2024-02-20T00:00:00Z,5a,0.2698184026268853,4.751796962806557,7.910833333333334,5.0462970400108045,0.5626386970955756,29.889494345878845,-5.996571749457056,-6.267041016383639,19.74460562148494,4745.696,8.245286155503452,11.499319465981488,0.7170238360535627,5
2024-02-21T00:00:00Z,5a,0.28287097172866016,4.719125822653473,7.77625,5.068091442560816,0.5497836524460927,27.573129667393506,-6.141899829842883,-6.425554375365492,18.284053017100632,4607.472,8.445112266033965,9.838940751066668,0.8583355139239359,5
2024-02-22T00:00:00Z,5a,0.3009117657085402,4.59396622638193,7.607916666666666,5.060378846156142,0.5410795630682171,26.085009983588513,-6.615997492810676,-6.917460298169432,18.00989542851312,4597.394,9.09699655261468,8.912898875898438,1.0206551963934052,5
2024-02-23T00:00:00Z,5a,0.30942153169014025,4.626839001858696,7.152916666666667,4.961377060743563,0.5352230172642163,25.114027207318397,-7.097047086952175,-7.406966816133166,17.96806892927926,4688.103,9.75843974455924,8.209629184720018,1.1886577974461878,5
2024-02-24T00:00:00Z,5a,0.31397018680579414,4.5316856032134325,6.83875,4.763098636409308,0.5303851288005608,24.336705281992327,-7.5525364684383955,-7.866968762681323,18.353360173924358,4994.516,10.384737644102794,7.968622529821564,1.303203609562283,5
2024-02-25T00:00:00Z,5a,0.32588852574425414,4.510604092360581,6.619583333333334,4.808191264114971,0.5239854947891711,23.33038323430454,-7.818077571453718,-8.144725043105684,18.80695036821061,5055.261,10.749856660748861,8.05709370746175,1.3342102066894566,5
2024-02-26T00:00:00Z,5a,0.35741030133464513,4.371397363505228,6.421666666666667,4.9197310675148795,0.5184283814022173,22.479267363215747,-8.197034210801473,-8.555395051046476,19.536401276219898,5275.556,11.270922039852024,8.265479236367874,1.363613859225523,5
2024-02-27T00:00:00Z,5a,0.4181715568418487,4.241697471247909,6.0275,4.894971731576418,0.5140249635044724,21.822882545197057,-8.481813615679256,-8.901424749540075,19.76553629526914,5612.355,11.662493721558977,8.103042573710162,1.4392734106318583,5
2024-02-28T00:00:00Z,5a,0.42283361450553064,3.687955678143952,5.470833333333333,4.742605634571195,0.5116060192726445,21.46943865490588,-9.307789876423575,-9.73197850243929,21.253461198721816,6476.71,12.798211080082416,8.4552501186394,1.513640743976226,5
2024-02-29T00:00:00Z,5a,0.6338150766932112,4.033810754243869,4.70625,4.566455686331769,0.5109866051550285,21.374945885193075,-8.936468972255323,-9.571739401199713,19.282651051502807,7282.541,12.287644836851069,6.995006214651738,1.7566310107221021,5
2024-03-01T00:00:00Z,5a,0.49611558492795516,2.220237534177808,4.2575,4.6120557200405266,0.5112331965573017,21.413200918129377,-9.289178231499257,-9.785881372344855,20.05044107397758,7770.79,12.772620068311479,7.277821005666102,1.7550060737090725,5
2024-03-02T00:00:00Z,5a,0.44555854656774163,3.067261067306114,3.0675,4.536271163418423,0.5110776091249152,21.387852028125376,-9.397193030672629,-9.843489060657015,19.318210860189158,8584.306,12.921140417174865,6.397070443014293,2.0198527642109934,5
2024-03-03T00:00:00Z,5a,0.3132413885612353,2.8256335836420843,2.8604166666666666,4.411411194287558,0.5113183293033251,21.42524151503657,-10.536232982083968,-10.85108090830218,23.173154837276574,9246.935,14.487320350365456,8.685834486911117,1.6679249843174804,5
2024-03-04T00:00:00Z,5a,0.3378800753673202,3.3381659648473243,2.6858333333333335,4.325560538260134,0.5157334896487973,22.074931628351752,-10.190708656798785,-10.530088357636036,22.898311329393625,10088.35,14.01222440309833,8.886086926295295,1.576872308286115,5
2024-03-05T00:00:00Z,5a,0.36357279378400903,2.733819821521529,2.8291666666666666,4.295083498135694,0.5160564069612988,22.121437274530408,-9.973520062858059,-10.33969427512487,26.363759270851375,10263.95,13.71359008642983,12.650169184421545,1.0840637691484687,5
2024-03-06T00:00:00Z,5a,0.28538903450321745,4.196827574210243,4.619166666666667,4.2439962919569005,0.5185428702675585,22.496113628303032,-9.896340434517283,-10.183363906251937,27.852916375403375,10485.43,13.607468097461265,14.24544827794211,0.9552151558846551,5
2024-03-07T00:00:00Z,5a,0.383411515388098,4.00906996455157,4.5495833333333335,4.118215412928053,0.5182346310147165,22.45103234438953,-10.522510210115389,-10.908604299306491,29.594115385983997,7740.512,14.46845153890866,15.125663847075337,0.9565498536255151,5
2024-03-08T00:00:00Z,5a,0.3242626914941093,3.631825001801419,4.165,4.127084029321139,0.5160505357374348,22.1206978607908,-9.96261408706855,-10.288109359938295,26.072642544927604,8831.801,13.698594369719256,12.374048175208348,1.1070422690906168,5
2024-03-09T00:00:00Z,5a,0.31697491168975545,2.9843160741521,3.470833333333333,4.060375519361985,0.5161386040953899,22.14024771998052,-9.800502891058185,-10.118849922324213,26.180850096829595,9430.218,13.475691475205005,12.705158621624589,1.0606472438894974,5
2024-03-10T00:00:00Z,5a,0.2789964603321906,4.164777670183552,4.807916666666666,3.9042305554089456,0.5349294560710331,25.06683672670405,-9.636862399119881,-9.91646792041918,27.000787416834612,9664.75,13.250685798789837,13.750101618044775,0.9636791179346968,5
2024-03-11T00:00:00Z,5a,0.3797221293404908,4.090644492022181,4.803333333333334,4.227996543284781,0.5218336912431399,23.0188294679602,-10.120234942976335,-10.501093258912586,28.664839213155826,8273.292,13.91532304659246,14.749516166563366,0.9434426790309236,5
2024-03-12T00:00:00Z,5a,0.4121894967691385,4.016670739954419,4.804166666666666,4.57055434261682,0.5094189883834314,21.151879121099253,-10.296474097147216,-10.709412746500508,27.062918957986085,8100.512,14.157651883577422,12.905267074408663,1.0970444704435647,5
2024-03-13T00:00:00Z,5a,0.5235936073905332,3.85213263033165,4.267083333333334,4.560784659714369,0.5047719146953445,20.487581070665662,-10.707878531910826,-11.232586753445224,26.0033121215517,7856.742,14.723332981377386,11.279979140174316,1.3052624298691617,5
2024-03-14T00:00:00Z,5a,0.5546719161490612,3.4722560230405835,3.4891666666666667,4.536418561202979,0.5007090277816921,19.91742716746222,-11.234500523675928,-11.790176293679066,25.643818502915018,8430.895,15.447438220054401,10.196380282860616,1.514992359202259,5
2024-03-15T00:00:00Z,5a,0.7466271178699367,3.047443274136242,2.44875,4.5026587691119815,0.4971334524487231,19.427766472705574,-12.639556646706273,-13.387604872199732,27.420153709241635,9184.439,17.379390389221125,10.04076332002051,1.7308833835937512,5
2024-03-24T00:00:00Z,5a,0.4470573698997024,3.6543472199467497,3.2287500000000002,4.396201425948457,0.5072613136135362,20.843521670334844,-11.06746094192663,-11.516032747534695,33.076245888228826,10791.18,15.217758795149116,17.85848709307971,0.8521303465312079,5
2024-03-25T00:00:00Z,5a,0.3865750332493092,3.53969511822412,3.0441666666666665,4.5355292097546,0.49924438324401127,19.72107544359438,-11.555996538590087,-11.942547182732035,31.092973687445557,9698.729,15.88949524056137,15.203478446884187,1.045122357760028,5
2024-03-26T00:00:00Z,5a,0.30548287682271535,3.2673960747889037,2.8091666666666666,4.450726678645207,0.49172018404642853,18.703226438003583,-11.738255451856599,-12.042306708551905,28.413390606310042,9918.504,16.140101246302823,12.273289360007219,1.3150591314905111,5
2024-03-27T00:00:00Z,5a,0.3516795832706599,3.2035187320201013,1.5845833333333332,4.299974468605121,0.49226620786574904,18.774358686640525,-12.106924609706065,-12.458109161496902,28.853441807095226,11191.37,16.647021338345837,12.20642046874939,1.3637922256541284,5
2024-03-28T00:00:00Z,5a,0.41720840568853373,3.69103976003152,2.607083333333333,4.274342595321755,0.5104435169476401,21.3087627566625,-12.545353999844457,-12.962333917192229,29.948849514067998,12437.35,17.249861749786128,12.69898776428187,1.3583650972799886,5
2024-03-29T00:00:00Z,5a,0.4474572442116199,3.4645082352470795,2.4404166666666667,4.308109146401463,0.5033246580129522,20.29479102801137,-12.909746286234379,-13.35784042395009,30.90100403117873,9988.136,17.75090114357227,13.150102887606458,1.3498678523878254,5
2024-03-30T00:00:00Z,5a,0.3533082383089874,3.379231951811918,1.64,4.483080614037207,0.4926742579242734,18.828923198686336,-13.370376490710301,-13.723379030862054,29.953559736709977,10127.8,18.384267674726665,11.569292061983312,1.5890572712860591,5
2024-04-06T11:00:00Z,5a,0.3447816232002318,4.6027823809566435,6.627083333333333,4.4641197813165325,0.5400051291011674,25.90916597542639,-7.539289004526589,-7.8846614941177595,26.537954656199037,165.5811,10.36652238122406,16.171432274974975,0.6410392230542302,5
2024-04-07T00:00:00Z,5a,0.42801849752384136,4.5162586954415636,6.33625,4.530383664605312,0.5278076615244138,23.933602343489632,-8.195465153494302,-8.62432401120202,21.347551168288454,5433.938,11.268764586054665,10.07878658223379,1.1180675862229774,5
2024-04-08T00:00:00Z,5a,0.5045262069950702,4.069929603012237,5.747916666666667,4.536074569280094,0.516740404541415,22.232279556406574,-8.789883121882449,-9.295554670212315,18.995501729830714,5681.589,12.086089292588367,6.909412437242347,1.7492209941677923,5
2024-04-09T11:00:00Z,5a,0.6112616025998024,3.4880977261634523,4.789583333333334,4.402160961118764,0.5064422778845556,20.72791285036972,-9.52595068127269,-10.138805115630632,17.170477901477575,146.7626,13.098182186749948,4.072295714727627,3.216412339452616,5
2024-04-10T00:00:00Z,5a,1.271162287765268,3.0567877306382876,3.475416666666667,4.2827852548873,0.4962057990782648,19.30639636452293,-7.648341120106689,-8.921227919616358,13.919167023056987,7913.501,10.516469040146697,3.40269798291029,3.090626641848501,5
2024-04-11T13:00:00Z,5a,1.2429220908811993,1.8506679726084552,3.7704166666666667,4.1087742460452725,0.5107664342601411,21.43130646146321,-7.62626305937761,-8.870662838232521,16.46627565651222,159.7123,10.486111706644214,5.980163949868006,1.7534823116138252,5
2024-04-12T00:00:00Z,5a,1.1985623140315358,4.270531749443166,5.4175,4.0018467819088395,0.518639745461309,22.52053806101604,-7.833101238312649,-9.032744415133905,18.402800192293086,5877.697,10.770514202679893,7.632285989613193,1.4111780163030483,5
2024-04-14T11:00:00Z,5a,0.4808164885522553,3.468970433073582,3.6591666666666667,4.392887073205617,0.4999721891868028,19.82378424001487,-10.604233173853856,-11.086176983326446,21.751600908613522,129.5194,14.580820614049053,7.170780294564469,2.0333659678712337,5
2024-07-28T00:00:00Z,5a,0.704300084910632,4.093978767606128,4.906666666666666,3.1424703698763583,0.5254268802476998,23.555855072098677,-7.566571162710813,-8.270836684839018,28.575160736527746,8155.394,10.40403534872737,18.171125387800377,0.5725586680345274,5
2024-07-29T00:00:00Z,5a,0.5227144126304708,3.3040142996935096,3.9008333333333334,3.1583709916844174,0.5087286679468463,21.064623976568143,-10.35629288432496,-10.879040446639534,37.410821698321016,9528.896,14.239902715946819,23.170918982374197,0.6145592553656987,5
2024-07-30T00:00:00Z,5a,0.4698250803005329,3.123620983454968,2.600833333333333,3.140718948132504,0.4970659333742909,19.421028728314173,-11.940930344561744,-12.410757986350186,38.214352935046506,13583.93,16.418779223772397,21.79557371127411,0.7533079624914631,5
2024-07-31T00:00:00Z,5a,0.39184905666279074,3.118289642336517,0.9379166666666667,3.1518089356001497,0.4858254752873143,17.93464564380158,-13.566247022427232,-13.958064653160163,39.52939145395325,16484.96,18.653589655837443,20.87580179811581,0.8935508123822609,5
2024-08-01T00:00:00Z,5a,1.4595591725603205,3.226499140827431,0.16916666666666666,3.1355008668818276,0.4709595364645275,16.104135550828886,-9.284580916287128,-10.74372843967438,30.729315084482305,21123.84,12.7662987598948,17.963016324587507,0.7106990568404975,5
2024-08-02T00:00:00Z,5a,1.4631947597009474,0.9432666048032128,2.3520833333333333,3.0653080343968067,0.5492640491341588,32.51989166746195,-7.162596379780901,-8.625411618320442,33.141105150479845,21140.36,9.84857002219874,23.292535128281106,0.4228208723506828,5
2024-08-03T00:00:00Z,5a,1.4337689423773874,4.557127553437607,6.0225,3.211567769498171,0.5898048499127303,35.33193291965642,-4.006835796798812,-5.440209671500116,29.776287603454634,6811.796,5.509399220598367,24.266888382856266,0.22703360783950247,5
2024-08-11T00:00:00Z,5a,0.212780158662922,1.7042549898163089,4.162083333333333,2.976717227545311,0.8276040944506128,137.1179523178113,-9.469038617002145,-9.681936621808317,45.68938647891045,12906.4,13.01992809837795,32.669458380532504,0.3985351684353736,5
2024-08-12T00:00:00Z,5a,0.3231980744683059,4.3778228020233785,4.60875,2.881551404055358,0.5300739539357866,24.285995174980588,-8.663621326947538,-8.986917234481131,37.41795996271359,11416.66,11.912479324552866,25.505480638160723,0.46705566907567636,5
2024-08-13T00:00:00Z,5a,0.39834931315237576,3.787493639689993,4.175416666666667,2.9472169624463973,0.5194881373096079,22.647943761704976,-10.650365814731222,-11.048860767492108,36.74940742866382,10618.51,14.64425299525543,22.105154433408394,0.6624813700972381,5
2024-08-14T12:00:00Z,5a,0.41266257305601506,3.806105687359026,3.5416666666666665,2.8554409594008208,0.5111832911544612,21.40788606732804,-11.163155305140089,-11.576056650574873,27.730553341164434,766.9066,15.349338544567622,12.381214796596812,1.2397279908904133,5
2024-08-16T12:00:00Z,5a,0.37971722794494744,3.1168562176254295,2.3925,3.012288375748753,0.4970512553146319,19.42214014657299,-12.799590667447852,-13.179473924869562,19.914928215951996,135.2518,17.599437167740795,2.3154910482112,7.600736431841096,5
2024-08-22T14:00:00Z,5a,0.3159352324270092,2.486791962192556,8.333333333333334e-4,3.1294043138422145,0.44508369799956377,13.225183482215783,-12.220099033499782,-12.536032583971332,21.792305330767768,10.07218,16.8026361710622,4.989669159705567,3.367485024208238,5
2024-08-23T00:00:00Z,5a,0.3168835396368749,2.507209077473561,0,3.2264148658250784,0.44025890688145,12.731184876670712,-10.890502972924,-11.207384830605417,26.515519030596394,20555.09,14.974441587770501,11.541077442825893,1.2974907812510035,5
2024-08-24T00:00:00Z,5a,0.32138876592426036,2.520738376332865,0,3.281974292773434,0.4383654371854197,12.542967299206843,-10.872361820150552,-11.193746680949204,30.85107275713999,15031.88,14.949497502707008,15.90157525443298,0.9401268279090428,5
2024-08-28T00:00:00Z,5a,0.3252496207638422,2.508455941274,0,3.1921652437849204,0.4397892089723572,12.684719891660382,-10.907487151801512,-11.232736772565353,30.163724960586205,15239.21,14.997794833727077,15.165930126859127,0.988913618108112,5
2024-08-29T00:00:00Z,5a,0.3189820354222312,2.5174275511769806,0,3.180493108192064,0.4390054005865586,12.606859242071954,-10.83844325757481,-11.15742529299704,29.072709827365518,16458.75,14.902859479165363,14.169850348200155,1.0517301956585812,5
2024-08-30T00:00:00Z,5a,0.3073140885331051,2.5001737815606537,0,3.190303709950397,0.43610501599791074,12.322462048062832,-10.72456074039585,-11.031874828928954,28.601413743079604,14847.58,14.746271018044293,13.85514272503531,1.0643175108834335,5
2024-08-31T00:00:00Z,5a,0.3022654112546937,2.513031813122788,0,3.17856759685955,0.4282082199012881,11.57475326871878,-10.46976664716886,-10.772032058423553,28.530328755345653,15737.4,14.395929139857184,14.13439961548847,1.0185030515255937,5
2024-09-01T00:00:00Z,5a,0.2929412535804055,2.50747995545415,0,3.1676259474061395,0.4125320521853165,10.169369180267594,-10.133892655730564,-10.42683390931097,28.48122938888081,15249.29,13.934102401629525,14.547126987251284,0.9578594050798486,5
2024-09-02T00:00:00Z,5a,0.2928138159346942,2.5105567104586743,0,3.1462129533868457,0.39638912217218375,8.850311748657255,-9.736399932470688,-10.02921374840538,28.11531985613069,16343.57,13.387549907147196,14.727769948983493,0.9090004768896598,5
2024-09-03T00:00:00Z,5a,0.3051324574573298,2.5293634192293326,0,3.1821937982578077,0.3777802781363138,7.486887361044132,-9.45431172119997,-9.759444178657299,27.773938105899067,17715.73,12.999678616649959,14.774259489249108,0.8798869835817849,5
2024-09-04T00:00:00Z,5a,0.3042462996329274,2.538952068306615,0,3.223103176863925,0.36939029923514377,6.922611484685054,-9.23232424862996,-9.536570548262887,27.308013452354047,18163.52,12.694445841866195,14.613567610487852,0.8686753419990103,5
2024-09-05T00:00:00Z,5a,0.3338438637440254,2.522213005923013,0,3.247941797074412,0.366730634824906,6.750553345097761,-9.13929401029088,-9.473070557603307,26.687164020347893,17777.33,12.566529264149962,14.120634756197932,0.8899408193129681,5
2024-09-06T00:00:00Z,5a,0.320920899577792,2.561842108006151,0.014166666666666668,3.1991677052483514,0.35645012183963753,6.126880705174111,-9.041337340224324,-9.362190923370518,25.269354672978473,18817.21,12.431838842808446,12.837515830170027,0.9683991051907269,5
2024-09-10T00:00:00Z,5a,0.31877833081962903,4.32209861600604,4.84625,3.18737543543081,0.5089522260862701,21.084881600293663,-8.709167217094144,-9.027918704834367,31.20447288740539,6395.748,11.975104923504448,19.22936796390094,0.6227508333079468,5
2024-09-11T00:00:00Z,5a,0.2553267002450219,3.6331968091538713,4.579166666666667,3.2198114824845865,0.505039055381141,20.5279094350337,-8.259344391296263,-8.514144987015497,25.17936848857388,5264.037,11.356598538032362,13.822769950541517,0.821586308581187,5
2024-09-12T00:00:00Z,5a,0.22818697497652318,3.93295737635216,5.050416666666667,3.216235174093747,0.5111392569754836,21.403304637943897,-7.541849240447125,-7.769263600867027,22.39733308184619,4274.87,10.370042705614797,12.027290376231395,0.8622093905796364,5
2024-09-13T00:00:00Z,5a,0.3023172147722533,4.262507361767776,5.465833333333333,3.293104193935127,0.5166656593453046,22.21331026245244,-7.7215143652070815,-8.023520953198839,22.867346180130408,8145.032,10.617082252159737,12.250263927970671,0.8666819192293532,5
2024-09-14T00:00:00Z,5a,0.3044066581162661,4.41544287071822,5.439166666666667,3.2920488032752577,0.515516254365842,22.042544839357443,-7.911546431740614,-8.215869383177985,21.530931647822985,7668.562,10.878376343643344,10.652555304179641,1.0211987671516805,5
2024-09-15T00:00:00Z,5a,0.33244307722709054,4.241789740564927,5.085,3.207332093766447,0.5093309200254764,21.139272745780495,-8.31267242323506,-8.645285765177338,20.461191989834294,5765.1,11.429924581948208,9.031267407886086,1.2655947460893053,5
2024-09-16T00:00:00Z,5a,0.35842614180170007,4.552801890433329,5.3654166666666665,3.2443604208311925,0.5116295041680993,21.47300565787844,-8.5421934677029,-8.90085908816808,18.577961753697526,4234.549,11.745516018091488,6.832445735606038,1.7190792978979526,5
2024-09-17T00:00:00Z,5a,0.3531961348021961,4.011134164072367,4.875416666666666,3.343039460135035,0.5007824180799876,19.93434070167158,-8.05273413112228,-8.405416837828914,17.354539690877154,3082.631,11.072509430293135,6.282030260584019,1.7625686236767286,5
2024-09-18T00:00:00Z,5a,0.42401305533885747,3.0995791154971757,4.406666666666666,3.3211869631776,0.49700134991179057,19.42660491640312,-7.972902074372169,-8.396881844300406,17.72997932140361,8873.381,10.962740352261733,6.767238969141879,1.6199723997114683,5
2024-09-19T00:00:00Z,5a,0.4195713246995818,4.00716436394255,5.0725,3.239729441718136,0.5022179323146525,20.13034377974587,-8.227829249669897,-8.647370616796028,20.398364760717765,7461.159,11.313265218296108,9.085099542421657,1.2452549546067524,5
2024-09-20T00:00:00Z,5a,0.5138491444481574,3.7369750650651694,4.208333333333333,3.194606722031694,0.49152349804699613,18.67966878387226,-9.532823565610704,-10.047692469392384,23.748019899071288,7550.494,13.107632402714717,10.64038749635657,1.2318754751368752,5
2024-09-21T00:00:00Z,5a,0.4622653087876259,3.1042662321822614,3.0420833333333333,3.247627148220304,0.48075273786911227,17.297649163425223,-10.966603821434395,-11.429476470644715,26.59498091843003,6466.286,15.079080254472293,11.515900663957735,1.3094138873276786,5
2024-09-22T00:00:00Z,5a,0.3866265319142348,3.232976840677241,1.7974999999999999,3.3280669922345654,0.472450827325897,16.276025396567857,-12.171818164520852,-12.5596646138112,29.415025046565365,10948.51,16.736249976216172,12.678775070349193,1.3200210496166827,5
2024-09-23T00:00:00Z,5a,0.3276425791589732,3.1133259196737666,0.74625,3.392947679725071,0.4658956058821209,15.503390307248424,-13.594135919035477,-13.922434022502763,34.96956741590261,13162.97,18.69193688867378,16.27763052722883,1.1483205038599664,5
2024-09-24T00:00:00Z,5a,0.2900595738992752,3.2710146436584298,0.12583333333333332,3.382397310259768,0.4589822397826613,14.71771720935269,-14.304161124200553,-14.59470045571475,38.49774663927585,16480.29,19.66822154577576,18.82952509350009,1.0445415616225597,5
2024-09-25T00:00:00Z,5a,0.2603457282386733,3.264313619183159,0.0037500000000000003,3.3316989233360217,0.4584332803514092,14.654917614792073,-14.52833274376882,-14.7883822394726,39.62025212750937,17735.88,19.97645752268213,19.64379460482724,1.016934758510107,5
2024-09-26T00:00:00Z,5a,0.2735000754830482,3.277003791580661,0,3.2677227007690113,0.4632829112627921,15.20431062748118,-13.24273710416983,-13.51851276567185,43.52014009734243,18522.03,18.208763518233518,25.31137657910891,0.7193904867766998,5
2024-09-27T00:00:00Z,5a,0.3952549590248998,4.751399592479674,3.88375,3.23938814485648,0.5113476854226434,21.471299501946586,-11.748243763622204,-12.146088055892806,43.41698516113733,19374.42,16.153835174980532,27.2631499861568,0.5925153616945525,5
2024-09-28T00:00:00Z,5a,0.5425864600923385,4.149604405354698,4.275,3.1608232003861616,0.5128419118959447,21.662607797250796,-10.595496740055923,-11.140933377771562,40.26535823336951,9066.642,14.568808017576893,25.69655021579262,0.5669557934910335,5
2024-09-29T00:00:00Z,5a,0.4572045187588783,3.648138565109117,3.9079166666666665,3.213141144992492,0.5116060192726446,21.47328843694014,-8.639224533394314,-9.095239605738833,27.109651249504545,9135.754,11.878933733417181,15.230717516087363,0.779932640787942,5
2024-09-30T00:00:00Z,5a,0.43290751008388584,1.9123796007108305,2.9558333333333335,3.2338813682046323,0.5079952165964938,20.999427578246863,-8.448902533603247,-8.880769835658967,23.066226028630872,8823.31,11.617240983704464,11.448985044926408,1.0146961445156764,5
2024-10-01T00:00:00Z,5a,0.46110457551741735,3.943108462826867,4.619166666666667,3.2163091619773287,0.5232545274181458,23.22523208929131,-8.486510300173226,-8.946664433754322,22.886268968961275,9101.197,11.668951662738186,11.217317306223089,1.0402622431180173,5
2024-10-02T00:00:00Z,5a,0.5846443277292233,3.701621453354737,3.8475,3.1480517427092782,0.5071879233152403,20.836939598378702,-10.762367314840017,-11.348158787842822,27.753868596623565,6948.644,14.798255057905022,12.955613538718543,1.142227268023984,5
2024-10-03T00:00:00Z,5a,0.5911081487993488,3.5658484371973103,2.966666666666667,3.2116364367511574,0.4955863849606486,19.223669123024305,-12.05802481234628,-12.650147132000441,28.061270574537446,9019.127,16.579784116976136,11.48148645756131,1.4440450875641857,5
2024-10-04T00:00:00Z,5a,0.5248245376633779,3.5275494852054026,2.0441666666666665,3.2702064165986227,0.4869093935390668,18.078880049837156,-12.980775985945762,-13.506431252749065,27.18004263865147,7763.591,17.84856698067542,9.33147565797605,1.912727165013758,5
2024-10-05T00:00:00Z,5a,0.4788476148666114,3.192890347648248,1.2508333333333335,3.2641027563554763,0.48253465431173254,17.512964926814423,-10.316117152402875,-10.795360714645135,22.579289816208963,12641.75,14.184661084553952,8.394628731655011,1.6897306048885177,5
2024-10-06T00:00:00Z,5a,0.36335554110187834,1.8644253283255463,2.357083333333333,3.2692907358509085,0.5068268430476254,20.860124184647656,-8.905707524840405,-9.269137052872392,22.601118007782098,13367.43,12.245347846655557,10.355770161126541,1.182466166796759,5
2024-10-07T00:00:00Z,5a,0.34167524921929104,4.256867841352149,4.831666666666667,3.3710558318536794,0.5356633590539908,25.188056999858713,-7.716664185965531,-8.058409848310886,21.94415279453338,6653.478,10.610413255702605,11.333739538830775,0.936179380102219,5
2024-10-08T00:00:00Z,5a,0.4343596347552994,4.207345615813536,4.845,3.421359002328994,0.5315065325585197,24.52604579433221,-7.05569100111006,-7.489562087037583,20.241527129919085,4803.29,9.701575126526333,10.539952003392752,0.9204572395968643,5
2024-10-09T00:00:00Z,5a,0.4185492572267816,1.8631777855583325,5.255833333333333,3.4134217552611994,0.5482600698534733,27.62321450954061,-6.342038922079479,-6.759952534310262,19.173820140989825,6060.266,8.720303517859284,10.453516623130541,0.8341980820658792,5
2024-10-10T00:00:00Z,5a,0.3720767085553346,4.693871261826367,6.567916666666667,3.5846125879251227,0.6252846557208264,43.24424232792942,-5.291822575570961,-5.663200784627385,20.412860346136526,4415.974,7.276256041410072,13.136604304726454,0.5538916962576187,5
2024-10-11T00:00:00Z,5a,0.3035396319891898,4.959830650266316,6.5475,3.6505671652587943,0.5770290667854063,32.69853636195184,-7.376106152060587,-7.679780554097446,25.597279417149263,6449.021,10.142145959083308,15.455133458065955,0.6562315354054852,5
2024-10-14T13:00:00Z,5a,0.345000252012805,4.615554675711313,5.74875,3.7303534556246616,0.5115619850936669,21.46725943795021,-8.369528538156738,-8.714988042875321,25.736255477329152,895.5778,11.508101739965515,14.228153737363638,0.8088260748648527,5
2024-10-17T15:00:00Z,5a,0.36851125008595925,4.105551264506638,4.41,4.109997280613772,0.48711127331345566,18.100054116005868,-10.319747568144047,-10.68857795328449,25.607063320117454,1431.197,14.189652906198065,11.41741041391939,1.2428083419773481,5
2024-02-15T00:00:00Z,15,0.2635761493310763,12.01566163443343,5.474166666666666,5.046122348497408,0.17149254025780775,15.416424590701892,-8.902289210480912,-9.16598654809266,14.779628839890291,5189.917,12.240647664411254,2.5389811754790372,4.821086419477598,15
2024-02-19T00:00:00Z,15,0.17141565947366025,9.003161055742693,6.0408333333333335,5.0770709331497486,0.2689460495587658,75.30879926627462,-9.113962573941885,-9.285390862680769,20.973950635354086,6995.229,12.531698539170092,8.442252096183994,1.4844023130788264,15
2024-02-20T00:00:00Z,15,0.1371387221153059,8.63458751244555,6.3254166666666665,5.136910359484203,0.2840174812167804,90.87471639237404,-8.928132015464408,-9.065285530234597,21.00023247210617,6343.117,12.276181521263561,8.724050950842608,1.4071652710920806,15
2024-02-21T00:00:00Z,15,0.13435315853109822,8.31000084767941,6.47,5.155475808753565,0.27592693473265717,82.1872331082715,-8.75896516641925,-8.893337411047927,19.89374191927276,5461.715,12.043577103826468,7.850164815446291,1.53418143274254,15
2024-02-22T00:00:00Z,15,0.1498075479621259,9.619865643576382,6.51875,5.162811501121844,0.26013627815134427,66.85075100483648,-9.00757582908037,-9.157398543870947,18.350705845121013,4949.59,12.385416764985509,5.965289080135504,2.07624753781491,15
2024-02-23T00:00:00Z,15,0.15460425049603532,10.114916074934635,6.0775,5.021251097556232,0.24538482819389884,54.37915054140596,-8.536900750826161,-8.691523471409177,15.743332874922219,4760.659,11.738238532385973,4.005094342536246,2.9308269739665294,15
2024-02-24T00:00:00Z,15,0.15916434182635794,7.447225701107742,5.889166666666666,4.783695895911627,0.2336717365858974,45.864509605387966,-8.073409647241132,-8.232603342855246,13.425947008283574,4435.955,11.100938264956556,2.325008743327018,4.774579148064383,15
2024-02-25T00:00:00Z,15,0.21052829206038348,9.168982963288617,6.085416666666666,4.90340462859436,0.22132748841255245,37.875840876852365,-8.0694093773449591,-8.279993887201892,12.20209811740067,4301.833,11.095437893849319,1.1066602235513514,10.026056469476483,15
2024-03-27T00:00:00Z,15,0.2513306865039328,7.6681384449750976,3.6054166666666667,4.026722334273554,0.1656066383344887,13.671496238082792,-8.068392146047081,-8.31989597112473,15.553096308991122,6737.736,11.094039200814738,4.459057108176385,2.48797872098836,15
2024-03-28T00:00:00Z,15,0.18549834147560157,8.621136674494402,3.7729166666666667,4.141131504478958,0.17367076431122555,16.118337507951185,-7.352088786214348,-7.537775998902425,14.554486702843537,6205.584,10.10912208104473,4.445364621798808,2.2740816425884303,15
2024-03-29T00:00:00Z,15,0.26273425456759114,6.962961693269159,4.16375,4.3591312312312365,0.16683078851006186,14.039531391563257,-7.668767041372941,-7.931728702195422,15.86992110131611,7384.766,10.544554681887794,5.325366419428317,1.980061811975703,15
2024-03-30T00:00:00Z,15,0.3540980952712313,10.233648531688182,4.420416666666667,4.580911647372144,0.1590015114878715,11.844608026811796,-7.049323411539874,-7.4037209189536695,14.976071072675564,7521.252,9.692819690867328,5.2832513818082365,1.8346315536380706,15
2024-03-31T00:00:00Z,15,0.4387028368894895,8.18689360011806,4.315833333333333,4.510016890304673,0.15266352532705077,10.27572514624902,-7.818482391653304,-8.25750618034292,15.904816606597954,7201.626,10.750413288523292,5.154403318074662,2.0856756107589427,15
2024-04-01T00:00:00Z,15,0.34811710039339155,9.920955273733265,3.8875,4.313690127012003,0.14758491668498477,9.111154276787742,-6.906772941799452,-7.255145184479511,13.114099355651254,6998.094,9.496812794974247,3.617286560677007,2.6253968646589154,15
2024-04-05T00:00:00Z,15,0.17790458013947769,8.52014656122662,5.02125,4.442966697431447,0.2453496008507166,54.31463003871879,-8.31168522032296,-8.489626464277066,19.122646270347797,7424.053,11.428567177944071,7.694079092403726,1.4853716787532587,15
2024-04-06T00:00:00Z,15,0.1644151901803758,7.626527726809815,5.130833333333333,4.455089439009058,0.24067610665524353,50.845095942421246,-8.797958624723554,-8.962404596776116,20.075091079397527,7237.642,12.097193108994887,7.9778979704026405,1.5163384081714884,15
2024-04-07T00:00:00Z,15,0.20381939063621832,8.919174644905375,5.225,4.548459610536878,0.22620941105518583,40.973977982706074,-9.173006177698825,-9.3768658734297,18.79883455094845,6362.248,12.612883494335884,6.185951056612565,2.038956237918041,15
2024-04-15T00:00:00Z,15,0.3297491830615236,9.235590745724984,3.879583333333333,4.221858757080827,0.16280312893959112,12.903504381462485,-8.860016519684935,-9.189839214731757,16.050971596622567,6700.849,12.182522714566785,3.868448882055782,3.14920090351374,15
2024-04-16T00:00:00Z,15,0.26922412286199116,9.476182124361095,3.663333333333333,4.150088609254735,0.15377025102535044,10.544555187792165,-8.294216037791141,-8.563508749282153,13.83297976116894,6523.443,11.404547051962819,2.4284327092061204,4.696258211614635,15
2024-04-17T00:00:00Z,15,0.26905683819455517,8.82599043374126,3.3645833333333335,4.071186136186519,0.14525991203497543,8.64362261128038,-8.45015393661683,-8.719276856942558,12.43273251082873,6277.175,11.618961662848141,0.8137708479805887,14.27792810676513,15
2024-07-15T00:00:00Z,15,0.16474664868557698,6.22512312371908,2.6125,3.006297175758553,0.16302623544641032,13.118246436463576,-6.886711165666956,-7.051460436882298,13.440331289320175,7562.371,9.469227852792065,3.971103436528111,2.3845331666985987,15
2024-07-16T00:00:00Z,15,0.2950862735987815,5.995834543380179,2.6620833333333334,3.1879071108811097,0.16792870737256652,14.439530951609488,-10.023324376172942,-10.318416447274311,21.72142964764442,7738.426,13.782071017237795,7.939358630406625,1.7359174284500016,15
2024-07-17T00:00:00Z,15,0.18056066626131761,15.233417752227783,2.5829166666666667,3.0604384045722264,0.15817073331116377,11.613646875487245,-9.225271032220295,-9.405860086017462,20.24774856672417,7301.679,12.684747669302906,7.563000897421263,1.6772109168502138,15
2023-10-08T00:00:00Z,15,0.047078311791995286,5.882251358184546,3.20125,3.6941507348266986,0.16154962264469985,12.51314866447492,-6.370923379818273,-6.418018347757919,18.461797808811777,11750.34,8.760019647250125,9.701778161561652,0.9029292879481862,15
2023-10-09T00:00:00Z,15,0.05184124200032043,7.5494661591831935,3.6158333333333332,4.245241497122241,0.15081702542192954,9.857357937272734,-6.44294599873556,-6.4948148588209555,18.32762310752097,11012.87,8.859050748261396,9.468572359259575,0.9356268729992742,15
2023-10-10T00:00:00Z,15,0.09623252081561824,9.150028676923974,3.752083333333333,4.420123557207549,0.1374394418485806,7.161127172453555,-7.688062739942902,-7.784298947473386,21.110632695785654,8232.88,10.57108626742149,10.539546428364163,1.0029925233758112,15
2023-10-12T01:00:00Z,15,0.13651975160756896,6.1387104813464815,4.067916666666667,3.912989003566111,0.24066436420751644,53.55789788720112,-8.734681023585571,-8.871196680842997,24.449447351450004,5802.283,12.01018640743016,12.439260944019845,0.9655064285152759,15
2023-10-13T00:00:00Z,15,0.1473421080926439,5.42165381611733,3.412916666666667,3.629180493165634,0.2909455253758993,99.34116914244592,-10.344638282807075,-10.491965544856315,31.161231840342065,11806.3,14.22387763885973,16.937354201482336,0.8397933626265472,15
2023-10-14T00:00:00Z,15,0.10967740343527338,6.743422820545309,3.41125,3.443014931452858,0.30294043572935647,114.06145839852071,-9.605179690432077,-9.714858653436819,31.62350016431334,13248.48,13.207122074344106,18.416378089969236,0.7171400375157138,15
2023-10-15T00:00:00Z,15,0.07427737912307462,4.496850807425093,3.5625,3.5660136650740397,0.28576710592815097,93.13084438528612,-8.326359312505462,-8.400638043761534,29.579354954463845,13182.19,11.448744054695009,18.130610899768836,0.6314593654889467,15
2023-10-16T00:00:00Z,15,0.06584686676646423,4.323386057821447,3.9679166666666665,3.8795731123516743,0.2607410142093011,67.48547505667759,-6.801641116947865,-6.867490393339836,25.706225384372814,12528.08,9.352256535803313,16.3539688485695,0.5718646416904093,15
2023-10-17T00:00:00Z,15,0.07348626727282595,6.499228808925314,4.5,4.279919523679005,0.23639892007056745,47.851864877630426,-8.043112944590826,-8.116604597932735,30.650525129986,11685.69,11.059280298812386,19.591244831173615,0.5645011531485148,15
2023-10-18T00:00:00Z,15,0.09110529374258447,10.561851498154104,4.71875,4.492667198428268,0.2164426301579876,35.102366397405,-9.829482159640127,-9.920595018408795,36.45889192027859,11012.95,13.515537969505175,22.943353950773414,0.5890829212896996,15
2023-10-23T00:00:00Z,15,0.08184941013992793,10.466309293388177,3.714583333333333,4.18636922314577,0.157991660983322,11.596433320788954,-8.467567314535176,-8.54942821846534,24.205779766114436,10586.3,11.642905057485866,12.56287470862857,0.9267707692323923,15
2023-10-24T00:00:00Z,15,0.06641440779763945,7.669660289027267,3.392916666666667,4.174941257879079,0.14585877686906887,8.797595932375932,-6.978423153522743,-7.0448464273067595,17.844242611467784,10347.53,9.595331836093772,8.248910775374013,1.163224102840258,15
2023-10-25T00:00:00Z,15,0.049145108396264604,5.462218686708004,2.955416666666667,4.105883258044692,0.13115723231446444,6.09104293705417,-4.943163221995734,-4.992314678291132,10.565343388739594,8716.438,6.7968494302441345,3.7684939584954593,1.803598335330149,15
2023-12-18T00:00:00Z,15,0.05204874984102455,1.9260202188112008,3.8558333333333334,4.446811077533243,0.5325023531865245,829.757958202323,-7.174819653746989,-7.226857814912016,16.351418682512744,5889.208,9.865377023902111,6.486041658610633,1.5210165988997613,15
2023-12-19T00:00:00Z,15,0.06342536132090905,3.5895409865063614,4.166666666666667,4.752595461696551,0.5082600698534728,705.2384302166541,-9.264841706521105,-9.328259482692474,23.961252052444244,9096.878,12.73915734646652,11.222094705977725,1.1351853357360007,15
2023-12-20T00:00:00Z,15,0.07378067768004937,4.825079739266107,4.589166666666666,5.22899175166237,0.470249766560139,536.9309676311312,-10.69986858708914,-10.773652075692514,30.953312721902225,9931.982,14.712319307247569,16.240993414654657,0.9058755786436237,15
2023-12-21T00:00:00Z,15,0.07442114092342282,4.859090671305058,4.6625,5.252189460804827,0.4261363260605306,380.6239251294588,-11.207232517887888,-11.281656118366524,35.40867464409722,10412.89,15.409944712095847,19.99872993200137,0.7705461679062585,15
2023-12-22T00:00:00Z,15,0.08691866409010583,5.619575888258561,4.570833333333334,5.176419676070818,0.3828125651705848,260.7090628108604,-9.516104638759087,-9.603026388109361,31.52659319280239,11041.19,13.084643878293745,18.441949314508648,0.7095043834655698,15
2023-12-23T00:00:00Z,15,0.0756929106787072,3.667787192280171,4.379166666666666,4.963812303181099,0.34261229537610577,176.54950739708875,-8.926571522566423,-9.00227146892816,30.759573912456087,11725.18,12.274035843528832,18.485538068927255,0.6639804477295972,15
2023-12-24T00:00:00Z,15,0.10650535841837763,5.490354881815958,4.422916666666667,4.872794695284659,0.30823040843051397,121.69928392774844,-6.764367308060152,-6.870885300738696,22.6927956746074,11901.45,9.30100504858271,13.39179062602469,0.6945303513413488,15
2023-12-25T00:00:00Z,15,0.12857893738815562,2.350130657326883,3.7408333333333332,4.670647978723807,0.2889992146650958,96.6244496161038,-7.097611209729472,-7.2262193413019755,21.468196198201696,12161.15,9.759215413378023,11.708980784823673,0.8334812049591205,15
2023-12-26T00:00:00Z,15,0.2690672204281448,3.500950647275018,1.7962500000000001,4.469332786454382,0.27953480179687634,85.95288459228445,-8.263095700707794,-8.532185522003251,20.389100913020656,12215.12,11.361756588473217,9.027344324547439,1.258593466694072,15
2023-12-27T00:00:00Z,15,0.2348728040133739,5.4723388399742,1.6883333333333332,4.364056854407178,0.27099804229911495,77.0967929691507,-9.292644936197743,-9.527523067466975,22.19723643464777,12887.77,12.777386787271896,9.419849647375875,1.3564321369854713,15
2023-12-28T00:00:00Z,15,0.19272334232965307,3.837879907927188,1.35375,4.556245899708119,0.2610844808053252,67.59593685930442,-10.861997804357316,-11.054699152489714,24.001248475366705,12290.67,14.935246980991309,9.066001494375396,1.647390747757678,15
2023-12-29T00:00:00Z,15,0.09938237613783037,5.618070357890248,0.9616666666666667,4.783233870782229,0.25039591776153264,58.35410359127188,-10.549245967581662,-10.648635293594909,22.04498758712564,11751.93,14.505213205424784,7.539774381700855,1.9238258959882344,15
2023-12-30T00:00:00Z,15,0.10880196088025992,5.922504682355749,1.2504166666666667,5.277474451019253,0.23768178248477712,48.607382083762744,-11.717027016008123,-11.825842814956266,22.451779266266822,10382.65,16.11091214701117,6.340867119255652,2.540805830496952,15
2023-12-31T00:00:00Z,15,0.1650004336604305,5.722174981587875,0.48,5.421091685752802,0.22587181568302528,40.62923753244265,-11.592794687593079,-11.757829092772818,20.975123084412218,9919.023,15.940092695440484,5.035030388971734,3.165838428771789,15
2024-01-01T00:00:00Z,15,0.16731963517289428,6.3201577110879485,0.68125,5.448898003649773,0.2178282389898112,35.75484616149978,-12.046416231144887,-12.213762117900508,20.424325154956442,9593.621,16.56382231782422,3.8605028371322234,4.290586749090091,15
2024-01-02T00:00:00Z,15,0.19403564669027665,6.952052911468878,0.6358333333333334,5.225787488789624,0.21196582196194683,32.49417860600157,-12.071749725399917,-12.26584668797451,20.318351620846464,9847.609,16.598655872424885,3.7196957484215787,4.46236923529791,15
2024-01-07T00:00:00Z,15,0.06815514183395215,5.774326682958943,5.284583333333333,4.756654397684541,0.21618723191991815,34.791062863200366,-6.053922571173034,-6.122072366493206,19.300802486524233,9439.203,8.324143535362921,10.976658951161312,0.7583494734053153,15
2024-01-08T00:00:00Z,15,0.29122555772255393,10.388996752304305,5.940416666666667,5.12431356633519,0.2152302224301419,34.26110959094761,-5.683836004479938,-5.975050939323036,18.04915233227699,8929.857,7.8152745061599145,10.233877826117075,0.7636669734531291,15
2024-01-09T00:00:00Z,15,0.33141239428866426,2.025976359469999,5.758333333333334,4.9919866728671245,0.2553306814189386,75.79887759381026,-6.12803981002768,-6.459443911730505,18.55005180852432,9093.527,8.42605473878806,10.123997069736259,0.8322853790600285,15
2024-01-10T00:00:00Z,15,0.32614435595614555,4.0428731780571745,5.3149999999999995,4.717086673999474,0.35382046173183224,198.88602750600043,-7.043635747968936,-7.369768871983339,19.729707745443022,6812.939,9.684999153457287,10.044708591985735,0.9641891613644775,15
2024-01-11T00:00:00Z,15,0.13971962947909294,6.599836459527779,5.350416666666667,5.131329610400734,0.388040890021174,272.41339244222,-10.30519926151861,-10.44492121803122,28.720816769710268,8250.255,14.169648984588088,14.55116778512218,0.9737808809459145,15
2024-01-12T00:00:00Z,15,0.11227902286269378,6.897391246155228,5.1925,5.104687930833622,0.3719566722466777,235.2246877544392,-9.610981897093481,-9.7232613174166,27.232105069376626,8493.587,13.215100108503536,14.01700496087309,0.9427905708382082,15
2024-01-13T00:00:00Z,15,0.10454486009814774,3.0191832127524916,4.966666666666667,4.691705854089402,0.34796685153976353,186.1595337968752,-7.588604859083358,-7.693149368268101,22.45030742401703,9407.773,10.434331681239618,12.015975742777412,0.8683715667045606,15
2024-07-19T00:00:00Z,15,0.0764329257203227,7.510823066828722,2.1991666666666667,3.03035900851511,0.13294795559288064,6.35604807034891,-7.572131796420899,-7.648576410024586,12.842559264275073,8664.801,10.411681220078735,2.430878044196337,4.283094845064882,15
2024-07-27T00:00:00Z,15,0.39444755380142227,3.3147258995155853,3.0058333333333334,3.141498574148833,0.24679979314504075,59.85150451566886,-8.799926430727412,-9.194375696448613,14.179066129647449,7975.746,12.099898842250191,2.079167287397258,5.819588888105814,15
2024-08-24T00:00:00Z,6,0.27632312432978073,3.0333174972401675,0.8383333333333334,3.2454480184185903,0.3894284621902572,124.99059707729508,-8.716530694075985,-8.993460623677722,17.411763595112237,6459.33,11.985229704354479,5.426533890757758,2.2086344516832765,6
2024-08-25T00:00:00Z,6,0.5103902595895881,3.112258338812836,0.7358333333333333,3.2004789774467515,0.36950446400892817,107.20251094611108,-9.871338988142787,-10.381294467950747,19.29979828727031,10111.002,13.573091108696332,5.726707178573978,2.370138839904191,6
2024-08-26T00:00:00Z,6,0.7260762449370111,2.6024188086793294,0.9308333333333333,3.1800227013753575,0.3819720078834095,121.69299034887936,-10.457890567021135,-11.183539366138328,20.047455189134855,11265.072,14.37959952965406,5.667855659480795,2.5370440592644354,6
2024-08-27T00:00:00Z,6,0.7313365937368355,2.8104189717237613,1.12875,3.161597500255723,0.4943971380367002,251.54557432929136,-11.266259961914603,-11.997186822397927,23.13851209650756,11575.122,15.49110744763258,7.647404648874982,2.025668597242529,6
2024-08-28T00:00:00Z,6,0.6014333613826027,2.803061956779398,0.9108333333333334,3.1299037421767117,0.5173125247765649,285.3989026145739,-12.429047450258508,-13.03045373762915,26.146126007210487,11402.874,17.08994024410545,9.056185763105038,1.8871013350598418,6
2024-08-29T00:00:00Z,6,0.39006626991331045,2.7812399111757484,0.81125,3.1241945972174836,0.5014983832997972,260.6910762398076,-12.480734856442904,-12.870758623757549,26.466343357563172,11868.468,17.161010427608993,9.30533292995418,1.8442124055945515,6
2024-08-30T00:00:00Z,6,0.38984800547222703,2.8326466330896656,0.7641666666666667,3.099527228913876,0.4870404945355345,239.4686836632476,-12.196635009377125,-12.586431401333593,26.16097273811336,11455.578,16.770373137893547,9.390599600219815,1.7858681928575664,6
2024-08-31T00:00:00Z,6,0.39878570507810396,2.8525780855740046,0.7158333333333333,3.0917900929479343,0.46651469590818,211.3125618438457,-11.950445211378847,-12.349215656808557,25.985589470439816,10421.574,16.431862165645914,9.553727304793902,1.7199425565978503,6
2024-09-01T00:00:00Z,6,0.3939331491188531,2.895184404568184,0.7295833333333334,3.0774261187135696,0.44801740512572,187.81624208422,-11.615863887223608,-12.009787079427324,25.850361794867972,12747.066,15.97181284493246,9.878548949935512,1.616817705300405,6
2024-09-02T00:00:00Z,6,0.40084500264989154,2.9227902216672743,0.65375,3.0591193946714745,0.430453638937581,167.1689585223165,-11.359414435588667,-11.760272824605225,26.02880925421566,12437.525999999998,15.619194848934416,10.409614405281243,1.500458541577691,6
2024-09-03T00:00:00Z,6,0.3760857987257386,2.991144063776679,0.69875,3.0703212292708266,0.41228220107955355,147.4360234282352,-11.151684754144274,-11.527735728893866,26.74401743598252,13093.056,15.333566536948377,11.410450899034144,1.3438177573023264,6
2024-09-04T00:00:00Z,6,0.38259083039769975,3.102497579913647,0.70875,3.1351872897759643,0.4026944925101971,137.84575258076654,-10.951194314890248,-11.333661276719015,27.67208656950887,12834.294,15.057892182974092,12.614194386534779,1.1937260297057002,6
2024-09-05T00:00:00Z,6,0.37624771668168444,2.9377614769217653,1.105,3.188017421826433,0.4252399921466508,161.51371580667288,-10.680180724484126,-11.0560925138864,28.22410091888309,14160.69,14.685248496165674,13.538852422717415,1.0846745379634002,6
2024-09-06T00:00:00Z,6,0.39058790527658593,2.9592285919815815,1.0362500000000001,3.1144607331798704,0.40624364733577994,141.48532587626232,-10.646322929196373,-11.036485208664345,28.549294444091824,15177.246,14.638694027645013,13.910600416446812,1.0523409191121154,6
2024-09-07T00:00:00Z,6,0.3938402569165238,2.9836340800803898,1.1770833333333335,3.1365921165618995,0.4313754210841754,168.26216275935718,-10.778079870524465,-11.171497421596811,28.129375806414437,15332.376,14.81985982197114,13.309515984443298,1.113478494581861,6
2024-09-08T00:00:00Z,6,0.40423127337292764,2.983864917742765,1.20875,3.166627269674069,0.44373728292911147,182.56286668802147,-11.100913986967093,-11.504840419077127,27.16569578511599,14608.644,15.263756732079752,11.901939053036237,1.282459661746117,6
2024-09-09T00:00:00Z,6,0.40894591593077295,2.9790625673529956,1.195,3.1929134409141917,0.4458685371916201,185.10132367946147,-11.281866805276877,-11.690597695803602,24.700434789886494,10803.03,15.512566857255706,9.187867932630787,1.6883750366244055,6
2024-09-10T00:00:00Z,6,0.7462787537074211,2.965738414137615,1.0066666666666666,3.2200997665700632,0.4396244906126177,177.7007842009372,-11.273423160685415,-12.019636335287734,22.303784766474177,9855.732,15.500956845942445,6.8028279205317315,2.278604872417652,6
2024-09-11T00:00:00Z,6,0.7746799744701264,2.860846875340676,1.175,3.233958253124429,0.4588586199899674,204.48782355919184,-12.256387135436176,-13.031077590288245,22.316726295101244,9098.544,16.852532311224742,5.464193983876502,3.0841753350910377,6
2024-09-13T14:00:00Z,6,0.816733428597179,2.4774505311187216,1.0720833333333333,3.330488781487458,0.6451116804331511,542.8599966893465,-13.422157599700359,-14.238926971199854,24.247003429979774,4497.969,18.455466699587994,5.79153673039178,3.186626893470386,6
2024-09-14T00:00:00Z,6,0.4705367298468833,2.4236771903351566,0.7875,3.296369426343777,0.6824817945090428,638.9605817464336,-14.642947314000432,-15.113425024761495,27.18985704326475,10220.658,20.134052556750593,7.055804486514159,2.8535445667794566,6
2024-09-15T00:00:00Z,6,0.4329902185532112,2.403134032574245,0.6841666666666667,3.255562927185377,0.6817713764215396,637.0957122660875,-14.849299263755073,-15.282228478402516,29.220016401754343,12134.37,20.417786487663225,8.802229914091118,2.3196152210222607,6
2024-09-16T00:00:00Z,6,0.39273305808510517,2.4707346223397337,0.5858333333333333,3.279245518479769,0.6559790899884824,569.6934835724658,-14.680407419911525,-15.073104673789095,30.240131982283817,9859.086,20.185560202378348,10.05457177990547,2.0076001886743833,6
2024-09-17T00:00:00Z,6,0.42460435812965,2.49736580286533,0.46791666666666665,3.359599450983163,0.623866431066196,492.43706296136617,-14.25575607849521,-14.680271516397335,30.051248560359184,13634.094,19.601664607930914,10.44958395242827,1.8758320615602966,6
2024-09-18T00:00:00Z,6,0.38939912607047783,2.5130045397093483,0.4816666666666667,3.297581588637859,0.5886156029887821,415.5922554008228,-13.84423958652674,-14.233637732877963,29.421167718779884,11686.458,19.03582943147427,10.385338287305615,1.832952274144259,6
2024-09-19T00:00:00Z,6,0.3724306653786223,2.62079294846443,0.76875,3.32004648136975,0.5830819744972826,404.1694178579883,-13.542601855549783,-13.914998667142333,28.359085602965607,11600.274,18.621077551380953,9.738008051584654,1.912206013051177,6
2024-09-20T00:00:00Z,6,0.33233399690484494,2.6298219264209237,0.5054166666666666,3.2581790187731006,0.5572515251091111,354.55768381091656,-13.271058598494811,-13.60342580024545,27.2507507801263,10944.906,18.247705572930364,9.003045207195935,2.026837048240675,6
2024-09-21T00:00:00Z,6,0.3076602070036381,2.6799224077481454,0.5804166666666667,3.2863426790303394,0.527598908985697,302.3467183202746,-12.052008890825801,-12.359570811381284,24.485244629620958,11565.798,16.571512224885478,7.91373240473548,2.0940197845165054,6
2024-09-22T00:00:00Z,6,0.5880471581965063,2.3966808854514765,0.7025,3.3610586782576513,0.49886513939694543,256.91879923720677,-7.227964333852142,-7.81810686809879,23.6181567456179,11583.018,9.938450959046696,13.679705786571203,0.7265105780858868,6
2024-09-23T00:00:00Z,6,0.6138659465168828,2.927079390446736,5.975833333333333,3.4321154654774944,0.4737803354394589,221.04702999049175,-2.941989696388139,-3.558174710045552,25.037854408590885,9962.79,4.045235832533692,20.992618576057193,0.19269801039244447,6
2024-09-24T00:00:00Z,6,0.6651766669692305,3.707021243308547,8.534583333333334,3.3655712357024368,0.45487499459847464,196.3170117376968,0.4163407378968793,-0.25134408363348404,27.54689611495305,9928.284,-0.572468514608209,28.119364629561257,-0.02035851528474387,6
2024-09-25T00:00:00Z,6,1.2225941452007754,3.6435616648387192,8.499166666666667,3.3067258132837165,0.4404934317444395,178.6801984387791,-1.4258097963373388,-2.650635868900045,22.965496130719497,11186.556,1.960488469963841,21.005007660755656,0.09333433729837128,6
2024-09-26T00:00:00Z,6,1.2195247034389785,1.222532866354156,7.484166666666667,3.2608424237614773,0.44595073432571114,185.4092618490458,-5.751190247580663,-6.972054117465523,23.436841091070978,10635.018,7.907886590423411,15.528954500647567,0.5092349642787379,6
2024-09-27T00:00:00Z,6,1.2134972591832867,2.8563076226317654,1.4045833333333333,3.2051278766863343,0.5000540622293368,258.8900289413187,-10.046802762770348,-11.261670538364763,24.57835291471711,10669.2,13.814353798809229,10.763999115907882,1.2833848879078125,6
2024-10-04T00:00:00Z,6,0.2902227879666608,1.2407509366938654,5.065416666666667,3.301681331815319,0.42756115791951943,164.58582373578838,-5.773188780671907,-6.064197605213876,22.662000378156684,10996.992,7.938134573423872,14.723865804732812,0.539133857826404,6
2024-10-05T00:00:00Z,6,0.2075042900665205,2.9827056903325935,0.7808333333333334,3.2723242906490637,0.42388080382221394,159.7566868915821,-8.87615390071387,-9.084448852441055,18.325628579274024,12772.362,12.204711613481571,6.120916965792453,1.9939351704473693,6
2024-10-06T00:00:00Z,6,0.3295032882048297,2.1637798512411996,1.16125,3.29059339604469,0.4974531100577354,259.97263043633666,-11.266667718149103,-11.596446854379947,24.759898180298677,11168.898,15.491668112455017,9.26823006784366,1.6714807464915786,6
2024-10-07T00:00:00Z,6,0.32591708272482584,2.76450692176381,0.9658333333333333,3.3954803650173053,0.5388951436993786,321.26159318030693,-11.733079170563455,-12.0591933682204,26.526584930181325,11617.512,16.13298385952475,10.393601070656576,1.5522034903833009,6
2024-10-08T00:00:00Z,6,0.6540877417305321,2.7325430436122455,0.7820833333333334,3.448809037716142,0.5286850854004738,304.0113223691693,-12.787151164924538,-13.441531543442355,30.6173510538285,12393.162,17.58233285177124,13.035018202057259,1.3488537245767942,6
2024-10-09T00:00:00Z,6,0.678137582727232,2.689263184908482,1.16875,3.4229064575004413,0.561179373873899,367.5651718723736,-13.693649976926354,-14.371956066704,33.618753608196,14168.538,18.828768718273736,14.789984889922266,1.2730755885425855,6
2024-10-10T00:00:00Z,6,0.6781515507834476,2.4069170717137616,1.0295833333333333,3.532438079394356,0.6986628874772894,685.623581119566,-14.628927465812312,-15.30721947842416,36.894272952559945,11548.566,20.11477526549193,16.779497687068016,1.1987710026024447,6
2024-10-11T00:00:00Z,6,0.4381438582643648,2.33652904389916,0.45541666666666664,3.662833308756449,0.7231429553768189,756.0860638873676,-15.744906978814647,-16.18289916015481,38.595431135744406,15254.448,21.64924709587014,16.946184039874264,1.2775293272473378,6
2024-10-12T00:00:00Z,6,0.39517743168149067,2.372164829032713,0.36416666666666664,3.795913200689746,0.7058169737551588,704.975717843576,-15.390038029011958,-15.785226162551671,37.538426375232184,15599.178,21.16130228989144,16.377124085340743,1.2921256613566874,6
2024-10-13T00:00:00Z,6,0.38670510389856827,2.3689793159597055,0.26625,3.7956828332683186,0.6712442720339975,609.2943438795324,-14.911121953790735,-15.297859745174053,35.31324279095539,13754.856,20.50279268646226,14.810450104493132,1.3843463596182137,6
2024-10-14T00:00:00Z,6,0.37807482366237294,2.476211890646419,0.40166666666666667,3.816851321621478,0.6335744997247562,515.0452737338616,-14.137472370920877,-14.515609074984159,32.09998496836688,12617.238,19.439024510016207,12.660960458350676,1.5353514904309638,6
2024-10-15T00:00:00Z,6,0.3785171829434056,2.537348223857972,0.605,3.757859143083593,0.5958166590575606,430.8143881752048,-13.379846016086544,-13.758433989201384,28.739616597941943,12255.264,18.397288272119,10.342328325822944,1.778834290745176,6
2024-10-16T00:00:00Z,6,0.36938874907382846,2.6191821831798845,0.8316666666666667,3.83648070660007,0.560260527339237,360.00818263274164,-12.624297956294876,-12.99376146342565,25.92050228627193,11703.696,17.358409689905454,8.562092596366476,2.027355987398676,6
2024-10-17T00:00:00Z,6,0.3571128809120826,2.755359562992827,1.1066666666666667,4.261096657084776,0.5283797817595637,303.60241791425386,-12.003396225813871,-12.360565276327257,23.832790894825248,10019.07,16.50466981049407,7.328121084331176,2.2522375954982494,6
2024-10-18T00:00:00Z,6,0.35785423040399894,2.822248488628465,1.2783333333333333,4.450962778130499,0.49836021414467113,256.0766266400876,-11.517642875333697,-11.87555908098406,22.284735391492973,7949.676,15.836758953583834,6.447976437909139,2.456082013649411,6
2024-10-19T00:00:00Z,6,0.36749399576473163,2.874225851338779,1.3487500000000001,4.322941369487225,0.4725855413832042,219.35783942111783,-11.154475367689104,-11.52205066664623,21.444258949369882,10979.76,15.337403630572517,6.106855318797365,2.5115059764659597,6
2024-10-20T00:00:00Z,6,0.3732969233620235,2.9837511863515425,1.36875,4.252526042747703,0.45015159500016017,190.4020089527063,-10.916909455897523,-11.290298050109719,21.452760911543127,10686.732,15.010750501859095,6.442010409684032,2.3301344684718295,6
2024-10-21T00:00:00Z,6,0.36934308886946426,3.0531742539278213,1.3758333333333332,4.157320092495553,0.4311258940699704,167.90916654489365,-10.655694317308411,-11.025124191010436,21.743968368648865,9049.248,14.651579686299065,7.0923886823497995,2.065817363163014,6
2024-10-22T00:00:00Z,6,0.37011808872864915,2.9795205369079207,1.2525,4.116667473611719,0.41521487739945234,150.467997615273,-10.339754699317094,-10.709947722921955,21.91960246932716,8428.728,14.217162711561004,7.702439757766156,1.8457999229693727,6
2024-10-23T00:00:00Z,6,0.3670484177536678,3.0434937407875253,1.30625,3.9876132787094307,0.4014615354988289,136.42482000446535,-10.03698706751718,-10.404095186007149,22.117862623650794,10876.332,13.800857217836121,8.317005405814673,1.6593541238036855,6
2024-10-24T00:00:00Z,6,0.3537262400024017,3.1218243704016424,1.3904166666666666,3.992835767377531,0.38674237727263383,122.4042619804751,-9.536675045310652,-9.89038234156765,21.914319778486615,12048.426,13.112928187302145,8.80139159118447,1.4898698747180092,6
2024-10-25T00:00:00Z,6,0.3367736511534027,2.9546802552595515,1.35625,4.046624590188469,0.3700213575252328,107.69843741173813,-9.09713070165564,-9.433856891280914,21.83539765227172,11634.75,12.508554714776505,9.326842937495215,1.3411349154911103,6
2024-10-26T00:00:00Z,6,0.3325231623171795,3.1987544345870726,1.71125,4.038176991970846,0.3512684426884008,92.50675245518896,-8.63110925504914,-8.963585337660128,21.262931777821603,12186.318,11.867775225692567,9.395156552129036,1.2631801460512344,6
2024-10-27T00:00:00Z,6,0.3537040630570888,3.300198692409701,1.835,4.028421772407642,0.3367606485212974,81.84822895407386,-8.470173111332922,-8.823904561296091,20.922527400639055,12151.848,11.646488028082768,9.276039372556287,1.2555453421790763,6
2024-10-28T00:00:00Z,6,0.3863664112987757,3.319388398606063,1.87125,4.014713632290687,0.3249917802865913,73.74951356602729,-8.322232609753817,-8.708619549700312,20.2453841249066,12255.264,11.443069838411498,8.802314286495102,1.300006960211357,6
2024-10-29T00:00:00Z,6,0.38929397497986584,3.3380461413106124,1.9212500000000001,4.028212099063824,0.3233830649479482,72.7269912260309,-8.222819186779596,-8.612125822587075,19.566259265681968,11479.62,11.306376381821945,8.259882883860023,1.3688301082228214,6
2024-10-30T00:00:00Z,6,0.38370822254241566,3.290407481942648,1.895,3.998610374337074,0.32541744401670636,74.06324140726801,-8.095201717501164,-8.47891558885277,17.934331461675114,10273.05,11.1309023615641,6.803429100111014,1.6360723684740792,6
2024-11-23T00:00:00Z,6,0.03162826351457036,4.665356538371002,4.085833333333333,5.681143050247756,0.16275812248594224,9.8572801615745,-2.8762182232490745,-2.907583640530333,4.913147483651311,3622.3776,3.9548000569674775,0.9583474266838339,4.1266871980365805,6
2024-11-24T00:00:00Z,6,0.02965814385480907,3.1353836424568864,4.367083333333333,5.519830444547057,0.16006910195638627,9.390452808330394,-3.1742989364886736,-3.2037793874519744,5.132106266026836,5243.5314,4.364661037671926,0.7674452283549105,5.687260636212409,6
2025-01-05T00:00:00Z,6,0.37718960234008914,7.593502680519855,3.953333333333333,5.1529021696387,0.11726787999030602,3.795968579208834,-4.9911834504436206,-5.368659499325071,21.867160717273812,16846.025999999998,6.862877244359979,15.004283472913833,0.4573945338175624,6
2025-01-06T00:00:00Z,6,0.3980994746662962,6.6656459580186915,3.65875,4.8708543619442635,0.11881201186644828,3.9543936654294343,-4.713235857732363,-5.111634700570551,21.67267588944775,16851.744,6.480699304382,15.191976585065749,0.4265869729389102,6
2025-01-07T00:00:00Z,6,0.42677761160963334,6.429221597595881,4.1125,4.912314984604806,0.12064383371190995,4.123572805912572,-4.65039519672014,-5.077511050599996,22.574102282719036,17840.316,6.394293395490193,16.179808887228845,0.395202034835985,6
2025-01-08T00:00:00Z,6,0.4550383401101859,7.784497218545362,4.40125,5.347019257043787,0.11902044031360832,3.9633626978108056,-4.375522401306779,-4.830916788140465,22.438485069556776,18572.057999999997,6.016343301796821,16.422141767759953,0.3663555818040825,6
2025-01-09T00:00:00Z,6,0.48945794452292374,6.524892617254551,4.449583333333333,5.320362202945004,0.11604960103859668,3.682774387158856,-4.315001357627391,-4.804841276934358,22.069010861812597,18295.89,5.933126866737663,16.135883995074934,0.3676976649403651,6
2025-01-10T00:00:00Z,6,0.41781095362095216,6.566314549730711,4.534583333333333,5.433132760684342,0.11303179197267516,3.4104629775440087,-3.7075693131729563,-4.125628344918731,18.947252806026775,18520.272,5.097907805612815,13.84934500041396,0.36809739416993636,6
2025-01-11T00:00:00Z,6,0.4413267644336531,4.676081402804913,4.165,4.74962763664535,0.12361173737499012,4.430730710717878,-3.701165547293136,-4.142752410540705,18.84376090218351,16506.773999999998,5.089102627528062,13.75465827465545,0.3699912077717934,6
2025-01-12T00:00:00Z,6,0.3869777761168223,6.5094954303362025,4.672083333333333,5.285160001724561,0.11664553026075772,3.7381194729250353,-3.4453362700216874,-3.8324479892448813,17.564899976100605,18399.449999999997,4.73733737127982,12.827562604820784,0.3693092380230879,6
2025-01-13T00:00:00Z,6,0.43626573773621424,5.142896695796481,4.4275,5.148275929497921,0.11729723610962409,3.822514717067197,-3.7114642289495863,-4.147957563573173,18.909502194363167,17254.392,5.103263314805681,13.806238879557487,0.3696345803752491,6
2025-01-14T00:00:00Z,6,0.4380892817401401,6.236118488685986,4.472916666666666,5.1180061336195095,0.1222642914982801,4.291614791830252,-3.6193745630262355,-4.0577245564421816,17.571022411244897,17547.69,4.976640024161074,12.594382387083822,0.395147604003581,6
2025-01-15T00:00:00Z,6,0.49309773482309094,6.2563406064504115,4.748333333333333,5.217767028321952,0.1167101137232578,3.7444172100009094,-3.910344411833118,-4.4038515470660045,17.548901604261623,18379.038,5.376723566270537,12.172178037991085,0.4417223893282718,6
2025-01-16T00:00:00Z,6,0.4849488939305717,7.14813520490022,4.692916666666667,5.252546984995206,0.11429410510336196,3.522426172892757,-5.078837918091247,-5.5641162889049305,18.358032509016187,17967.468,6.983402137375464,11.374630371640723,0.6139454126603104,6
2025-01-27T18:00:00Z,6,0.46295766728548005,3.236715909680139,4.014583333333333,5.587992538281278,0.3912959630115067,126.74199103937408,-6.334925441783232,-6.798071070422768,19.360244332286907,5726.2146,8.710522482451944,10.649721849834963,0.8179107966643213,6
2025-01-28T00:00:00Z,6,0.44208117091319227,3.260763084643848,3.7816666666666667,5.385075058998281,0.377398324493619,113.91677289570148,-7.392402113006657,-7.834538884265289,20.026617679127842,7261.602000000001,10.164552905384154,9.862064773743688,1.0306718865247972,6
2025-01-29T00:00:00Z,6,0.9487664411404175,3.259860860702278,3.7691666666666666,5.331364309611502,0.3721905489265526,109.4174108901396,-7.156328195224199,-8.105409045856979,19.031055061953932,10866.528,9.839951268433273,9.191103793520659,1.0705951634851545,6
2025-01-30T00:00:00Z,6,0.9533922151122569,3.1833147606377175,4.079583333333334,5.269831875393075,0.366198964973688,104.36653554510048,-7.208019222943504,-8.161751284495352,19.522412934662704,11280.492,9.911026431547318,9.611386503115385,1.0311755154508466,6
2025-01-31T00:00:00Z,6,0.95073685595431,3.3553499051277287,3.555,5.169748825410051,0.35991088421570777,99.23673020294817,-7.291516578952414,-8.2426331305231475,20.380456307985742,11590.962,10.025835296059569,10.354621011926174,0.9682474408780468,6
2025-02-01T00:00:00Z,6,0.4593761137743874,3.386752267491351,3.3670833333333334,4.9252186148309045,0.3526070817293151,93.49447701834978,-7.4129964019927215,-7.872525595607223,20.489612539106403,11056.254,10.192870052739991,10.296742486366412,0.9899121072743196,6
2025-02-02T00:00:00Z,6,0.491796391159628,3.284203227495006,3.3975,5.04925365908316,0.3439059279633712,86.93680635265808,-7.359305418164717,-7.851279916307802,20.18144897707415,11573.718,10.119044949976486,10.062404027097665,1.0056289652777097,6
2025-02-03T00:00:00Z,6,0.5401179580274946,3.374009741142302,3.3054166666666664,4.973673544460601,0.3362821437764088,81.45816737871839,-7.134444753084559,-7.674772694324058,19.698226947699435,11108.01,9.809861535491269,9.888365412208167,0.9920609854668218,6
2025-02-04T00:00:00Z,6,0.5496120404564094,3.2833261362810537,3.1237500000000002,4.881993217263003,0.3295537212286546,76.78324057975912,-7.091735979196744,-7.641584056054491,19.93220871357836,11452.974,9.751136971395523,10.181071742182835,0.9577711677439634,6
2025-02-05T00:00:00Z,6,0.5033364128234084,3.4274516798965786,3.3266666666666667,4.858178843810401,0.3230219846803333,72.45031932131326,-6.952427110113519,-7.456035349980576,20.127601183208746,12142.914,9.55958727640609,10.568013906802657,0.9045774694006183,6
2025-02-06T00:00:00Z,6,0.48373513782417665,3.4339643349171847,3.21125,4.778268839794928,0.31538352243371176,67.57925027989299,-6.931884265685661,-7.4159337314624345,20.744831276536274,12039.426,9.531340865317784,11.21349041121849,0.849988764941752,6
2025-02-07T00:00:00Z,6,0.49010404183755707,3.5027233945256997,3.2891666666666666,4.726084962791807,0.310736448745625,64.70821774621038,-6.828224405324687,-7.318747111616163,20.98256913461246,12073.92,9.388808557321445,11.593760577291016,0.8098156327043302,6
2025-02-11T00:00:00Z,6,0.5573073288520831,5.857104886298789,3.2333333333333334,4.600509364325572,0.2838990844648361,49.75540864035481,-11.744193451138274,-12.30212391257686,38.63239718135554,13419.18,16.14826599531513,22.484131186040415,0.7182072485567511,6
2025-02-15T00:00:00Z,6,0.5437723450237506,3.4070020075987832,3.1391666666666667,4.539574470223678,0.3172447003984922,68.75848911141932,-7.026621968504874,-7.5708421579262914,20.905770472735874,14592.198,9.661605206694201,11.244165266041673,0.8592549983121525,6
2025-02-16T00:00:00Z,6,0.5388265433723721,3.369059524358346,3.09875,4.391870643050993,0.3187624117672481,69.85237583335285,-6.945493585146922,-7.484827187234801,18.28123484798995,13712.525999999998,9.550053679577017,8.731181168412933,1.0937871400637689,6
2025-02-17T00:00:00Z,6,0.574601359986151,3.4744055341685725,3.3408333333333333,4.592786341802035,0.32345645524624456,72.74156270781421,-6.866547064211769,-7.441766679878365,16.040352279189968,9072.69,9.441502213291182,6.598850065898786,1.430779926654572,6
2025-02-18T00:00:00Z,6,0.49297861098094903,3.5054203853327066,3.4695833333333335,4.8651624274428755,0.31220719032347155,65.61419421055682,-6.534643090937372,-7.028449186346888,13.83984026310008,9526.974,8.985134250038886,4.854706013061193,1.8508091377449243,6
2025-02-19T00:00:00Z,6,0.5075629686995997,2.7656530803461075,3.6358333333333333,4.780609215532197,0.34927222657475654,92.71749738954564,-6.510339945483129,-7.018668887295668,13.408159811663246,6019.71,8.951717425039302,4.456442386623944,2.0087138233645674,6
2025-02-20T00:00:00Z,6,0.5095364828804023,3.3159601619998127,3.609583333333333,4.811709127307587,0.35482346873784654,95.29751467860277,-6.463458185058702,-6.97368757622688,13.630869406410609,8848.457999999999,8.887255004455715,4.743614401954893,1.873519694348087,6
2025-02-21T00:00:00Z,6,0.6198091405009734,3.4791204316750135,3.9304166666666664,5.135825376778821,0.3362381095974314,81.42271368972209,-6.637127162868188,-7.2575135632999705,14.65769829388899,10183.56,9.126049848943758,5.5316484449452314,1.6497884744073092,6
2025-02-22T12:00:00Z,6,0.6102388302182625,3.4723870658861817,4.0275,5.315614902654772,0.3264272945212562,74.68816527317843,-6.487970912562029,-7.098916420870882,14.753276888106061,7830.804,8.920960004772791,5.83231688333327,1.5295739554662722,6
2025-03-01T00:00:00Z,6,0.6496462845846601,8.06790649338495,3.788333333333333,4.842582813049619,0.27768732961708376,46.673301563924,-11.919577221692801,-12.570499243426019,30.023534045907855,12436.14,16.389418679827603,13.634115366080252,1.2020888953750646,6
2025-03-02T00:00:00Z,6,0.7408268764638579,7.247471457363942,3.8066666666666666,4.774260508724307,0.2715342870079685,43.71233286919245,-12.607398480321864,-13.349665882736748,30.35159337635469,11401.23,17.335172910442562,13.016420465912127,1.3317926349905906,6
2025-03-03T00:00:00Z,6,0.7517061867556464,9.017810634086818,3.9833333333333334,4.930258551007042,0.2623370148255451,39.54032246475574,-12.41541914973794,-13.168630785017616,27.05559098517718,11370.582,17.071201330889668,9.984389654287511,1.7097891730977193,6
2025-03-04T00:00:00Z,6,0.820814575463631,8.341199471386872,3.839166666666667,4.874409515505601,0.25593738081415607,36.80056656351932,-13.276029467778406,-14.098372400901178,24.92450404765055,6330.186,18.25454051819531,6.6699635294552415,2.73682763595054,6
2025-03-05T00:00:00Z,6,0.7701853995080711,8.936849164302345,3.6833333333333336,4.656676983286463,0.26041418901019675,38.782384503584815,-12.774191638208892,-13.545929328897868,21.50404225568547,5329.7442,17.564513502537228,3.9395287531482417,4.4585316171383935,6
2025-03-06T00:00:00Z,6,0.7594100729952927,8.036238542148213,3.85125,4.695751106600035,0.2603319918761054,38.67332571716254,-12.619917771072629,-13.380959249097012,20.93931369815828,2639.0141999999996,17.352386935224864,3.586926762933416,4.837675280839565,6
2025-03-07T00:00:00Z,6,0.6496483896322645,8.521937336402733,3.9529166666666664,4.909308309776966,0.2497902094289038,34.30689859816374,-11.196500903730739,-11.8475825869546,19.517672173983758,8385.545999999998,15.395188742629765,4.122483431353993,3.73444526800035,6
2025-03-11T00:00:00Z,6,0.7469541554439135,3.337769103324384,3.515416666666667,4.6435995594901405,0.4176514353028705,153.05210636512354,-8.362965316094117,-9.110312409779425,20.4946275423213,9297.126,11.499077309629412,8.995550232691889,1.2783072755059643,6
2025-03-12T00:00:00Z,6,0.8796206164414915,3.384368990377345,3.5529166666666665,4.702962678733122,0.398957458520978,134.04466180245765,-8.182904138798287,-9.06316999094362,22.97914938629295,13609.032,11.251493190847645,11.727656195445304,0.9593982807253006,6
2025-03-13T00:00:00Z,6,0.8788027889234186,3.427330622263841,3.470416666666667,4.660805739021951,0.3804924594697678,116.72304880286752,-8.019182508784539,-8.89874188201723,24.58466382847633,13022.586,11.02637594957874,13.55828787889759,0.8132572525429578,6
2025-03-14T00:00:00Z,6,0.8569905439348884,3.4445547115177666,3.41375,4.573866393052159,0.3702941436185905,107.81835167833918,-7.964700309899357,-8.822528821013222,24.72348424850692,14005.752,10.951462926111617,13.772021322395304,0.7951964834895332,6
2025-03-15T00:00:00Z,6,0.7813206310864479,3.4682532786514995,3.2495833333333333,4.482593534436674,0.36023086591627757,99.51869757093162,-7.92144906019094,-8.703501606427567,23.557067855418918,13540.038,10.891992457762543,12.665075397656375,0.8600021804669291,6
2025-03-16T00:00:00Z,6,0.8262530109466589,3.2969024282545956,3.006666666666667,4.309335585974107,0.3626938443270826,101.6683129577645,-7.909112209613647,-8.736600793374704,22.421782990545182,13988.436,10.875029288218764,11.546753702326418,0.9418256913220279,6
2025-03-26T16:00:00Z,6,0.7403463717643847,5.339094898361784,3.8604166666666666,4.5627533227020685,0.2608464014130827,38.931853753656895,-8.430463593362493,-9.172157527678477,23.486445402970766,3396.2328,11.591887440873428,11.894557962097338,0.9745538655418398,6
2025-03-27T00:00:00Z,6,0.6873802511375402,6.73504903340609,3.7883333333333336,4.588762987100415,0.24745346233116716,33.38061476418768,-8.935827579208711,-9.624786409532755,24.628246669692775,8762.22,12.286762921411977,12.341483748280798,0.9955661063138828,6
2025-03-28T00:00:00Z,6,0.5010225348799842,6.889642360206929,3.7595833333333335,4.638722117708386,0.2349007857106625,28.698921770510825,-9.24856288148686,-9.75071763279158,25.503725272524534,10400.82,12.716773962044433,12.7869513104801,0.9945117998237664,6
2025-04-16T16:00:00Z,6,0.27522030238521705,4.269729734010392,3.685416666666667,4.249596347292388,0.194673192143587,16.755654847289186,-5.1182416297649045,-5.393872014947685,11.093165367444406,3724.0872,7.037582240926744,4.0555831265176625,1.7352824541830025,6
2025-05-09T16:00:00Z,6,0.226923758395025,1.3365659727678634,2.44,3.6699862138618644,0.1378216798391641,6.921655420644775,-3.304957793357114,-3.5320552070370255,8.029268420779289,5518.338,4.544316965866032,3.484951454913257,1.3039828602086347,6
2025-05-10T00:00:00Z,6,0.237499671692599,5.648288536879096,3.34875,3.555178899587749,0.12211457528975686,4.3345572912328025,-2.948102635313119,-3.185620376953301,8.397929246658705,7796.304,4.053641123555539,4.3442881231031665,0.9330967488086367,6
2025-05-11T00:00:00Z,6,0.192049187277854,4.716937292740493,3.3345833333333332,3.9562068708063323,0.13211033391763768,5.411182739051143,-4.0763436925994485,-4.268407295422554,13.008168522700966,13005.336,5.604972577324242,7.403195945376725,0.7571017461485038,6
2025-05-12T00:00:00Z,6,0.17218037593263125,4.9501869820938325,3.6504166666666666,3.943213260049691,0.1486965413324767,7.610865563965282,-4.50615118166697,-4.67833720088224,16.91010282919082,10124.454000000002,6.195957874792084,10.714144954398735,0.578296999075816,6
2025-05-13T00:00:00Z,6,0.1822378915059966,7.174682406576581,3.5858333333333334,3.969357221680388,0.13425333062787362,5.6709141945957695,-4.9666340105771845,-5.148878181449094,20.588830122070526,16075.542,6.829121764543629,13.759708357526897,0.4963129731458249,6
2025-05-14T00:00:00Z,6,0.23615648663636615,6.801828901328959,3.5704166666666666,3.972743679382812,0.12494450519204107,4.596303445787672,-4.788366441609613,-5.0245350977441845,21.57884794619021,16265.286,6.584003857213218,14.99484408897699,0.43908451586057173,6
2023-10-07T00:00:00Z,6,0.10669182226898208,5.073127085990302,1.9229583333333333,8.46060993239891,0.27908468089663485,47.383592993101175,-9.305337553971311,-9.41180438726874,24.7900853506139,13962.4,12.794839136710554,11.995246213903346,1.0666591505125107,6
2023-10-08T00:00:00Z,6,0.10372074189544524,3.7732607157858298,2.09325,8.517421870760037,0.27391800389661386,44.86768608301665,-9.031840548832406,-9.135345166543901,24.12615397308736,13447.71,12.418780754644558,11.7073732184428,1.0607657689669505,6
2023-10-09T00:00:00Z,6,0.10754790550341989,4.796769775751977,2.341875,8.84841779629275,0.2650906188176016,40.80310607660242,-8.206681740607017,-8.31403193050677,22.155955796243493,12577.43,11.284187393334648,10.871768402908845,1.0379348579864391,6
2023-10-13T00:00:00Z,6,0.28875872170676736,2.9107568634561205,1.7274583333333333,8.742237808206507,0.48331520299404246,234.05985563383223,-9.715808368746384,-10.004514114415006,25.59968950971785,13929.59,13.359236507026278,12.240453002691574,1.091400498338476,6
2023-10-14T00:00:00Z,6,0.3550558688172985,2.951483110606593,1.7478333333333333,8.579842243599176,0.469068678288872,214.60538650583575,-10.716947372244885,-11.071929368603486,28.71623329446524,15315.79,14.735802636836716,13.980430657628524,1.0540306659863885,6
2023-10-15T00:00:00Z,6,0.3513429847740237,3.0039738967557543,1.7802083333333334,8.623335997672012,0.4542056750780169,195.4162280412428,-10.31825149104485,-10.669512391290416,27.72264663465481,14969.24,14.187595800186667,13.535050834468144,1.0482114898347306,6
2023-10-16T00:00:00Z,6,0.3476265400797785,2.993346818900707,1.913625,8.875044438842618,0.43880251927170577,176.7225319602012,-9.879473600855066,-10.227038279977695,26.239447772450596,13839.37,13.584276201175715,12.655171571274881,1.0734169919916177,6
2023-10-17T00:00:00Z,6,0.3550444993870672,3.067487829271271,2.162333333333333,9.246307631890701,0.4239101599415323,159.85882997498425,-9.430449135112875,-9.785465867738402,24.40774679636958,12713.19,12.966867560780203,11.440879235589376,1.1333803367527824,6
2023-10-18T00:00:00Z,6,0.356530626370159,3.1628736229564067,2.3353333333333333,9.42843479101776,0.40766448351078555,142.69077108126828,-9.044750822976503,-9.401285566342283,22.82997066220382,11918.82,12.436532381592691,10.393438280611129,1.196575382065138,6
2023-10-19T00:00:00Z,6,0.6556442419771062,3.171573244230306,2.43,9.423339933244371,0.3906790328732173,126.07633846613166,-8.144821990159203,-8.800554279349383,20.403964365330893,11554.01,11.199130236468903,9.20483412886199,1.2166574736370044,6
2023-10-20T00:00:00Z,6,0.658300898999044,2.68553682379936,2.8319583333333336,9.301236499876543,0.3772985136879368,113.88475614842676,-7.784785014140331,-8.443142431688948,19.21427761313967,11448.39,10.704079394442955,8.510198218696717,1.2577943685173314,6
2023-10-21T00:00:00Z,6,0.6617070847616899,3.210964422328189,2.5704583333333333,9.214319082194374,0.3638622178759512,102.52466512999234,-7.481645224442391,-8.143385477039388,18.31776672291606,11657.55,10.287262183608288,8.03050453930777,1.2810231453396388,6
2023-10-22T00:00:00Z,6,0.36806241046945853,3.2620620804379303,2.629166666666667,9.229117492361352,0.34810678863781996,90.14119232039592,-7.751633474872741,-8.119625052041036,18.732718234686892,11054.1,10.658496027950019,8.074222206736874,1.3200647387505522,6
2023-10-23T00:00:00Z,6,0.3668072205578563,3.332440110857594,2.6994583333333333,9.254085774468944,0.33526348643606413,80.78785457719711,-7.501573375018773,-7.868314842275316,18.205472008020052,10995.21,10.314663390650813,7.89080861736924,1.3071744469820477,6
2023-10-24T00:00:00Z,6,0.4042549144345084,3.3665401932925407,2.7317916666666666,9.26680753013553,0.3227724576661276,72.32739256880785,-7.217838788826856,-7.6221467378018035,17.51896115272561,10950.1,9.924528334636927,7.594432818088682,1.3068162655937046,6
2023-10-29T00:00:00Z,6,0.13225225069238156,5.3038205070049536,2.7615833333333333,9.030527524656998,0.2767185776795798,46.19757385737011,-8.962851332118653,-9.095040941663234,22.820670465867348,11403.28,12.323920581663149,10.496749884204199,1.1740701376726645,6
2023-10-30T00:00:00Z,6,0.1354927834130529,4.547266532719037,2.7863333333333333,8.955826167932688,0.2690536949255713,42.593166881510896,-8.879940467984746,-9.015364346771264,22.573963427328998,11669.86,12.209918143479026,10.364045283849972,1.1781035116187142,6
2023-11-03T00:00:00Z,6,0.0983314799144981,5.7620534343871155,3.3421666666666665,9.509160846018391,0.2348655583674805,28.658538039344243,-7.542475808725564,-7.64077989339274,19.707650856764218,10774.38,10.370904236997651,9.336746619766567,1.1107620951222665,6
2023-11-04T00:00:00Z,6,0.12375949319830269,4.652898011761351,3.345083333333333,9.398783715904584,0.2278024760594977,26.25041791196675,-7.629393099331549,-7.753136460769349,20.022418917903924,11044.34,10.49041551158088,9.532003406323044,1.1005467648723324,6
2023-11-05T00:00:00Z,6,0.12540814143319257,6.2322490252083735,3.467625,9.401641904546379,0.22048399551344583,23.8614721264546,-7.861321026061556,-7.986775410591785,20.860415976933638,10668.85,10.80931641083464,10.051099566098998,1.0754362087201887,6
2023-11-06T00:00:00Z,6,0.1401136936440445,7.058906035866936,3.42725,9.458537074889962,0.21127204527136328,21.071289810566096,-8.388861739038944,-8.529048073791653,22.477158525836035,10713.4,11.534684891178548,10.942473634657487,1.054120418864468,6
2023-11-07T00:00:00Z,6,0.12749330265449954,6.44748637916215,3.45,9.484547841959877,0.20495754400599756,19.296915576617785,-8.443195830101011,-8.570740439978934,23.064455524122845,10952.84,11.60939426638889,11.455061257733956,1.0134729099375819,6
2023-11-08T00:00:00Z,6,0.13202548219575536,7.083046715835974,3.5050833333333333,9.43287144857875,0.1991420967690425,17.739702180990943,-8.081838067292189,-8.21388032650858,22.71337463894118,11225.04,11.11252734252676,11.600847296414418,0.9579065268759648,6
2023-11-09T00:00:00Z,6,0.13410969376726975,6.808548111200379,3.489375,9.380876702538547,0.19452144358834172,16.572496629453312,-8.184884833864217,-8.319014879963788,23.58539649361387,11313.41,11.254216646563298,12.331179847050572,0.9126634098403109,6
2023-11-10T00:00:00Z,6,0.13612827923210788,7.259189259625986,3.4024166666666664,9.302097733021437,0.18757285014570044,14.908527373383915,-8.249796662058575,-8.385907273538512,23.90754445656621,11714.97,11.343470410330541,12.56407404623567,0.9028496941825304,6
2023-11-11T00:00:00Z,6,0.125509631660453,7.395067851729623,3.196625,9.17886952875958,0.18380058881329925,14.048805495157096,-8.164883447970663,-8.29033369269657,23.69227657424685,12578.27,11.226714740959661,12.46556183328719,0.9006184310907355,6
2023-11-12T00:00:00Z,6,0.10986938329929842,6.53995520964173,3.130875,9.147993791160008,0.18470475728830285,14.2370936150441,-8.115155292803053,-8.224955310719661,23.70005847238436,12635.68,11.158338527604197,12.541719944780162,0.8896976313243443,6
2023-11-13T00:00:00Z,6,0.1359250322871655,7.003719436266246,3.121375,9.445879227076661,0.18372719851500308,14.020353299644928,-7.559101547302024,-7.694931620837576,22.350436928224216,12562.05,10.393764627540284,11.956672300683932,0.869285731527973,6
2023-11-14T00:00:00Z,6,0.13397412875820072,5.729072350256686,3.212125,9.44696739847472,0.1891434025292296,15.394001253987437,-7.588748429546181,-7.722636626031054,22.651702275217787,12637.71,10.434529090625999,12.217173184591788,0.8540870243032941,6
2023-11-15T00:00:00Z,6,0.14346840147819628,5.752948620254898,3.119125,9.370990796555299,0.2107906049145431,20.973555420593208,-7.417295849850839,-7.560651951451108,22.342175133479266,13400.57,10.198781793544903,12.143393339934363,0.8398625909617475,6
2023-11-16T00:00:00Z,6,0.09929466745919216,5.518470757924152,3.2151666666666667,9.26500763409854,0.2191101291293492,23.441126373429455,-8.22150451986139,-8.320697328737854,24.79181598098982,13431.31,11.304568714809413,13.487247266180407,0.8381672324756652,6
2023-11-17T00:00:00Z,6,0.09809967041829458,5.857005472955882,3.2352083333333335,9.220042531917327,0.2495348111908346,34.178212758246794,-8.134720991927482,-8.232722106557805,24.49786465826535,12635.68,11.185241363900287,13.312623294365062,0.84019814251296,6
2023-11-18T00:00:00Z,6,0.09311715947723573,4.97512630009382,3.0821666666666667,9.139155498871165,0.23803895486578883,29.831048207112836,-7.890013808458469,-7.983068620976838,23.739394483901137,13012.99,10.848768986630395,12.890625497270742,0.8416014404364894,6
2023-11-19T00:00:00Z,6,0.10028361979126622,5.008137823096435,3.210541666666667,9.14926502058633,0.2237337179219815,24.937673997485295,-7.420925643274124,-7.521153491423638,22.369806368769503,12573.42,10.20377275950192,12.166033609267583,0.8387098940552906,6
2023-11-20T00:00:00Z,6,0.10854527238013865,6.033841516126968,3.2445416666666667,9.243839206166511,0.21031503578158708,20.790158277577135,-7.731898393451876,-7.840387886736579,23.127386266861315,12243.97,10.631360290996328,12.496025975864987,0.8507793046789354,6
2023-11-21T00:00:00Z,6,0.10836338216802191,6.4484182958329725,3.143,9.173745032369025,0.20582061391395523,19.519005210178367,-8.391324103077885,-8.49958907150977,24.55889085462594,12604.92,11.53807064173209,13.020820212893849,0.8861247181883775,6
2023-11-22T00:00:00Z,6,0.10802834881422284,6.690356603106259,3.029541666666667,9.090502740915388,0.20529513937815788,19.369389428869976,-8.095130894701962,-8.203098680118073,23.61677054508856,13160.63,11.130804980215197,12.485965564873363,0.8914652953656524,6
2023-11-23T00:00:00Z,6,0.10830800574184787,5.652780197253674,3.2768333333333333,9.277919502346906,0.2035455146667873,18.90346937948846,-7.936031421332472,-8.044304183143575,23.232262815617332,12562.24,10.912043204332148,12.320219611285184,0.8857020043974572,6
2023-11-24T00:00:00Z,6,0.11600761927295164,6.530690114773063,3.398791666666667,9.615912425929515,0.19942978673836168,17.798897782597393,-7.710778063404377,-7.8268011654432526,22.808445775221013,12053.35,10.60231983718102,12.206125938039994,0.8686064596580341,6
2023-11-29T00:00:00Z,6,0.1098537525605252,4.944601973552679,3.619875,10.090405428147863,0.2626511253022511,39.69829494984634,-7.531091846307916,-7.640947051887128,19.96055355820493,10261.12,10.355251288673385,9.605302269531544,1.0780765662649383,6
2023-11-30T00:00:00Z,6,0.1179916541787207,5.663619933787863,3.801083333333333,10.25867021810978,0.2507941887095899,34.70224386644125,-8.290535893719023,-8.408530817133176,21.81111028354962,9782.335,11.399486853863657,10.411623429685964,1.0948808253438234,6
2023-12-01T00:00:00Z,6,0.12178632589519138,6.465124116141926,3.683125,10.072618386266996,0.2404872552169347,30.708066209577364,-8.78344355409606,-8.905217919649747,22.97367721500991,10036.25,12.077234886882081,10.89644232812783,1.1083649619937124,6
2023-12-02T00:00:00Z,6,0.12518685901079848,6.358443579811944,3.55875,9.785670408029691,0.23658582695953315,29.271438466314216,-8.825092237341172,-8.950250330498486,22.990652891765237,10679.43,12.134501826344112,10.856151065421125,1.1177535899435642,6
2023-12-03T00:00:00Z,6,0.11447572485314987,5.66687219951539,3.464875,9.602622838566207,0.23879340713226896,30.09474436416388,-8.493934438818139,-8.608369536443853,22.161386002562285,11028.03,11.67915985337494,10.482226149187344,1.1141869758534442,6
2023-12-04T00:00:00Z,6,0.12016659566750042,5.489078983949009,3.4102083333333333,9.545884378741242,0.2429032638368308,31.59843820363908,-7.81280359160687,-7.9329328032652615,20.4046960138862,11298.7,10.742604938459445,9.662091075426753,1.1118302295639424,6
2023-12-08T00:00:00Z,6,0.16208674449517632,5.854988057246402,3.7139166666666665,10.108037803542976,0.22363097150436764,24.842245918926835,-8.236109530479718,-8.398201374627291,21.630006947751777,10183.99,11.324650604409612,10.305356343342165,1.0989091718042305,6
2023-12-09T00:00:00Z,6,0.2076339800514838,6.019330687128879,3.438083333333333,9.904536355575395,0.22223655583674873,24.404801811642475,-6.612778816592405,-6.820390670748806,16.921720731331853,10850.14,9.092570872814557,7.829149858517296,1.1613739725422156,6
2023-12-10T00:00:00Z,6,0.1919456027893485,2.411286091939051,3.3142916666666666,9.680672054617112,0.2374870598226047,30.73782738252113,-6.481632479439766,-6.6735578611297,16.205721095067716,11302.23,8.912244659229678,7.293476435838038,1.221947412544926,6
2023-12-11T00:00:00Z,6,0.15742364962520328,4.156037243926795,3.2270416666666666,9.689684899112445,0.2850263594466585,50.36678485643574,-6.246354347561381,-6.403738623781871,15.569352345697833,11453.78,8.588737227896898,6.9806151178009355,1.2303696856162671,6
2023-12-12T00:00:00Z,6,0.10495482102581427,4.654182810345726,3.4749166666666667,10.23962274662278,0.26983750331137024,42.92408590607802,-7.465235397735897,-7.570145148355887,18.698861020635647,10188.91,10.264698671886858,8.434162348748789,1.2170383077116875,6
2023-12-13T00:00:00Z,6,0.10886951719812377,4.709595912117096,3.5310833333333336,10.253511734738337,0.2616383391857695,39.240848264871794,-7.545513287595021,-7.65431939042977,18.818134330031967,10003.42,10.375080770443155,8.443053559588812,1.2288303866863586,6
2023-12-14T00:00:00Z,6,0.11072798163422018,4.992270815351793,3.5581666666666667,10.222598444786332,0.2543404079232401,36.13313889438696,-7.3671769247260865,-7.47782175932269,17.89416892009308,10095.76,10.129868271498369,7.764300648594711,1.3046723368873938,6
2023-12-18T00:00:00Z,6,0.26389636324084703,2.1449855530787403,1.9575833333333335,9.727638181617808,0.9652223221113096,1763.158889773786,-13.15014007705757,-13.414092584511755,25.539644114637323,11181.26,18.08144260595416,7.458201508683164,2.424370350533296,6
2023-12-19T00:00:00Z,6,0.33900300607604555,2.0853442423685897,1.8397083333333333,10.071304947984732,1.0300699896854326,2117.163832703696,-15.997224699531026,-16.33621581779582,33.53013683931996,12067.72,21.99618396185516,11.533952877464799,1.907081136496718,6
2023-12-20T00:00:00Z,6,0.30154818978984066,2.120643434139498,2.0905833333333335,10.679309925395092,0.9910586427233448,1893.4053066274091,-15.35260069725529,-15.654135756321363,33.727134483223395,11168.38,21.109825958726024,12.617308524497371,1.6730847088140743,6
2023-12-21T00:00:00Z,6,0.3084028325605697,2.1861848885689925,2.2106250000000003,10.8296905584233,0.928899995678778,1568.9322282836747,-14.695182834418473,-15.003569868729457,32.77347384087286,11013,20.2058763973254,12.56759744354746,1.607775590210334,6
2023-12-22T00:00:00Z,6,0.31610348634570207,2.2909328628770664,2.2832083333333335,10.732683128570807,0.8636090507029486,1269.1070893244846,-14.266510550856534,-14.582594173631144,31.090578201378985,10834.47,19.616452007427736,11.47412619395125,1.7096249139885553,6
2023-12-23T00:00:00Z,6,0.33677876335917684,2.41379162710126,2.297041666666667,10.540162720458003,0.8052608279458974,1035.232657949232,-13.73176301905068,-14.068518854933773,29.38805159414071,10658,18.881174151194685,10.506877442946024,1.79703001712187,6
2023-12-24T00:00:00Z,6,0.3662572049712124,2.453381169410566,2.3345000000000002,10.360549252187525,0.7498805088519256,841.1556210499737,-13.234291857804639,-13.600511558877495,27.908757634646182,10206.57,18.197151304481377,9.711606330164805,1.873752980282982,6
2023-12-25T00:00:00Z,6,0.36484855519499126,2.5145363590109566,2.461625,10.205389754462866,0.7134759852853026,727.1743877040198,-12.920654861365119,-13.285459352166257,26.737926222382107,10079.13,17.765900434377038,8.97202578800507,1.9801437104793795,6
2023-12-26T00:00:00Z,6,0.3514703771247787,2.6408760138042666,2.3305833333333332,9.97688879184071,0.6879097409709962,654.2523445885643,-12.563105317856797,-12.914527224559732,25.415445371921596,9941.219,17.274269812053095,8.1411755598685,2.121839737396858,6
2023-12-27T00:00:00Z,6,0.3228071097970583,2.597869785397738,2.3509583333333333,9.832521634297853,0.6525091966850592,561.0408466805105,-12.183756602570742,-12.506524379703583,24.056411165932854,10124.56,16.75266532853477,7.303745837398083,2.2937086943461895,6
2023-12-28T00:00:00Z,6,0.32429298702267995,2.7033895869648092,2.4789166666666667,9.937014499179185,0.6178924607849221,478.61627965923657,-11.430791376719727,-11.755044633387097,22.201224126076614,9568.399,15.717338142989624,6.48388598308699,2.4240614631392035,6
2023-12-29T00:00:00Z,6,0.330302015054321,2.7719640045400675,2.7195,10.121542172502501,0.5861320752944539,410.5706368343026,-10.815664090675712,-11.145933866266551,20.641712686022842,9026.676,14.871538124679104,5.7701745613437385,2.5773116509001888,6
2023-12-30T00:00:00Z,6,0.3456037365821333,2.8560348551988115,3.0256666666666665,10.592596315941957,0.5529009482261392,346.4377659722726,-10.221160695788084,-10.566739672456611,19.118661807420054,8215.605,14.054095956708617,5.064565850711437,2.774985333586765,6
2023-12-31T00:00:00Z,6,0.3561651205393757,2.9530275271903794,3.21475,10.840001057632419,0.5264569559442153,300.2705984976962,-9.863411785141603,-10.219564644834332,17.91173782569524,7856.804,13.562191204569704,4.349546621125537,3.1180700854426524,6
2024-01-01T00:00:00Z,6,0.36197775316764463,3.0491553885269593,3.311583333333333,10.920712109431499,0.5047862686634467,265.6724444576604,-9.552785540559892,-9.914739959154192,16.87016006853654,7612.238,13.135080118269851,3.7350799502666874,3.5166797747748335,6
2024-01-02T00:00:00Z,6,0.3673770184713812,3.036652755976698,3.301625,10.796738013463628,0.4855638817338244,237.30135424069996,-9.246152263077796,-9.613499986372206,16.021642727671168,7733.926,12.713459361731971,3.308183365939197,3.843033458371376,6
2024-01-03T00:00:00Z,6,0.3589619503353872,3.0857489681584447,3.470875,10.94707105677661,0.4683817450968236,213.61903969999636,-8.959268850453578,-9.318209866035582,15.396802395449862,7264.74,12.31899466937367,3.077807726076193,4.002522498401418,6
2024-01-07T00:00:00Z,6,0.42986725510711016,3.0108174603154287,3.2553333333333336,10.367406153683197,0.46408107361669326,207.9860754815463,-8.893691916135975,-9.323622472492136,14.982396800939002,7612.859,12.228826384686965,2.753570416252037,4.441079956593944,6
2024-01-08T00:00:00Z,6,0.36266989216392337,3.1122728811834617,3.3725833333333335,10.65433484615657,0.4488129559592453,188.67763094759715,-8.709898417684753,-9.072361503020275,14.889330149617045,7327.211,11.976110324316537,2.9132198253005086,4.110953186679334,6
2024-01-09T00:00:00Z,6,0.37060365861703093,2.836339138858238,3.462125,10.614662508971598,0.48515583167529974,244.11460926309223,-9.187375560288192,-9.55774324215082,15.864814984137839,7536.938,12.632641395396265,3.232173588741574,3.9084043751235225,6
2024-01-10T00:00:00Z,6,0.3897790638207381,2.836075322479467,3.34575,10.274431906885658,0.5655798561597124,369.797201723416,-9.631185766275047,-10.020709897555808,17.045230304573003,7403.557,13.24288042862819,3.802349875944813,3.4828148015541522,6
2024-01-11T00:00:00Z,6,0.3890194452241267,2.8951346656226526,3.4847083333333333,10.691599207814505,0.5663812782171015,371.3517858546721,-10.32559565661155,-10.714455836630878,18.2846266375046,7837.705,14.197694027840882,4.0869326096637195,3.4739241832052365,6
2024-01-12T00:00:00Z,6,0.375081346332346,2.860710337217807,3.3429583333333333,10.672081546610082,0.5742222976870199,386.4675961544007,-10.211877412014895,-10.58679768356389,18.19214033478739,7836.528,14.04133144152048,4.150808893266909,3.382794005355713,6
2024-01-13T00:00:00Z,6,0.3585989868731859,2.681127336243975,3.113375,10.455033336270391,0.5745129232682707,387.1092787897165,-10.044556995372085,-10.402976920382168,17.84286176306236,8466.851,13.811265868636617,4.031595894425742,3.425756506928849,6
2024-01-14T00:00:00Z,6,0.3444271985587011,2.8066352791420264,3.358,10.621630400004086,0.5539929958647798,348.2253449508706,-9.19585445124194,-9.540084558072474,16.54378438596954,7807.284,12.644299870457669,3.8994845155118725,3.2425567585047568,6
2024-01-15T00:00:00Z,6,0.4120028345692027,2.6159831397778057,3.5019583333333335,10.87169258976995,0.514821996776861,284.3058585003474,-8.990701812778605,-9.402499945404756,15.840738934004877,7375.636,12.362214992570582,3.478523941434295,3.553868020087074,6
2024-01-16T00:00:00Z,6,0.4175469671663349,2.9763846683350796,3.413625,10.669883966509232,0.4875483553997411,240.7847803251651,-8.539338874873582,-8.95665950274555,14.807814676697403,7731.874,11.741590952951176,3.0662237237462264,3.829332759387051,6
2024-01-17T00:00:00Z,6,0.4476097574503306,2.849377259282595,3.511375,10.594088299075413,0.48844958826281304,241.45155001433176,-8.713583561588623,-9.160969229459742,14.778739973290513,7534.884,11.981177397184355,2.7975625761061576,4.282720071935118,6
2024-01-18T00:00:00Z,6,0.39050999362530986,3.094919786074654,3.80975,11.213404505937817,0.4669873294292049,211.79001852231323,-8.332499389091867,-8.722768422225307,14.027792971153746,6767.967,11.457186660001316,2.5706063111524298,4.456997794759532,6
2024-01-19T00:00:00Z,6,0.3760235827748663,2.960779957958901,3.7199583333333335,11.198268191672794,0.4525793460677833,193.31344662509767,-8.111470462212909,-8.487236359509351,13.278174252049826,6980.851,11.153271885542749,2.1249023665070776,5.248839693221547,6
2024-01-20T00:00:00Z,6,0.3530958017855132,2.9541976094869287,3.7439583333333335,11.000555409855044,0.4368063031580609,174.4119132585915,-7.605244116127731,-7.958053671348399,12.402748545637783,7040.356,10.457210659675631,1.9455378859621515,5.37497148481593,6
2024-01-21T00:00:00Z,6,0.359912313382725,3.0318914313582184,4.086708333333333,11.488847237548013,0.41942454490969655,154.9310768806427,-7.333605756635426,-7.6932461254776365,12.173982832818202,6422.998,10.08370791537371,2.090274917444493,4.824106069120203,6
2024-02-11T00:00:00Z,6,0.436451769241813,3.16639580624502,3.5774166666666667,10.312965688635853,0.3204768091354363,70.81131549698362,-6.30128139771075,-6.737399158508893,11.324191754353304,7885.773,8.664261921852281,2.6599298325010228,3.2573272482551285,6
2024-02-12T00:00:00Z,6,0.4323584236496838,3.243569208549442,3.3940833333333336,10.062935273986268,0.31292641524677006,66.11539903707413,-6.149864064225756,-6.581835276257605,11.275736084526928,8230.506,8.456063088310415,2.8196729962165126,2.998951686829257,6
2024-02-19T00:00:00Z,6,0.4411657305889592,3.014622592835371,3.9372083333333334,10.598832828217136,0.4036603088357695,138.55889089132816,-6.950752479783729,-7.391533056797104,12.646809451164684,7266.828,9.557284659702628,3.089524791462056,3.0934481206023383,6
2024-02-20T00:00:00Z,6,0.43587038432072117,3.0580976384444964,4.045875,10.596815420795059,0.40028435511416466,135.22704812656883,-6.937605639891619,-7.3730465001334835,12.684088220020126,7494.867,9.539207754850976,3.14488046516915,3.0332497086937455,6
2024-02-21T00:00:00Z,6,0.44879590522330154,3.0922190384041746,4.058,10.676363860040686,0.39189437621299533,127.14481507838842,-6.849041870849683,-7.297395428825154,12.655587837504932,7369.902,9.417432572418313,3.2381552650866183,2.908270852221289,6
2024-02-22T00:00:00Z,6,0.44816668005705285,3.050612342051853,4.022833333333333,10.655766265826111,0.3830963472533006,119.03754041813691,-6.881296985604782,-7.328965878432276,12.859399623817259,7170.365,9.461783355206574,3.397616268610685,2.784829894600069,6
2024-02-23T00:00:00Z,6,0.452532451398846,3.1333798485809874,3.798,10.50596585846652,0.3719175370168922,109.18706426375792,-6.740044649537662,-7.191980331769015,12.739850844778614,7149.111,9.267561393114285,3.472289451664329,2.6690060037109467,6
2024-03-04T14:00:00Z,6,0.4654987703955679,3.0981370678245677,3.364,9.764167522096283,0.33160458488749156,78.17839320855578,-6.759405798879741,-7.2242723691717385,12.936002430549163,5096.275,9.294182973459645,3.641819457089518,2.552071315717392,6
2024-03-05T00:00:00Z,6,0.45241140363651344,3.2123142183042352,3.2129166666666666,9.663450886709267,0.32910457260308473,76.49475415980086,-6.760745777636972,-7.212403223460697,13.313438114417727,8967.168,9.296025444250835,4.017412670166891,2.313933421199834,6
2024-03-06T00:00:00Z,6,0.46768963720231105,3.0215879955552087,3.3739166666666667,9.615625650799506,0.3615518912856008,100.56947355349092,-6.917209183774443,-7.384164469800366,14.037711161750371,8606.015,9.51116262768986,4.526548534060511,2.1011953271067507,6
2024-03-07T00:00:00Z,6,0.48413198898234033,3.0110079939031693,3.1241666666666665,9.421253527346083,0.35726296225319754,97.1295765214357,-6.958228558381281,-7.4416062786496155,14.36930913767779,9381.669,9.56756426777426,4.80174486990353,1.9925182463862305,6
2024-03-08T00:00:00Z,6,0.5091031306715661,2.9878513594281113,3.080208333333333,9.401308699544863,0.3541042438145487,94.637938806924,-7.049683911871185,-7.5581349391162576,14.524154437437133,9324.214,9.693315378822879,4.830839058614254,2.006549019996424,6
2024-03-09T00:00:00Z,6,0.5196191937331569,3.0815341962063516,2.8909583333333333,9.306381340565652,0.3594323794708195,99.15017378804085,-7.3541834290898125,-7.8731178995152655,14.889317502625593,9549.932,10.112002214998492,4.777315287627101,2.116670474144305,6
2024-03-10T00:00:00Z,6,0.5088626473719118,2.8815226031248384,3.010625,9.156830218652427,0.4062818102908935,141.1867419711384,-7.449683005672027,-7.957891929960894,15.15283756957867,9383.721,10.243314132799037,4.909523436779633,2.086417198064761,6
2024-03-11T00:00:00Z,6,0.5244575598785314,2.8705626138791875,3.1242083333333333,9.434351488933698,0.40078047353064455,135.73061021462985,-7.4579748933981875,-7.981814276013324,15.14438180157005,9264.706,10.254715478422508,4.889666323147543,2.097221937185565,6
2024-03-12T00:00:00Z,6,0.5179840174667558,2.963335609468043,3.228625,9.713838409103436,0.39082874908174103,126.14811402080184,-7.246252106357909,-7.7637287820523015,14.744037274551017,8747.606,9.963596646242125,4.780440628308892,2.084242315915302,6
2024-03-13T00:00:00Z,6,0.5126386730979842,2.9605386150110857,3.179708333333333,9.669196516270837,0.38164028373511305,117.70270631269108,-7.1867944151447825,-7.698952493655538,14.40714802414673,8819.426,9.881842320824076,4.525305703322655,2.1836850300673487,6
2024-03-14T00:00:00Z,6,0.5113468388355437,3.0081127517479995,3.200458333333333,9.65919364364772,0.37009452200722626,107.68788924206196,-7.098610785381686,-7.609472875324887,13.9471142757945,8817.373,9.760589829899818,4.1865244458946815,2.331430272542916,6
2024-03-15T00:00:00Z,6,0.5004016729624325,3.060920186088802,3.1188333333333333,9.60752730632936,0.3553841706168262,95.67778153053486,-7.038651395559325,-7.538576752333654,13.645925396838862,8825.581,9.678145668894071,3.967779727944791,2.4391842119489593,6
2024-03-16T00:00:00Z,6,0.49969859036948483,3.0879423362287928,2.9528333333333334,9.394239594325901,0.3445781830957604,87.46558268070157,-7.0145232116462015,-7.513740384356859,13.379978944705567,9324.214,9.644969416013527,3.7350095286920393,2.5823145408121873,6
2024-03-17T00:00:00Z,6,0.46283966851040126,3.1294419922611167,2.877,9.252677845179576,0.334394545304242,80.14737843227299,-6.974782475872086,-7.437150340866031,13.224675198246107,8125.855,9.590325904324118,3.6343492939219892,2.638801372328956,6
2024-03-18T00:00:00Z,6,0.45833975753173134,3.1732824569842597,2.7917916666666667,9.148621161616324,0.32705257986273567,75.11297130269249,-6.681979087977241,-7.139886629840621,12.824166106381362,7436.389,9.187721245968707,3.636444860412656,2.526566907692945,6
2024-03-27T00:00:00Z,6,0.4753271453524152,3.3137159309608877,2.890833333333333,9.388125176055272,0.3103929821496007,64.52547516217341,-6.801498310947169,-7.276670330686123,11.572236931874329,7434.336,9.352060177552357,2.2201767543219724,4.212304339889558,6
2024-03-28T00:00:00Z,6,0.47104319236898307,3.261812189481799,3.078875,9.451995861806665,0.3333700167400338,79.55234965644256,-6.828331898913662,-7.299247639495858,12.000045207490098,7637.483,9.388956361006285,2.6110888464838133,3.5958011821963827,6
2024-03-29T00:00:00Z,6,0.4766805239834684,3.1024210617308525,3.031791666666667,9.403262369725333,0.325851914582617,74.32957774423215,-6.622835564137271,-7.099320230398606,12.367627679996177,8961.013,9.106398900688749,3.2612287793074284,2.7923213969130467,6
2024-04-20T00:00:00Z,6,0.13768372997930217,3.560121482900991,2.9486666666666665,8.99053697644071,0.2387875359084054,30.160444592226543,-5.8562670392719625,-5.9938403196040655,13.640278833373385,10518.47,8.05236717899895,5.587911654374436,1.4410333729408986,6
2024-04-21T00:00:00Z,6,0.12804053311632263,4.30774695642864,3.0080416666666667,8.912671342917621,0.22626127979528707,25.734529922948784,-5.719201998910482,-5.847125226148795,13.938030134726187,10707.25,7.863902748501913,6.074127386224274,1.2946555527196768,6
2024-04-22T00:00:00Z,6,0.12864133901910924,4.0278842533835935,3.1390416666666665,8.998566988828703,0.2169700680310454,22.777676185898137,-5.685100230643458,-5.813634582462918,14.272941545407415,10438.44,7.8170128171347555,6.455928728272659,1.2108270004440191,6
2024-04-23T00:00:00Z,6,0.1252462498275564,4.296389921759749,3.394,9.281332387630583,0.2081338761162375,20.190631652101462,-5.40013966345156,-5.5252743905710675,13.69740867614288,9623.803,7.425192037245894,6.272216638896985,1.1838226363545485,6
2024-04-24T00:00:00Z,6,0.13290482428797998,4.530931420565732,3.468,9.307172785863807,0.1990011873963143,17.72018349502015,-5.365976555288498,-5.498784690875655,13.663442265983981,9619.699,7.378217763521684,6.285224502462297,1.1738988417408474,6
2024-04-25T00:00:00Z,6,0.1333990346557399,4.689668316244865,3.5074583333333336,9.253558998509547,0.1905789167638942,15.627265603342206,-5.168837140807866,-5.302137416564989,13.048641829980905,9787.962,7.107151068610816,5.94149076137009,1.196189871205308,6
2024-04-26T00:00:00Z,6,0.13053139895758833,4.500010495398671,3.5312083333333333,9.192720387154964,0.1814139363127212,13.548457466145218,-5.569264307700772,-5.699720718956314,13.962108302676924,10081.4,7.657738423088562,6.3043698795883625,1.21467150077631,6
2024-04-27T00:00:00Z,6,0.12450788538504777,6.141969621278113,3.5883333333333334,9.19827203349706,0.18114092440306143,13.457547937685945,-5.211192114912409,-5.335606766287018,13.092472223588654,10108.07,7.1653891580045626,5.927083065584092,1.208923357192471,6
2024-04-28T00:00:00Z,6,0.11758158391727118,4.132137922308289,3.5812916666666665,9.240169074693473,0.1761357060592913,12.429712920514298,-4.9118320436255045,-5.029311851184689,12.640219479188211,10502.05,6.753769059985069,5.886450419203142,1.1473415350535368,6
2024-05-02T00:00:00Z,6,0.09701724182318149,5.494497028693685,8.665083333333333,8.66911008126197,0.132847172512527,5.493342362987818,-0.5043312811076407,-0.6010964660945791,10.15794383833963,11191.26,0.693455511523006,9.464488326816625,0.07326920247322545,6
2024-05-03T00:00:00Z,6,0.13046277276977403,6.414641929448617,8.631458333333333,8.447279358113423,0.12350605534544432,4.452008828305083,-0.4919263787895474,-0.6226596767215964,13.63350112216861,11434.42,0.6763987708356277,12.957102351332983,0.052202934922872014,6
2024-05-04T00:00:00Z,6,0.36207965319734936,7.660393551736657,8.678833333333333,8.436541358216251,0.11601730930734624,3.704631488190793,-0.7412423067696178,-1.1036632107781037,10.687576301497892,11661.77,1.0192081718082244,9.668368129689668,0.10541677335169267,6
2024-05-10T00:00:00Z,6,0.12354241683180016,5.323014931191657,3.6822916666666665,8.610355339064062,0.11238889295960423,3.430177425791471,-3.0446085600281294,-3.168079630507775,9.901163681765622,12411.44,4.186336770038678,5.714826911726944,0.732539556263415,6
2024-05-11T00:00:00Z,6,0.11058610715622166,4.266981093400216,3.5825416666666667,8.823731143933465,0.10818803228515572,3.047041361581445,-3.1002351954154608,-3.2107702098570874,10.237733905731263,13399.85,4.262823393696259,5.974910512035004,0.7134539312530016,6
2024-05-12T00:00:00Z,6,0.2098948939308323,5.5763033404558335,3.745041666666667,8.799237505567323,0.0999683188760321,2.401696402256078,-2.535437250047693,-2.745266705626807,8.47432499637544,12389.86,3.486226218815578,4.988098777559863,0.6989088176238987,6
2024-05-13T00:00:00Z,6,0.20921545311313502,2.6650781178532092,3.796,8.929662321295451,0.11266190486926451,4.404710952874035,-3.6243453088573343,-3.833503458633139,11.786946043302846,12560.96,4.9834747996788344,6.803471243624012,0.7324900218177863,6
2024-05-14T00:00:00Z,6,0.36340049139074837,5.07074006371516,3.456166666666667,9.010756759154619,0.1831048487854553,13.928330576057345,-3.8026350337040844,-4.165991644478989,11.723732071144607,14778,5.228623171343116,6.49510889980149,0.8050093157795889,6
2024-05-15T00:00:00Z,6,0.2600276583678573,2.4792391769870665,3.063041666666667,8.758814823379732,0.21003908825999465,21.982435794866586,-4.450687251670714,-4.710676905662912,13.832818778838888,14321.26,6.119694971047232,7.713123807791656,0.7934132944767759,6
2024-05-16T00:00:00Z,6,0.25668149178835764,2.7120882448665085,2.768625,8.754662923645629,0.2190660949503719,23.696281611667132,-4.067456730641297,-4.324119312798697,12.711055771467244,14425.01,5.592753004631783,7.118302766835461,0.7856863058268198,6
2024-05-17T00:00:00Z,6,0.11164947413648661,3.865143589021781,2.9932916666666665,8.663572220342312,0.1939108363065213,16.464477811900554,-4.404865609851652,-4.516492739148437,14.156157451252648,13701.27,6.056690213546021,8.099467237706627,0.7477887169355327,6
2024-05-18T00:00:00Z,6,0.11942288229463509,4.189804208492634,3.0740416666666666,8.725987169814566,0.1771719770712273,12.663321430319334,-4.403037203699158,-4.522435872462461,14.149074264467515,13761.45,6.054176155086343,8.094898109381173,0.7479002296607243,6
2024-05-19T00:00:00Z,6,0.1199249686344436,3.8101993421759457,3.1538333333333335,8.749735890832715,0.16157507087741477,9.726169693241156,-4.3096557519853755,-4.429555714823019,13.886849147753662,13457.97,5.925776658979891,7.9610724887737705,0.7443440148718741,6
2024-05-20T00:00:00Z,6,0.1148728503531417,4.836751964950402,3.19725,8.633168843910942,0.15055478368532516,7.880782687762084,-4.071808207682147,-4.186658069761473,13.30741887568429,13359.18,5.598736285562952,7.708682590121338,0.7262896377051147,6
2024-05-21T00:00:00Z,6,0.1268376591006708,4.834708414846166,3.3249583333333335,8.7727253579515,0.13713903715686254,6.019703492624784,-4.019528851382999,-4.146344288046568,13.26420470757955,13438.35,5.526852170651623,7.737352536927927,0.7143079165998594,6
2024-05-22T00:00:00Z,6,0.1346717436649285,4.732808692339147,3.4069166666666666,8.786384803916816,0.12778911315398417,4.910046336066827,-3.6944472448115926,-3.829093285561212,12.413093525194165,13188.21,5.0798649616159395,7.333228563578226,0.6927187551259463,6
2024-05-23T00:00:00Z,6,0.14408189600858387,4.732875299214854,3.419583333333333,8.709105996777913,0.12502376671420032,4.611906371926531,-3.5034720877875394,-3.647526899282549,11.913882212068676,13488.72,4.817274120707866,7.09660809136081,0.6788136048505011,6
2024-05-24T00:00:00Z,6,0.13542494513172273,5.028178058460609,3.446,8.62352984186428,0.11408274104427024,3.5449904456647667,-2.9713133537640393,-3.106711284263161,10.329218279132572,13628.16,4.085555861425554,6.243662417707018,0.654352459838143,6
2023-10-10T00:00:00Z,7,0.1586409241636737,4.95406815558089,0.37041666666666667,4.36050625797578,0.15223916735712265,7.985925933208749,-6.728104434207479,-6.886681230004034,11.369441263569009,8232.88,9.251143597035284,2.1182976665337243,4.367253829898887,7
2023-10-12T01:00:00Z,7,0.16417983318847418,1.903112722955183,2.09875,3.903871405948198,0.3687699034488977,133.6650627764589,-6.810005932514778,-6.9741459045850425,12.200211579993416,5802.283,9.363758157207819,2.8364534227855973,3.3012204896394697,7
2023-10-13T00:00:00Z,7,0.17413411242470822,1.6930789294934223,1.1295833333333334,3.5960742695538146,0.4279107414275435,177.3388081010863,-6.145096354720528,-6.319203365525225,12.077081267951876,11806.3,8.449507487740727,3.627573780211149,2.329244834063419,7
2023-10-14T00:00:00Z,7,0.10842840060200722,1.5327767853293193,1.0241666666666667,3.4390731181384107,0.38521226587907703,129.46987818203536,-5.307715413425273,-5.416141898335951,12.026049232464574,13248.48,7.29810869345975,4.727940539004824,1.5436126222932398,7
2023-10-15T00:00:00Z,7,0.11681497251908322,1.6234140306821412,1.11375,3.547480155299745,0.34814722962779254,95.58594332380792,-4.730379310587053,-4.847205986920259,11.297707239082621,13182.19,6.504271552057198,4.793435687025423,1.3569122393073012,7
2023-10-16T00:00:00Z,7,0.12084462112189918,1.7407659489762728,1.1325,3.8409258947082274,0.3125441281185593,69.13483477258553,-4.572107492460828,-4.692976624470883,10.824319938375567,12528.08,6.286647802133638,4.5376721362419286,1.3854345605807035,7
2023-10-20T00:00:00Z,7,0.11342166510294999,3.913654051269768,0.9858333333333333,4.1472533461726515,0.22440825108922943,25.5695330235021,-7.250969793098151,-7.364428181306005,14.873074347461388,10989.04,9.970083465509958,4.90299088195143,2.0334697138049305,7
2023-10-21T00:00:00Z,7,0.13307026015047327,3.380275057745268,0.7975,3.9214996287988493,0.21132129309713163,21.364654533872528,-6.703587845239137,-6.836710859624942,13.380866761353248,10955.09,9.217433287203814,4.163433474149434,2.2139019019841273,7
2023-10-22T00:00:00Z,7,0.13774086242759323,3.714971229930843,0.68125,4.0905079635364405,0.19125638554307417,15.84115035680697,-6.251853584850463,-6.389651729333106,12.042469430745726,10668.3,8.596298679169387,3.4461707515763393,2.4944494335451277,7
2023-10-23T00:00:00Z,7,0.13912766091402368,3.836333015115839,0.5741666666666667,4.04981364522496,0.17984272635211934,13.157645191309856,-6.273219589592733,-6.412398168127874,11.473695999270491,10586.3,8.625676935690008,2.848019063580484,3.028658426480455,7
2023-10-24T00:00:00Z,7,0.11299276016797856,4.106794195109151,0.5741666666666667,4.0595432694414235,0.17111221646685734,11.33460643172954,-6.443769014114781,-6.556794650765826,10.594416649233214,10347.53,8.860182394407824,1.73423425482539,5.10898822910167,7
2023-10-25T00:00:00Z,7,0.10083819863181376,4.553523571285034,0.5016666666666667,3.9925031862976135,0.1642135284270568,10.01102104067378,-6.666237619687196,-6.767079062763211,9.363665355203262,8716.438,9.166076727069894,0.1975886281333672,46.389697694965676,7
2023-12-10T00:00:00Z,7,0.18018405442778568,1.0772938773146623,1.6633333333333333,4.417931533955529,0.14660866367187284,7.640192787384834,-4.197683376132098,-4.377770911517922,7.500124316308602,9038.847,5.771814642181635,1.728309674126967,3.3395720272741003,7
2023-12-11T00:00:00Z,7,0.2353675164830676,3.3368404770321303,1.8812499999999999,4.359346394646308,0.2212788887698988,24.49513005392448,-4.7718980353236216,-5.007209653297422,9.374012094440998,8412.195,6.561359798569979,2.8126522958710183,2.3328016080061067,7
2023-12-12T00:00:00Z,7,0.20363627911164572,4.838108086327866,2.3125,5.06738877990774,0.21141523267895035,21.351511016573745,-6.220750695516326,-6.424417382080368,12.399174439680131,9584.982,8.553532206334948,3.845642233345183,2.2242142371352482,7
2023-12-13T00:00:00Z,7,0.25069830592005793,3.72596536440794,2.0629166666666667,5.049950816758294,0.20324542467266757,18.98406424431317,-6.225748789630443,-6.476490020475376,12.521201407504671,9735.941,8.560404585741859,3.9607968217628127,2.1612834414293234,7
2023-12-14T00:00:00Z,7,0.23544356608841224,3.875468533288597,2.015,5.038008051705626,0.1930735293288769,16.267500529706535,-5.630705749464286,-5.866170899749502,10.694714956452806,9702.393,7.742220405513393,2.952494550939413,2.6222640793867016,7
2023-12-18T00:00:00Z,7,0.1928686966439896,2.0678300435917154,2.19125,4.429791668912277,0.7744450519204064,1050.219372514105,-8.3062310722732,-8.499108088586452,11.541754915281516,5889.208,11.42106772437565,0.12068719090586555,94.6336362512898,7
2023-12-19T00:00:00Z,7,0.21640045126575963,1.1719136465907576,1.41,4.679757634827117,0.721386801864513,848.0757566246422,-9.385814747142028,-9.60221698834772,16.254272792046702,9096.878,12.905495277320288,3.3487775147264145,3.853792979846447,7
2023-12-20T00:00:00Z,7,0.15331888569955288,1.6182037212425109,1.8208333333333333,5.1131059127337615,0.6803146553262801,711.2078802456452,-7.748488277847168,-7.901814607227425,15.674861686633784,9931.982,10.654171382039857,5.020690304593927,2.1220530914426847,7
2023-12-21T00:00:00Z,7,0.11517904151581586,1.802921698637828,2.026666666666667,5.174208994871139,0.6370231861675846,584.3628004024831,-7.54706866123207,-7.662254889238506,16.738457693981445,10412.89,10.377219409194097,6.361238284787348,1.6313206556042417,7
2023-12-22T00:00:00Z,7,0.09224777727583904,1.4188965579473227,2.06875,5.074671684467213,0.5800341517349701,441.66558038540694,-6.431883466828243,-6.524136933943944,15.230746429061798,11041.19,8.843839766888834,6.386906662172963,1.384682794766249,7
2023-12-23T00:00:00Z,7,0.05751785427278661,1.302518033158736,2.0975,4.88666862935032,0.5169302376483541,313.123467414372,-5.565207380678604,-5.622735421108935,13.739890042712506,11725.18,7.652160148433081,6.087729894279425,1.2569808912881852,7
2023-12-24T00:00:00Z,7,0.09686264742877952,1.68543669900328,2.0283333333333333,4.763374713956041,0.4565006660316352,215.45902252020093,-5.624185180220846,-5.721062899966886,14.053839588752197,11901.45,7.733254622803663,6.320584965948534,1.2235029929137469,7
2023-12-25T00:00:00Z,7,0.10458098606364448,1.8566492491524549,1.85875,4.598166195858162,0.42286736012865966,170.8084776140519,-6.009842651864138,-6.114435436713013,14.829301146116187,12161.15,8.263533646313189,6.565767499802998,1.2585784748791562,7
2023-12-26T00:00:00Z,7,0.11558744251569945,1.834221590917985,1.6266666666666667,4.406218180279424,0.4052977227166577,150.5335138676191,-6.14673189399982,-6.26232380364811,15.142542884027893,12215.12,8.451756354249753,6.690786529778141,1.2631932459112551,7
2023-12-27T00:00:00Z,7,0.13127628967179059,2.12425922468553,1.5104166666666667,4.325828963783287,0.37672541178415686,120.91119341002452,-5.398789500656525,-5.530049308879723,12.67783260563276,12887.77,7.423335563402722,5.254497042230039,1.4127585387796155,7
2023-12-28T00:00:00Z,7,0.14492637896570842,1.211567546916587,1.5141666666666667,4.498205495820522,0.35015518818916413,97.07264176276188,-5.7065752051303855,-5.851539829317539,13.049320635744118,12290.67,7.84654090705428,5.202779728689839,1.5081439761491098,7
2023-12-29T00:00:00Z,7,0.17713588284289944,2.7273183130550094,1.3945833333333333,4.694953158205319,0.3287164142510103,80.34745745822406,-5.296353620815863,-5.473561058430143,11.536338525529281,11751.93,7.282486228621811,4.25385229690747,1.71197439880932,7
2023-12-30T00:00:00Z,7,0.19365720771426895,2.2256445073828894,1.6287500000000001,5.114655597449106,0.30223425901397244,62.42821297987895,-5.386417154897291,-5.580160584964624,11.772800112031465,10382.65,7.406323587983776,4.366476524047689,1.6961784970546854,7
2023-12-31T00:00:00Z,7,0.3147203673100142,1.9711229060547435,1.8325,5.25589997475293,0.28296490229344085,51.214736766080954,-3.9803761708741794,-4.295100278114605,8.188932435258211,9919.023,5.473017234951997,2.715915200306214,2.0151649927563735,7
2024-01-04T00:00:00Z,7,0.10382045789581718,2.6949004295066428,2.005,5.1141105341888276,0.23416328953870033,29.034650727456764,-6.022329897297543,-6.126145505512947,11.569109570269456,9276.557,8.28070360878412,3.288405961485335,2.5181512580167635,7
2024-01-11T00:00:00Z,7,0.13472537344232532,1.834916233354313,3.3491666666666666,5.000665450662953,0.464855417589623,227.36245263510745,-5.191061861230327,-5.325788808120851,10.562377944726759,8250.255,7.137710059191701,3.424667885535058,2.084205037615357,7
2024-01-12T00:00:00Z,7,0.14403427127168764,1.9020761787434337,3.2045833333333333,5.011510399181072,0.4300273176303927,179.67642905460178,-4.901860434931175,-5.045897717577282,10.08557975310343,8493.587,6.7400580980303655,3.345521655073064,2.0146508655264306,7
2024-01-13T00:00:00Z,7,0.13680077540692573,1.474476902946994,2.9058333333333333,4.602994616126679,0.40877055163201215,154.61910846648215,-4.414162227026969,-4.550966330294351,9.26647093525017,9407.773,6.069473062162082,3.1969978730880886,1.8984914294920605,7
2024-01-14T00:00:00Z,7,0.15234960757320723,1.7378967890851535,3.2620833333333334,4.986209436824247,0.3667325887682079,111.61573937268044,-3.98977704861402,-4.142134529712347,8.667511395427399,8790.193,5.485943441844277,3.181567953583121,1.724289256706254,7
2024-01-15T00:00:00Z,7,0.15123526719882147,1.9653208703633192,3.475416666666667,5.194339520076483,0.33911435171355186,88.11064041826319,-4.065046189780401,-4.216300041456891,8.645710168359942,8457.591,5.589438510948051,3.056271657411891,1.828842176837544,7
2024-01-16T00:00:00Z,7,0.15556655415144785,1.8242389042286604,3.1416666666666666,4.9252774126591765,0.34003906947207824,88.95321246578142,-3.833698718884601,-3.9892873534298703,8.170538551127974,9007.481,5.271335738466326,2.899202812661648,1.8182017882449943,7
2024-01-17T00:00:00Z,7,0.13978844701504137,1.723145258695087,3.4916666666666667,4.966184008192961,0.3272955780760046,79.36794377918501,-3.600241576873258,-3.740054194130419,7.715234774492201,8934.177,4.95033216820073,2.7649026062914706,1.7904182798107848,7
2024-01-18T00:00:00Z,7,0.1463646500200187,2.010376884081949,3.9416666666666664,5.46990328504151,0.30084277895828515,61.51909946993564,-3.4338576894539794,-3.5802432847438133,7.343250324256705,7825.49,4.721554322999221,2.621696001257484,1.8009541612507898,7
2024-01-19T00:00:00Z,7,0.1422179368063644,1.9816527447037744,3.7675,5.350098561883476,0.295270987511672,58.14281368125528,-3.235576137856899,-3.3778025454295397,6.755910584109263,8097.632,4.448917189553236,2.3069933945560273,1.9284481698351001,7
2024-01-23T00:00:00Z,7,0.1680024165190532,3.409325857091057,3.7591666666666668,5.35541460447515,0.2435161491535104,32.61761877613205,-5.482749107384875,-5.650756588145706,8.831262791407836,7727.771,7.538780022654204,1.292482768753632,5.832789577476539,7
2024-01-29T00:00:00Z,7,0.25087964683332653,1.6543198885156116,2.695,4.511310614979916,0.35128246317098694,98.1540089286221,-4.739405440897805,-4.990469721606665,7.324833990183981,5927.801,6.516682481234482,0.808151508949499,8.063689059623727,7
2024-02-08T16:00:00Z,7,0.3667557851221983,4.53808111979048,3.638333333333333,5.2175715055346314,0.2254223921035255,25.889601248403512,-5.096513857328662,-5.463581625740159,8.075776883748595,7475.905,7.00770655382691,1.0680703299216852,6.56109092960268,7
2024-02-09T00:00:00Z,7,0.49097900659600996,3.732048020333559,3.317083333333333,4.885627997892193,0.22101468369603405,24.404804486303583,-5.708992355567329,-6.2004319123300835,8.853015516725312,7204.935,7.849864488905077,1.0031510278202358,7.825207043810924,7
2024-02-10T00:00:00Z,7,0.583319903698892,3.734323077197845,2.90375,4.717591215383429,0.2163793524556747,22.893841899475433,-5.749147996760197,-6.332955919708184,8.357012037915307,6138.017,7.90507849554527,0.45193354237003724,17.491683520743624,7
2024-07-13T00:00:00Z,7,0.060367873643625496,2.4311195639773717,0.07583333333333334,3.050932303889771,0.11001919655354447,3.0939154555448862,-2.9179002620291143,-2.978267799502139,6.272027830815714,13820.23,4.012112860290032,2.2599149705256814,1.7753379718338562,7
2024-09-17T00:00:00Z,3,0.2187981366202506,1.6022895826702208,0.6604166666666667,3.2923211906786025,0.5256258536759496,126.79027010896296,-7.646758783108666,-7.865326296675247,16.205287611592645,6493.2504,10.514293326774416,5.690994284818229,1.8475318723870837,6
2024-09-18T00:00:00Z,3,0.21719428193942875,1.6412028488670785,0.6270833333333333,3.195900624085333,0.5031684223974507,111.20533895613738,-7.514949766931541,-7.731914162419982,18.49006705137171,13365.2736,10.333055929530868,8.157011121840842,1.266769871364224,6
2024-09-19T00:00:00Z,3,0.21535812498427764,1.628533938544872,0.6383333333333333,3.2338777393951847,0.4998570521383468,109.01913048721173,-7.369546622796178,-7.584623476604423,21.239433721296724,14417.4198,10.133126606344744,11.10630711495198,0.9123758690863968,6
2024-09-20T00:00:00Z,3,0.20880515538737204,1.6361316194835442,0.6104166666666666,3.1657699915403317,0.4830242533212339,98.4465035881607,-7.2195259921211274,-7.428032022814085,23.46790401906687,18890.55,9.92684823916655,13.541055779900322,0.7330926332865031,6
2024-09-21T00:00:00Z,3,0.2072958576818837,1.6658115323270806,0.6125,3.1846052465874193,0.4659918328927565,88.40646232175335,-6.928919773607159,-7.135838941308143,24.333157211482465,21914.718,9.527264688709844,14.805892522772622,0.6434779040882652,6
2024-09-28T00:00:00Z,3,0.18851775591906653,1.6678185625913236,0.5391666666666667,3.1528581601998793,0.46787649575299134,89.43689787353863,-7.164252146441522,-7.352571002654336,23.779203621661182,20147.1102,9.850846701357094,13.928356920304088,0.7072511680826475,6
2024-10-04T00:00:00Z,3,0.16611110636493998,2.932523863650183,0.34625,3.270955530519115,0.3948736982322448,53.8752235009985,-11.554157237987122,-11.720419086604108,32.91092301459156,18559.8714,15.886966202232292,17.023956812359266,0.9332123182254829,6
2024-10-08T00:00:00Z,3,0.29660834101894074,1.6459748809913022,1.0666666666666667,3.409020154109248,0.4814742502212277,97.57409480413374,-6.959038261440998,-7.255553067181658,23.413553183198182,17802.329999999998,9.568677609481373,13.84487557371681,0.6911349660409086,6
2024-10-09T00:00:00Z,3,0.27353039693909104,1.8064068096456296,1.3441666666666667,3.3805234327009606,0.5071050779980347,117.13171925148752,-7.366650151679882,-7.639873966765586,25.80695765063297,17778.285,10.129143958559837,15.677813692073133,0.6460814088944836,6
2024-10-10T00:00:00Z,3,0.2829804568110622,1.4798725066787917,1.8195833333333333,3.5265410798846357,0.6795047599186105,273.64273337025105,-7.535258984632707,-7.817949088661839,27.502514001989073,17952.639600000002,10.360981103869971,17.141532898119102,0.6044372557256449,6
2024-10-11T00:00:00Z,3,0.22352178517970273,1.4908076143000062,1.5741666666666667,3.556749197509176,0.6143547243155091,202.707108593072,-7.627059933606944,-7.850277990019576,27.946392100501498,17754.2358,10.487207408709548,17.45918469179195,0.60066993928072,6
2024-10-12T00:00:00Z,3,0.2510860177403441,1.6562083067034508,1.5483333333333333,3.6786933980421024,0.5548029006664073,149.20848867954433,-7.080864629336393,-7.331908500556498,26.58637318608401,19082.9478,9.73618886533754,16.85018432074647,0.5778090423230589,6
2024-10-13T00:00:00Z,3,0.2566133176645168,1.6176576925027517,1.4654166666666666,3.696107146017015,0.517523564744099,121.0715628852026,-6.963385056419473,-7.220035554639862,26.100182439607014,18565.89,9.574654452576775,16.525527987030237,0.5793856910406294,6
2024-10-14T00:00:00Z,3,0.24514604248456706,1.7351925711534,1.4541666666666666,3.714916266989563,0.4882760630672775,101.70634631875755,-6.7245434132360264,-6.969708119714523,25.020397056954582,20832.5166,9.246247193199537,15.774149863755046,0.5861645333068024,6
2024-10-15T00:00:00Z,3,0.22291194452929863,1.7138949629910083,1.3325,3.664922467436714,0.46681380423366886,88.89548935711319,-6.308811146067508,-6.5317528934811735,23.74364037887752,18295.338600000003,8.674615325842824,15.069025053034695,0.5756586969172154,6
2024-10-19T00:00:00Z,3,0.187430658645994,3.429890748951573,2.0683333333333334,4.424270727293116,0.4075760910612729,59.20208254843517,-10.48688436781008,-10.674606181033793,44.83446857058781,21740.3676,14.419466005738858,30.41500256484895,0.47409057339365934,6
2024-10-20T00:00:00Z,3,0.18993568084965431,3.414845233590022,1.98125,4.282197856406273,0.4000667957396521,55.99052285009584,-10.394619418106977,-10.584819582156943,45.652075457873735,23255.463000000003,14.292601699897094,31.35947375797664,0.4557666308498435,6
2024-10-21T00:00:00Z,3,0.20491374880065932,3.4733609870506528,1.9295833333333332,4.1366859416611534,0.3928950957901916,53.04545659802631,-10.411035216006654,-10.616193982620711,46.22865646112491,22972.882800000003,14.315173422009149,31.913483039115764,0.44856192614461127,6
2024-10-22T00:00:00Z,3,0.21089796213211007,3.439443482112608,1.7254166666666666,4.092713016326855,0.38627529088391493,50.41409607786814,-10.465482439562795,-10.67657978133073,46.49472030396092,21091.0434,14.390038354398843,32.10468194956208,0.44822242366413256,6
2024-10-23T00:00:00Z,3,0.2175349638501281,3.443258730187085,1.5508333333333333,3.877163293390105,0.38019563857309513,48.076043157007014,-10.412273964120253,-10.630019896205424,45.645028361689945,22804.5426,14.316876700665347,31.3281516610246,0.45699717160387077,6
2024-10-24T00:00:00Z,3,0.2224768017672111,3.437961943906268,1.5554166666666667,3.897433485966856,0.3726687295798832,45.30077212470574,-10.25165673617339,-10.474476572405315,44.82464221306415,22960.8624,14.09602801223841,30.728614200825742,0.4587264469563883,6
2024-10-25T00:00:00Z,3,0.22679930088774247,3.4547365574723976,1.5495833333333333,3.9836174970827964,0.3635859462628014,42.07030154413778,-10.03038679813404,-10.25758541715681,43.71058091883449,23219.3892,13.791781847434306,29.91879907140018,0.46097377820950286,6
2024-10-26T00:00:00Z,3,0.23083150158850446,3.4339640673413467,1.5008333333333332,3.9726284596625754,0.3560150030906121,39.50281224606618,-9.949783125003398,-10.181013348709872,42.84556662402028,22071.046200000004,13.680951796879672,29.164614827140607,0.469094204671209,6
2024-10-27T00:00:00Z,3,0.2221884411956892,3.5068744776992644,1.4558333333333333,3.9686854028164382,0.34989131660081485,37.50622440224899,-9.907018976636515,-10.129518217595475,41.82697951814207,21758.4066,13.622151092875207,28.20482842526686,0.4829723084105703,6
2024-10-28T00:00:00Z,3,0.22737746055702449,3.481921569726608,1.3604166666666666,3.9640477720222993,0.34532056882295586,36.052615652189125,-9.716171975820469,-9.943722247689355,40.303974267981765,21331.5354,13.359736466753144,26.94423780122862,0.495829073559615,6
2024-10-29T00:00:00Z,3,0.22409041629832382,3.3081509468081056,1.3708333333333333,3.9775626023693436,0.34257577166669495,35.20305193340534,-9.66330278475958,-9.887417876112774,39.114124805788485,23153.2518,13.287041329044422,25.827083476744065,0.5144615473523639,6
2024-10-30T00:00:00Z,3,0.23789886339754893,3.400843486971369,1.2545833333333334,3.9711871903205136,0.3428458479644232,35.29202514211211,-9.60612595455592,-9.844000550468307,37.90787854649646,20189.202600000004,13.20842318751439,24.69945535898207,0.5347657669184631,6
2024-10-31T00:00:00Z,3,0.23217275827974931,3.4232104743341027,1.14375,3.8739248492764835,0.33640805099792,33.34250008526909,-9.738958357562357,-9.971190094539729,37.05673605895785,20056.932,13.391067741648241,23.66566831730961,0.5658436331524899,6
2024-11-01T00:00:00Z,3,0.23293078696945413,3.4572269606276347,1.1070833333333334,3.9049508990841644,0.32999667453880344,31.486673516914745,-9.668896400296783,-9.901934917592119,35.06436184542387,19696.1982,13.294732550408076,21.76962929501579,0.6107009159522959,6
2024-11-02T00:00:00Z,3,0.2051992192707676,3.466683770264207,1.0670833333333334,3.9050323446105577,0.3242604888240078,29.8684465286519,-9.601214051955653,-9.806489295430726,32.77073599459365,19575.9522,13.201669321439022,19.56906667315463,0.6746192622231404,6
2024-11-03T00:00:00Z,3,0.20342059021118417,3.4499472024373596,0.9741666666666666,3.8849325039794036,0.32037960985012875,28.816468082708305,-9.591739323950135,-9.79521513047289,30.317895133796874,18541.8408,13.188641570431436,17.129253563365438,0.7699484114496477,6
2024-11-04T00:00:00Z,3,0.20346631888563502,3.4192677664789692,0.8533333333333334,3.7725855624206717,0.31419721112169496,27.18050458199253,-9.670860336654613,-9.874341072819245,28.408002712140146,13239.0174,13.297432962900093,15.110569749240053,0.8800087080481431,6
2024-11-05T00:00:00Z,3,0.2172167428852628,3.421482776657103,0.5325,3.708116467763387,0.31325487969157756,26.940084408264244,-9.975158025087893,-10.192382243470414,27.30098826114508,15054.7236,13.715842284495853,13.585145976649226,1.0096205302520322,6
2024-11-06T00:00:00Z,3,0.2071660887398719,3.528403550455321,0.27708333333333335,3.6346519850341314,0.30985250546258675,26.07628542854655,-10.19144179006233,-10.398632515144111,26.966727159533807,15271.166400000002,14.013232461335702,12.953494698198105,1.0818109543276389,6
2024-11-07T00:00:00Z,3,0.18938414014956828,3.4154577654094447,0.2625,3.496810366826406,0.3178344343052322,28.130987150101767,-10.356468873088614,-10.545877043745136,27.05240775954039,13870.306800000002,14.240144700496845,12.812263059043545,1.111446481770871,6
2024-11-08T00:00:00Z,3,0.1840527650270666,3.4125672231920885,0.2733333333333333,3.4486082121578248,0.3210988347734271,29.003300878676257,-10.239181794157897,-10.423295045312742,26.928775556826782,13130.8002,14.078874966967108,12.849900589859674,1.09564076924278,6
2024-11-09T00:00:00Z,3,0.27829403449560075,3.423290227098938,0.36875,3.548408679809801,0.3158206045199969,27.607613234525708,-9.872978804135599,-10.151243891347182,25.172234213141603,13118.7756,13.575345855686448,11.596888357455155,1.1706024441426501,6
2024-11-10T00:00:00Z,3,0.2905459752545463,3.191641721555558,0.44625,3.5937337596504,0.3142706014199905,27.20732950898143,-9.637780977473513,-9.928315277227647,22.96693975149188,13142.8248,13.25194884402608,9.714990907465799,1.3640721818732935,6
2024-11-11T00:00:00Z,3,0.27268080722824023,3.296902257287646,0.6183333333333333,3.645438802422329,0.323118535782526,29.55887378584052,-8.152094854265927,-8.424897675807614,18.208370272165617,13545.6468,11.20913042461565,6.999239847549967,1.601478256033664,6
2024-11-23T02:00:00Z,3,0.15031169398621172,3.7170075187849334,2.0545833333333334,5.282419129998598,0.2052272962121682,7.609611967996402,-6.869198798943584,-7.019721235665532,14.364036984272744,7063.219800000001,9.445148348547429,4.918888635725315,1.9201793429410898,6
2024-11-24T00:00:00Z,3,0.1142473264336025,3.614432902102034,2.0729166666666665,5.373423683607664,0.19567187937406183,6.596667371102575,-5.472811421772604,-5.587272184160404,10.50224319600487,7809.249000000001,7.52511570493733,2.977127491067539,2.5276430812974597,6
2024-11-25T02:00:00Z,3,0.10002304055982718,3.703712774465872,1.8370833333333334,5.3139403266315925,0.18798938294846287,5.855329019464783,-5.389987257669213,-5.490113541364768,9.545037270528832,6762.399,7.411232479295167,2.133804791233665,3.4732476512110293,6
2024-11-26T06:00:00Z,3,0.0890606137580803,3.6710606696651737,1.3345833333333332,5.200078139255597,0.1805094437461601,5.183741513974944,-5.224717303257562,-5.313697414917393,9.1513011521068,7285.824,7.183986291979148,1.9673148601276518,3.6516708319445144,6
2024-11-27T00:00:00Z,3,0.09155559251597753,3.240252998379532,0.8929166666666667,4.756341262464564,0.17504039871716096,4.727058223664332,-5.275525051570523,-5.366867918284697,9.717152288020175,11045.3616,7.253846945909469,2.463305342110706,2.9447615859485543,6
2024-11-28T00:00:00Z,3,0.08763430352730564,3.630765298378385,0.7358333333333333,4.478964630928766,0.16845288554213478,4.215843423795262,-5.1739012370960396,-5.2612170252950685,9.963237119115929,10196.8104,7.114114201007054,2.8491229181088746,2.4969488525012804,6
2024-11-29T00:00:00Z,3,0.08802104223606738,3.5532862945191304,0.6012500000000001,4.329162276393373,0.16295742000574914,3.817977780174342,-4.988481731800317,-5.076368404436335,9.903631475779324,12764.052,6.8591623812254365,3.0444690945538877,2.2529912993682477,6
2024-11-30T00:00:00Z,3,0.08539968483999245,3.4400718163308333,0.9129166666666667,5.369807546936433,0.15426507307560067,3.2405066141015215,-4.566107136829038,-4.65151731202796,8.944205807340214,13422.5196,6.278397313139926,2.665808494200288,2.3551569164848707,6
2024-12-01T00:00:00Z,3,0.14367049351393718,3.444880275578414,1.2358333333333333,6.3229129071969306,0.14640350432216004,2.77021271095816,-3.9861144583771573,-4.129734766016895,7.490110252686636,10703.120400000002,5.480907380268591,2.0092028724180446,2.727901425739255,6
2024-12-02T00:00:00Z,3,0.18394346936292444,2.98667924696831,1.1716666666666666,6.359008545346547,0.14142764209770844,2.499249741897061,-3.6316120993841694,-3.815283580702803,6.261106056866471,9626.19,4.993466636653233,1.2676394202132384,3.939185352734808,6
2023-11-30T00:00:00Z,3,0.24004024428519927,3.524258414451813,3.50375,5.5000196104077155,0.37716315144751505,46.94686473947994,-8.467852431359947,-8.708008974893623,12.684986995505417,5689.718,11.643297093119928,1.0416899023854889,11.177315884944806,6
2023-12-19T00:00:00Z,3,0.19192179982187413,1.2497277570724574,2.339583333333333,4.688817900250817,0.8756799628750771,584.890597625478,-8.283614198991812,-8.475542352149994,13.796031550442788,8097.737,11.389969523613741,2.406062026829046,4.733863631364735,6
2023-12-20T00:00:00Z,3,0.20250446066445155,1.6208118868315085,3.08,5.1762819172067385,0.7925493041895174,433.4029027701075,-7.502260377291955,-7.704795634390859,14.195145987521443,7959.342,10.315608018776437,3.879537968745005,2.65897849225418,6
2023-12-21T00:00:00Z,3,0.20128943374912697,1.5840130691506982,3.225416666666667,5.171676767621519,0.739684804521124,352.3021603878368,-7.647794214895578,-7.849095009225635,15.014471470831568,8071.829,10.51571704548142,4.498754425350148,2.3374730094681615,6
2023-12-22T00:00:00Z,3,0.18297289275942355,1.6104048938562876,3.149583333333333,5.05290089773467,0.7019240282419954,301.04504367945844,-7.274150996788878,-7.457095632438728,14.566822166353267,8191.294,10.001957620584706,4.564864545768561,2.1910743506849735,6
2023-12-23T00:00:00Z,3,0.17460787170074582,1.5855737472011011,3.0433333333333334,4.883351611417208,0.6737421536964284,266.3189763478907,-7.112505475595408,-7.2870668609453935,14.491249212004861,8600.067,9.779695028943687,4.711554183061175,2.075683447322611,6
2023-12-24T00:00:00Z,3,0.28639581479715054,1.6256492260305242,3.01375,4.775752362136896,0.6459800716571129,234.77930341773575,-7.1428358634880516,-7.429210158319021,14.773398981573873,8684.988,9.821399312296071,4.951999669277802,1.9833198643424832,6
2023-12-25T00:00:00Z,3,0.2891702533392843,1.6987342685617504,2.88,4.64906557389328,0.6350507884349101,223.06042242624,-7.428008222519455,-7.717162394785592,15.34011535011462,8898.977,10.21351130596425,5.126604044150371,1.9922567099010138,6
2023-12-26T00:00:00Z,3,0.29611165364231107,1.7485847747507448,2.538333333333333,4.453720419238131,0.6300954754939813,217.90825250989877,-7.409499992059925,-7.7055878998253835,15.286995810049437,9349.954,10.188062489082396,5.09893332096704,1.9980772149321175,6
2023-12-27T00:00:00Z,3,0.18758086653972178,1.6338185335762287,2.5029166666666667,4.35533834153433,0.6130336989461855,200.7369008685824,-7.160975536933337,-7.348505075627007,14.753153752225847,9627.313,9.846341363283338,4.906812388942509,2.006667584330725,6
2023-12-28T00:00:00Z,3,0.19240596028575177,1.6823810019197998,2.66125,4.54489449128171,0.5964944613222557,184.95417633925385,-6.347541576609745,-6.539910641023659,13.357448036674077,9277.997,8.7278696678384,4.629578368835677,1.8852407222633167,6
2023-12-29T00:00:00Z,3,0.17710627553326697,1.5703461090651718,3.1083333333333334,4.7574810138410655,0.5830111957193611,172.7392426192519,-5.382223561637524,-5.559352121358519,11.547210795755293,8843.316,7.400557397251595,4.146653398503697,1.784706047513413,6
2023-12-30T00:00:00Z,3,0.17961532077028358,1.3530057823523052,3.7979166666666666,5.16934652708136,0.5575506334346,151.59686519121567,-4.719632607003795,-4.899354548066573,10.198812728092198,7759.255,6.489494834630218,3.7093178934619804,1.7495116409592608,6
2023-12-31T00:00:00Z,3,0.180559959193748,1.8820276062429655,4.280833333333333,5.338630471629367,0.4648763003586612,87.74970359418053,-4.493874767084833,-4.674626717559225,9.245121842828581,7337.244,6.179077804741645,3.066044038086936,2.0153258491998347,6
2024-01-01T00:00:00Z,3,0.19387530495475977,1.8502524733644752,4.34375,5.354061158679253,0.4543051617921417,81.9007065640121,-4.529984592733657,-4.724057275011639,9.370553559262984,7041.26,6.228728815008778,3.1418247442542055,1.9825194980719174,6
2023-10-13T00:00:00Z,3,0.3895947623433612,1.555636023302507,0.80875,3.5355391851840756,0.6367358296837804,225.09911260138213,-11.420981247523926,-11.81027394542464,18.463853069018867,10353.29,15.703849215345398,2.760003853673469,5.689792495921381,6
2023-10-14T00:00:00Z,3,0.23407494446597268,1.575951390324435,0.6016666666666667,3.2682623716822294,0.5914187882921218,180.5078004689578,-8.29583408279016,-8.529872184658974,14.971877171870315,11726.92,11.40677186383647,3.5651053080338446,3.1995609886001666,6
2023-10-15T00:00:00Z,3,0.22928194962961554,1.53600254378833,0.64375,3.4504873663079803,0.5528976885226496,147.54200993762743,-7.577493524844364,-7.806771349082342,13.969861782932107,10937.26,10.419053596661001,3.550808186271105,2.9342766632524326,6
2023-10-16T00:00:00Z,3,0.2380304805081363,1.5520475664049185,0.8075,3.7418269939325324,0.5196460121708123,122.4966529403426,-6.992739687997124,-7.2308609926824206,12.664640238193561,9939.044,9.615017070996046,3.049623167197515,3.152854154053359,6
2023-10-17T00:00:00Z,3,0.2527930722773184,1.6558584713100937,1.19,4.190961058881677,0.4931227583667286,104.7117907324901,-6.683022921431609,-6.936072630658971,11.41441211805326,8914.086,9.189156516968461,2.2252556010847986,4.129483602912314,6
2023-10-22T00:00:00Z,3,0.23047246186171189,3.3273072506764976,0.9408333333333334,4.161334898032955,0.3952523921714507,54.01626773057809,-11.124484416703165,-11.3551870458565,15.32168436630168,7623.29,15.296166072966852,0.025518293334828357,599.4196348581843,6
2024-01-08T00:00:00Z,3,0.4474172110761769,1.7809534540080567,4.24875,5.078149058543519,0.4523060100665655,80.82584727417132,-3.9519340570507624,-4.398865741656217,7.398173044994513,6727.483,5.433909328444798,1.9642637165497145,2.7663848202570356,6
2024-01-09T00:00:00Z,3,0.47433322031854486,1.0253117173793669,4.2575,5.007665938863887,0.4990321451855024,114.35510903351046,-4.471360142298234,-4.945204143388731,8.318623074925672,6773.542,6.148120195660072,2.1705028792656,2.832578686898733,6
2024-01-10T00:00:00Z,3,0.5047684680063669,1.6224815089112985,3.8408333333333333,4.720944476386513,0.6139672235405075,201.7057431405528,-4.801443440265232,-5.305685672129305,9.047927280413415,7355.037,6.601984730364694,2.445942550048721,2.6991577256110078,6
2024-01-11T00:00:00Z,3,0.2844549499289964,1.6926186952282396,4.0525,5.072467804262422,0.5789835361488904,169.25650549390804,-5.722563302629616,-6.006976444732759,10.73011743816973,7072.925,7.868524541115722,2.861592897054008,2.749700891841156,6
2024-01-12T00:00:00Z,3,0.284851927025929,1.7397811490290829,3.9366666666666665,5.08663640630835,0.5552608561277728,149.2907977124723,-5.337360309090583,-5.622097356677237,10.043760631867205,6952.021,7.338870424999551,2.7048902068676535,2.713186068094864,6
2024-01-13T00:00:00Z,3,0.27545377009001104,1.5072104842435117,3.577916666666667,4.685039201695046,0.5428520244919277,139.56882517888252,-5.0387628153796715,-5.314069184002307,9.553870956065015,7690.694,6.928298871147049,2.625572084917967,2.6387768635053552,6
2024-01-14T00:00:00Z,3,0.2980503011654914,1.7100198236265949,4.205,5.064685018188183,0.515456893944091,119.53984040764412,-4.622529267929874,-4.920506983322894,9.035818258780285,6918.633,6.355977743403576,2.679840515376709,2.3717746287264068,6
2024-01-15T00:00:00Z,3,0.3017600413546785,1.7583088015421005,4.565833333333333,5.289360692039945,0.49841860229174995,108.06338667101254,-4.818614398850472,-5.120489296952226,8.986706453032825,6401.311,6.625594798419399,2.3611116546134268,2.8061336216241646,6
2024-01-16T00:00:00Z,3,0.3276525021760705,1.7504114312722578,4.095416666666667,5.017497503487638,0.5016741959241493,110.28258716564,-4.529653931039641,-4.857501050955896,8.51619321430487,6871.417,6.2282741551795056,2.2879190591253646,2.722244097901119,6
2024-01-17T00:00:00Z,3,0.31103365354464924,1.645394229540894,4.476666666666667,5.01368869665017,0.4985448336048187,108.19410776024586,-4.340515178373932,-4.651759403261914,8.20726664902514,7008.155,5.968208370264157,2.239058278760983,2.6654993426820295,6
2024-01-18T00:00:00Z,3,0.3045877000902991,1.7849912967648198,5.155833333333334,5.554597557639003,0.4803000054484957,96.73010657309972,-4.025549449802906,-4.330251278730444,7.777636524152786,5885.184,5.535130493478995,2.242506030673791,2.4682789779681844,6
2024-01-19T00:00:00Z,3,0.2646457055354646,1.742707188645272,4.929166666666666,5.449237047065387,0.4731987601853992,92.5098677031101,-3.905968894391447,-4.170579755412557,7.304841854622906,6124.399,5.3707072297882394,1.934134624834667,2.7768011392936707,6
2024-01-20T00:00:00Z,3,0.24832448267976096,1.6328790373674191,4.99375,5.2342734228951215,0.4632617137961548,86.84700229625084,-3.598479887865156,-3.846701002247196,6.937871476380568,6196.366,4.947909845814589,1.989961630565979,2.4864347984475055,6
2024-01-21T00:00:00Z,3,0.24961190631975785,1.8083625445490177,5.743333333333333,5.701888547048558,0.4492559092693943,79.20785931506896,-3.3855037743520824,-3.63517154807518,6.783488759592063,5572.619,4.655067689734113,2.12842106985795,2.1870990452301764,6
2024-01-27T00:00:00Z,3,0.4188580020446404,1.673661220536376,2.85125,4.229809233488729,0.5500002395459337,145.17473317125106,-5.7846120963670975,-6.203388551697186,10.751495947769444,9243.453,7.953841632504759,2.7976543152646842,2.8430394667084706,6
2024-01-28T00:00:00Z,3,0.5311849023898977,1.5334271914541142,2.8754166666666667,4.166420836860561,0.5261718774952702,127.12766063521804,-5.24640793753084,-5.777797547998678,10.736791183822149,9131.185,7.213810914104905,3.5229802697172437,2.047644426542272,6
2024-01-29T00:00:00Z,3,0.5012325719359834,1.62321067687017,3.515416666666667,4.529368756645433,0.4993990966769811,108.76985437817304,-4.577642915779117,-5.079097736562394,9.67152372117677,8179.779,6.294259009196287,3.3772647119804837,1.8637150315366393,6
2024-01-30T00:00:00Z,3,0.446033146809547,1.700366520215833,4.147083333333334,4.910110722286626,0.4766275549217765,94.5676373472503,-4.174974399470226,-4.6211675773483885,8.743493177273924,7092.011,5.740589799271561,3.0029033780023635,1.9116798233749372,6
2024-01-31T00:00:00Z,3,0.36608000893620185,1.6501059040326735,4.412083333333333,5.018291198356201,0.4607517655944401,85.4431030306316,-5.100890428720234,-5.4671083422987925,10.065297492026426,6618.59,7.013724339490322,3.051573152536104,2.2983962660902786,6
2024-02-09T15:00:00Z,3,0.29790023651342373,3.5843243207198903,4.789166666666667,5.002826198845098,0.39920666144362593,55.63029157816171,-6.415296934010016,-6.713368050605422,10.908549555671557,5860.433,8.821033284263772,2.087516271407786,4.225611749754178,6
2024-02-10T00:00:00Z,3,0.32681650338608215,3.595946589942477,4.315833333333333,4.830584567327835,0.3934264415498528,53.26763379214598,-7.837218129337624,-8.164473876994316,12.993469334215762,5416.243,10.776174927839234,2.217294406376528,4.860055974907505,6
2024-02-11T00:00:00Z,3,0.3295775319494911,3.6223241793296057,3.93125,4.646313629648662,0.38671269706175754,50.58512313278761,-8.051217950747022,-8.381230841538402,12.61846213522183,5885.469,11.070424682277155,1.5480374529446745,7.151264112647281,6
2024-02-12T00:00:00Z,3,0.3061789456287686,3.2661858622510502,3.4695833333333335,4.409543199448597,0.38644555637596145,50.490908663052075,-7.63198459097521,-7.938601348031089,11.80346514145806,6294.242,10.493978812590914,1.3094863288671466,8.013813188618311,6
2024-02-13T00:00:00Z,3,0.2836566012361462,2.8845499124311305,3.3891666666666667,4.299443226499306,0.395284683902701,54.02369576695049,-7.1675590967093346,-7.451854706812102,11.46712784109258,6823.919,9.855393757975335,1.6117340831172449,6.1147765386422055,6
2024-02-14T00:00:00Z,3,0.27816929206695284,3.4903957763253772,4.266666666666667,4.823711033646932,0.3819834262395797,48.762954680519584,-6.870625083794765,-7.149681806932461,11.621875659921386,5846.997,9.447109490217802,2.1747661697035845,4.343965628040563,6
2024-02-15T00:00:00Z,3,0.30362426680881305,3.698850369960915,4.564166666666667,5.043226601452071,0.37361986784579626,45.63167586437722,-7.082448047208839,-7.387095188714971,12.14846858833233,5279.875,9.738366064912153,2.4101025234201767,4.040643902190699,6
2024-02-16T00:00:00Z,3,0.42078616866386676,3.658837884529848,4.430416666666667,4.918495708437596,0.37056389582476135,44.52447522421485,-6.231506954193775,-6.652818875759449,10.729236664022476,5420.561,8.56832206201644,2.160914602006036,3.9651368240384106,6
2024-02-19T15:00:00Z,3,0.5352204565128157,1.531611587011134,4.35,5.05999677029413,0.5384897051612284,136.27659509685,-5.2388732169437695,-5.774325721532336,9.476856114571932,7205.718,7.203450673297683,2.2734054412742495,3.168572812626036,6
2024-02-20T00:00:00Z,3,0.5648112448818423,1.6966374226703549,4.630416666666667,5.047438300482556,0.5047448460048432,112.2883847084298,-4.901386130470793,-5.465844936298349,8.683670128655766,6621.01,6.73940592939734,1.9442641992584262,3.4663015098297127,6
2024-03-04T14:00:00Z,3,0.43001046397218246,1.6132579788122223,2.7629166666666665,4.243787129059603,0.5537580486349782,148.0614159974495,-5.3381419288938465,-5.767815147798052,9.461483421005694,7493.527,7.339945152229039,2.1215382687766544,3.459727906045024,6
2024-03-05T00:00:00Z,3,0.3411769647799848,1.601858817246245,2.6454166666666667,4.216188008448072,0.541401832197604,138.4054336769623,-6.2468083351844905,-6.587368890092591,10.340609158624416,6931.87,8.589361460878674,1.7512476977457414,4.904709637554504,6
2024-03-06T00:00:00Z,3,0.3746446274385961,1.5989654689883603,2.774583333333333,4.218104444967883,0.579919996355144,170.12031192668047,-6.25653920680668,-6.630834865607626,10.822737455231607,7323.317,8.602741409359185,2.2199960458724224,3.875115645072443,6
2024-03-07T00:00:00Z,3,0.4407715729384702,1.5502723357269608,2.3920833333333333,4.037421010812967,0.5713392026784053,162.65949158384709,-6.460037200904514,-6.900516463985199,11.339752913417534,8153.871,8.882551151243707,2.4572017621738276,3.6149050875600572,6
2024-03-08T00:00:00Z,3,0.4052868862761139,1.6187764020396591,2.4325,4.087865839412223,0.5472583780016043,142.98259486271007,-6.044704665104267,-6.449723447991162,11.10111618949117,8267.579,8.311468914518366,2.789647274972804,2.9793977859080387,6
2024-03-09T00:00:00Z,3,0.38509531102466665,1.5090076869176614,2.3466666666666667,4.005028413945821,0.53093637566063,130.62498449075977,-6.300890049278044,-6.685423822532711,11.29490226444379,8238.58,8.66372381775731,2.63117844668648,3.292716170074968,6
2024-03-10T00:00:00Z,3,0.3833152546345099,1.6088691665431465,2.220833333333333,3.8283464244893746,0.5754461237710352,166.12624987194533,-5.981556378407284,-6.3642371912559925,10.833321266748936,8339.478,8.224640020310016,2.6086812464389197,3.1527960848177123,6
2024-03-11T00:00:00Z,3,0.4469789881001878,1.477729096703528,2.46625,4.215392871176411,0.5574185308976678,151.10738017563202,-5.906405678852501,-6.352892774163838,10.69124474261071,8228.717,8.121307808422188,2.5699369341885223,3.1601194956897083,6
2024-03-12T00:00:00Z,3,0.44164466117730755,1.6042619291213198,2.955416666666667,4.551346828674234,0.531473592644155,130.98276870968562,-5.381344026264439,-5.822810909590249,9.913561661269842,7337.465,7.3993480361136035,2.5142136251562386,2.9430068957063233,6
2024-03-13T00:00:00Z,3,0.44729398834128836,1.6352544938949716,3.00125,4.482062830616667,0.5130320784883994,117.85196608638908,-5.338221472008748,-5.785576148305693,9.579287662099079,7201.027,7.340054524012029,2.23923313808705,3.2779322524150163,6
2024-03-14T00:00:00Z,3,0.4521994268719687,1.650535596862967,3.0904166666666666,4.451460359653752,0.4955064752553747,106.22506575932552,-5.385902851581751,-5.838414910638529,9.406022063502682,7047.018,7.405616420924908,2.0004056425777748,3.7020573544182955,6
2024-03-15T00:00:00Z,3,0.4346127581744997,1.7526205463159668,3.02625,4.379697452494063,0.4777430874558718,95.24126002505496,-5.48834026538406,-5.923438397024533,9.39667637943154,6920.355,7.546467864903082,1.8502085145284575,4.078712104957732,6
2024-03-16T00:00:00Z,3,0.3997792664599597,1.7660725251782166,2.6825,4.094239290123162,0.46307677024444965,86.74864399704954,-5.7353921732305135,-6.135785326871657,9.489093909016253,7212.54,7.886164238191956,1.602929670824297,4.919844196368604,6
2024-03-17T00:00:00Z,3,0.33871176625507987,1.8356649927783009,2.43625,3.9338287809387085,0.44912967795632536,79.15969638125563,-5.750530262781916,-6.089838820209751,9.250975898713392,7545.61,7.906979111325134,1.3439967873882583,5.883183044425641,6
2024-03-24T00:00:00Z,3,0.4184009819324969,1.5478670561722518,2.75625,4.224878476149389,0.4844861880632853,99.2958954255288,-5.031563255511711,-5.449817594365354,8.217845867330457,7327.689,6.918399476328602,1.2994463910018546,5.324113040934775,6
2024-03-25T00:00:00Z,3,0.3732539311794587,1.7195853525921452,3.0375,4.470210324533805,0.46426433817902585,87.42072147050617,-5.131308856781151,-5.504495438304153,8.64655540398506,6953.46,7.055549678074082,1.5910057259109776,4.434647571135684,6
2024-03-26T00:00:00Z,3,0.3518427061165452,1.7887073437752596,2.8858333333333333,4.302633710278604,0.4453779659074466,77.22675252588309,-5.35681015212311,-5.708940859192462,8.917300468398814,6717.408,7.365613959169276,1.5516865092295378,4.746844105016122,6
2024-03-27T00:00:00Z,3,0.3325795058813709,1.7919236059681334,2.59125,4.032421225394756,0.43995295505742527,74.43609003105877,-5.596702343755897,-5.929546968576055,8.950776504386193,7004.57,7.695465722664359,1.2553107817218336,6.130327114779462,6
2024-03-28T00:00:00Z,3,0.3332640332342269,1.6981409068021105,2.6125,4.131046552637138,0.4707827515655032,91.24359603430652,-5.364821411628541,-5.698333321058697,8.678799718506005,7308.184,7.376629440989244,1.302170277516761,5.664873149352232,6
2024-04-05T00:00:00Z,3,0.33441366641259745,1.526656784360348,2.276666666666667,4.273008811083595,0.5573157844800535,151.12014913563186,-5.840151474336729,-6.174267282072246,10.014654265985955,7988.202,8.030208277213003,1.9844459887729524,4.046574370199081,6
2024-04-06T00:00:00Z,3,0.34375206216345555,1.4975591412161742,2.466666666666667,4.371932014912905,0.522549332371392,124.59646013584212,-5.468303117577206,-5.81179263620556,9.627789257442847,7859.699,7.518916786668659,2.1088724707741884,3.565372914137567,6
2024-04-07T00:00:00Z,3,0.3621601242796847,1.5884796260180438,2.7370833333333335,4.473269453261642,0.4908887576866062,103.34975103660813,-5.175385650047368,-5.537342678122681,9.217863101914768,7492.902,7.116155268815131,2.1017078330996366,3.385891776555877,6
2024-04-08T00:00:00Z,3,0.38459028083125657,1.664282585987628,2.85625,4.455880118586485,0.46529902847684473,88.02609122247864,-5.149126737621918,-5.53363044103996,9.078360706153019,7287.891,7.080049264230137,1.9983114419228816,3.5430159261948364,6
2024-04-15T00:00:00Z,3,0.32905742044606906,3.4501422607044887,2.5208333333333335,4.18466862860306,0.40187513268965946,56.77401639705838,-9.772766258895228,-10.102135985699212,14.793710345272824,6720.396,13.437553605980938,1.3561567392918867,9.90855497499302,6
2024-04-16T00:00:00Z,3,0.36752637016685147,3.518178091134669,2.4274999999999998,4.083598643518648,0.38764915726801136,50.978842556860265,-9.731879021128737,-10.099907218541293,14.158982533968741,6730.365,13.381333654052014,0.7776488799167272,17.207423555326056,6
2024-04-17T00:00:00Z,3,0.36347900276410244,3.5421494955033683,2.2845833333333334,4.034201140118903,0.37545462530318985,46.33188768195825,-9.845687665513895,-10.209774186150067,13.828384002855444,6596.518,13.537820540081604,0.2905634627738394,46.59161344941292,6
2024-05-15T00:00:00Z,3,0.3148596439365422,3.435534058741979,1.1733333333333333,3.368821087605361,0.37438019133614,45.936288322793416,-9.597402639124477,-9.912439100055195,16.05182910103169,9701.986,13.196428628796156,2.8554004722355337,4.621568412946463,6
2024-05-16T00:00:00Z,3,0.37402386967393997,3.4449253076518103,0.9912500000000001,3.462970881253745,0.37078700233158024,44.690336753161965,-10.8908805649823,-11.265016519124025,18.037307641234303,9468.494,14.974960776850663,3.06234686438364,4.890027629141443,6
2024-05-17T00:00:00Z,3,0.2729266395033606,3.366874804514768,0.6945833333333333,3.354713788841096,0.3483677340081955,37.03378304573537,-10.621140281110584,-10.894154261562724,17.146203183971984,9402.255,14.604067886527053,2.542135297444931,5.7448035520396665,6
2024-05-18T00:00:00Z,3,0.25468903095073137,3.267184646556351,0.28583333333333333,3.4053718455853206,0.3339949779899562,32.65690554673529,-10.228580168341436,-10.48331243159358,15.713454685001382,9206.308,14.064297731469475,1.6491569535319073,8.52817416883745,6
2024-06-26T00:00:00Z,3,0.17552456742173783,3.4161061249421487,1.2220833333333334,3.1124860814290365,0.35685752371504736,39.811869558429,-8.261408205225623,-8.436890765072711,16.755112917688983,11919.5,11.35943628218523,5.395676635503753,2.1052848511046265,6
2024-06-27T00:00:00Z,3,0.4101751045636485,3.4638247272166898,0.7204166666666667,2.9811379657814547,0.35293554617412254,38.502312768624094,-10.736371832057737,-11.146542515362828,22.126104458144198,12263.23,14.762511269079388,7.36359318906481,2.0047972355401473,6
2024-06-28T00:00:00Z,3,0.40759119288446166,3.2516692056920324,0.8083333333333333,3.0208998539593908,0.35305297065139596,38.53546071022281,-10.853771812257914,-11.261379205042095,21.514178883144734,12270.36,14.923936241854632,6.590242641290102,2.2645503442242196,6
2024-06-29T00:00:00Z,3,0.532129281990378,3.4241635072073753,0.5862499999999999,3.13489996668424,0.35652579956675073,39.67138779559634,-9.123094028712762,-9.655176958530959,17.574916966814964,9055.965,12.544254289480048,5.030662677334917,2.4935590187743597,6
2024-06-30T00:00:00Z,3,0.3365667542535799,1.8421530385150136,0.76125,3.1278393254612524,0.35469104210935676,39.233416712220354,-8.869829726177954,-9.20633179902964,16.611633683192476,10908.47,12.196015873494687,4.415617809697789,2.762018000450406,6
2024-07-01T00:00:00Z,3,0.31601438905302137,2.6935601936951588,0.86875,3.044313734057119,0.39982020433737825,55.95051135534842,-9.106372481771583,-9.42231490242091,16.70659821245372,10376.47,12.521262162435926,4.185336050017794,2.9916981606250452,6
2024-07-02T00:00:00Z,3,0.16309995040253472,3.18302227979204,0.6316666666666667,2.925518778638902,0.4064429448555867,58.75152404611409,-11.02486168890425,-11.187948081927477,20.07350295799574,8692.096,15.159184822243345,4.914318135752394,3.0846974907786344,6
2024-07-03T00:00:00Z,3,0.16309918674162782,3.2095969586792985,0.36041666666666666,2.882670544831668,0.3836596606526545,49.456314454848645,-11.682824961392692,-11.845914566681838,20.956878034606476,10918.53,16.06388432191495,4.892993712691524,3.283038006006056,6
2024-07-13T00:00:00Z,3,0.14749155173296852,3.2146011997039325,0.5220833333333333,2.8673610691118894,0.3696890834690759,44.33634511460717,-11.062581431287793,-11.210054083320596,17.550987814830386,10350.5,15.211049468020715,2.339938346809671,6.500619765798459,6
2024-07-14T00:00:00Z,3,0.14888034483464327,3.3763220857369567,0.32375,2.8334450824468034,0.34715532628034945,36.666330686818775,-10.91686405662851,-11.065699931160617,17.637631681945255,10697.63,15.010688077864202,2.6269436040810525,5.714126506006658,6
2024-08-04T00:00:00Z,3,0.35331880446640845,2.0230111029482787,1.1058333333333334,2.8883211049280733,0.4691857786745875,90.61104585628766,-5.725702342922351,-6.079047933675967,9.975474301722365,11676.9,7.872840721518233,2.102633580204132,3.744276128584376,6
2024-08-05T00:00:00Z,3,0.39144376179176454,0.1947986421374501,4.02875,2.966610545606267,1.1048485083333806,1437.8531549267616,-8.093485615721333,-8.484896587173798,13.570277186636943,10183.07,11.128542721616833,2.44173446502011,4.557638384125106,6
2024-08-06T00:00:00Z,3,0.47030332962985333,1.2672271189708972,1.4875,3.240672761186936,1.1585232368949587,1366.8692912990862,-9.902100713021635,-10.372568501375067,16.64561505321487,5466.167,13.615388480404748,3.03022657281012,4.4931915661271296,6
2024-12-15T00:00:00Z,13,0.1552162044486009,81.97515523186574,7.399166666666667,4.699142654021007,0.05139991583013451,3.4528894854825394,-5.880007685167927,-6.0352273399590874,8.941464699799958,2360.452,8.085010567105899,0.8564541326940596,9.44009755860914,13
2024-12-24T00:00:00Z,13,0.1240339717847898,47.23835945096075,8.560833333333333,5.227342577430742,0.05333741970514235,3.669040838944935,-5.122417768854549,-5.246458398906096,10.03534250448147,2361.264,7.043324432175005,2.9920180723064647,2.3540380645981527,13
2024-12-25T00:00:00Z,13,0.14297212361159456,95.98622396062332,8.450416666666667,5.050841042417641,0.05402728850912248,3.750023277406067,-9.391531799385726,-9.534514465031997,19.591994342412974,2361.264,12.913356224155374,6.6786381182576005,1.9335313570672037,13
2024-12-26T00:00:00Z,13,0.1757970376567032,159.4783743563694,8.1154166666666665,4.961151192226741,0.05169641263524948,3.48443974215576,-9.409391879465872,-9.585197995595742,19.532803536686533,2361.264,12.937913834265574,6.594889702420959,1.9618089790821087,13
2024-08-11T00:00:00Z,13,0.4882907317093321,5.219400517017803,4.3875,2.8394917230474817,0.18331750921077583,28.532909029088255,-5.964149889380738,-6.452532511114753,14.10365439966965,4209.479,8.200706097898514,5.902948301771136,1.3892559579825479,13
2024-08-12T00:00:00Z,13,0.24441757006033146,34.744761343262695,5.961666666666667,2.7882225707647597,0.15203856407712796,20.90216478738753,-11.063523602288237,-11.308006236266502,28.529010179755957,4151.786,15.212344953146326,13.316665226609631,1.1423539372866947,13
2024-08-16T00:00:00Z,13,0.2643231317101247,39.890683842642375,6.235,3.0742408009456255,0.08729070730868742,8.345786955585488,-11.598367712868129,-11.862703309312788,31.53206855935756,4139.424,15.947755605193677,15.584312954163881,1.0233210570205271,13
2024-08-17T20:00:00Z,13,0.3784826112722955,85.5712864534699,6.3675,3.3243246891008424,0.07713055441262402,6.79205442239392,-10.572234518405098,-10.950732885769039,28.53010904622362,4106.457,14.53682246280701,13.993286583416612,1.0388426175759553,13
2024-08-18T00:00:00Z,13,0.4804002280967261,50.91876706723568,6.205,3.323395718715821,0.06892845467509129,5.651541126523563,-9.428254008561112,-9.908672910642991,24.508464136707033,4114.698,12.963849261771529,11.544614874935505,1.122934753754092,13
2024-08-19T00:00:00Z,13,0.32489296857170546,22.144924552900076,5.989166666666667,3.1555047373157827,0.07084834487850776,5.891465397723757,-5.998785151440065,-6.323696236869286,14.42510386722702,4106.456,8.248329583230088,6.176774283996933,1.335378177020364,13
2024-08-20T00:00:00Z,13,0.23424863684965347,24.758829755391258,5.93875,3.047288442186,0.07220166197908158,6.08422634137797,-6.416533082855239,-6.650799839305472,15.573731255038046,4162.088,8.822732988925955,6.7509982661120915,1.3068782780190191,13
2024-08-21T00:00:00Z,13,0.18576376123149568,58.89443023022612,6.119583333333333,3.1209882186984133,0.06856737440747582,5.580881030578487,-10.916667857456384,-11.102447723996459,28.179048223526014,4118.819,15.010418304002528,13.168629919523486,1.1398618076242275,13
2024-08-22T00:00:00Z,13,0.19780960115436969,111.21924324859056,6.2525,3.169719951304662,0.06794796028985972,5.485217803025245,-11.61821900898509,-11.816047013251776,30.114713032669076,4106.457,15.975051137354498,14.139661895314578,1.129804323160521,13
2024-08-30T14:00:00Z,13,0.18229459626128725,49.64807044052748,6.110416666666667,3.263876857382298,0.05466431629832952,3.8438213989738697,-11.156639156250847,-11.338952743520426,28.60474029408893,4185.391,15.340378839844915,13.264361454244016,1.1565109178276096,13
2024-09-04T00:00:00Z,13,0.13815668694267877,48.0231015852268,5.997916666666667,3.259871534252331,0.03939913425281403,2.2211380881153437,-5.3023422857066596,-5.440517645250467,12.907294085598272,4111.974,7.290720642846657,5.616573442751615,1.29807269808883,13
2024-09-05T00:00:00Z,13,0.2220522438273451,57.143230807251406,6.047083333333333,3.336697552371633,0.04021229875793075,2.299269911388091,-4.63919849084228,-4.8612754940344765,11.709457783006663,4143.513,6.378897924908135,5.330559858098527,1.1966656589020206,13
2024-09-09T00:00:00Z,13,0.27758328016200673,26.53988223302077,6.487916666666667,3.273822419192751,0.07090705711714465,5.916898095299944,-4.359970388822861,-4.637577635494577,16.22156890662501,6921.883,5.994959284631434,10.226609621993575,0.5862118049112328,13
2024-09-10T00:00:00Z,13,0.4252227699940617,58.81082665473052,6.492083333333333,3.2951034899843417,0.06183895185972183,4.693970121575188,-7.63946312317886,-8.064711109749213,27.161634362303904,5024.55,10.504261794370933,16.65737256793297,0.6306073632880517,13
2024-09-11T00:00:00Z,13,0.5500313601299155,80.49721448647651,6.423333333333334,3.3026681326302065,0.06099349562335472,4.585603401716028,-8.770849692798622,-9.320904923028232,29.57068492021923,4262.271,12.059918327598105,17.510766592621124,0.6887144696840425,13
2024-09-12T00:00:00Z,13,0.4631905582825021,48.09315725715322,6.499583333333334,3.3238168026374146,0.06854682512395303,5.587035494165258,-8.614137245730593,-9.077343384793963,28.24185938285868,4348.673,11.844438712879565,16.397420669979116,0.7223354789308245,13
2024-09-13T00:00:00Z,13,0.47007707411655486,45.92852572205598,6.61375,3.390999926772873,0.07656804600322495,6.6884373327928195,-10.313606256549942,-10.783699238385218,33.63719047390299,4355.11,14.18120860275617,19.455981871146818,0.7288868121216167,13
2024-09-14T00:00:00Z,13,0.42448608793720516,100.99106421579812,6.562916666666666,3.319329344543532,0.07487306883704671,6.442057364831459,-10.414296374505987,-10.838802550994936,34.34807771555564,4591.737,14.319657514945732,20.028420200609908,0.7149669006100475,13
2024-09-15T00:00:00Z,13,0.4279768575510957,48.90746942649658,6.54125,3.2842548589832354,0.07301189087226644,6.18407469463739,-10.09616549185319,-10.524169152379715,33.73342419713787,4793.237,13.882227551298136,19.851196645839735,0.6993143939364215,13
2024-09-16T00:00:00Z,13,0.3389928431577649,45.62940957838371,6.61625,3.3424670671104786,0.0699265627319136,5.757980054332321,-7.02818030903508,-7.367202939893667,24.392104061090453,4468.469,9.663747924923236,14.728356136167218,0.6561321464241866,13
2024-09-17T00:00:00Z,13,0.3455311452312494,54.28550001710604,6.7404166666666665,3.4534459888240727,0.065047575701212,5.110855054372476,-6.3747598028875005,-6.720318073191471,22.11374939907476,4643.447,8.765294728970312,13.348454670104447,0.6566523950222717,13
2024-09-18T00:00:00Z,13,0.35455457850046934,39.478058822126414,6.57125,3.385846100039617,0.06483621164212017,5.07935691747542,-6.298367411544999,-6.652948960485534,21.276196210378025,4451.56,8.660255190874373,12.615941019503651,0.6864533670128947,13
2024-09-22T00:00:00Z,13,0.31263833251948503,50.32656490583373,6.714166666666666,3.547611090451273,0.05354878376423407,3.7073941046965513,-6.581903939926849,-6.8945776258043,23.153195996162953,4242.418,9.050117917399417,14.103078078763536,0.6417122465646075,13
2024-09-23T00:00:00Z,13,0.3190120580596979,54.94290874174407,6.612916666666667,3.626994278004866,0.04946534756705869,3.2480937072648737,-5.222634538763955,-5.541687096523753,17.640518999313258,4514.367,7.181122490800438,10.459396508512821,0.6865713987375637,13
2024-09-29T00:00:00Z,13,0.25905974540255094,26.335443180647847,6.11625,3.324145056665598,0.08222090550241719,7.542054969150055,-8.2753174215232,-8.534407189232693,26.461660597739815,4549.95,11.378561454594399,15.083099143145416,0.7543914779453955,13
2024-09-30T00:00:00Z,13,0.21124773492959298,10.020203463159678,6.080416666666666,3.3754244656158927,0.08120811938593572,7.427483856290796,-4.542284023564527,-4.753562732942745,14.538738902362136,6035.018,6.245640532401224,8.293098369960912,0.7531130409623565,13
2024-10-01T00:00:00Z,13,0.3058225409939878,22.434053501183165,6.069583333333333,3.305146787363842,0.0941776529007603,9.445362830492252,-6.306411170678341,-6.612270229890099,18.92804596340401,5583.936,8.671315359682719,10.25673060372129,0.8454268416230646,13
2024-11-05T15:32:30Z,13,0.2729015978734432,52.26879268693272,6.342083333333333,3.764859392209442,0.07648765539955321,6.679966782015839,-6.66592240216875,-6.938857656485548,19.131374793092796,4178.059,9.165643302982032,9.965731490110764,0.9197160601885893,13
2024-11-06T00:00:00Z,13,0.3053854318207455,13.558541872389863,5.9383333333333335,3.657974419234378,0.07809049951433232,6.9261901335454805,-6.403675473575226,-6.709094882270473,16.62997811921643,4300.719,8.805053776165936,7.824924343050496,1.1252573686525056,13
2024-11-07T00:00:00Z,13,0.24415227984524812,17.724928120222557,5.984583333333333,3.556965257522904,0.08776627644164371,8.400357417177762,-7.3894801211792345,-7.633658716785131,16.65056385580945,4681.573,10.160535166621447,6.490028689188005,1.5655609016872736,13
2024-11-08T00:00:00Z,13,0.26612122908018593,55.683127182436,6.060833333333333,3.523500380753131,0.08668597125073033,8.218784686650581,-9.832214905521255,-10.098365377190477,22.065994580082588,4484.036,13.519295495091725,8.546699084990863,1.581814845784544,13
2024-11-09T00:00:00Z,13,0.20339304320164886,48.713017763470006,6.247083333333333,3.6505237647990643,0.08193321553309768,7.485469118785916,-8.970246921907991,-9.17366587357983,20.064672079584504,4300.719,12.334089517623488,7.7305825619610165,1.5954928905765027,13
2024-11-10T00:00:00Z,13,0.2762635463157342,8.670440767529211,6.19625,3.6753590627196404,0.08838569055925972,8.560631587773727,-6.730506739968599,-7.006827814332175,18.7137900376215,4119.371,9.254446767456825,9.459343270164675,0.9783392465147019,13
2023-12-10T00:00:00Z,13,0.15102206497454865,10.71008198045632,7.173333333333334,4.531737502623377,0.057605799454023,4.277783953485091,-2.078665771786853,-2.229706758575394,5.174360045276336,3815.168,2.858165436206923,2.3161946090694125,1.233991921497158,13
2023-12-11T00:00:00Z,13,0.12160620418107365,12.738138615584823,8.2225,4.520701850859604,0.06951557706145695,5.7195184584894205,-1.3504636940299448,-1.47209271063565,5.059229010317375,3347.938,1.856887579291174,3.2023414310262006,0.5798530916474226,13
2023-12-12T00:00:00Z,13,0.2708046230793135,21.211012303759805,8.990833333333333,5.396043597883997,0.0580432056318657,4.224495496096163,-3.8117419004138213,-4.082572080387161,18.642293559828097,3421.931,5.241145113069004,13.401148446759093,0.3910967133817932,13
2023-12-13T00:00:00Z,13,0.3495221789175901,124.20700322488514,8.687916666666666,5.152823169307567,0.05505768829719474,3.869216024196243,-4.711682409185514,-5.061224356569548,22.323807825918735,4292.308,6.478563312630081,15.845244513288653,0.40886483684090946,13
2023-12-14T00:00:00Z,13,0.5363645361357754,43.99152135367233,8.458333333333334,5.139295380994305,0.05315834737730078,3.64957474458296,-6.599711559325323,-7.136102764528301,29.219718766324863,4008.173,9.07460339407232,20.145115372252544,0.45046172366783693,13
2023-12-24T00:00:00Z,9,0.33501989388094544,1.5472568472906858,3.817083333333333,4.908458074442578,0.5696610237159869,610.5170000568818,-5.142846914846496,-5.477898566203321,7.134841823394724,5798.638,7.071414507913932,0.06342731548079161,111.48847234525392,9
2023-12-28T00:00:00Z,9,0.2257131010858456,3.907695509950221,3.1395833333333334,4.608744069697416,0.4525447856956319,400.6547396121424,-7.566174100553111,-7.791933249482417,13.747103568675751,7819.853,10.403489388260528,3.343614180415223,3.1114503130168516,9
2023-12-29T00:00:00Z,9,0.058207768607823805,1.800353909874591,3.45,4.818719694621463,0.4332372660199865,369.9130295066944,-9.007167358540219,-9.06538825588272,16.78174315386279,8124.969,12.384855117992801,4.39688803586999,2.8167319742865073,9
2023-12-30T00:00:00Z,9,0.11725674492377955,4.834872235330845,4.144166666666667,5.225668956071037,0.4117309730074005,337.03422834492414,-6.594235777800046,-6.711501010547446,12.455458628608618,7862.438,9.067074194475063,3.3883844341335543,2.6759284168396347,9
2023-12-31T00:00:00Z,9,0.13487476536641652,1.7918340126836498,3.81,5.390051079061016,0.3911728826487954,306.88688795883974,-9.246799261345107,-9.381699482286816,15.958271545518148,7882.881,12.714348984349522,3.2439225611686258,3.919436652571992,9
2024-01-01T00:00:00Z,9,0.13214385401512457,5.808776887836662,4.286666666666667,5.4393723000781975,0.37603393191634865,285.47579413012915,-7.790028801018558,-7.922196344502166,11.966032648418834,6103.754,10.711289601400516,1.2547430470183176,8.536639933454156,9
2024-01-02T00:00:00Z,9,0.09430233035780589,3.4374758919257284,4.089583333333334,5.2716418343826765,0.3605485789759459,264.35381838260753,-10.176880053803623,-10.271228234815617,14.583173252586336,5247.137,13.993210073979983,0.5899631786063537,23.718785479181225,9
2024-01-05T00:00:00Z,9,0.0866276485474421,1.2850500052737686,5.34375,5.382473787180311,0.30461930045072216,194.27305049863944,-5.635110040224605,-5.721715284259509,7.873512804007166,4473.759,7.748276305308832,0.12523649869833342,61.86915464614424,9
2024-01-06T00:00:00Z,9,0.08342741411935585,3.861981045450125,6.083333333333333,5.154484654395576,0.302015412667189,191.2895221658459,-3.5305389171591846,-3.6139264516229246,5.686105407596854,4134.106,4.854491011093879,0.8316143965029745,5.837430221876294,9
2024-01-07T00:00:00Z,9,0.07955301148872836,4.093403122515552,6.045,4.840058944060445,0.2998841584046802,188.74414485554576,-5.547047874245818,-5.626612264595481,8.951774221384593,4240.109,7.627190827088,1.3245833942965932,5.7581809193209335,9
2024-01-08T00:00:00Z,9,0.18654680660901943,7.464817637155548,6.5775,5.127676630908797,0.28043572935630734,166.93861624626732,-4.510483053472148,-4.6970334884823135,7.213451828557145,3860.505,6.201914198524204,1.011537630032941,6.131174970052509,9
2024-01-09T00:00:00Z,9,0.19397688444028047,1.1551342255437933,6.369583333333333,5.04612909406405,0.29165270254782943,182.47924069614265,-6.46758349849987,-6.661565585702435,9.57879987582314,3827.558,8.892927310437322,0.685872565385818,12.965859489415298,9
2024-01-10T00:00:00Z,9,0.1950388293136351,5.637993524580362,5.6745833333333335,4.788726406624686,0.435609240460905,373.6347081489395,-7.139365577545737,-7.334410440683721,10.118398745020023,4314.598,9.816627669125388,0.30177107589463503,32.53004828253625,9
2024-01-11T00:00:00Z,9,0.12725242226939612,5.46760018849205,5.966666666666667,5.146471376643398,0.4233706743171063,354.6773305094096,-9.473131404767084,-9.600404181701741,13.512486702804532,4073.944,13.02555568155474,0.4869310212497915,26.750309824423244,9
2024-01-12T00:00:00Z,9,0.12492914248646608,5.009463916478891,5.862916666666667,5.153406892896929,0.40290358792838776,323.8943537646152,-7.651661432725561,-7.776605526041567,11.109793737578034,4092.566,10.521034469997646,0.5887592675803877,17.869840950845212,9
2024-01-13T00:00:00Z,9,0.1218045279342388,3.069702756827038,5.51625,4.738585427788637,0.3929283785840297,309.3773028410042,-7.140333496038357,-7.262150874906503,10.57100973475418,4485.063,9.81795855705274,0.7530511777014386,13.037571479564509,9
2024-01-14T00:00:00Z,9,0.1085536513990933,5.499125715537523,6.14875,5.118029091510166,0.3723027691509929,280.3290068104155,-7.88303421461467,-7.991603654651417,12.079338258534836,4018.078,10.839172045095172,1.2401662134396645,8.740096228740319,9
2024-01-15T00:00:00Z,9,0.1252411209937696,8.056670935872628,6.404583333333333,5.365800160122102,0.3542406263833505,255.96193884142832,-8.106719317589711,-8.231985344270337,12.20605159879495,3839.053,11.146739061685853,1.059312537109097,10.522616009157897,9
2024-01-16T00:00:00Z,9,0.12306535309057358,3.755605975207759,6.04125,5.1237245989265805,0.3601874987083307,264.2196444303595,-7.321630663398411,-7.4447231807034955,10.952598562179961,4157.027,10.067242162172814,0.8853564000071472,11.37083570197442,9
2024-01-17T00:00:00Z,9,0.11735943237504998,4.051266304939282,6.334583333333334,5.064733278130583,0.37502701702373104,284.1689910539102,-6.851975329717706,-6.9693618572882645,10.225126497662334,4051.025,9.421466078361846,0.8036604193004884,11.723192846255083,9
2024-01-18T00:00:00Z,9,0.10173713994270674,7.697426531384536,6.867083333333333,5.601403137711217,0.34814855417589585,247.99039301978544,-8.100081196156662,-8.201840152369458,12.000761594861507,3651.377,11.13761164471541,0.8631499501460969,12.903449328625063,9
2024-01-19T00:00:00Z,9,0.09906866469369877,7.635414477471214,6.682916666666666,5.5058651862431445,0.3337024078593612,229.42474148855285,-7.927982476032236,-8.027070557312744,11.62954849086351,3744.476,10.900975904544325,0.728572586319185,14.962100014793375,9
2024-01-20T00:00:00Z,9,0.0871317257365982,4.76043811482988,6.915,5.344493558522839,0.31841961214225456,210.62022655902095,-6.612378167391611,-6.699529663626134,9.821089592347045,3722.989,9.092019980163466,0.7290696121835794,12.470715866119653,9
2024-01-21T00:00:00Z,9,0.09779938374277444,6.3022837272724095,7.62875,5.743100046694708,0.29989002962854433,188.7293241275273,-6.637446166981615,-6.73527301682187,10.406020312314244,3311.793,9.12648847959972,1.2795318327145235,7.132677942242279,9
2024-01-22T00:00:00Z,9,0.11021614964887222,11.007990722784411,7.82,5.935974009981961,0.28320988263188646,169.9606712649983,-8.040636709223918,-8.150874003058606,12.536467375923234,3056.476,11.055875475182887,1.4805919007403467,7.46719975278439,9
2024-01-23T00:00:00Z,9,0.11844134375178327,10.547730295909336,7.260416666666667,5.538218381984614,0.2695974501039913,155.2935449431022,-9.3505186581313815,-9.468973860309836,14.1912375921316,3321.897,12.85696315493065,1.3342744372009498,9.635921064261769,9
2024-01-24T00:00:00Z,9,0.10611565329434415,10.918938841605694,6.7804166666666665,5.1537389234068876,0.25825130998746854,143.54565390670922,-10.130392140115445,-10.236512143723527,15.048479689216453,3563.985,13.929289192658738,1.1191904965577155,12.445860857022046,9
2024-01-25T00:00:00Z,9,0.12399607345116663,13.750073752777954,6.37375,4.790396141966266,0.24679068100560453,132.12403631163252,-8.037395290794256,-8.161420963894564,11.912746257688859,3691.475,11.051418524842102,0.8613277328467568,12.830677689102478,9
2024-02-09T12:14:00Z,9,0.11968260907461832,3.3668529529464033,6.6379166666666665,5.091758535570357,0.26214009253193327,147.63081525566335,-7.813466549096552,-7.933183488607471,11.832769432958532,3076.945,10.74351650500776,1.0892529279507723,9.863197269728433,9
2024-02-10T00:00:00Z,9,0.13359293435148165,11.487335979884088,6.804583333333333,4.942182711837373,0.2432679466874084,128.69187749266698,-7.193579883200938,-7.3272132602143945,10.952919581342222,3351.978,9.89117233940129,1.0617472419409317,9.315938811689012,9
2024-02-11T00:00:00Z,9,0.1462901842424013,13.36427126342041,6.672083333333333,4.790134725132277,0.2295087335629218,115.7001159614321,-8.260260744655376,-8.406570613892587,12.22543874303657,3310.437,11.357858523901143,0.8675802191354265,13.091421719157728,9
2024-02-12T00:00:00Z,9,0.13958033217025606,7.948551381853884,6.39875,4.550606375399139,0.22201998752482335,108.9005942195324,-6.573208836960227,-6.712808699905414,9.489061529173782,3329.059,9.038162150820312,0.45089937835346916,20.044742984176647,9
2024-02-13T00:00:00Z,9,0.12496978668825992,5.450218870331913,6.4325,4.417213010053859,0.22684319792881996,113.22096868970148,-4.935825958872543,-5.060824233058659,7.116528433489178,3512.415,6.786760693449746,0.3297677400394319,20.580426371112654,9
2024-02-14T00:00:00Z,9,0.09579804371650263,8.330036184717018,7.145833333333333,4.882577864724391,0.2120477137923973,100.13798587813632,-5.6153638711565534,-5.711196900412187,8.392352345633283,2979.536,7.721125322840261,0.6712270227930217,11.503001310513586,9
2024-02-15T00:00:00Z,9,0.11973840881851561,15.158022601107596,7.362916666666667,5.063694451557254,0.19582552225710503,86.53984970849615,-7.1772123744260945,-7.296990118156564,10.678576086307121,2783.289,9.86866701483588,0.8099090714712407,12.184907371032342,9
2024-02-16T00:00:00Z,9,0.14625703533601883,16.650312603635516,7.330416666666666,4.9520390830054275,0.18533951643660856,78.23855321206746,-6.4158586395628445,-6.562144735835598,9.37509685034578,2790.451,8.821805629398911,0.5532912209468694,15.944235685326438,9
2024-03-07T00:00:00Z,9,0.16378452160581564,8.7884944553659885,6.047916666666667,4.194787689255581,0.24034407720330597,125.8613336861224,-7.588382047395681,-7.752213573271433,10.656620718800632,3437.927,10.434025315169063,0.22259540363156916,46.87439697739238,9
2024-03-08T00:00:00Z,9,0.19042653873280901,10.548182593928788,6.139583333333333,4.216036007577688,0.22690778139132012,113.31051057613372,-6.179043423055269,-6.3695291603195,8.846189385617434,3298.977,8.496184706700994,0.3500046789164397,24.274488938273244,9
2024-03-09T00:00:00Z,9,0.17447716221661472,4.245075838806706,5.819583333333333,4.075218004242999,0.21809213876003505,105.38586900435656,-5.4387162922451555,-5.613243132099566,7.670902710856858,3203.001,7.478234901837089,0.19266780901976865,38.8141378670569,9
2024-03-10T00:00:00Z,9,0.1467794228269129,5.250982409821177,5.6375,3.8984144022429543,0.2591437360147447,144.50790723880297,-3.9191498718556845,-4.065993413564925,5.431065234440179,3783.152,5.388831073801566,0.042234160638612295,127.59413215080836,9
2024-03-11T00:00:00Z,9,0.1305304590110714,4.707344550347019,6.480833333333333,4.376332527068511,0.2423314864811547,127.91534430768942,-4.82897539753588,-4.959585967456644,7.069702068314301,3403.547,6.639841171611835,0.42986089670246663,15.446487974475334,9
2024-03-12T00:00:00Z,9,0.15298622857525304,10.023007066775223,6.8758333333333335,4.665177316748014,0.2168562461367347,104.34603327915436,-5.194200257813482,-5.34728847512692,7.698188168043652,2950.888,7.142025354493538,0.556162813550114,12.841608932651146,9
2024-03-20T00:00:00Z,9,0.07480214633127849,8.89146897575688,7.558333333333334,4.898913673297889,0.1327010588869662,42.49963617467947,-2.667629210246827,-2.7425651447093453,3.7165744992356964,2232.527,3.667990164089387,0.04858433514630933,75.49738311831202,9
2024-04-05T00:00:00Z,9,0.07934386233521704,4.164731096370998,5.7508333333333335,4.43968561940967,0.3032424984546938,192.83590389354617,-4.1421698211843525,-4.221543235671097,6.140511877232597,4091.498,5.695483504128485,0.4450283731041118,12.798023335909999,9
2024-04-06T00:00:00Z,9,0.07278732994790216,4.595469121816363,6.159583333333333,4.481359216757005,0.2642017953732878,149.83501886058957,-4.170546442566039,-4.243360501865469,6.40652267953527,3753.071,5.734501358528304,0.6720213210069659,8.533213425335449,9
2024-04-07T00:00:00Z,9,0.06229405113711033,5.278505881114073,6.401666666666666,4.56571580198949,0.22878363741575972,115.17419837286188,-3.222021806511429,-3.284338852006158,4.81777350527255,3319.288,4.4302799839532145,0.38749352131933534,11.43317175696003,9
2024-07-30T00:00:00Z,9,0.03769900502458977,2.242834175108847,4.475416666666667,3.0419033940648714,0.14281130638018846,48.64209709260806,-0.9952606181414843,-1.0329694255195792,1.7355540396017441,5286.184,1.3684833499445408,0.36707068965720335,3.7281193745611443,9
2024-07-31T00:00:00Z,9,0.020868691875084125,1.802958963273855,4.244583333333333,2.9850408494826133,0.10313944673343908,27.30129404043068,-0.9347067008822569,-0.955585487015305,1.6350110666128264,5032.551,1.2852217137131032,0.3497893528997231,3.674273396427672,9
2024-08-28T00:00:00Z,9,0.11738058659093292,4.5469047699518095,2.651666666666667,3.139875375884717,0.2625637239153265,148.0111096791569,-7.795082277470895,-7.912465162816114,15.01001422190298,8185.06,10.718238131522481,4.291776090380498,2.4973898697898353,9
2024-08-29T00:00:00Z,9,0.08081184869250344,3.9585507181176016,2.742916666666667,3.08783404152334,0.23788697001636416,123.62765212403434,-7.396164420028813,-7.476988277482863,14.069106377444628,7845.448,10.169726077539618,3.89938029990501,2.6080364815371704,9
2024-08-30T00:00:00Z,9,0.08130860690973643,5.9700323719705555,2.9066666666666667,3.0942294981760226,0.21987111959072383,106.96024107552851,-6.74611397008963,-6.827434573024984,12.712212713825844,7495.807,9.275906708873242,3.436306004952602,2.6993832026322075,9
2024-09-04T00:00:00Z,9,0.010983712485222164,4.080766383561839,3.732083333333333,3.139992443287695,0.15096643632681217,53.748396616201255,-3.239250090064889,-3.250238119192125,4.940287007347792,5475.335,4.453968873839223,0.48631813350856934,9.158549860573398,9
2024-09-14T00:00:00Z,9,0.12216320653662992,6.514360632356526,3.27125,3.294607718587311,0.2576524451533751,142.9286565738145,-10.02949079624239,-10.151650995822456,14.618167742229666,6638.895,13.790549844833286,0.8276178973963795,16.66294299364147,9
2024-09-15T00:00:00Z,9,0.0985099651401557,6.828856444181426,3.3024999999999998,3.228723871546816,0.250043339026072,135.3146365969395,-9.459669014660015,-9.558179512639493,14.797811998679272,6332.244,13.00704489515752,1.7907671035217518,7.263392805003874,9
2024-09-16T00:00:00Z,9,0.09501116761421849,5.533253681540272,3.285833333333333,3.2623052477535395,0.2503868056220962,135.65637977476197,-8.635508598474596,-8.730526431955044,14.332338754458455,6120.166,11.87382432290257,2.4585144315558853,4.829674445062399,9
2024-09-17T00:00:00Z,9,0.11972215385474727,5.541448157559856,3.33125,3.3524022562772635,0.23292872146350344,118.9010957600644,-8.855428983516632,-8.97516835750319,14.618712456574139,6143.094,12.176214852335368,2.4424976042387705,4.985149148643775,9
2024-09-18T00:00:00Z,9,0.12238844842620142,8.38848708418531,3.36125,3.296466185109161,0.2172525537475316,104.62132628407883,-8.965169052027218,-9.087576129444445,14.432335039887938,6123.032,12.327107446537424,2.1052275933505147,5.855474954571809,9
2024-09-19T00:00:00Z,9,0.11860368863170154,5.962169443774831,3.2495833333333333,3.288403491153396,0.2338064694311207,119.6975515676316,-7.929563706085071,-8.04818557880554,12.60349887759041,5994.066,10.903150095866973,1.7003487817234362,6.412302118872211,9
2024-09-20T00:00:00Z,9,0.0774153369935223,3.4351386116261566,3.2958333333333334,3.2194300875150024,0.2261621359606356,112.71095326811027,-6.612330831348218,-6.689759381864478,10.361991504220883,6037.055,9.0919548931038,1.2700366111170833,7.158813229098025,9
2024-09-21T00:00:00Z,9,0.07417417480805313,6.164541210808713,3.5416666666666665,3.244208182378459,0.20044911104973745,90.33368558422848,-6.175690073131051,-6.249891193071986,9.739149463815394,5782.069,8.491573850555195,1.2475756132601994,6.806460274070906,9
2024-09-28T00:00:00Z,9,0.10545483930726153,7.976211306588886,3.0441666666666665,3.243870634910263,0.2449940865033244,130.34272837513922,-8.99208247063596,-9.097544160995044,13.197658507599831,6093.087,12.364113397124445,0.8335451104753862,14.833166485822181,9
2024-09-29T00:00:00Z,9,0.15589115095695577,5.7843247680394985,2.9745833333333334,3.240512823593929,0.22993439729303705,116.15308636428804,-8.606785230050553,-8.762710443153555,13.101780076002767,6158.251,11.83432969131951,1.267450384683256,9.337114757574502,9
2024-09-30T00:00:00Z,9,0.1420467038575746,3.63718997448389,3.0016666666666665,3.258669015182441,0.2229094779401679,109.82579997690436,-7.2310775647597865,-7.373136454362834,11.792493684718327,5917.326,9.942731651544706,1.8497620331736204,5.375140949609636,9
2024-10-01T00:00:00Z,9,0.13440011452858605,5.200752135084029,2.8116666666666665,3.24111369683062,0.2409722981567176,126.47501151125172,-6.654269937487141,-6.7886755500299385,11.704270215887249,6419.418,9.149621164044818,2.5546490518424303,3.5815569882078515,9
2024-10-02T00:00:00Z,9,0.07913561534726686,4.648069941473409,2.8733333333333335,3.1917735270141665,0.22388997232539895,110.60322860367758,-7.422705787535765,-7.501852964601541,14.21862984357691,7015.051,10.206220457861678,4.012409385715232,2.5436637881960213,9
2024-10-03T00:00:00Z,9,0.07630363425435852,5.92843852254738,3.0145833333333334,3.2330267900250713,0.20683113138953543,95.66555816764884,-6.678046906440795,-6.754365708160294,13.966664494665874,7806.116,9.182314496356092,4.784349998309782,1.9192397085497561,9
2024-10-04T00:00:00Z,9,0.0766681733684487,4.990313874070975,3.0954166666666665,3.2514083870380976,0.19368252554686924,84.84937631232819,-7.619794669892246,-7.69647215538403,17.062328782143698,9575.229,10.477217671101839,6.58511111104186,1.5910464522813788,9
2024-10-05T00:00:00Z,9,0.06790457065545602,8.370952826330837,3.1645833333333333,3.2213533067704105,0.1849931142286524,77.95793227089864,-5.707123730865081,-5.775053924363016,12.85687148658014,9589.577,7.847295129939486,5.009576356640654,1.5664588322996964,9
2024-10-06T00:00:00Z,9,0.0762402294743846,0.8560526183928884,3.1575,3.2504954355782876,0.27722710551481705,169.6216123858441,-7.310555508173239,-7.386821678378655,15.542802865852323,8529.451,10.052013823738204,5.49078904211412,1.830704794272678,9
2024-10-07T00:00:00Z,9,0.07556959866952076,4.6979130395552415,2.839583333333333,3.382949463140568,0.35110471539124877,251.79025663196256,-6.395207296679638,-6.470809055700343,12.49193084896942,9047.359,8.793410032934503,3.6985208160349163,2.3775478009507807,9
2024-10-08T00:00:00Z,9,0.19954237964037855,3.2171311187994194,2.9408333333333334,3.4332190015753477,0.3299477601985506,224.86966230355168,-7.039401734591339,-7.238977571637783,13.642181570084121,9577.87,9.67917738506309,3.963004185021031,2.442383841442177,9
2024-10-09T00:00:00Z,9,0.20344854082046296,1.7511873196458143,3.1479166666666667,3.425285198236338,0.3368904824173285,235.57507873660936,-7.826391952392788,-8.029861740619548,13.575617082545605,6453.345,10.761288934540083,2.8143281480055222,3.8237505964492695,9
2024-10-10T00:00:00Z,9,0.22866410958694025,4.055684717114593,2.9570833333333333,3.5484262970898555,0.4800690831684693,446.6192541014642,-10.17815745946079,-10.406851612516249,16.455500571769196,5979.392,13.994966506758587,2.4605340650106093,5.687775961231507,9
2024-10-11T00:00:00Z,9,0.12411228283703407,4.367744807086957,2.6370833333333334,3.6715832761728344,0.4568571996234902,407.6595755209415,-13.424917144082992,-13.549042977667462,20.446671110092197,6456.754,18.459261073114114,1.9874100369780834,9.28809894770481,9
2024-10-12T00:00:00Z,9,0.11608712827734369,4.290486029723479,2.4183333333333334,3.8167796259139464,0.44247563676945534,384.48460280046294,-13.246551889067284,-13.362668920029186,19.660280783746206,7133.646,18.214008847467515,1.4462719362786913,12.593764969493083,9
2024-10-13T00:00:00Z,9,0.09348670534406976,4.066787582280202,2.255,3.837980286183007,0.4265029722483688,359.4776389270032,-12.258303048834584,-12.351815562077197,17.90980304725369,7632.591,16.855166692147552,1.0546363551061368,15.981970098547642,9
2024-10-14T00:00:00Z,9,0.08075354177735437,3.7406456131156425,2.24375,3.850653668862691,0.3988553790743944,318.13726383017035,-9.937211515649663,-10.017990888419583,16.13874959541294,3527.424,13.663665834018287,2.475083761394652,5.52048623450187,9
2024-10-28T00:00:00Z,9,0.025956024989461188,5.2818546435763585,4.60125,3.9992693653723266,0.15681123968308544,57.62790495608558,-3.2984616928254162,-3.3244433084804834,5.925027712653773,5675.017,4.535384827634948,1.3896428850188256,3.2637052846663597,9
2024-10-29T00:00:00Z,9,0.025712051582664,4.095201479512515,4.712083333333333,3.9778842271610433,0.1542689997501205,55.9246277541092,-3.1918063113218333,-3.2175355218742703,5.081109303898161,4151.263,4.388733678067521,0.6923756258306408,6.338659990814048,9
2024-10-30T00:00:00Z,9,0.0268102127068737,3.821004241581071,4.590416666666667,3.963145713455772,0.15344702840920835,55.391211736445406,-3.525405673490369,-3.552237596763237,5.003501845092415,4265.904,4.8474328010492576,0.15606904404315713,31.05954054353544,9
2025-02-27T16:00:00Z,9,0.08198609029268891,12.69336092558894,7.229583333333333,4.741673562642337,0.14080357363511928,47.334800025197296,-2.32861925498269,-2.4106577949890338,3.6851828708486565,2792.355,3.2018514756011984,0.48333139524745805,6.6245468576728825,9
2025-02-28T00:00:00Z,9,0.1342217545536128,5.62331000138288,7.11125,4.605200187374573,0.13403969792788065,43.26635943181013,-3.481292775140877,-3.61560243974805,5.0435248466745435,2803.822,4.786777565818706,0.2567472808558371,18.64392701594557,9
2025-03-01T00:00:00Z,9,0.07948963205749397,11.774549550407682,7.452083333333333,4.768340670186893,0.12482774768579856,37.98444326788084,-2.425490280762685,-2.5050644255206205,3.4420649108212213,2633.242,3.335049136048692,0.10701577477252933,31.164089061987436,9
2025-03-02T00:00:00Z,9,0.10823756716040578,5.580850168989544,7.305,4.696833566377317,0.11890661841929752,34.744598532286886,-2.6411347042318187,-2.749474136819862,3.7723227005451205,2643.276,3.631560218318751,0.14076248222636956,25.799205590013653,9
2025-03-11T00:00:00Z,9,0.10383732646290283,6.576449931494505,5.895833333333333,4.499186207492437,0.27025209156478913,156.0480985275671,-5.31811416809292,-5.421998507802925,7.6012405449009375,4115.426,7.312406981127764,0.2888335637731734,25.317026475739986,9
2025-03-12T00:00:00Z,9,0.12687578201114572,8.359768781790383,6.194166666666667,4.625677154147153,0.24798841067379107,133.3591462755083,-7.002136023864279,-7.129083461000684,10.669773775974267,3837.339,9.627937032813383,1.041836743160884,9.241310690965527,9
2025-03-13T00:00:00Z,9,0.15801958885883274,9.397412735965844,6.307916666666666,4.5901605446226945,0.22735105879302672,113.76848238921464,-7.4604826859124405,-7.618580533039958,11.755111287080833,3646.69,10.258163693129605,1.4969475939512282,6.8527206527337015,9
2025-03-14T00:00:00Z,9,0.19597143344027662,11.282412856114792,6.285833333333334,4.500024162223785,0.2092911741884088,97.7482678740934,-7.981159954039161,-8.177204231745716,12.363587990949195,3564.984,10.974094936803846,1.3894930541453494,7.897912770462751,9
2025-03-15T00:00:00Z,9,0.20378527759980974,12.792657905382876,6.0841666666666665,4.379351536427887,0.19616605324119735,86.82981049581909,-8.079365048331162,-8.283199513368686,11.842340315406526,3553.516,11.109126941455347,0.7332133739511786,15.151287928082795,9
2025-03-16T00:00:00Z,9,0.1752023196965105,10.034407827250732,5.652916666666667,4.128602069942205,0.1940025072474387,85.0715245572041,-6.567971305269939,-6.7432206683842395,9.380512734088418,3595.086,9.030960544746167,0.3495521893422513,25.83580026129898,9
2025-03-21T00:00:00Z,9,0.04392812688263588,5.2236881066059695,7.2091666666666665,4.6669437440451516,0.1482686089614604,52.030209012517574,-3.186982433580393,-3.2309904729225654,4.396588584762403,2759.386,4.38210084617304,0.01448773858936292,302.4696241682904,9
2025-03-22T00:00:00Z,9,0.1091688490444851,9.639697338050086,7.662083333333333,4.999561294127012,0.13856347591483062,45.97545496489144,-3.5516892673428173,-3.6609536546402808,4.951031152835091,2431.127,4.883572742596374,0.06745841023871701,72.39383088505546,9
2025-04-05T00:00:00Z,9,0.029955588343052172,6.396264796796179,5.131666666666667,3.6793230208881353,0.1441059112421255,49.42867391963627,-3.074049326698122,-3.104046911107707,4.552438796533343,3956.461,4.226817824209918,0.32562097232342513,12.98079111443597,9
2025-04-06T00:00:00Z,9,0.037522585502533616,5.121267185827155,5.122916666666667,3.666970448314826,0.13092794928014095,41.48161442657793,-3.0205062110743786,-3.0580661866611467,4.2613987512087,3815.837,4.153196040227271,0.10820271098142964,38.3834748922332,9
