Site,Date,water_umol.L,water.ppm,type,chapter
15,2025-04-16,198.8300640495995,4838.078544400827,CO2,stream
7,2025-04-16,140.89328856700095,3449.7024517261852,CO2,stream
6,2025-04-16,9.216034830341691,223.87096435632822,CO2,stream
3,2025-04-16,24.987371103762495,595.5544644880524,CO2,stream
3,2025-04-16,272.2763325196792,6489.4936219245465,CO2,stream
5,2025-04-16,358.5257078628386,8751.08512546658,CO2,stream
5,2025-04-16,443.34788413814346,10821.469672051177,CO2,stream
6a,2025-04-16,75.02388129538238,1787.6273165327814,CO2,stream
15,2025-04-16,257.62521721039917,6268.725214368534,CO2,stream
3,2025-04-16,1631.6961745402718,38890.20327109205,CO2,stream
6a,2025-04-16,NA,NA,CO2,stream
6a,2025-04-16,NA,NA,CO2,stream
7,2025-04-16,NA,NA,CO2,stream
6,2025-04-16,NA,NA,CO2,stream
5,2025-04-16,NA,NA,CO2,stream
13,2025-08-13,19.91425000710863,589.1999667025666,CO2,stream
7,2025-08-13,20.231458873007597,593.9191326970617,CO2,stream
7,2025-08-13,20.05017206253387,588.5972374288158,CO2,stream
5,2025-08-13,NA,NA,CO2,stream
5,2025-08-13,NA,NA,CO2,stream
3,2025-08-13,19.951737878700325,567.5705920773969,CO2,stream
3,2025-08-13,19.598273636550584,557.5155326928565,CO2,stream
13,2025-08-13,19.05451086804731,563.7629920775115,CO2,stream
6,2025-08-13,19.51003283761437,559.3999101156954,CO2,stream
6,2025-08-13,19.43471089359941,557.2402474917313,CO2,stream
15,2025-08-13,NA,NA,CO2,stream
15,2025-08-13,NA,NA,CO2,stream
7,2025-03-26,132.0920136919137,3138.4767213137284,CO2,stream
6a,2025-03-26,151.41990233133544,3418.9857781012024,CO2,stream
3,2025-03-26,117.15414354254371,2709.8691872598997,CO2,stream
5,2025-03-26,140.33270536019887,3332.3769810157146,CO2,stream
3,2025-03-26,140.11953351456305,3241.0770538940246,CO2,stream
5a,2025-03-26,175.20266702550802,4084.0014043852393,CO2,stream
5a,2025-03-26,61.17198415875242,1425.9284601929253,CO2,stream
9,2025-03-26,147.89183630270801,3454.283955125244,CO2,stream
7,2025-03-26,221.94920888746418,5273.4635950965685,CO2,stream
6,2025-03-26,199.45578473080909,4638.724001535602,CO2,stream
3,2025-03-26,135.74493172512956,3139.8890102000096,CO2,stream
5a,2025-03-26,61.84414936398428,1441.5967356179003,CO2,stream
15,2025-03-26,16.785485794205158,400.06893729746565,CO2,stream
6,2025-03-26,21.579739611357105,501.8779285704435,CO2,stream
6a,2025-03-26,14.88987270478766,336.20588992330323,CO2,stream
6,2025-03-26,16.82581530200394,391.31636814720355,CO2,stream
9,2025-03-26,21.244050966039193,496.19361168557236,CO2,stream
15,2025-03-26,21.386860727714147,509.7391132057292,CO2,stream
15,2025-03-26,21.063473913595423,502.03144119392744,CO2,stream
5,2025-03-26,21.051786371105482,499.9012035880617,CO2,stream
7,2025-02-28,510.178339001349,11706.50720110923,CO2,stream
15,2025-02-28,323.1571023529604,7425.777043939152,CO2,stream
13,2025-02-28,166.26071718783504,3842.441062798663,CO2,stream
5a,2025-02-28,359.95336986418044,8183.894700513023,CO2,stream
5,2025-02-28,224.61712184826666,5219.418686105654,CO2,stream
15,2025-02-28,364.1812667991566,8368.464969945546,CO2,stream
9,2025-02-28,202.48813650816516,4519.638747861376,CO2,stream
6,2025-02-28,383.7592218203482,8630.206153655205,CO2,stream
3,2025-02-28,445.00996966995507,10007.6494851802,CO2,stream
6,2025-02-28,411.3622313079711,9250.95908620885,CO2,stream
9,2025-02-28,195.5661693066873,4365.136900421226,CO2,stream
5a,2025-02-28,114.84072993019825,2611.017203237808,CO2,stream
3,2025-02-28,454.6586611331656,10224.635010754104,CO2,stream
5,2025-02-28,93.04617294102492,2162.1100373954037,CO2,stream
13,2025-02-28,165.76487835826276,3830.981762541188,CO2,stream
7,2025-02-28,481.02951320966497,11037.660813584876,CO2,stream
9,2025-02-20,237.2525863920244,5148.816820464368,CO2,stream
9,2025-02-20,230.61373759460602,5004.741609835531,CO2,stream
7,2025-01-27,29.02712127593749,578.5044515285672,CO2,stream
7,2025-01-27,27.606642482778653,550.19460649321,CO2,stream
5a,2025-01-27,256.8252713071654,5170.311219237493,CO2,stream
5,2025-01-27,126.16745225757238,2567.133782352382,CO2,stream
13,2025-01-27,162.63950719709015,3274.1983079486436,CO2,stream
9,2025-01-27,238.11465776741386,4565.196090251154,CO2,stream
5a,2025-01-27,345.4442633335254,6954.355937186648,CO2,stream
15,2025-01-27,358.4277950073241,7122.2187912496165,CO2,stream
6a,2025-01-27,27.829719925996184,533.7184167276217,CO2,stream
5,2025-01-27,114.91622604175441,2338.204669536905,CO2,stream
7,2025-01-27,453.1557255000638,9031.29876178111,CO2,stream
9,2025-01-27,192.09195235413506,3682.8368235624753,CO2,stream
3,2025-01-27,332.7544943936672,6559.223604659678,CO2,stream
6a,2025-01-27,527.8477757700805,10123.065553888058,CO2,stream
6,2025-01-27,387.3428046351112,7846.430783845004,CO2,stream
6a,2025-01-27,425.3867609105857,8158.0680342388405,CO2,stream
13,2025-01-27,147.8908885554718,2977.284581184532,CO2,stream
3,2025-01-27,460.42947270239233,9075.94011955746,CO2,stream
3,2025-01-27,27.613483595631767,544.3142510738624,CO2,stream
7,2025-01-27,508.3844358998163,10131.995400442433,CO2,stream
6,2025-01-27,61.165703622060725,1239.038015093086,CO2,stream
15,2025-01-27,377.90989646538685,7509.342198056866,CO2,stream
6,2025-01-27,454.4092454763859,9205.000453096056,CO2,stream
13,2025-01-04,23.797991945083258,493.43509705305325,CO2,stream
9,2025-01-04,45.98606359780419,866.1846255906129,CO2,stream
5,2025-01-04,235.9850663559198,5116.84351917235,CO2,stream
5,2025-01-04,239.19524329479455,5186.449504494759,CO2,stream
6,2025-01-04,37.362077028411214,839.0101887517529,CO2,stream
15,2025-01-04,420.0629211293237,8719.962928810484,CO2,stream
5,2025-01-04,138.14938342819417,2995.480977622798,CO2,stream
5,2025-01-04,141.35956036706895,3065.086962945207,CO2,stream
13,2025-01-04,142.6236138059785,2957.2031490224113,CO2,stream
9,2025-01-04,243.26568252715836,4582.105482690042,CO2,stream
15,2025-01-04,610.8974281932807,12681.440468084214,CO2,stream
6,2025-01-10,1344.6031179920378,28935.091901923388,CO2,stream
3,2024-12-13,384.8848095861287,7973.288443213047,CO2,stream
3,2024-12-13,370.91084762859424,7683.803312579499,CO2,stream
15,2024-12-13,598.5170033399992,12563.772104427477,CO2,stream
15,2024-12-13,695.8788249493659,14607.543177840282,CO2,stream
6,2024-12-13,411.3094997320188,9503.02603149452,CO2,stream
6,2024-12-13,547.3116347119861,12645.262789691258,CO2,stream
9,2024-12-13,165.8473426992941,3237.1917051666965,CO2,stream
9,2024-12-13,177.43695900798036,3463.4106434379555,CO2,stream
5,2024-12-13,182.29503180298863,3994.2356060928264,CO2,stream
5,2024-12-13,184.18120129318416,4035.5631467413664,CO2,stream
5,2024-12-13,25.79886205575202,565.274502549951,CO2,stream
13,2024-12-13,89.33672339843638,1895.17834188064,CO2,stream
13,2024-12-13,121.02519039893866,2567.413611568205,CO2,stream
6,2024-11-22,442.55227182224206,10977.139680282682,CO2,stream
9,2024-11-22,122.94727266801176,2605.1397840852255,CO2,stream
3,2024-11-22,270.1698350985931,6075.7403101349,CO2,stream
5,2024-11-22,151.15704000218216,3557.859942140247,CO2,stream
13,2024-11-22,201.65484723048806,4689.867386581591,CO2,stream
5,2024-11-22,148.74113886655726,3500.995651370284,CO2,stream
3,2024-11-22,317.04327931593133,7129.8582667239925,CO2,stream
6,2024-11-22,-4.973239915865677,-123.35706468125993,CO2,stream
9,2024-11-22,159.38238820809946,3377.166417709934,CO2,stream
13,2024-11-22,94.84471540738335,2205.794423926197,CO2,stream
15,2025-04-16,0.5483024265103864,13.34169567476008,CH4,stream
7,2025-04-16,0.32556669796431803,7.9713394980756584,CH4,stream
6,2025-04-16,-0.013243309028569567,-0.3216993444657821,CH4,stream
3,2025-04-16,0.14186649639199023,3.3812770833985777,CH4,stream
3,2025-04-16,0.39963356084204127,9.524953638796271,CH4,stream
5,2025-04-16,0.22988791133203096,5.6112257427072985,CH4,stream
5,2025-04-16,0.6497286901462127,15.858921553549068,CH4,stream
6a,2025-04-16,NA,NA,CH4,stream
15,2025-04-16,0.2894906366612429,7.044097907076622,CH4,stream
3,2025-04-16,10.323748952802413,246.05848904887551,CH4,stream
6a,2025-04-16,NA,NA,CH4,stream
6a,2025-04-16,NA,NA,CH4,stream
7,2025-04-16,NA,NA,CH4,stream
6,2025-04-16,NA,NA,CH4,stream
5,2025-04-16,NA,NA,CH4,stream
13,2025-08-13,0.00432995743989038,0.12810980973404756,CH4,stream
7,2025-08-13,0.017810481678519254,0.5228483965403008,CH4,stream
7,2025-08-13,0.017695981608835717,0.5194871074455767,CH4,stream
5,2025-08-13,NA,NA,CH4,stream
5,2025-08-13,NA,NA,CH4,stream
3,2025-08-13,0.00721419002937916,0.20522333098134643,CH4,stream
3,2025-08-13,0.007156697823103557,0.20358784009057468,CH4,stream
13,2025-08-13,0.0037923114217844295,0.11220255659357205,CH4,stream
6,2025-08-13,0.0033936565110899266,0.09730435428110645,CH4,stream
6,2025-08-13,0.003319708902934472,0.09518409719595794,CH4,stream
15,2025-08-13,NA,NA,CH4,stream
15,2025-08-13,NA,NA,CH4,stream
7,2025-03-26,0.2617887721973976,6.220042714763551,CH4,stream
6a,2025-03-26,NA,NA,CH4,stream
3,2025-03-26,0.19716342444757748,4.560547946570177,CH4,stream
5,2025-03-26,0.23401649559696,5.5570166705162825,CH4,stream
3,2025-03-26,0.18207598407813372,4.211563364928558,CH4,stream
5a,2025-03-26,0.22080841559730555,5.1470784932068625,CH4,stream
5a,2025-03-26,0.10383251555325584,2.420352078764935,CH4,stream
9,2025-03-26,0.38784572184854604,9.058845217819973,CH4,stream
7,2025-03-26,0.6910428399100907,16.41902342064998,CH4,stream
6,2025-03-26,0.5808815327019612,13.509505936014898,CH4,stream
3,2025-03-26,0.35251821553055146,8.1540287123279,CH4,stream
5a,2025-03-26,0.13156423076266502,3.0667826713126467,CH4,stream
15,2025-03-26,-0.001422311995310111,-0.033899694977287904,CH4,stream
6,2025-03-26,0.0013310313038078414,0.030955667012123232,CH4,stream
6a,2025-03-26,NA,NA,CH4,stream
6,2025-03-26,-0.0018876517112826217,-0.043900934292200065,CH4,stream
9,2025-03-26,0.005427758252228216,0.1267752075550316,CH4,stream
15,2025-03-26,0.00630589342883886,0.1502960422901538,CH4,stream
15,2025-03-26,0.0064050414192408,0.15265915716461145,CH4,stream
5,2025-03-26,0.0051675257563536066,0.12270941285624608,CH4,stream
7,2025-02-28,0.2932907070227999,6.729822713566336,CH4,stream
15,2025-02-28,0.6795217086966944,15.614624182967441,CH4,stream
13,2025-02-28,0.6186954259779951,14.298631392632421,CH4,stream
5a,2025-02-28,0.34593168113044565,7.865097784780426,CH4,stream
5,2025-02-28,0.4816580574503788,11.192268179217871,CH4,stream
15,2025-02-28,0.7616096842258236,17.500911068910188,CH4,stream
9,2025-02-28,0.3254467768049143,7.2641384733903696,CH4,stream
6,2025-02-28,0.29095394163749266,6.5431456881721894,CH4,stream
3,2025-02-28,0.28960047932397526,6.512708220815831,CH4,stream
6,2025-02-28,0.3779422445747736,8.499390501636992,CH4,stream
9,2025-02-28,0.31137854964690304,6.950128449526579,CH4,stream
5a,2025-02-28,0.08551933456426443,1.9443663750000915,CH4,stream
3,2025-02-28,0.3144145600677269,7.070742061191593,CH4,stream
5,2025-02-28,0.16582817525057575,3.853342387542205,CH4,stream
13,2025-02-28,0.6404394092015092,14.801155232418607,CH4,stream
7,2025-02-28,0.28542911096900614,6.549431223413899,CH4,stream
9,2025-02-20,0.45706611465689406,9.919174054107689,CH4,stream
9,2025-02-20,0.4987130740544601,10.822989554407723,CH4,stream
7,2025-01-27,0.019043097531508825,0.37952494800105613,CH4,stream
7,2025-01-27,0.018522314645976513,0.36914585409448675,CH4,stream
5a,2025-01-27,0.08448038069639711,1.7007277278318604,CH4,stream
5,2025-01-27,0.2292764322243528,4.66509598258957,CH4,stream
13,2025-01-27,4.09939590241615,82.52751965755283,CH4,stream
9,2025-01-27,0.30345203171960056,5.817861200876779,CH4,stream
5a,2025-01-27,0.11252522867032631,2.2653162178328854,CH4,stream
15,2025-01-27,0.61255798890934,12.171969027265384,CH4,stream
6a,2025-01-27,NA,NA,CH4,stream
5,2025-01-27,0.1706758761585621,3.4727483172502542,CH4,stream
7,2025-01-27,0.16179869363918395,3.224614099069036,CH4,stream
9,2025-01-27,0.2371845675761088,4.547364159429515,CH4,stream
3,2025-01-27,0.08698725363170387,1.7146841197900562,CH4,stream
6a,2025-01-27,NA,NA,CH4,stream
6,2025-01-27,0.180295775746287,3.6522643717250722,CH4,stream
6a,2025-01-27,NA,NA,CH4,stream
13,2025-01-27,3.4870667130871413,70.20033525961291,CH4,stream
3,2025-01-27,0.11668883650297784,2.3001587767740537,CH4,stream
3,2025-01-27,0.006573069502497799,0.12956769438806037,CH4,stream
7,2025-01-27,0.2666991820374042,5.315258876723836,CH4,stream
6,2025-01-27,0.003232847155115544,0.06548801509624064,CH4,stream
15,2025-01-27,0.6977749727342114,13.865291955858888,CH4,stream
6,2025-01-27,0.24780287510299256,5.019760491911226,CH4,stream
13,2025-01-04,0.00667213446731057,0.13834214777556497,CH4,stream
9,2025-01-04,0.02354622587110731,0.443512169656786,CH4,stream
5,2025-01-04,-1.4398502120728782,-31.22014600327367,CH4,stream
5,2025-01-04,0.8145043825639525,17.660827168503953,CH4,stream
6,2025-01-04,0.06865340129356473,1.5416943531796203,CH4,stream
15,2025-01-04,0.6583530107157476,13.666556981697232,CH4,stream
5,2025-01-04,-1.8082622581404153,-39.208392121621365,CH4,stream
5,2025-01-04,0.4460923364964152,9.672581050156243,CH4,stream
13,2025-01-04,0.7811089932047305,16.195761086078495,CH4,stream
9,2025-01-04,0.5915499029119874,11.142319891812821,CH4,stream
15,2025-01-04,1.0967557941753179,22.76723173151132,CH4,stream
6,2025-01-10,6.9808929853066,150.2248339190114,CH4,stream
3,2024-12-13,0.7403320741801408,15.336747577925719,CH4,stream
3,2024-12-13,0.6017810623802521,12.466519515749315,CH4,stream
15,2024-12-13,2.7334959861551167,57.38019208605659,CH4,stream
15,2024-12-13,2.8766158202944156,60.384492665180076,CH4,stream
6,2024-12-13,0.7495973561199358,17.318936696060675,CH4,stream
6,2024-12-13,0.9992083545927438,23.086028916833364,CH4,stream
9,2024-12-13,0.5351991559142647,10.446608549400953,CH4,stream
9,2024-12-13,0.5488896923412283,10.7138355681721,CH4,stream
5,2024-12-13,0.7621683095881526,16.699740908367808,CH4,stream
5,2024-12-13,0.7347883799666846,16.099823901827694,CH4,stream
5,2024-12-13,0.009315755640601274,0.20411594605366348,CH4,stream
13,2024-12-13,0.6324463435209572,13.416639507773795,CH4,stream
13,2024-12-13,0.958360817321416,20.330549359798493,CH4,stream
6,2024-11-22,2.5715389558609583,63.78487719776591,CH4,stream
9,2024-11-22,0.3377927637996749,7.157518411383133,CH4,stream
3,2024-11-22,0.278241865308628,6.257268937540094,CH4,stream
5,2024-11-22,0.24085012711816045,5.669011640613753,CH4,stream
13,2024-11-22,0.9508861668082655,22.11466812383885,CH4,stream
5,2024-11-22,0.3594290200986472,8.46006320733217,CH4,stream
3,2024-11-22,1.0524408797365141,23.667917903253265,CH4,stream
6,2024-11-22,-0.028641588545585978,-0.7104306951933727,CH4,stream
9,2024-11-22,0.39639206339549554,8.399183747944278,CH4,stream
13,2024-11-22,0.7836620768808793,18.225553548254947,CH4,stream
15,2025-04-16,5.292135118801079e-4,0.012877210242186809,N2O,stream
7,2025-04-16,0.009522622648758614,0.23315670343420344,N2O,stream
6,2025-04-16,9.170812089352499e-4,0.02227724378400486,N2O,stream
3,2025-04-16,-0.004594313390760101,-0.10950186955491369,N2O,stream
3,2025-04-16,-0.004318904569132711,-0.10293771550291383,N2O,stream
5,2025-04-16,-0.0046842771325577666,-0.11433631407534114,N2O,stream
5,2025-04-16,0.0044475636104809035,0.1085584852150572,N2O,stream
6a,2025-04-16,NA,NA,N2O,stream
15,2025-04-16,0.002567475628989057,0.06247369487737684,N2O,stream
3,2025-04-16,-0.008590116234934034,-0.20473870792337712,N2O,stream
6a,2025-04-16,NA,NA,N2O,stream
6a,2025-04-16,NA,NA,N2O,stream
7,2025-04-16,NA,NA,N2O,stream
6,2025-04-16,NA,NA,N2O,stream
5,2025-04-16,NA,NA,N2O,stream
13,2025-08-13,0.007694953322898674,0.22766944474490802,N2O,stream
7,2025-08-13,0.01016404020656962,0.298377787883494,N2O,stream
7,2025-08-13,0.010290822501112339,0.3020996366581573,N2O,stream
5,2025-08-13,NA,NA,N2O,stream
5,2025-08-13,NA,NA,N2O,stream
3,2025-08-13,0.007879628065783175,0.2241531636910998,N2O,stream
3,2025-08-13,0.007744774124857661,0.22031694994569095,N2O,stream
13,2025-08-13,0.00757837443072894,0.22422024232151216,N2O,stream
6,2025-08-13,0.007671202446761145,0.21995195984109941,N2O,stream
6,2025-08-13,0.007556418748251968,0.2166608331083454,N2O,stream
15,2025-08-13,NA,NA,N2O,stream
15,2025-08-13,NA,NA,N2O,stream
7,2025-03-26,0.0063156622240998625,0.15005872282520383,N2O,stream
6a,2025-03-26,NA,NA,N2O,stream
3,2025-03-26,0.005259626125290304,0.12165936553712699,N2O,stream
5,2025-03-26,0.005327627748418465,0.1265112364696531,N2O,stream
3,2025-03-26,0.005278947613331896,0.122106287033138,N2O,stream
5a,2025-03-26,0.003890705412500573,0.09069294799255649,N2O,stream
5a,2025-03-26,0.007145685218279936,0.16656703326611635,N2O,stream
9,2025-03-26,0.00733415347871377,0.17130255002103237,N2O,stream
7,2025-03-26,0.005021192766097976,0.11930241783112508,N2O,stream
6,2025-03-26,0.0036849739185525836,0.08570108399760139,N2O,stream
3,2025-03-26,0.005860432405920252,0.1355564960880416,N2O,stream
5a,2025-03-26,0.0057378176186832055,0.13374942066034246,N2O,stream
15,2025-03-26,0.0065733082259268015,0.15666966501399088,N2O,stream
6,2025-03-26,0.00834861464707226,0.19416292786500358,N2O,stream
6a,2025-03-26,NA,NA,N2O,stream
6,2025-03-26,0.007247453453885902,0.16855332790636107,N2O,stream
9,2025-03-26,0.011090868089672818,0.2590474812426538,N2O,stream
15,2025-03-26,0.009652331383016495,0.23005577593586973,N2O,stream
15,2025-03-26,0.009812391140877256,0.23387067518969717,N2O,stream
5,2025-03-26,0.010922757571515064,0.25937464689436046,N2O,stream
7,2025-02-28,0.01362537920447779,0.3126467503251671,N2O,stream
15,2025-02-28,0.018734814920814632,0.43050441270971346,N2O,stream
13,2025-02-28,0.01820616190913091,0.42076147209549064,N2O,stream
5a,2025-02-28,0.013665153329055204,0.31069073183993434,N2O,stream
5,2025-02-28,0.015563173572092397,0.36164081477349574,N2O,stream
15,2025-02-28,0.015702572393360464,0.36082698093403237,N2O,stream
9,2025-02-28,0.015111089815250132,0.3372872516344378,N2O,stream
6,2025-02-28,0.012710008431710341,0.28583024652813693,N2O,stream
3,2025-02-28,0.012878062021533956,0.28960953583917937,N2O,stream
6,2025-02-28,0.011757289040004018,0.2644049248954502,N2O,stream
9,2025-02-28,0.014642282554827659,0.3268232338602473,N2O,stream
5a,2025-02-28,0.013103400879199539,0.2979187361252987,N2O,stream
3,2025-02-28,0.012105294145053073,0.2722310711567738,N2O,stream
5,2025-02-28,0.013046987844260463,0.30317231202760997,N2O,stream
13,2025-02-28,0.01625313363587234,0.37562515751134673,N2O,stream
7,2025-02-28,0.009517169649089297,0.21838013595270941,N2O,stream
9,2025-02-20,0.022918235636294238,0.49736780084891197,N2O,stream
9,2025-02-20,0.02252168075407063,0.4887618316627365,N2O,stream
7,2025-01-27,0.016421972324798865,0.3272864712440641,N2O,stream
7,2025-01-27,0.019449804654524592,0.38763053583721674,N2O,stream
5a,2025-01-27,0.025035598131500674,0.5040073869709089,N2O,stream
5,2025-01-27,0.021581821632893856,0.4391261169750698,N2O,stream
13,2025-01-27,0.02403819956536485,0.48392812853073847,N2O,stream
9,2025-01-27,0.023776478751540583,0.4558488286869632,N2O,stream
5a,2025-01-27,0.027685555709343692,0.5573553512327222,N2O,stream
15,2025-01-27,0.019669756413710694,0.3908522461160422,N2O,stream
6a,2025-01-27,NA,NA,N2O,stream
5,2025-01-27,0.020180481515028072,0.410612998157431,N2O,stream
7,2025-01-27,0.04801104322185359,0.9568500424944641,N2O,stream
9,2025-01-27,0.022163182475249715,0.4249182932802188,N2O,stream
3,2025-01-27,0.05583409770448587,1.1005961986342698,N2O,stream
6a,2025-01-27,NA,NA,N2O,stream
6,2025-01-27,0.038628389256993544,0.7824980326714641,N2O,stream
6a,2025-01-27,NA,NA,N2O,stream
13,2025-01-27,0.021422019397385795,0.4312601585712287,N2O,stream
3,2025-01-27,0.07076042999348252,1.3948225809386767,N2O,stream
3,2025-01-27,0.019115412624683106,0.37680111858172777,N2O,stream
7,2025-01-27,0.04537742497637716,0.9043625820897029,N2O,stream
6,2025-01-27,0.018679314696814046,0.3783882083372628,N2O,stream
15,2025-01-27,0.019546509481041762,0.38840324067604665,N2O,stream
6,2025-01-27,0.04187402245736617,0.848245055597225,N2O,stream
13,2025-01-04,0.013129830485410323,0.2722380608754305,N2O,stream
9,2025-01-04,0.0162743191303229,0.30653993666276735,N2O,stream
5,2025-01-04,0.017473789795695683,0.37888265326346354,N2O,stream
5,2025-01-04,0.01790063839583434,0.38813797406411593,N2O,stream
6,2025-01-04,0.013369980006892308,0.3002389144655883,N2O,stream
15,2025-01-04,0.013327933269173598,0.27667065617789594,N2O,stream
5,2025-01-04,0.017170651536018405,0.3723097329367873,N2O,stream
5,2025-01-04,0.017597500136157063,0.38156505373743976,N2O,stream
13,2025-01-04,0.0189823335299337,0.39358571131760645,N2O,stream
9,2025-01-04,0.02174310128760166,0.409548862731519,N2O,stream
15,2025-01-04,0.009830440009886112,0.2040672198099379,N2O,stream
6,2025-01-10,0.005288797882167472,0.11381191276705026,N2O,stream
3,2024-12-13,0.017334598998377984,0.35910421616826754,N2O,stream
3,2024-12-13,0.017442525859688352,0.36134003315705315,N2O,stream
15,2024-12-13,0.014581460049190241,0.30608677779496735,N2O,stream
15,2024-12-13,0.013011161095954443,0.27312384094575604,N2O,stream
6,2024-12-13,0.013877673904169063,0.32063420964950895,N2O,stream
6,2024-12-13,0.012209096676643029,0.2820828685327347,N2O,stream
9,2024-12-13,0.02373930184239173,0.4633699265834911,N2O,stream
9,2024-12-13,0.02226935031100126,0.43467778821717307,N2O,stream
5,2024-12-13,0.015146570268950856,0.33187393907593404,N2O,stream
5,2024-12-13,0.019981360623406243,0.4378082127133534,N2O,stream
5,2024-12-13,0.01407771997008171,0.3084545409765937,N2O,stream
13,2024-12-13,0.017912504799895056,0.3799936896520236,N2O,stream
13,2024-12-13,0.01903491133271395,0.4038042847898899,N2O,stream
6,2024-11-22,0.007188481322945646,0.17830427860230852,N2O,stream
9,2024-11-22,0.01708532293610902,0.36202230060839613,N2O,stream
3,2024-11-22,0.010597792313653986,0.23832947129352053,N2O,stream
5,2024-11-22,0.014210790408128907,0.33448658387662783,N2O,stream
13,2024-11-22,0.015007555125246102,0.3490292660992672,N2O,stream
5,2024-11-22,0.012749899706791077,0.30010085823619453,N2O,stream
3,2024-11-22,0.010230077396292787,0.23006007902315825,N2O,stream
6,2024-11-22,-0.005107494098142631,-0.12668712760342746,N2O,stream
9,2024-11-22,0.018450847155227403,0.39095650461439324,N2O,stream
13,2024-11-22,0.015786981818580632,0.3671563177397501,N2O,stream
5GW3,2025-04-17,885.7963492199721,21835.670825591682,CO2,RC
5GW8,2025-04-17,484.06629188607883,11698.901420841084,CO2,RC
5GW5,2025-04-17,154.3114733126058,3803.915582665583,CO2,RC
9GW4,2025-04-17,111.54663964464208,2812.2808823753667,CO2,RC
5GW8,2025-04-17,448.1042111983728,10829.770799878908,CO2,RC
6GW2,2025-04-17,283.04493859943744,6918.479163778117,CO2,RC
9GW2,2025-04-17,62.97419774172406,1565.5435372251125,CO2,RC
6GW1,2025-04-17,113.64222714140027,2785.6184110810264,CO2,RC
9GW3,2025-04-17,-3.9490965468238146,-101.24932221839606,CO2,RC
9GW5,2025-04-17,180.23069643100416,4543.923004806154,CO2,RC
5GW4,2025-04-17,1536.8953568582965,37992.78010207247,CO2,RC
9GW2,2025-04-17,637.7290454761129,15853.994515985316,CO2,RC
5GW2,2025-04-17,80.84831455186969,1987.3696853815215,CO2,RC
6GW3,2025-04-17,21.1060007638062,523.2220152342694,CO2,RC
5GW5,2025-04-17,17.577912828363186,433.3112443498764,CO2,RC
9GW1,2025-04-17,17.346616503571816,418.04607925323563,CO2,RC
5GW3,2025-04-17,6.49917437572676,160.21045066561683,CO2,RC
6GW5,2025-04-17,19.606254253985004,501.2746188315692,CO2,RC
9GW3,2025-04-17,62.484866778674096,1602.0247505308148,CO2,RC
9GW4,2025-04-17,303.51754474737606,7652.194555370055,CO2,RC
6GW4,2025-04-17,293.2601361516885,7147.938218922789,CO2,RC
9GW5,2025-04-17,166.47604172560213,4197.14471910515,CO2,RC
5GW4,2025-04-17,19.150813100644488,473.4171572982113,CO2,RC
6GW4,2025-04-17,7.384754825604861,179.99640847200618,CO2,RC
6GW3,2025-04-17,73.23609529828006,1815.5375714553325,CO2,RC
6GW1,2025-04-17,422.788104341898,10363.456939078125,CO2,RC
9GW1,2025-04-17,445.63508537323395,10739.616004054822,CO2,RC
5GW2,2025-04-17,20.086296038891373,493.75050130056775,CO2,RC
6GW2,2025-04-17,NA,NA,CO2,RC
6GW5,2025-04-17,NA,NA,CO2,RC
5GW6,2025-04-17,NA,NA,CO2,RC
5GW6,2025-04-17,NA,NA,CO2,RC
5GW2,2025-03-12,428.77014862411056,9872.437913919992,CO2,RC
5GW2,2025-03-12,438.60243478206274,10098.82642290963,CO2,RC
5GW2,2025-03-12,435.6865067379418,10031.687144045607,CO2,RC
6GW1,2025-03-12,293.2185636030563,7086.498539253957,CO2,RC
6GW1,2025-03-12,293.80019093476267,7100.555293321231,CO2,RC
6GW1,2025-03-12,290.8456843980711,7029.150856988119,CO2,RC
6GW5,2025-03-12,18.422815507409755,454.138849696825,CO2,RC
6GW5,2025-03-12,19.004442839116106,468.47648268604524,CO2,RC
6GW5,2025-03-12,16.049936302424598,395.6452588454129,CO2,RC
6GW2,2025-03-12,168.28412971727477,3908.174832459825,CO2,RC
6GW2,2025-03-12,168.8657570489811,3921.682352767679,CO2,RC
6GW2,2025-03-12,165.9112505122896,3853.067872552374,CO2,RC
6GW3,2025-03-12,180.49390204239245,4191.730536680169,CO2,RC
6GW3,2025-03-12,181.07552937409878,4205.2380569880215,CO2,RC
6GW3,2025-03-12,178.12102283740728,4136.623576772718,CO2,RC
5GW4,2025-03-12,11.815873376676723,279.94468409695094,CO2,RC
5GW4,2025-03-12,21.64815953462893,512.8937141595013,CO2,RC
5GW4,2025-03-12,18.732231490507957,443.8088036210917,CO2,RC
6GW1,2025-03-12,21.666123152242207,523.6262949487431,CO2,RC
6GW1,2025-03-12,22.247750483948558,537.6830490160162,CO2,RC
6GW1,2025-03-12,19.29324394725705,466.27861268290536,CO2,RC
6GW4,2025-03-12,22.169916340047703,519.2997450306916,CO2,RC
6GW4,2025-03-12,22.751543671754053,532.9235639222582,CO2,RC
6GW4,2025-03-12,19.79703713506255,463.7183189559567,CO2,RC
6GW3,2025-03-12,119.57582824790603,2776.9893888041024,CO2,RC
6GW3,2025-03-12,120.15745557961237,2790.4969091119556,CO2,RC
6GW3,2025-03-12,117.20294904292088,2721.8824288966507,CO2,RC
5GW5,2025-03-12,34.08922506558685,758.2553759859422,CO2,RC
5GW5,2025-03-12,43.92151122353906,976.9574386803992,CO2,RC
5GW5,2025-03-12,41.005583179418096,912.0977033479313,CO2,RC
5GW5,2025-03-12,41.688025781628376,927.2774491747193,CO2,RC
5GW5,2025-03-12,51.52031193958059,1145.9795118691763,CO2,RC
5GW5,2025-03-12,48.60438389545962,1081.1197765367083,CO2,RC
5GW6,2025-03-12,51.91334088875119,1215.9984852320767,CO2,RC
5GW6,2025-03-12,61.745627046703405,1446.3062417692581,CO2,RC
5GW6,2025-03-12,58.82969900258243,1378.004644838802,CO2,RC
5GW3,2025-03-12,9.532164828069108,207.76921354585744,CO2,RC
5GW3,2025-03-12,19.364450986021314,422.08006519836306,CO2,RC
5GW3,2025-03-12,16.448522941900347,358.52261655885536,CO2,RC
6GW5,2025-03-12,29.07879710912603,716.8183095789244,CO2,RC
6GW5,2025-03-12,29.660424440832376,731.1559425681446,CO2,RC
6GW5,2025-03-12,26.705917904140875,658.3247187275124,CO2,RC
5GW2,2025-03-12,16.8553602808848,388.0948765294502,CO2,RC
5GW2,2025-03-12,26.687646438837003,614.4833855190886,CO2,RC
5GW2,2025-03-12,23.771718394716036,547.3441066550664,CO2,RC
6GW4,2025-03-12,4.287824998230574,100.43639291029334,CO2,RC
6GW4,2025-03-12,4.869452329936926,114.06021180185978,CO2,RC
6GW4,2025-03-12,1.9149457932454197,44.854966835558315,CO2,RC
5GW1,2025-03-12,-12.200004537483325,-281.71136762966046,CO2,RC
5GW1,2025-03-12,-2.3677183795311176,-54.67319137548364,CO2,RC
5GW1,2025-03-12,-5.283646423652089,-122.00513987559889,CO2,RC
5GW4,2025-03-12,-10.699089231087598,-253.48554943335972,CO2,RC
5GW4,2025-03-12,-0.8668030731353906,-20.53651937080945,CO2,RC
5GW4,2025-03-12,-3.7827311172563616,-89.62142990921888,CO2,RC
6GW1,2025-03-12,4.4499219933033025,107.5455977883701,CO2,RC
6GW1,2025-03-12,5.031549325009653,121.60235185564318,CO2,RC
6GW1,2025-03-12,2.0770427883181473,50.197915522532405,CO2,RC
6GW4,2025-03-12,16.727473348379988,391.8180164320244,CO2,RC
6GW4,2025-03-12,17.30910068008634,405.44183532359085,CO2,RC
6GW4,2025-03-12,14.354594143394834,336.23659035728946,CO2,RC
6GW3,2025-03-12,17.78634760145164,413.0642394749831,CO2,RC
6GW3,2025-03-12,18.367974933157996,426.5717597828366,CO2,RC
6GW3,2025-03-12,15.413468396466488,357.9572795675314,CO2,RC
5GW5,2025-03-12,8.454441153537243,188.0543028858097,CO2,RC
5GW5,2025-03-12,18.28672731148945,406.75636558026656,CO2,RC
5GW5,2025-03-12,15.370799267368477,341.89663024779844,CO2,RC
5GW5,2025-03-12,8.390138922314428,186.624011865149,CO2,RC
5GW5,2025-03-12,18.222425080266635,405.3260745596059,CO2,RC
5GW5,2025-03-12,15.306497036145666,340.4663392271378,CO2,RC
5GW6,2025-03-12,8.138902122354176,190.64256861147837,CO2,RC
5GW6,2025-03-12,17.971188280306382,420.9503251486595,CO2,RC
5GW6,2025-03-12,15.055260236185415,352.64872821820376,CO2,RC
5GW3,2025-03-12,6.8367019034382,149.0171648671079,CO2,RC
5GW3,2025-03-12,16.668988061390404,363.3280165196134,CO2,RC
5GW3,2025-03-12,13.753060017269437,299.77056788010583,CO2,RC
6GW5,2025-03-12,11.154250896917443,274.96224285145036,CO2,RC
6GW5,2025-03-12,11.735878228623795,289.29987584067055,CO2,RC
6GW5,2025-03-12,8.781371691932288,216.46865200003828,CO2,RC
5GW2,2025-03-12,7.314952140105173,168.42686245351086,CO2,RC
5GW2,2025-03-12,17.147238298057378,394.81537144314933,CO2,RC
5GW2,2025-03-12,14.231310253936408,327.6760925791271,CO2,RC
6GW4,2025-03-12,19.407858374433367,454.602342690362,CO2,RC
6GW4,2025-03-12,19.989485706139718,468.2261615819284,CO2,RC
6GW4,2025-03-12,17.034979169448214,399.020916615627,CO2,RC
5GW1,2025-03-12,6.90493006822774,159.44234175742903,CO2,RC
5GW1,2025-03-12,16.737216226179946,386.4805180116058,CO2,RC
5GW1,2025-03-12,13.821288182058977,319.1485695114906,CO2,RC
5GW3,2025-03-12,13.729010943157462,299.2463787473248,CO2,RC
5GW3,2025-03-12,23.561297101109666,513.5572303998304,CO2,RC
5GW3,2025-03-12,20.6453690569887,449.99978176032266,CO2,RC
5GW1,2025-03-12,12.320430263422653,284.4921285587184,CO2,RC
5GW1,2025-03-12,22.15271642137486,511.53030481289517,CO2,RC
5GW1,2025-03-12,19.23678837725389,444.19835631278,CO2,RC
9GW4,2025-03-12,19.93268389797584,466.89565748600177,CO2,RC
9GW3,2025-03-12,19.067940059991045,464.7629892677935,CO2,RC
9GW5,2025-03-12,19.93641545656303,464.3226101207482,CO2,RC
9GW2,2025-03-12,20.015035898208602,480.9877788059843,CO2,RC
9GW2,2025-03-12,20.62351933511424,495.6104404012937,CO2,RC
9GW1,2025-03-12,21.41167215243244,487.37561818465696,CO2,RC
9GW1,2025-03-12,20.738476415922825,472.0522382120481,CO2,RC
5GW5,2025-03-12,13.876046180826238,308.6484539850178,CO2,RC
5GW5,2025-03-12,23.708332338778444,527.3505166794746,CO2,RC
5GW5,2025-03-12,20.792404294657477,462.4907813470066,CO2,RC
9GW3,2025-03-12,18.84191103112526,459.2537456480604,CO2,RC
9GW4,2025-03-12,19.483192953274244,456.3669514053436,CO2,RC
5GW2,2025-03-12,428.77014862411033,9872.437913919986,CO2,RC
5GW2,2025-03-12,438.6024347820626,10098.826422909626,CO2,RC
5GW2,2025-03-12,435.68650673794156,10031.687144045602,CO2,RC
6GW1,2025-03-12,293.2185636030565,7086.498539253962,CO2,RC
6GW1,2025-03-12,293.80019093476284,7100.555293321234,CO2,RC
6GW1,2025-03-12,290.84568439807134,7029.150856988124,CO2,RC
6GW5,2025-03-12,18.422815507409762,454.13884969682516,CO2,RC
6GW5,2025-03-12,19.004442839116113,468.47648268604536,CO2,RC
6GW5,2025-03-12,16.049936302424605,395.64525884541314,CO2,RC
6GW2,2025-03-12,168.28412971727454,3908.174832459821,CO2,RC
6GW2,2025-03-12,168.8657570489809,3921.6823527676747,CO2,RC
6GW2,2025-03-12,165.91125051228937,3853.0678725523694,CO2,RC
6GW3,2025-03-12,180.49390204239234,4191.730536680167,CO2,RC
6GW3,2025-03-12,181.07552937409866,4205.23805698802,CO2,RC
6GW3,2025-03-12,178.12102283740717,4136.623576772715,CO2,RC
5GW4,2025-03-12,11.815873376676745,279.94468409695145,CO2,RC
5GW4,2025-03-12,21.64815953462895,512.8937141595017,CO2,RC
5GW4,2025-03-12,18.73223149050798,443.8088036210923,CO2,RC
6GW1,2025-03-12,NA,NA,CO2,RC
6GW1,2025-03-12,NA,NA,CO2,RC
6GW1,2025-03-12,NA,NA,CO2,RC
6GW4,2025-03-12,NA,NA,CO2,RC
6GW4,2025-03-12,NA,NA,CO2,RC
6GW4,2025-03-12,NA,NA,CO2,RC
6GW3,2025-03-12,NA,NA,CO2,RC
6GW3,2025-03-12,NA,NA,CO2,RC
6GW3,2025-03-12,NA,NA,CO2,RC
5GW5,2025-03-12,NA,NA,CO2,RC
5GW5,2025-03-12,NA,NA,CO2,RC
5GW5,2025-03-12,NA,NA,CO2,RC
5GW5,2025-03-12,NA,NA,CO2,RC
5GW5,2025-03-12,NA,NA,CO2,RC
5GW5,2025-03-12,NA,NA,CO2,RC
5GW6,2025-03-12,NA,NA,CO2,RC
5GW6,2025-03-12,NA,NA,CO2,RC
5GW6,2025-03-12,NA,NA,CO2,RC
5GW3,2025-03-12,NA,NA,CO2,RC
5GW3,2025-03-12,NA,NA,CO2,RC
5GW3,2025-03-12,NA,NA,CO2,RC
6GW5,2025-03-12,NA,NA,CO2,RC
6GW5,2025-03-12,NA,NA,CO2,RC
6GW5,2025-03-12,NA,NA,CO2,RC
5GW2,2025-03-12,NA,NA,CO2,RC
5GW2,2025-03-12,NA,NA,CO2,RC
5GW2,2025-03-12,NA,NA,CO2,RC
6GW4,2025-03-12,NA,NA,CO2,RC
6GW4,2025-03-12,NA,NA,CO2,RC
6GW4,2025-03-12,NA,NA,CO2,RC
5GW1,2025-03-12,NA,NA,CO2,RC
5GW1,2025-03-12,NA,NA,CO2,RC
5GW1,2025-03-12,NA,NA,CO2,RC
9GW5,2025-01-30,1204.149553135525,26861.71233436299,CO2,RC
9GW2,2025-01-30,2711.9999137431328,62086.608600386586,CO2,RC
9GW1,2025-01-30,1519.2364931143231,32069.024845146592,CO2,RC
9GW5,2025-01-30,1654.8710728661652,36916.23735111457,CO2,RC
6GW2,2025-01-30,1302.22208808188,28965.65988566646,CO2,RC
9GW4,2025-01-30,1815.7116355678081,39806.8378798104,CO2,RC
9GW2,2025-01-30,2287.777509826564,52374.76081675948,CO2,RC
6GW1,2025-01-30,1036.1376471859596,22980.53082265437,CO2,RC
9GW4,2025-01-30,1872.3157443499074,41047.80067229455,CO2,RC
9GW1,2025-01-30,1312.0735048933104,27696.09472770599,CO2,RC
6GW4,2025-01-30,1028.0523935191125,23066.18094599428,CO2,RC
9GW3,2025-01-30,2286.216645127782,52489.43294010914,CO2,RC
6GW3,2025-01-30,645.4875356438617,15249.564861492581,CO2,RC
6GW2,2025-01-30,1199.1186771439295,26672.304273276484,CO2,RC
6GW4,2025-01-30,1044.9196333749153,23444.62742306695,CO2,RC
5GW4,2025-01-30,1732.8339505306828,39329.76400683788,CO2,RC
5GW5,2025-01-30,1257.7254592334318,27334.656012174077,CO2,RC
5GW1,2025-01-30,634.1772324779497,13308.43274092075,CO2,RC
5GW4,2025-01-30,1395.6914982690844,31677.713399176097,CO2,RC
5GW2,2025-01-30,505.6974149182624,10612.238486393771,CO2,RC
5GW1,2025-01-30,597.3017254435064,12534.587228937155,CO2,RC
5GW3,2025-01-30,2041.1480271807902,43975.553296544625,CO2,RC
5GW6,2025-01-30,1272.727958915387,28146.31527017037,CO2,RC
5GW6,2025-01-30,1448.5193825360252,32033.933827112513,CO2,RC
5GW3,2025-01-30,2116.46097223476,45598.13450331529,CO2,RC
5GW5,2025-01-30,25.844561165613946,561.6902989927737,CO2,RC
5GW8,2025-01-30,1364.4146749795423,28548.892423978206,CO2,RC
5GW5,2025-01-30,1960.4395342838345,42607.025173026675,CO2,RC
5GW8,2025-01-30,25.75432689997715,538.8812665258383,CO2,RC
5GW2,2025-01-30,98.57042156906901,2068.5350380215214,CO2,RC
6GW3,2025-01-30,584.2549886962234,13802.953355073665,CO2,RC
6GW3,2025-01-30,925.960832648716,21875.712538110183,CO2,RC
6GW4,2025-01-10,855.3452139143247,20155.66662920238,CO2,RC
6GW1,2025-01-10,1756.0695798573681,42320.529920292436,CO2,RC
5GW2,2025-01-10,1119.737053128339,25065.36543050025,CO2,RC
5GW4,2025-01-10,2448.1200387076888,56854.3280830588,CO2,RC
9GW2,2025-01-10,796.645476203779,19253.306932721465,CO2,RC
5GW8,2025-01-10,2805.9269068560443,61515.86810142747,CO2,RC
6GW3,2025-01-10,288.9127486132701,7162.2053011357075,CO2,RC
9GW4,2025-01-10,3098.6236949549266,72167.48893291302,CO2,RC
9GW1,2025-01-10,671.1647708636041,14084.629270295243,CO2,RC
5GW5,2025-01-10,2613.0134164059914,59648.95112615993,CO2,RC
5GW7,2025-01-10,NA,NA,CO2,RC
9GW2,2025-01-10,28.727082933698114,694.2753853820361,CO2,RC
9GW4,2025-01-10,2816.70168382313,65601.47588285324,CO2,RC
5GW5,2025-01-10,687.2292882192178,15687.8284543353,CO2,RC
9GW5,2025-01-10,1122.9460433254637,26909.39919012397,CO2,RC
6GW2,2025-01-10,796.3668646551852,19192.10269897543,CO2,RC
6GW1,2025-01-10,575.3165641018286,13864.88448065301,CO2,RC
9GW1,2025-01-10,1618.7283836712074,33969.585656256844,CO2,RC
5GW4,2025-01-10,699.5368434755882,16245.811715238884,CO2,RC
6GW3,2025-01-10,2682.9443271989735,66510.7309218748,CO2,RC
9GW3,2025-01-10,887.5475107301874,21511.06276279803,CO2,RC
6GW4,2025-01-10,4486.870941625243,105730.26356667292,CO2,RC
6GW2,2025-01-10,102.65665592691023,2473.98174224101,CO2,RC
5GW8,2025-01-10,797.872636054639,17492.1975769747,CO2,RC
9GW3,2025-01-10,1956.6323975260877,47421.95972391465,CO2,RC
9GW2,2025-01-10,4085.007722256131,98726.3592757995,CO2,RC
5GW8,2025-01-10,849.572562354658,18625.64329837056,CO2,RC
5GW3,2025-01-10,2537.76359456592,60640.51354899454,CO2,RC
5GW3,2025-01-10,1705.3723059264667,40750.309699868965,CO2,RC
6GW1,2024-12-09,628.6266276952427,15627.707689936204,CO2,RC
6GW3,2024-12-09,681.1097863221731,17560.447869374188,CO2,RC
6GW4,2024-12-09,906.8757489418692,22863.883121570707,CO2,RC
9GW1,2024-12-09,1195.2378499705846,26432.625379568024,CO2,RC
9GW3,2024-12-09,-6.773375104959174,-172.6919509832013,CO2,RC
5GW3,2024-12-09,2998.572521247627,68253.94699724858,CO2,RC
5GW2,2024-12-09,1025.8167959401662,24165.83124251481,CO2,RC
5GW8,2024-12-09,1672.0224861656236,39501.32875489743,CO2,RC
6GW3,2024-12-09,667.4291942771599,17207.73333164033,CO2,RC
5GW3,2024-12-09,2855.949519393516,65007.54133583452,CO2,RC
5GW8,2024-12-09,1551.9471032127474,36664.562373681474,CO2,RC
5GW5,2024-12-09,3204.9958894117385,77239.0376714347,CO2,RC
5GW7,2024-12-09,2374.2329660293803,55772.0684742679,CO2,RC
6GW1,2024-12-09,20.03062808780569,497.9629987195053,CO2,RC
9GW2,2024-12-09,1421.489264871481,36445.000243085866,CO2,RC
9GW2,2024-12-09,1210.3053141217133,31030.538574881168,CO2,RC
9GW4,2024-12-09,883.5975993008657,21720.11986471052,CO2,RC
9GW5,2024-12-09,525.1476231417291,13165.769036945969,CO2,RC
5GW4,2024-12-09,1791.232640730054,42801.96447461907,CO2,RC
9GW4,2024-12-09,2252.620880388269,55372.71216048561,CO2,RC
5GW7,2024-12-09,1933.6031165593415,45421.42534527967,CO2,RC
9GW1,2024-12-09,1075.6112023490182,23787.08803980567,CO2,RC
9GW5,2024-12-09,317.86744906095265,7969.129506219306,CO2,RC
5GW2,2024-12-09,1017.9757716183896,23981.115149662342,CO2,RC
6GW4,2024-12-09,890.3307986782252,22446.756729645975,CO2,RC
5GW5,2024-12-09,3352.566333940834,80795.42261465071,CO2,RC
5GW4,2024-12-09,1726.7916573015984,41262.1306078746,CO2,RC
5GW6,2024-12-09,1670.2908374832978,41058.18896267954,CO2,RC
9GW3,2024-12-09,2425.7853146830935,61847.098701548624,CO2,RC
9GW3,2024-12-09,2246.4243890770967,57274.16605082706,CO2,RC
6GW2,2024-12-09,1503.171192134541,37263.916987033204,CO2,RC
5GW6,2024-12-09,2253.1234570163165,55385.06622823209,CO2,RC
6GW2,2024-12-09,-4.046412738696799,-100.31138780404144,CO2,RC
9GW1,2024-12-09,27.034733545030253,597.871782632898,CO2,RC
6GW1,2024-12-09,628.6266276952427,15627.707689936204,CO2,RC
6GW3,2024-12-09,681.1097863221731,17560.447869374188,CO2,RC
6GW4,2024-12-09,906.8757489418692,22863.883121570707,CO2,RC
9GW1,2024-12-09,1195.2378499705846,26432.625379568024,CO2,RC
9GW3,2024-12-09,-6.773375104959174,-172.6919509832013,CO2,RC
5GW3,2024-12-09,2998.572521247627,68253.94699724858,CO2,RC
5GW2,2024-12-09,1025.8167959401662,24165.83124251481,CO2,RC
5GW8,2024-12-09,1672.0224861656236,39501.32875489743,CO2,RC
6GW3,2024-12-09,667.4291942771599,17207.73333164033,CO2,RC
5GW3,2024-12-09,2855.949519393516,65007.54133583452,CO2,RC
5GW8,2024-12-09,1551.9471032127474,36664.562373681474,CO2,RC
5GW5,2024-12-09,3204.9958894117385,77239.0376714347,CO2,RC
5GW7,2024-12-09,2374.2329660293803,55772.0684742679,CO2,RC
6GW1,2024-12-09,20.03062808780569,497.9629987195053,CO2,RC
9GW2,2024-12-09,1421.489264871481,36445.000243085866,CO2,RC
9GW2,2024-12-09,1210.3053141217133,31030.538574881168,CO2,RC
9GW4,2024-12-09,883.5975993008657,21720.11986471052,CO2,RC
9GW5,2024-12-09,525.1476231417291,13165.769036945969,CO2,RC
5GW4,2024-12-09,1791.232640730054,42801.96447461907,CO2,RC
9GW4,2024-12-09,2252.620880388269,55372.71216048561,CO2,RC
5GW7,2024-12-09,1933.6031165593415,45421.42534527967,CO2,RC
9GW1,2024-12-09,1075.6112023490182,23787.08803980567,CO2,RC
9GW5,2024-12-09,317.86744906095265,7969.129506219306,CO2,RC
5GW2,2024-12-09,1017.9757716183896,23981.115149662342,CO2,RC
6GW4,2024-12-09,890.3307986782252,22446.756729645975,CO2,RC
5GW5,2024-12-09,3352.566333940834,80795.42261465071,CO2,RC
5GW4,2024-12-09,1726.7916573015984,41262.1306078746,CO2,RC
5GW6,2024-12-09,1670.2908374832978,41058.18896267954,CO2,RC
9GW3,2024-12-09,2425.7853146830935,61847.098701548624,CO2,RC
9GW3,2024-12-09,2246.4243890770967,57274.16605082706,CO2,RC
6GW2,2024-12-09,1503.171192134541,37263.916987033204,CO2,RC
5GW6,2024-12-09,2253.1234570163165,55385.06622823209,CO2,RC
6GW2,2024-12-09,-4.046412738696799,-100.31138780404144,CO2,RC
9GW1,2024-12-09,27.034733545030253,597.871782632898,CO2,RC
6GW1,2024-11-01,1486.3330167336235,39839.24903009,CO2,RC
9GW4,2024-11-01,1024.5671384035954,28384.024368063194,CO2,RC
9GW3,2024-11-01,810.5397127798876,22951.043829118735,CO2,RC
6GW2,2024-11-01,1363.9204118931616,36558.13625539129,CO2,RC
5GW5,2024-11-01,839.8985442863132,22699.558674352415,CO2,RC
6GW4,2024-11-01,1058.7771551159844,28457.642264065096,CO2,RC
6GW5,2024-11-01,467.04587338374034,12938.77282828235,CO2,RC
5GW4,2024-11-01,635.3570673884975,17361.657363216058,CO2,RC
5GW4,2024-11-01,379.3423571428954,10365.843658810803,CO2,RC
5GW5,2024-11-01,1786.7471968438817,48289.6096283344,CO2,RC
6GW4,2024-11-01,1052.5567086452838,28290.450103249565,CO2,RC
9GW1,2024-11-01,1239.2104905866956,33123.78447767251,CO2,RC
9GW3,2024-11-01,1100.7796280015382,31169.40612547765,CO2,RC
6GW3,2024-11-01,300.02702638994913,8175.968797911517,CO2,RC
6GW1,2024-11-01,1602.5028662059858,42953.03275877841,CO2,RC
6GW2,2024-11-01,1229.215006174223,32947.530729094295,CO2,RC
9GW4,2024-11-01,833.7234402705254,23096.99926716001,CO2,RC
9GW2,2024-11-01,1519.5789999054628,42677.30229614679,CO2,RC
5GW3,2024-11-01,440.2230822481684,11702.130443458535,CO2,RC
9GW1,2024-11-01,1568.8794519491664,41935.75283018273,CO2,RC
5GW7,2024-11-01,197.37241069283982,5032.14810115106,CO2,RC
6GW5,2024-11-01,515.2217052468027,14273.40863134304,CO2,RC
5GW7,2024-11-01,252.86304984172074,6446.920882435378,CO2,RC
9GW2,2024-11-01,1937.2894431536954,54408.679776272096,CO2,RC
5GW3,2025-04-17,5.9445939298419015,146.53954755869466,CH4,RC
5GW8,2025-04-17,8.112319572369856,196.05832622993267,CH4,RC
5GW5,2025-04-17,0.703930609621074,17.352517979193866,CH4,RC
9GW4,2025-04-17,1.7122638346418024,43.16908929830925,CH4,RC
5GW8,2025-04-17,4.784968937907588,115.64300354039467,CH4,RC
6GW2,2025-04-17,0.7332960288895803,17.923985222479015,CH4,RC
9GW2,2025-04-17,2.743026405389857,68.19185341603297,CH4,RC
6GW1,2025-04-17,5.151208245671049,126.26732940211946,CH4,RC
9GW3,2025-04-17,-0.012007177790163607,-0.3078472755971549,CH4,RC
9GW5,2025-04-17,-0.033779574587527984,-0.8516406422453869,CH4,RC
5GW4,2025-04-17,5.574921722510794,137.81470166101136,CH4,RC
9GW2,2025-04-17,3.9807836958026237,98.9625975643954,CH4,RC
5GW2,2025-04-17,0.25319204143816726,6.223830274300245,CH4,RC
6GW3,2025-04-17,0.010538987149802887,0.26126361676741994,CH4,RC
5GW5,2025-04-17,0.056993705814311554,1.40494573090961,CH4,RC
9GW1,2025-04-17,-0.010818009804232247,-0.26070943477946534,CH4,RC
5GW3,2025-04-17,-0.017443270246955387,-0.42999218451257004,CH4,RC
6GW5,2025-04-17,-0.004421793440640863,-0.11305233487210682,CH4,RC
9GW3,2025-04-17,2.5620334184311413,65.6869600530955,CH4,RC
9GW4,2025-04-17,5.5790819853879245,140.65816468066865,CH4,RC
6GW4,2025-04-17,0.36595699784614055,8.919855407942773,CH4,RC
9GW5,2025-04-17,0.17350322442541447,4.37431197063867,CH4,RC
5GW4,2025-04-17,0.007492459732297842,0.18521714816988066,CH4,RC
6GW4,2025-04-17,-0.010555731851808697,-0.25728597184179397,CH4,RC
6GW3,2025-04-17,0.19276866244754706,4.778774016382213,CH4,RC
6GW1,2025-04-17,2.426360074267934,59.47536813391425,CH4,RC
9GW1,2025-04-17,2.356186675472611,56.78309666137037,CH4,RC
5GW2,2025-04-17,0.00997990750204535,0.24532070634263922,CH4,RC
6GW2,2025-04-17,NA,NA,CH4,RC
6GW5,2025-04-17,NA,NA,CH4,RC
5GW6,2025-04-17,NA,NA,CH4,RC
5GW6,2025-04-17,NA,NA,CH4,RC
5GW2,2025-03-12,0.40026281829708577,9.21605628462917,CH4,RC
5GW2,2025-03-12,0.39573909384887396,9.11189747390514,CH4,RC
5GW2,2025-03-12,0.39500818840751195,9.09506836718223,CH4,RC
6GW1,2025-03-12,0.26482962659832593,6.400395455796599,CH4,RC
6GW1,2025-03-12,0.2587473481145342,6.253399109245105,CH4,RC
6GW1,2025-03-12,0.2561017573311254,6.1894605407188985,CH4,RC
6GW5,2025-03-12,0.009299558728581086,0.22924242507814577,CH4,RC
6GW5,2025-03-12,0.0032172802447893367,0.0793088303431845,CH4,RC
6GW5,2025-03-12,5.716894613805262e-4,0.014092655613401032,CH4,RC
6GW2,2025-03-12,0.27741684982101444,6.442636940228837,CH4,RC
6GW2,2025-03-12,0.2713345713372227,6.301384121354577,CH4,RC
6GW2,2025-03-12,0.26868898055381385,6.239943798169754,CH4,RC
6GW3,2025-03-12,0.2834551659873355,6.582868792818255,CH4,RC
6GW3,2025-03-12,0.2773728875035437,6.4416159739439935,CH4,RC
6GW3,2025-03-12,0.2747272967201349,6.380175650759171,CH4,RC
5GW4,2025-03-12,0.01397670689116347,0.33113970255349023,CH4,RC
5GW4,2025-03-12,0.009452982442951641,0.22396246975612139,CH4,RC
5GW4,2025-03-12,0.008722077001589649,0.20664567171978582,CH4,RC
6GW1,2025-03-12,0.01663350384466766,0.4019980837825911,CH4,RC
6GW1,2025-03-12,0.010551225360875912,0.25500173723109765,CH4,RC
6GW1,2025-03-12,0.0079056345774671,0.1910631687048897,CH4,RC
6GW4,2025-03-12,0.013765898849468765,0.3224472141888128,CH4,RC
6GW4,2025-03-12,0.007683620365677015,0.179978220738749,CH4,RC
6GW4,2025-03-12,0.005038029582268205,0.11800890167559973,CH4,RC
6GW3,2025-03-12,0.23373915973353765,5.428280747362398,CH4,RC
6GW3,2025-03-12,0.22765688124974592,5.287027928488137,CH4,RC
6GW3,2025-03-12,0.22501129046633708,5.225587605303314,CH4,RC
5GW5,2025-03-12,-0.01047782619501286,-0.2330609753002333,CH4,RC
5GW5,2025-03-12,-0.015001550643224688,-0.3336833383998976,CH4,RC
5GW5,2025-03-12,-0.01573245608458668,-0.3499410555871853,CH4,RC
5GW5,2025-03-12,0.05050767950462872,1.1234552689090416,CH4,RC
5GW5,2025-03-12,0.045983955056416885,1.0228329058093772,CH4,RC
5GW5,2025-03-12,0.04525304961505489,1.0065751886220895,CH4,RC
5GW6,2025-03-12,0.6082830211733965,14.248191691695123,CH4,RC
5GW6,2025-03-12,0.6037592967251846,14.142229679186215,CH4,RC
5GW6,2025-03-12,0.6030283912838227,14.125109226248144,CH4,RC
5GW3,2025-03-12,-0.011534068616594154,-0.2514039998969633,CH4,RC
5GW3,2025-03-12,-0.01605779306480598,-0.35000601610795756,CH4,RC
5GW3,2025-03-12,-0.016788698506167973,-0.3659373025961005,CH4,RC
6GW5,2025-03-12,-0.01735507243997024,-0.42781802982954087,CH4,RC
6GW5,2025-03-12,-0.02343735092376199,-0.5777516245645021,CH4,RC
6GW5,2025-03-12,-0.0260829417071708,-0.6429677992942856,CH4,RC
5GW2,2025-03-12,0.006792893927617189,0.1564064657286493,CH4,RC
5GW2,2025-03-12,0.0022691694794053606,0.052247655004618594,CH4,RC
5GW2,2025-03-12,0.001538264038043368,0.03541854828170995,CH4,RC
6GW4,2025-03-12,-0.009047873260905618,-0.21193396517111937,CH4,RC
6GW4,2025-03-12,-0.015130151744697366,-0.35440295862118315,CH4,RC
6GW4,2025-03-12,-0.017775742528106177,-0.4163722776843324,CH4,RC
5GW1,2025-03-12,-0.01998687627662185,-0.46151870134414313,CH4,RC
5GW1,2025-03-12,-0.02451060072483368,-0.5659764166810566,CH4,RC
5GW1,2025-03-12,-0.025241506166195672,-0.5828538179034435,CH4,RC
5GW4,2025-03-12,-0.017875755941593324,-0.42351696658677307,CH4,RC
5GW4,2025-03-12,-0.022399480389805153,-0.5306941993841419,CH4,RC
5GW4,2025-03-12,-0.023130385831167145,-0.5480109974204775,CH4,RC
6GW1,2025-03-12,-0.008035141104248645,-0.1941930790406612,CH4,RC
6GW1,2025-03-12,-0.014117419588040395,-0.3411894255921547,CH4,RC
6GW1,2025-03-12,-0.016763010371449207,-0.4051279941183626,CH4,RC
6GW4,2025-03-12,0.009354660380470876,0.21912003076222641,CH4,RC
6GW4,2025-03-12,0.003272381896679127,0.07665103731216269,CH4,RC
6GW4,2025-03-12,6.267911132703168e-4,0.014681718249013407,CH4,RC
6GW3,2025-03-12,0.009867460263330638,0.2291586255117172,CH4,RC
6GW3,2025-03-12,0.00378518177953889,0.08790580663745641,CH4,RC
6GW3,2025-03-12,0.0011395909961300797,0.026465483452633713,CH4,RC
5GW5,2025-03-12,0.008769843515373073,0.1950698785112618,CH4,RC
5GW5,2025-03-12,0.004246119067161245,0.09444751541159745,CH4,RC
5GW5,2025-03-12,0.0035152136257992524,0.07818979822430978,CH4,RC
5GW5,2025-03-12,0.009369254647858358,0.2084027340619036,CH4,RC
5GW5,2025-03-12,0.004845530199646529,0.10778037096223929,CH4,RC
5GW5,2025-03-12,0.004114624758284537,0.09152265377495163,CH4,RC
5GW6,2025-03-12,0.00937717694441019,0.2196474502496663,CH4,RC
5GW6,2025-03-12,0.0048534524961983605,0.11368543774076142,CH4,RC
5GW6,2025-03-12,0.004122547054836368,0.09656498480268728,CH4,RC
5GW3,2025-03-12,0.0032548119303715114,0.07094398042946433,CH4,RC
5GW3,2025-03-12,-0.0012689125178403174,-0.027658035781529935,CH4,RC
5GW3,2025-03-12,-0.0019998179592023097,-0.0435893222696729,CH4,RC
6GW5,2025-03-12,0.0012209117565888297,0.030096564800074825,CH4,RC
6GW5,2025-03-12,-0.004861366727202919,-0.1198370299348864,CH4,RC
6GW5,2025-03-12,-0.00750695751061173,-0.1850532046646699,CH4,RC
5GW2,2025-03-12,0.009202283465851849,0.2118826893020468,CH4,RC
5GW2,2025-03-12,0.00467855901764002,0.1077238785780161,CH4,RC
5GW2,2025-03-12,0.003947653576278028,0.09089477185510746,CH4,RC
6GW4,2025-03-12,0.015719098397885857,0.36819822253406465,CH4,RC
6GW4,2025-03-12,0.009636819914094109,0.22572922908400092,CH4,RC
6GW4,2025-03-12,0.006991229130685299,0.16375991002085163,CH4,RC
5GW1,2025-03-12,0.00930119616627176,0.2147747309881485,CH4,RC
5GW1,2025-03-12,0.004777471718059931,0.11031701565123507,CH4,RC
5GW1,2025-03-12,0.004046566276697939,0.09343961442884811,CH4,RC
5GW3,2025-03-12,0.016769264848865453,0.3655137140653845,CH4,RC
5GW3,2025-03-12,0.012245540400653622,0.2669116978543902,CH4,RC
5GW3,2025-03-12,0.01151463495929163,0.25098041136624727,CH4,RC
5GW1,2025-03-12,0.016334339925655604,0.37717766625793736,CH4,RC
5GW1,2025-03-12,0.011810615477443775,0.2727199509210239,CH4,RC
5GW1,2025-03-12,0.011079710036081783,0.25584254969863696,CH4,RC
9GW4,2025-03-12,-5.613826803858311e-4,-0.013149615827029374,CH4,RC
9GW3,2025-03-12,-7.446674266678009e-4,-0.018150563623527835,CH4,RC
9GW5,2025-03-12,-6.696355744615731e-4,-0.01559592989226896,CH4,RC
9GW2,2025-03-12,-9.159148501338856e-4,-0.022010644976197292,CH4,RC
9GW2,2025-03-12,-6.885103964417061e-4,-0.016545815253769493,CH4,RC
9GW1,2025-03-12,-3.2183147944845844e-4,-0.007325575281127967,CH4,RC
9GW1,2025-03-12,-4.3863936593074805e-4,-0.00998437350472592,CH4,RC
5GW5,2025-03-12,0.016775802797056913,0.3731484840994413,CH4,RC
5GW5,2025-03-12,0.012252078348845084,0.27252612099977697,CH4,RC
5GW5,2025-03-12,0.011521172907483092,0.2562684038124893,CH4,RC
9GW3,2025-03-12,-7.774146360180807e-4,-0.018948745852962707,CH4,RC
9GW4,2025-03-12,-5.191956276539787e-4,-0.01216144224120157,CH4,RC
5GW2,2025-03-12,0.40026281829708493,9.216056284629152,CH4,RC
5GW2,2025-03-12,0.3957390938488731,9.111897473905122,CH4,RC
5GW2,2025-03-12,0.3950081884075112,9.095068367182215,CH4,RC
6GW1,2025-03-12,0.2648296265983269,6.400395455796621,CH4,RC
6GW1,2025-03-12,0.25874734811453515,6.253399109245129,CH4,RC
6GW1,2025-03-12,0.2561017573311263,6.189460540718921,CH4,RC
6GW5,2025-03-12,0.009299558728581054,0.229242425078145,CH4,RC
6GW5,2025-03-12,0.0032172802447893055,0.07930883034318374,CH4,RC
6GW5,2025-03-12,5.716894613804952e-4,0.014092655613400267,CH4,RC
6GW2,2025-03-12,0.277416849821014,6.4426369402288275,CH4,RC
6GW2,2025-03-12,0.2713345713372223,6.301384121354567,CH4,RC
6GW2,2025-03-12,0.2686889805538134,6.239943798169743,CH4,RC
6GW3,2025-03-12,0.28345516598733494,6.582868792818242,CH4,RC
6GW3,2025-03-12,0.27737288750354316,6.44161597394398,CH4,RC
6GW3,2025-03-12,0.27472729672013435,6.380175650759157,CH4,RC
5GW4,2025-03-12,0.013976706891163395,0.3311397025534885,CH4,RC
5GW4,2025-03-12,0.009452982442951566,0.2239624697561196,CH4,RC
5GW4,2025-03-12,0.008722077001589574,0.206645671719784,CH4,RC
6GW1,2025-03-12,NA,NA,CH4,RC
6GW1,2025-03-12,NA,NA,CH4,RC
6GW1,2025-03-12,NA,NA,CH4,RC
6GW4,2025-03-12,NA,NA,CH4,RC
6GW4,2025-03-12,NA,NA,CH4,RC
6GW4,2025-03-12,NA,NA,CH4,RC
6GW3,2025-03-12,NA,NA,CH4,RC
6GW3,2025-03-12,NA,NA,CH4,RC
6GW3,2025-03-12,NA,NA,CH4,RC
5GW5,2025-03-12,NA,NA,CH4,RC
5GW5,2025-03-12,NA,NA,CH4,RC
5GW5,2025-03-12,NA,NA,CH4,RC
5GW5,2025-03-12,NA,NA,CH4,RC
5GW5,2025-03-12,NA,NA,CH4,RC
5GW5,2025-03-12,NA,NA,CH4,RC
5GW6,2025-03-12,NA,NA,CH4,RC
5GW6,2025-03-12,NA,NA,CH4,RC
5GW6,2025-03-12,NA,NA,CH4,RC
5GW3,2025-03-12,NA,NA,CH4,RC
5GW3,2025-03-12,NA,NA,CH4,RC
5GW3,2025-03-12,NA,NA,CH4,RC
6GW5,2025-03-12,NA,NA,CH4,RC
6GW5,2025-03-12,NA,NA,CH4,RC
6GW5,2025-03-12,NA,NA,CH4,RC
5GW2,2025-03-12,NA,NA,CH4,RC
5GW2,2025-03-12,NA,NA,CH4,RC
5GW2,2025-03-12,NA,NA,CH4,RC
6GW4,2025-03-12,NA,NA,CH4,RC
6GW4,2025-03-12,NA,NA,CH4,RC
6GW4,2025-03-12,NA,NA,CH4,RC
5GW1,2025-03-12,NA,NA,CH4,RC
5GW1,2025-03-12,NA,NA,CH4,RC
5GW1,2025-03-12,NA,NA,CH4,RC
9GW5,2025-01-30,1.021248721611267,22.781629831880466,CH4,RC
9GW2,2025-01-30,2.3018206825302223,52.696255283902104,CH4,RC
9GW1,2025-01-30,32.320280782420184,682.2373554816598,CH4,RC
9GW5,2025-01-30,1.2535976677265448,27.96478215335839,CH4,RC
6GW2,2025-01-30,1.1949263127935663,26.579052437817076,CH4,RC
9GW4,2025-01-30,16.118821451040315,353.38172634142927,CH4,RC
9GW2,2025-01-30,1.358333600381931,31.096729084798415,CH4,RC
6GW1,2025-01-30,3.7809300202772897,83.85737078973966,CH4,RC
9GW4,2025-01-30,18.322364709901247,401.69120872198124,CH4,RC
9GW1,2025-01-30,33.881431872641066,715.1911407061659,CH4,RC
6GW4,2025-01-30,3.3831581321906317,75.90716011943256,CH4,RC
9GW3,2025-01-30,4.83912239653335,111.10180264986246,CH4,RC
6GW3,2025-01-30,2.496777452549866,58.986064958469754,CH4,RC
6GW2,2025-01-30,1.1544869777805025,25.679549937658845,CH4,RC
6GW4,2025-01-30,4.141823922083415,92.92917426727209,CH4,RC
5GW4,2025-01-30,3.0338775235732407,68.85927355661681,CH4,RC
5GW5,2025-01-30,0.9368063851186637,20.35999199923508,CH4,RC
5GW1,2025-01-30,0.10237052548581414,2.1482815580706633,CH4,RC
5GW4,2025-01-30,2.384322329026412,54.116457314403476,CH4,RC
5GW2,2025-01-30,0.23110924818621864,4.849909028227363,CH4,RC
5GW1,2025-01-30,0.1133303820590748,2.3782780110897317,CH4,RC
5GW3,2025-01-30,16.89248307566098,363.9404295585224,CH4,RC
5GW6,2025-01-30,1.7552432775666271,38.817117452451505,CH4,RC
5GW6,2025-01-30,2.4733451703107723,54.697904959081974,CH4,RC
5GW3,2025-01-30,16.349387486389528,352.23969609231136,CH4,RC
5GW5,2025-01-30,0.017195181173242678,0.3737098259297975,CH4,RC
5GW8,2025-01-30,0.002847504280522473,0.059580928637162626,CH4,RC
5GW5,2025-01-30,2.362299875626676,51.34081847815423,CH4,RC
5GW8,2025-01-30,0.004274321166902255,0.08943551943345605,CH4,RC
5GW2,2025-01-30,0.06616364394049729,1.3884673876351326,CH4,RC
6GW3,2025-01-30,1.844407274480651,43.573898503161445,CH4,RC
6GW3,2025-01-30,4.326941235495315,102.22346269898901,CH4,RC
6GW4,2025-01-10,1.4042561571568053,33.090404324741364,CH4,RC
6GW1,2025-01-10,0.011336627960509703,0.2732079117485441,CH4,RC
5GW2,2025-01-10,20.206868093851902,452.33167158599156,CH4,RC
5GW4,2025-01-10,7.095760030765171,164.78957829238547,CH4,RC
9GW2,2025-01-10,10.337164304485475,249.82831524586638,CH4,RC
5GW8,2025-01-10,0.9391557420938939,20.58962427573677,CH4,RC
6GW3,2025-01-10,37.310517671794805,924.935257234863,CH4,RC
9GW4,2025-01-10,36.93385103581273,860.1958638012821,CH4,RC
9GW1,2025-01-10,32.77560462768254,687.807614956739,CH4,RC
5GW5,2025-01-10,0.6709386169629346,15.315950741240773,CH4,RC
5GW7,2025-01-10,NA,NA,CH4,RC
9GW2,2025-01-10,0.5518828812763251,13.337890970976636,CH4,RC
9GW4,2025-01-10,32.34825750106285,753.3965866871524,CH4,RC
5GW5,2025-01-10,2.1431193978627703,48.922375758969174,CH4,RC
9GW5,2025-01-10,1.8261720901545195,43.76095722133323,CH4,RC
6GW2,2025-01-10,3.0655657414681072,73.87883041340649,CH4,RC
6GW1,2025-01-10,0.6174265088553972,14.879716237507434,CH4,RC
9GW1,2025-01-10,-1.3592324370315967,-28.52397175602132,CH4,RC
5GW4,2025-01-10,36.97306712196955,858.6502520926443,CH4,RC
6GW3,2025-01-10,8.916560633706348,221.04333624998196,CH4,RC
9GW3,2025-01-10,42.81403142739257,1037.6631177809966,CH4,RC
6GW4,2025-01-10,0.01982954820513597,0.4672707072286869,CH4,RC
6GW2,2025-01-10,1.3252305431827054,31.93749239628898,CH4,RC
5GW8,2025-01-10,2.59763922642022,56.94946352205835,CH4,RC
9GW3,2025-01-10,20.438478145880616,495.357579010514,CH4,RC
9GW2,2025-01-10,0.6489700115560743,15.684290184087812,CH4,RC
5GW8,2025-01-10,9.350211581519963,204.98979533779104,CH4,RC
5GW3,2025-01-10,0.01516366781303053,0.36233974095834354,CH4,RC
5GW3,2025-01-10,11.549486852980905,275.9779577151352,CH4,RC
6GW1,2024-12-09,1.7576076818513369,43.69426600057295,CH4,RC
6GW3,2024-12-09,11.694870452066688,301.51844392301905,CH4,RC
6GW4,2024-12-09,2.644457209282722,66.67127290985795,CH4,RC
9GW1,2024-12-09,-0.04427607931422745,-0.9791632835404416,CH4,RC
9GW3,2024-12-09,0.1057144706446523,2.6952646058853404,CH4,RC
5GW3,2024-12-09,-0.29470396891089995,-6.708094912293188,CH4,RC
5GW2,2024-12-09,5.704018997798442,134.37327313261858,CH4,RC
5GW8,2024-12-09,34.203796091223126,808.0605405991213,CH4,RC
6GW3,2024-12-09,11.040871632464457,284.6569739971928,CH4,RC
5GW3,2024-12-09,-0.031032665481118167,-0.7063700777362887,CH4,RC
5GW8,2024-12-09,27.563467466945394,651.1835809897586,CH4,RC
5GW5,2024-12-09,2.5322954247251084,61.02724260948875,CH4,RC
5GW7,2024-12-09,11.844661076903064,278.2377542926252,CH4,RC
6GW1,2024-12-09,0.010269130513916317,0.25529139688160085,CH4,RC
9GW2,2024-12-09,23.223038621796547,595.4062891168501,CH4,RC
9GW2,2024-12-09,15.095305778891971,387.0225659642341,CH4,RC
9GW4,2024-12-09,11.719073778675567,288.07195422171844,CH4,RC
9GW5,2024-12-09,1.3505124208925983,33.85816450739229,CH4,RC
5GW4,2024-12-09,6.069931257128015,145.04256796319,CH4,RC
9GW4,2024-12-09,12.464314802020995,306.3910673202259,CH4,RC
5GW7,2024-12-09,8.91161374325364,209.33882184955667,CH4,RC
9GW1,2024-12-09,0.5811656842977809,12.852450093411619,CH4,RC
9GW5,2024-12-09,0.8510055446692475,21.33522452838351,CH4,RC
5GW2,2024-12-09,4.283749968386124,100.91507492453397,CH4,RC
6GW4,2024-12-09,2.4640022371080805,62.121695531345694,CH4,RC
5GW5,2024-12-09,2.7343664402240733,65.8970681309481,CH4,RC
5GW4,2024-12-09,5.895839234430995,140.8825943219351,CH4,RC
5GW6,2024-12-09,27.577223784909513,677.8884490158365,CH4,RC
9GW3,2024-12-09,26.831688371399125,684.092722051914,CH4,RC
9GW3,2024-12-09,25.90486400348192,660.4626844658943,CH4,RC
6GW2,2024-12-09,23.019524432365117,570.658652864776,CH4,RC
5GW6,2024-12-09,22.905084543543165,563.0404407964968,CH4,RC
6GW2,2024-12-09,-0.00952172571480091,-0.23604550064972424,CH4,RC
9GW1,2024-12-09,0.005262524096308458,0.11638045765710532,CH4,RC
6GW1,2024-12-09,1.7576076818513369,43.69426600057295,CH4,RC
6GW3,2024-12-09,11.694870452066688,301.51844392301905,CH4,RC
6GW4,2024-12-09,2.644457209282722,66.67127290985795,CH4,RC
9GW1,2024-12-09,-0.04427607931422745,-0.9791632835404416,CH4,RC
9GW3,2024-12-09,0.1057144706446523,2.6952646058853404,CH4,RC
5GW3,2024-12-09,-0.29470396891089995,-6.708094912293188,CH4,RC
5GW2,2024-12-09,5.704018997798442,134.37327313261858,CH4,RC
5GW8,2024-12-09,34.203796091223126,808.0605405991213,CH4,RC
6GW3,2024-12-09,11.040871632464457,284.6569739971928,CH4,RC
5GW3,2024-12-09,-0.031032665481118167,-0.7063700777362887,CH4,RC
5GW8,2024-12-09,27.563467466945394,651.1835809897586,CH4,RC
5GW5,2024-12-09,2.5322954247251084,61.02724260948875,CH4,RC
5GW7,2024-12-09,11.844661076903064,278.2377542926252,CH4,RC
6GW1,2024-12-09,0.010269130513916317,0.25529139688160085,CH4,RC
9GW2,2024-12-09,23.223038621796547,595.4062891168501,CH4,RC
9GW2,2024-12-09,15.095305778891971,387.0225659642341,CH4,RC
9GW4,2024-12-09,11.719073778675567,288.07195422171844,CH4,RC
9GW5,2024-12-09,1.3505124208925983,33.85816450739229,CH4,RC
5GW4,2024-12-09,6.069931257128015,145.04256796319,CH4,RC
9GW4,2024-12-09,12.464314802020995,306.3910673202259,CH4,RC
5GW7,2024-12-09,8.91161374325364,209.33882184955667,CH4,RC
9GW1,2024-12-09,0.5811656842977809,12.852450093411619,CH4,RC
9GW5,2024-12-09,0.8510055446692475,21.33522452838351,CH4,RC
5GW2,2024-12-09,4.283749968386124,100.91507492453397,CH4,RC
6GW4,2024-12-09,2.4640022371080805,62.121695531345694,CH4,RC
5GW5,2024-12-09,2.7343664402240733,65.8970681309481,CH4,RC
5GW4,2024-12-09,5.895839234430995,140.8825943219351,CH4,RC
5GW6,2024-12-09,27.577223784909513,677.8884490158365,CH4,RC
9GW3,2024-12-09,26.831688371399125,684.092722051914,CH4,RC
9GW3,2024-12-09,25.90486400348192,660.4626844658943,CH4,RC
6GW2,2024-12-09,23.019524432365117,570.658652864776,CH4,RC
5GW6,2024-12-09,22.905084543543165,563.0404407964968,CH4,RC
6GW2,2024-12-09,-0.00952172571480091,-0.23604550064972424,CH4,RC
9GW1,2024-12-09,0.005262524096308458,0.11638045765710532,CH4,RC
6GW1,2024-11-01,13.093040418547698,350.9421454835638,CH4,RC
9GW4,2024-11-01,2.357193435722434,65.3023441919415,CH4,RC
9GW3,2024-11-01,12.966375187101542,367.15270150468257,CH4,RC
6GW2,2024-11-01,5.254946144061848,140.85208746359353,CH4,RC
5GW5,2024-11-01,5.205617496843549,140.68987333017014,CH4,RC
6GW4,2024-11-01,18.969740405667363,509.86563480161834,CH4,RC
6GW5,2024-11-01,4.533041132947821,125.58078934631992,CH4,RC
5GW4,2024-11-01,1.451065923969555,39.6515765330952,CH4,RC
5GW4,2024-11-01,0.8838599306875802,24.152203636841882,CH4,RC
5GW5,2024-11-01,16.83023527954233,454.86316868873365,CH4,RC
6GW4,2024-11-01,19.823195396973045,532.8046609354012,CH4,RC
9GW1,2024-11-01,0.03849036970853985,1.0288378934623073,CH4,RC
9GW3,2024-11-01,15.678514303991308,443.9489679441386,CH4,RC
6GW3,2024-11-01,17.402469380048945,474.2307663742429,CH4,RC
6GW1,2024-11-01,13.408013418305831,359.3845925219099,CH4,RC
6GW2,2024-11-01,3.8295626449387408,102.6465120335729,CH4,RC
9GW4,2024-11-01,1.773163018095547,49.122698189005156,CH4,RC
9GW2,2024-11-01,11.017129831919405,309.41555542816303,CH4,RC
5GW3,2024-11-01,8.957951907139126,238.1227290223634,CH4,RC
9GW1,2024-11-01,-0.04327908416243266,-1.1568390253933025,CH4,RC
5GW7,2024-11-01,8.43284638126117,215.00133557572966,CH4,RC
6GW5,2024-11-01,4.8693226193671135,134.89694008674488,CH4,RC
5GW7,2024-11-01,15.725189172028005,400.92473185327833,CH4,RC
9GW2,2024-11-01,8.961508712375442,251.68353627642486,CH4,RC
5GW3,2025-04-17,-0.0026861218237763267,-0.06621530105996445,N2O,RC
5GW8,2025-04-17,0.0031246019525963124,0.07551529787452049,N2O,RC
5GW5,2025-04-17,0.0022403247505167704,0.055226005207390884,N2O,RC
9GW4,2025-04-17,-0.0042387317505260666,-0.10686565104513668,N2O,RC
5GW8,2025-04-17,0.002179498522363032,0.05267406301035026,N2O,RC
6GW2,2025-04-17,0.003706655623938475,0.09060193702248483,N2O,RC
9GW2,2025-04-17,0.0032111084329062857,0.07982840964617369,N2O,RC
6GW1,2025-04-17,7.660753346602972e-4,0.018778174365146363,N2O,RC
9GW3,2025-04-17,-0.005323581282745202,-0.13648919196113504,N2O,RC
9GW5,2025-04-17,-0.012618521300457979,-0.3181344263724655,N2O,RC
5GW4,2025-04-17,-0.03828345578921193,-0.9463851334161123,N2O,RC
9GW2,2025-04-17,-0.0022350846904892435,-0.05556438220455255,N2O,RC
5GW2,2025-04-17,0.002442469907283232,0.060039478597628426,N2O,RC
6GW3,2025-04-17,0.010702728592239814,0.26532280014602255,N2O,RC
5GW5,2025-04-17,0.003987199067566947,0.09828801668935004,N2O,RC
9GW1,2025-04-17,-0.00462923744197921,-0.11156265327899567,N2O,RC
5GW3,2025-04-17,4.957729146038727e-4,0.012221244958920019,N2O,RC
6GW5,2025-04-17,0.0066501097607533635,0.17002387056325122,N2O,RC
9GW3,2025-04-17,0.003101576862166036,0.07952010070636062,N2O,RC
9GW4,2025-04-17,0.0017667529388576807,0.04454285247550806,N2O,RC
6GW4,2025-04-17,0.004363262564945977,0.10635039476023529,N2O,RC
9GW5,2025-04-17,-0.0034009993087873356,-0.08574498853165474,N2O,RC
5GW4,2025-04-17,0.009931680168270217,0.24551583098574936,N2O,RC
6GW4,2025-04-17,0.0045052777177575255,0.10981187967860404,N2O,RC
6GW3,2025-04-17,0.0022336069742643805,0.055371567327905886,N2O,RC
6GW1,2025-04-17,0.005049181604457394,0.12376643429178438,N2O,RC
9GW1,2025-04-17,0.005470466701949461,0.13183592062258698,N2O,RC
5GW2,2025-04-17,0.012238118662409992,0.3008308357519497,N2O,RC
6GW2,2025-04-17,NA,NA,N2O,RC
6GW5,2025-04-17,NA,NA,N2O,RC
5GW6,2025-04-17,NA,NA,N2O,RC
5GW6,2025-04-17,NA,NA,N2O,RC
5GW2,2025-03-12,0.03262167044483945,0.7511143608026037,N2O,RC
5GW2,2025-03-12,0.02870801091497286,0.6610023022817075,N2O,RC
5GW2,2025-03-12,0.029622060062484874,0.6820482950777098,N2O,RC
6GW1,2025-03-12,0.044135055665006924,1.0666548654244334,N2O,RC
6GW1,2025-03-12,0.03996530748871637,0.9658805010825441,N2O,RC
6GW1,2025-03-12,0.04137391127533872,0.999923600378945,N2O,RC
6GW5,2025-03-12,0.01341702565662417,0.33074166082819284,N2O,RC
6GW5,2025-03-12,0.009247277480333613,0.2279536456334256,N2O,RC
6GW5,2025-03-12,0.010655881266955967,0.26267698654068145,N2O,RC
6GW2,2025-03-12,0.012055109190937333,0.27996385887207115,N2O,RC
6GW2,2025-03-12,0.007885361014646776,0.18312700974285,N2O,RC
6GW2,2025-03-12,0.009293964801269131,0.21583995704830222,N2O,RC
6GW3,2025-03-12,0.004606651143194953,0.10698333877355928,N2O,RC
6GW3,2025-03-12,4.3690296690439664e-4,0.01014648964433818,N2O,RC
6GW3,2025-03-12,0.0018455067535267497,0.04285943694979037,N2O,RC
5GW4,2025-03-12,0.007840201030991555,0.1857520414199653,N2O,RC
5GW4,2025-03-12,0.003926541501124967,0.09302862218342053,N2O,RC
5GW4,2025-03-12,0.0048405906486369814,0.11468450759214745,N2O,RC
6GW1,2025-03-12,0.016382422105299787,0.39592994690407995,N2O,RC
6GW1,2025-03-12,0.01221267392900923,0.2951555825621905,N2O,RC
6GW1,2025-03-12,0.013621277715631583,0.32919868185859147,N2O,RC
6GW4,2025-03-12,0.015619798380290225,0.36587225643532,N2O,RC
6GW4,2025-03-12,0.01145005020399967,0.2682016503952605,N2O,RC
6GW4,2025-03-12,0.012858653990622023,0.3011962533528232,N2O,RC
6GW3,2025-03-12,0.0030053100943519917,0.06979432519404258,N2O,RC
6GW3,2025-03-12,-0.001164438081938565,-0.027042523935178534,N2O,RC
6GW3,2025-03-12,2.441657046837881e-4,0.005670423370273661,N2O,RC
5GW5,2025-03-12,0.00231769287856885,0.05155303711592044,N2O,RC
5GW5,2025-03-12,-0.0015959666512977387,-0.0354994955418462,N2O,RC
5GW5,2025-03-12,-6.81917503785724e-4,-0.015168065927858838,N2O,RC
5GW5,2025-03-12,0.0013109395522404605,0.02915956467671087,N2O,RC
5GW5,2025-03-12,-0.0026027199776261284,-0.05789296798105576,N2O,RC
5GW5,2025-03-12,-0.0016886708301141135,-0.0375615383670684,N2O,RC
5GW6,2025-03-12,0.0027906197158307556,0.06536642198738286,N2O,RC
5GW6,2025-03-12,-0.0011230398140358333,-0.026305660343636135,N2O,RC
5GW6,2025-03-12,-2.0899066652381844e-4,-0.004895318420465438,N2O,RC
5GW3,2025-03-12,0.005719613054820358,0.12466837571747762,N2O,RC
5GW3,2025-03-12,0.001805953524953769,0.039363728003853744,N2O,RC
5GW3,2025-03-12,0.0027200026724657836,0.05928693285251583,N2O,RC
6GW5,2025-03-12,0.0026586466108379104,0.06553801253183426,N2O,RC
6GW5,2025-03-12,-0.001511101565452646,-0.03725000266293297,N2O,RC
6GW5,2025-03-12,-1.02497778830293e-4,-0.0025266617556771874,N2O,RC
5GW2,2025-03-12,0.005081348871138774,0.11699811987905748,N2O,RC
5GW2,2025-03-12,0.0011676893412721854,0.026886061358161312,N2O,RC
5GW2,2025-03-12,0.0020817384887842003,0.04793205415416361,N2O,RC
6GW4,2025-03-12,0.006892743663910081,0.16145302365280456,N2O,RC
6GW4,2025-03-12,0.0027229954876195244,0.06378241761274506,N2O,RC
6GW4,2025-03-12,0.004131599274241877,0.09677702057030771,N2O,RC
5GW1,2025-03-12,0.0015268085547884738,0.035255669352960206,N2O,RC
5GW1,2025-03-12,-0.002386850975078115,-0.055114983806075775,N2O,RC
5GW1,2025-03-12,-0.0014728018275661002,-0.03400859530964552,N2O,RC
5GW4,2025-03-12,0.0013229382522245807,0.031343390310005624,N2O,RC
5GW4,2025-03-12,-0.002590721277642008,-0.06138002892653915,N2O,RC
5GW4,2025-03-12,-0.0016766721301299933,-0.03972414351781223,N2O,RC
6GW1,2025-03-12,0.006450340521290198,0.15589166020093395,N2O,RC
6GW1,2025-03-12,0.002280592344999642,0.05511729585904453,N2O,RC
6GW1,2025-03-12,0.003689196131621995,0.08916039515544545,N2O,RC
6GW4,2025-03-12,0.01384347096059148,0.32426423401467247,N2O,RC
6GW4,2025-03-12,0.009673722784300922,0.2265936279746129,N2O,RC
6GW4,2025-03-12,0.011082326570923276,0.25958823093217565,N2O,RC
6GW3,2025-03-12,0.013960842016546371,0.32422196615141274,N2O,RC
6GW3,2025-03-12,0.009791093840255815,0.22738511702219166,N2O,RC
6GW3,2025-03-12,0.01119969762687817,0.26009806432764393,N2O,RC
5GW5,2025-03-12,0.014192861198276065,0.3156954516715953,N2O,RC
5GW5,2025-03-12,0.010279201668409475,0.22864291901382863,N2O,RC
5GW5,2025-03-12,0.011193250815921488,0.24897434862781592,N2O,RC
5GW5,2025-03-12,0.014199582558346607,0.31584495660746936,N2O,RC
5GW5,2025-03-12,0.010285923028480018,0.22879242394970267,N2O,RC
5GW5,2025-03-12,0.011199972175992032,0.24912385356369005,N2O,RC
5GW6,2025-03-12,0.01376958036942058,0.32253344872136486,N2O,RC
5GW6,2025-03-12,0.009855920839553991,0.23086136639034585,N2O,RC
5GW6,2025-03-12,0.010769969987066006,0.2522717083135166,N2O,RC
5GW3,2025-03-12,0.013287179936509021,0.2896159451126479,N2O,RC
5GW3,2025-03-12,0.009373520406642433,0.20431129739902404,N2O,RC
5GW3,2025-03-12,0.010287569554154446,0.2242345022476861,N2O,RC
6GW5,2025-03-12,0.01092957535461755,0.269423790148928,N2O,RC
6GW5,2025-03-12,0.0067598271783269916,0.1666357749541607,N2O,RC
6GW5,2025-03-12,0.008168430964949343,0.20135911586141647,N2O,RC
5GW2,2025-03-12,0.013813542821701708,0.31805699234458495,N2O,RC
5GW2,2025-03-12,0.00989988329183512,0.2279449338236888,N2O,RC
5GW2,2025-03-12,0.010813932439347133,0.24899092661969102,N2O,RC
6GW4,2025-03-12,0.015874066570022653,0.3718281384545474,N2O,RC
6GW4,2025-03-12,0.011704318393732099,0.274157532414488,N2O,RC
6GW4,2025-03-12,0.013112922180354453,0.3071521353720506,N2O,RC
5GW1,2025-03-12,0.013533196103384168,0.3124962102244593,N2O,RC
5GW1,2025-03-12,0.00961953657351758,0.22212555706542328,N2O,RC
5GW1,2025-03-12,0.010533585721029593,0.2432319455618535,N2O,RC
5GW3,2025-03-12,0.017629882058761374,0.3842722819342037,N2O,RC
5GW3,2025-03-12,0.013716222528894787,0.2989676342205799,N2O,RC
5GW3,2025-03-12,0.0146302716764068,0.318890839069242,N2O,RC
5GW1,2025-03-12,0.016840075434067972,0.38885564894196006,N2O,RC
5GW1,2025-03-12,0.012926415904201382,0.29848499578292415,N2O,RC
5GW1,2025-03-12,0.013840465051713397,0.3195913842793544,N2O,RC
9GW4,2025-03-12,0.010206024203430687,0.23906205532425656,N2O,RC
9GW3,2025-03-12,0.009678838773653782,0.23591253312794758,N2O,RC
9GW5,2025-03-12,0.010273287586665658,0.23926666843167968,N2O,RC
9GW2,2025-03-12,0.009984066994516198,0.23993033195470295,N2O,RC
9GW2,2025-03-12,0.010094955189131448,0.24259512190037416,N2O,RC
9GW1,2025-03-12,0.010627506549958823,0.24190486094096358,N2O,RC
9GW1,2025-03-12,0.010603168666095205,0.2413508784631406,N2O,RC
5GW5,2025-03-12,0.017092319145799634,0.3801888384213672,N2O,RC
5GW5,2025-03-12,0.01317865961593305,0.29313630576360067,N2O,RC
5GW5,2025-03-12,0.014092708763445063,0.31346773537758804,N2O,RC
9GW3,2025-03-12,0.009846735132578116,0.24000484794618956,N2O,RC
9GW4,2025-03-12,0.010396279325129022,0.24351851942061664,N2O,RC
5GW2,2025-03-12,0.03262167044483944,0.7511143608026035,N2O,RC
5GW2,2025-03-12,0.028708010914972854,0.6610023022817074,N2O,RC
5GW2,2025-03-12,0.02962206006248487,0.6820482950777097,N2O,RC
6GW1,2025-03-12,0.04413505566500692,1.0666548654244332,N2O,RC
6GW1,2025-03-12,0.039965307488716365,0.9658805010825439,N2O,RC
6GW1,2025-03-12,0.041373911275338716,0.9999236003789448,N2O,RC
6GW5,2025-03-12,0.01341702565662416,0.3307416608281927,N2O,RC
6GW5,2025-03-12,0.009247277480333604,0.2279536456334254,N2O,RC
6GW5,2025-03-12,0.010655881266955958,0.26267698654068117,N2O,RC
6GW2,2025-03-12,0.012055109190937356,0.27996385887207165,N2O,RC
6GW2,2025-03-12,0.007885361014646798,0.18312700974285048,N2O,RC
6GW2,2025-03-12,0.009293964801269152,0.21583995704830272,N2O,RC
6GW3,2025-03-12,0.004606651143194937,0.1069833387735589,N2O,RC
6GW3,2025-03-12,4.3690296690438037e-4,0.010146489644337802,N2O,RC
6GW3,2025-03-12,0.0018455067535267334,0.042859436949790004,N2O,RC
5GW4,2025-03-12,0.007840201030991548,0.18575204141996512,N2O,RC
5GW4,2025-03-12,0.003926541501124959,0.09302862218342034,N2O,RC
5GW4,2025-03-12,0.004840590648636974,0.11468450759214725,N2O,RC
6GW1,2025-03-12,NA,NA,N2O,RC
6GW1,2025-03-12,NA,NA,N2O,RC
6GW1,2025-03-12,NA,NA,N2O,RC
6GW4,2025-03-12,NA,NA,N2O,RC
6GW4,2025-03-12,NA,NA,N2O,RC
6GW4,2025-03-12,NA,NA,N2O,RC
6GW3,2025-03-12,NA,NA,N2O,RC
6GW3,2025-03-12,NA,NA,N2O,RC
6GW3,2025-03-12,NA,NA,N2O,RC
5GW5,2025-03-12,NA,NA,N2O,RC
5GW5,2025-03-12,NA,NA,N2O,RC
5GW5,2025-03-12,NA,NA,N2O,RC
5GW5,2025-03-12,NA,NA,N2O,RC
5GW5,2025-03-12,NA,NA,N2O,RC
5GW5,2025-03-12,NA,NA,N2O,RC
5GW6,2025-03-12,NA,NA,N2O,RC
5GW6,2025-03-12,NA,NA,N2O,RC
5GW6,2025-03-12,NA,NA,N2O,RC
5GW3,2025-03-12,NA,NA,N2O,RC
5GW3,2025-03-12,NA,NA,N2O,RC
5GW3,2025-03-12,NA,NA,N2O,RC
6GW5,2025-03-12,NA,NA,N2O,RC
6GW5,2025-03-12,NA,NA,N2O,RC
6GW5,2025-03-12,NA,NA,N2O,RC
5GW2,2025-03-12,NA,NA,N2O,RC
5GW2,2025-03-12,NA,NA,N2O,RC
5GW2,2025-03-12,NA,NA,N2O,RC
6GW4,2025-03-12,NA,NA,N2O,RC
6GW4,2025-03-12,NA,NA,N2O,RC
6GW4,2025-03-12,NA,NA,N2O,RC
5GW1,2025-03-12,NA,NA,N2O,RC
5GW1,2025-03-12,NA,NA,N2O,RC
5GW1,2025-03-12,NA,NA,N2O,RC
9GW5,2025-01-30,0.02357355127159123,0.525869856703399,N2O,RC
9GW2,2025-01-30,-0.10715709694318273,-2.4531788157332546,N2O,RC
9GW1,2025-01-30,0.02111090317766625,0.4456225752715105,N2O,RC
9GW5,2025-01-30,0.02981088583088615,0.665009954566396,N2O,RC
6GW2,2025-01-30,0.016049347744080376,0.3569897580424009,N2O,RC
9GW4,2025-01-30,0.005206789383115279,0.11415128745549505,N2O,RC
9GW2,2025-01-30,-0.1097911347118897,-2.5134806141055956,N2O,RC
6GW1,2025-01-30,0.010047356466133707,0.22284064823169383,N2O,RC
9GW4,2025-01-30,0.0038529758915112986,0.08447089486224775,N2O,RC
9GW1,2025-01-30,0.0137079307112053,0.28935585245983864,N2O,RC
6GW4,2025-01-30,0.008536000103644801,0.19152031957409812,N2O,RC
9GW3,2025-01-30,0.001925120514632563,0.044198997662702466,N2O,RC
6GW3,2025-01-30,0.028703385837791886,0.6781140144576816,N2O,RC
6GW2,2025-01-30,0.014688291302870585,0.3267154305508836,N2O,RC
6GW4,2025-01-30,0.00927306334329425,0.20805764214790032,N2O,RC
5GW4,2025-01-30,-9.84959464612223e-4,-0.02235541569787254,N2O,RC
5GW5,2025-01-30,0.0052497395657782305,0.11409471290460274,N2O,RC
5GW1,2025-01-30,0.012254263823064769,0.25716004537331966,N2O,RC
5GW4,2025-01-30,0.004010490022505883,0.0910252399479066,N2O,RC
5GW2,2025-01-30,0.01605637374828949,0.3369486622174285,N2O,RC
5GW1,2025-01-30,0.01282087960435204,0.26905067724879955,N2O,RC
5GW3,2025-01-30,-0.004051764452925887,-0.08729331791324586,N2O,RC
5GW6,2025-01-30,0.01332715621196631,0.29472939426621897,N2O,RC
5GW6,2025-01-30,0.01132124066656292,0.2503686721254295,N2O,RC
5GW3,2025-01-30,-0.005447042966732894,-0.11735392294059942,N2O,RC
5GW5,2025-01-30,0.013042558920420002,0.2834592072466149,N2O,RC
5GW8,2025-01-30,-0.037286378260548377,-0.7801768929640952,N2O,RC
5GW5,2025-01-30,-0.005201545528060514,-0.11304729239388615,N2O,RC
5GW8,2025-01-30,-0.042458480633633035,-0.8883975072412105,N2O,RC
5GW2,2025-01-30,0.01505693920397884,0.31597517605183434,N2O,RC
6GW3,2025-01-30,0.023644163485595494,0.5585904990553658,N2O,RC
6GW3,2025-01-30,0.007864992297771956,0.18580949058974064,N2O,RC
6GW4,2025-01-10,0.012670520773754114,0.29857277340158433,N2O,RC
6GW1,2025-01-10,-0.07349663513865576,-1.7712376446262068,N2O,RC
5GW2,2025-01-10,0.008359325170283852,0.18712387837855016,N2O,RC
5GW4,2025-01-10,-0.00645522786462838,-0.14991407164013926,N2O,RC
9GW2,2025-01-10,0.009221546508735492,0.22286609367707627,N2O,RC
5GW8,2025-01-10,-0.121706090892305,-2.6682291032520773,N2O,RC
6GW3,2025-01-10,0.012668870969661536,0.3140638661804849,N2O,RC
9GW4,2025-01-10,-0.017655396561009534,-0.41119728026264263,N2O,RC
9GW1,2025-01-10,0.015587098803535489,0.3271007621046236,N2O,RC
5GW5,2025-01-10,-0.011317279506855678,-0.258346875659761,N2O,RC
5GW7,2025-01-10,NA,NA,N2O,RC
9GW2,2025-01-10,0.01092652818058083,0.2640720459146133,N2O,RC
9GW4,2025-01-10,-0.008691978413219057,-0.20243770063542027,N2O,RC
5GW5,2025-01-10,-0.020213339260237093,-0.46142299846616575,N2O,RC
9GW5,2025-01-10,0.013783386673331352,0.3302942793993259,N2O,RC
6GW2,2025-01-10,0.01563861887840763,0.37688406299336724,N2O,RC
6GW1,2025-01-10,0.01270576967465577,0.30620364468718153,N2O,RC
9GW1,2025-01-10,-0.0579836452176984,-1.2168072313759408,N2O,RC
5GW4,2025-01-10,0.015888889488811397,0.3689983013860743,N2O,RC
6GW3,2025-01-10,-0.008314047992032938,-0.20610692635838893,N2O,RC
9GW3,2025-01-10,0.011225115159168195,0.2720577251237508,N2O,RC
6GW4,2025-01-10,-0.08794795757553833,-2.0724377535236216,N2O,RC
6GW2,2025-01-10,0.007550665272181033,0.18196782134077216,N2O,RC
5GW8,2025-01-10,0.017672013294815988,0.3874331994444737,N2O,RC
9GW3,2025-01-10,-0.00290312082291742,-0.07036154512831135,N2O,RC
9GW2,2025-01-10,-0.07826513902325179,-1.8915098230738372,N2O,RC
5GW8,2025-01-10,0.014072997635556759,0.30853001346019193,N2O,RC
5GW3,2025-01-10,-0.11714692401869217,-2.799255867800262,N2O,RC
5GW3,2025-01-10,4.454672462862409e-5,0.001064455437925638,N2O,RC
6GW1,2024-12-09,0.020482649048597694,0.5092002755604192,N2O,RC
6GW3,2024-12-09,0.020342782854763135,0.524479878299816,N2O,RC
6GW4,2024-12-09,0.018299007248560952,0.4613491577650416,N2O,RC
9GW1,2024-12-09,-0.11506905421869974,-2.544746389196884,N2O,RC
9GW3,2024-12-09,-0.006473729658289535,-0.1650522800677774,N2O,RC
5GW3,2024-12-09,-0.06863999415864368,-1.562393602288543,N2O,RC
5GW2,2024-12-09,0.012784828816284191,0.30118050012585773,N2O,RC
5GW8,2024-12-09,0.02023213796097416,0.47798180923011546,N2O,RC
6GW3,2024-12-09,0.019544255330793663,0.5038921533272467,N2O,RC
5GW3,2024-12-09,-0.06335521480216799,-1.4421006803955068,N2O,RC
5GW8,2024-12-09,0.01897337572748635,0.44824370389920093,N2O,RC
5GW5,2024-12-09,-0.01467227409698359,-0.3535955648013444,N2O,RC
5GW7,2024-12-09,4.953418964607334e-4,0.011635859902064841,N2O,RC
6GW1,2024-12-09,0.01710660968540475,0.42527166994100274,N2O,RC
9GW2,2024-12-09,0.0037716899142879955,0.09670086383346581,N2O,RC
9GW2,2024-12-09,0.004723695505137093,0.12110895810989454,N2O,RC
9GW4,2024-12-09,-0.011069902256836121,-0.27211436982100734,N2O,RC
9GW5,2024-12-09,0.014050500373734672,0.3522545559045384,N2O,RC
5GW4,2024-12-09,0.003191823724855187,0.07626944852055464,N2O,RC
9GW4,2024-12-09,-0.0063894823092093935,-0.15706280974425843,N2O,RC
5GW7,2024-12-09,0.0020072051267328783,0.047150377983868993,N2O,RC
9GW1,2024-12-09,-0.14595430917968488,-3.2277722607054344,N2O,RC
9GW5,2024-12-09,0.012502089520041317,0.3134349578035961,N2O,RC
5GW2,2024-12-09,0.011739601455373212,0.2765574016215248,N2O,RC
6GW4,2024-12-09,0.015432010263854939,0.38906727786617173,N2O,RC
5GW5,2024-12-09,-0.0168202567163795,-0.40536103227205594,N2O,RC
5GW4,2024-12-09,0.0032647586768986786,0.07801224795114746,N2O,RC
5GW6,2024-12-09,0.008948621014129427,0.21997017783270037,N2O,RC
9GW3,2024-12-09,-0.006130371410227503,-0.1562981206088405,N2O,RC
9GW3,2024-12-09,-0.0037153879985743817,-0.0947264240044253,N2O,RC
6GW2,2024-12-09,0.009581565161320282,0.237528932596342,N2O,RC
5GW6,2024-12-09,-4.7769475177890266e-4,-0.011742434877132354,N2O,RC
6GW2,2024-12-09,-0.0026684364669681522,-0.06615107814105407,N2O,RC
9GW1,2024-12-09,0.012724532734626154,0.2814024061509606,N2O,RC
6GW1,2024-12-09,0.020482649048597694,0.5092002755604192,N2O,RC
6GW3,2024-12-09,0.020342782854763135,0.524479878299816,N2O,RC
6GW4,2024-12-09,0.018299007248560952,0.4613491577650416,N2O,RC
9GW1,2024-12-09,-0.11506905421869974,-2.544746389196884,N2O,RC
9GW3,2024-12-09,-0.006473729658289535,-0.1650522800677774,N2O,RC
5GW3,2024-12-09,-0.06863999415864368,-1.562393602288543,N2O,RC
5GW2,2024-12-09,0.012784828816284191,0.30118050012585773,N2O,RC
5GW8,2024-12-09,0.02023213796097416,0.47798180923011546,N2O,RC
6GW3,2024-12-09,0.019544255330793663,0.5038921533272467,N2O,RC
5GW3,2024-12-09,-0.06335521480216799,-1.4421006803955068,N2O,RC
5GW8,2024-12-09,0.01897337572748635,0.44824370389920093,N2O,RC
5GW5,2024-12-09,-0.01467227409698359,-0.3535955648013444,N2O,RC
5GW7,2024-12-09,4.953418964607334e-4,0.011635859902064841,N2O,RC
6GW1,2024-12-09,0.01710660968540475,0.42527166994100274,N2O,RC
9GW2,2024-12-09,0.0037716899142879955,0.09670086383346581,N2O,RC
9GW2,2024-12-09,0.004723695505137093,0.12110895810989454,N2O,RC
9GW4,2024-12-09,-0.011069902256836121,-0.27211436982100734,N2O,RC
9GW5,2024-12-09,0.014050500373734672,0.3522545559045384,N2O,RC
5GW4,2024-12-09,0.003191823724855187,0.07626944852055464,N2O,RC
9GW4,2024-12-09,-0.0063894823092093935,-0.15706280974425843,N2O,RC
5GW7,2024-12-09,0.0020072051267328783,0.047150377983868993,N2O,RC
9GW1,2024-12-09,-0.14595430917968488,-3.2277722607054344,N2O,RC
9GW5,2024-12-09,0.012502089520041317,0.3134349578035961,N2O,RC
5GW2,2024-12-09,0.011739601455373212,0.2765574016215248,N2O,RC
6GW4,2024-12-09,0.015432010263854939,0.38906727786617173,N2O,RC
5GW5,2024-12-09,-0.0168202567163795,-0.40536103227205594,N2O,RC
5GW4,2024-12-09,0.0032647586768986786,0.07801224795114746,N2O,RC
5GW6,2024-12-09,0.008948621014129427,0.21997017783270037,N2O,RC
9GW3,2024-12-09,-0.006130371410227503,-0.1562981206088405,N2O,RC
9GW3,2024-12-09,-0.0037153879985743817,-0.0947264240044253,N2O,RC
6GW2,2024-12-09,0.009581565161320282,0.237528932596342,N2O,RC
5GW6,2024-12-09,-4.7769475177890266e-4,-0.011742434877132354,N2O,RC
6GW2,2024-12-09,-0.0026684364669681522,-0.06615107814105407,N2O,RC
9GW1,2024-12-09,0.012724532734626154,0.2814024061509606,N2O,RC
6GW1,2024-11-01,0.010605672196554698,0.28427143245366493,N2O,RC
9GW4,2024-11-01,0.011489295504074543,0.318292897884325,N2O,RC
9GW3,2024-11-01,0.016782342191944917,0.47520468785123526,N2O,RC
6GW2,2024-11-01,0.009335650254178004,0.2502301241691894,N2O,RC
5GW5,2024-11-01,0.012851214131102906,0.34732396095949647,N2O,RC
6GW4,2024-11-01,0.014028231622133833,0.37704855565796414,N2O,RC
6GW5,2024-11-01,0.01668053406678162,0.4621080138892109,N2O,RC
5GW4,2024-11-01,0.013294797981652416,0.3632913508294823,N2O,RC
5GW4,2024-11-01,0.013138822331105809,0.35902918717255533,N2O,RC
5GW5,2024-11-01,0.0036910018855212164,0.09975504117432198,N2O,RC
6GW4,2024-11-01,0.014027271663034678,0.37702275403153135,N2O,RC
9GW1,2024-11-01,-0.058736633294407564,-1.5700154226962026,N2O,RC
9GW3,2024-11-01,0.007710497524271688,0.2183285579147531,N2O,RC
6GW3,2024-11-01,-0.01423608358193838,-0.3879443014547299,N2O,RC
6GW1,2024-11-01,0.004701245821560934,0.12601086090951205,N2O,RC
6GW2,2024-11-01,0.006858577025068078,0.18383535521145622,N2O,RC
9GW4,2024-11-01,0.009125304436582661,0.25280223597404466,N2O,RC
9GW2,2024-11-01,-0.026576183669891507,-0.7463908256355486,N2O,RC
5GW3,2024-11-01,0.018632207897334205,0.4952864492037895,N2O,RC
9GW1,2024-11-01,-0.07833024920610102,-2.093747843884759,N2O,RC
5GW7,2024-11-01,0.01786978894903616,0.4556028079720096,N2O,RC
6GW5,2024-11-01,0.014702136669716395,0.4072996193749104,N2O,RC
5GW7,2024-11-01,0.01972766429753292,0.5029706435995678,N2O,RC
9GW2,2024-11-01,-0.04609589727759102,-1.294601032819136,N2O,RC
5.2,NA,NA,NA,CO2,long
5.2,NA,NA,NA,CO2,long
5.2,NA,NA,NA,CO2,long
5.2,NA,NA,NA,CO2,long
5.2,NA,NA,NA,CO2,long
5.2,NA,NA,NA,CO2,long
9.1,2025-03-11,NA,NA,CO2,long
9.1,2025-03-11,NA,NA,CO2,long
9.1,2025-03-11,28.086929812086595,563.9307969056044,CO2,long
9.1,2025-03-11,26.503096208710023,561.0837647368387,CO2,long
9.1,2025-03-11,25.28037308121277,559.0741885624341,CO2,long
6.3,2025-03-11,134.58363395401926,3926.378697300072,CO2,long
6.3,2025-03-11,179.23675891338388,3684.774508635576,CO2,long
6.3,2025-03-11,172.44232832027765,3704.377839215788,CO2,long
6.3,2025-03-11,171.5714439228249,3707.2028236675137,CO2,long
6.1,2025-03-11,349.19902653832537,10132.61595857679,CO2,long
6.1,2025-03-11,474.55518172725374,9387.825055977642,CO2,long
6.1,2025-03-11,447.5180557481479,9474.180432713403,CO2,long
6.1,2025-03-11,432.41879841468824,9535.270474875264,CO2,long
5.2,2025-03-11,NA,NA,CO2,long
5.2,2025-03-11,404.175300188972,11855.446739593726,CO2,long
5.2,2025-03-11,NA,NA,CO2,long
5.2,2025-03-11,509.1606756068136,11097.994531923567,CO2,long
5.2,2025-03-11,488.8964965167874,11192.45073405744,CO2,long
5.2,2025-03-11,444.91330418723925,11470.804034043713,CO2,long
6.1,2025-03-11,334.07516756808997,9693.770935793618,CO2,long
6.1,2025-03-11,454.13498688462715,8983.865254940778,CO2,long
6.1,2025-03-11,428.2401877421547,9066.058352495931,CO2,long
6.1,2025-03-11,413.77887864618805,9124.241450988624,CO2,long
5.2,2025-03-11,NA,NA,CO2,long
5.2,2025-03-11,193.66759865024648,5680.7427369003235,CO2,long
5.2,2025-03-11,NA,NA,CO2,long
5.2,2025-03-11,245.22816814148376,5345.1513431674775,CO2,long
5.2,2025-03-11,235.27599518410048,5386.2422900671345,CO2,long
5.2,2025-03-11,213.67490612261656,5508.990070779548,CO2,long
9.1,2025-03-11,NA,NA,CO2,long
9.1,2025-03-11,NA,NA,CO2,long
9.1,2025-03-11,72.5172812157826,1456.0056388878058,CO2,long
9.1,2025-03-11,68.98669124847467,1460.4826597471754,CO2,long
9.1,2025-03-11,66.26106780069966,1465.360206313041,CO2,long
5.2,2025-03-11,NA,NA,CO2,long
5.2,2025-03-11,159.01216440469852,4664.214377192319,CO2,long
5.2,2025-03-11,NA,NA,CO2,long
5.2,2025-03-11,201.77752196146898,4398.07303013859,CO2,long
5.2,2025-03-11,193.52299259554232,4430.378568807346,CO2,long
5.2,2025-03-11,175.6066214917088,4527.509344526487,CO2,long
5.2,2025-03-11,NA,NA,CO2,long
5.2,2025-03-11,244.94325363166158,7184.7826828983325,CO2,long
5.2,2025-03-11,NA,NA,CO2,long
5.2,2025-03-11,309.51708532716884,6746.4340532662145,CO2,long
5.2,2025-03-11,297.05310465558483,6800.523756959013,CO2,long
5.2,2025-03-11,270.0001627804377,6961.174069793379,CO2,long
5.5,2025-03-11,NA,NA,CO2,long
5.5,2025-03-11,269.89701684271307,7831.530480319355,CO2,long
5.5,2025-03-11,NA,NA,CO2,long
5.5,2025-03-11,313.40382996781756,7488.865092936677,CO2,long
5.5,2025-03-11,284.58074511774726,7691.235287090975,CO2,long
9.Sam,2025-03-11,NA,NA,CO2,long
9.Sam,2025-03-11,175.86589650012905,5399.619265323709,CO2,long
9.Sam,2025-03-11,236.98388876387907,4987.783394527998,CO2,long
9.Sam,2025-03-11,220.14638501062515,5054.3586661607915,CO2,long
9.Sam,2025-03-11,210.5973952960631,5104.147928000401,CO2,long
6.1,2025-03-11,146.65249591182408,4255.376755118694,CO2,long
6.1,2025-03-11,201.07738560186417,3977.7867599570013,CO2,long
6.1,2025-03-11,189.33889061746694,4008.3987441373592,CO2,long
6.1,2025-03-11,182.7833655733513,4030.5574952791108,CO2,long
9.4,2025-03-11,NA,NA,CO2,long
9.4,2025-03-11,255.85655674247377,7383.981012157461,CO2,long
9.4,2025-03-11,338.0166563017702,6887.796770288066,CO2,long
9.4,2025-03-11,313.68118576433767,6977.291064664436,CO2,long
9.4,2025-03-11,309.9400905622175,6994.262187831718,CO2,long
9.1,2025-03-11,NA,NA,CO2,long
9.1,2025-03-11,NA,NA,CO2,long
9.1,2025-03-11,387.93805065129004,7789.039795999553,CO2,long
9.1,2025-03-11,370.58701203086576,7845.511869081912,CO2,long
9.1,2025-03-11,357.19197093433803,7899.282604319522,CO2,long
9.2,2025-03-11,NA,NA,CO2,long
9.2,2025-03-11,NA,NA,CO2,long
9.4,2025-03-11,NA,NA,CO2,long
9.4,2025-03-11,113.89923852396292,3287.114566333565,CO2,long
9.4,2025-03-11,151.86656581249122,3094.5991033772,CO2,long
9.4,2025-03-11,140.6208056494549,3127.8646450315823,CO2,long
9.4,2025-03-11,138.8919934070363,3134.3057812148295,CO2,long
9.3,2025-03-11,NA,NA,CO2,long
5.2,2025-03-11,NA,NA,CO2,long
5.2,2025-03-11,118.83612090910559,3485.7530915894954,CO2,long
5.2,2025-03-11,NA,NA,CO2,long
5.2,2025-03-11,151.40518963196848,3300.125180794601,CO2,long
5.2,2025-03-11,145.11873841179874,3322.2457960625916,CO2,long
5.2,2025-03-11,131.47406068472833,3389.678778946581,CO2,long
9.5,2025-03-11,NA,NA,CO2,long
9.5,2025-03-11,15.843805653585017,459.73552561574843,CO2,long
9.5,2025-03-11,24.132404970700833,478.8167573472065,CO2,long
9.4,2025-03-11,NA,NA,CO2,long
9.4,2025-03-11,69.19091067164996,1996.8390770129245,CO2,long
9.4,2025-03-11,93.2400759648746,1899.9616797549927,CO2,long
9.4,2025-03-11,86.11681593254313,1915.5184231383919,CO2,long
9.4,2025-03-11,85.02175619702582,1918.6432237056197,CO2,long
6.2,2025-03-11,87.37291849725523,2528.415985856311,CO2,long
6.2,2025-03-11,114.7475660986332,2400.967961233872,CO2,long
6.2,2025-03-11,111.77611102347734,2408.162593862696,CO2,long
6.2,2025-03-11,110.91100613561055,2410.473747210965,CO2,long
9.Sam,2025-03-11,NA,NA,CO2,long
9.Sam,2025-03-11,43.602676735344,1338.7351271920568,CO2,long
9.Sam,2025-03-11,60.77014536184608,1279.0250151598834,CO2,long
9.Sam,2025-03-11,56.0406490756266,1286.6417965436874,CO2,long
9.Sam,2025-03-11,53.358427764558336,1293.2225877388178,CO2,long
6.2,2025-03-11,75.9808419506671,2198.749666499049,CO2,long
6.2,2025-03-11,100.11148563922598,2094.723903465605,CO2,long
6.2,2025-03-11,97.4921597323041,2100.421727974678,CO2,long
6.2,2025-03-11,96.72957319214737,2102.262930276764,CO2,long
3.1,2025-03-11,18.63193233179941,529.0165617770629,CO2,long
3.1,2025-03-11,28.91063760351413,550.1445456926892,CO2,long
3.1,2025-03-11,26.391072469677294,544.1512317087995,CO2,long
3.1,2025-03-11,25.452898103187188,542.0097592911915,CO2,long
9.3,2025-03-11,NA,NA,CO2,long
9.5,2025-03-11,NA,NA,CO2,long
9.5,2025-03-11,18.65113086424412,541.1949400718119,CO2,long
9.5,2025-03-11,27.913143586129323,553.8312868321335,CO2,long
5.3,2025-03-11,NA,NA,CO2,long
5.3,2025-03-11,16.899825164491304,497.0536813085677,CO2,long
5.3,2025-03-11,NA,NA,CO2,long
5.3,2025-03-11,22.96309862053503,513.7333755215728,CO2,long
5.3,2025-03-11,21.57876570753917,509.7957266670261,CO2,long
5.3,2025-03-11,19.015158296816686,502.67357950052497,CO2,long
9.3,2025-03-11,NA,NA,CO2,long
3.2,2025-03-11,NA,NA,CO2,long
3.2,2025-03-11,NA,NA,CO2,long
3.2,2025-03-11,NA,NA,CO2,long
3.2,2025-03-11,NA,NA,CO2,long
3.1,2025-03-11,NA,NA,CO2,long
3.1,2025-03-11,NA,NA,CO2,long
3.1,2025-03-11,NA,NA,CO2,long
3.1,2025-03-11,NA,NA,CO2,long
6.3,2025-03-11,628.0584460698449,18323.143987555995,CO2,long
6.3,2025-03-11,826.4349147825158,16989.965258792887,CO2,long
6.3,2025-03-11,796.2499019933697,17104.90991483055,CO2,long
6.3,2025-03-11,792.3809013001181,17121.244931885874,CO2,long
6.3,2025-03-11,620.5463244272861,18103.983354704105,CO2,long
6.3,2025-03-11,816.5826768275873,16787.421564690074,CO2,long
6.3,2025-03-11,786.753736718207,16900.91484850607,CO2,long
6.3,2025-03-11,782.9303760733623,16917.044203578607,CO2,long
9.Sam,2025-03-11,NA,NA,CO2,long
9.Sam,2025-03-11,542.2548781954157,16648.87818098138,CO2,long
9.Sam,2025-03-11,725.1224213098344,15261.601077078747,CO2,long
9.Sam,2025-03-11,674.7439185237806,15491.500220934182,CO2,long
9.Sam,2025-03-11,646.1729490980962,15660.9834353949,CO2,long
5.5,2025-03-11,NA,NA,CO2,long
5.5,2025-03-11,540.0698441448578,15671.064079921387,CO2,long
5.5,2025-03-11,NA,NA,CO2,long
5.5,2025-03-11,625.6479335653456,14950.018226090628,CO2,long
5.5,2025-03-11,568.9528011137728,15376.830427529181,CO2,long
5.3,2025-03-11,NA,NA,CO2,long
5.3,2025-03-11,462.5301597013392,13603.828226509973,CO2,long
5.3,2025-03-11,NA,NA,CO2,long
5.3,2025-03-11,570.9630185149382,12773.657581967538,CO2,long
5.3,2025-03-11,546.2062305531031,12904.056051620715,CO2,long
5.3,2025-03-11,500.359827214114,13227.21911950053,CO2,long
5.5,2025-03-11,NA,NA,CO2,long
5.5,2025-03-11,618.44008051599,17945.11253762639,CO2,long
5.5,2025-03-11,NA,NA,CO2,long
5.5,2025-03-11,716.2219725935713,17114.30817517777,CO2,long
5.5,2025-03-11,651.4418710483659,17606.225270169547,CO2,long
5.6,2025-03-11,606.5288323446986,19328.501047047077,CO2,long
6.3,2025-03-11,628.0584460698439,18323.143987555963,CO2,long
6.3,2025-03-11,826.4349147825143,16989.965258792858,CO2,long
6.3,2025-03-11,796.2499019933684,17104.90991483052,CO2,long
6.3,2025-03-11,792.3809013001166,17121.244931885845,CO2,long
6.3,2025-03-11,620.5463244272885,18103.983354704178,CO2,long
6.3,2025-03-11,816.5826768275905,16787.42156469014,CO2,long
6.3,2025-03-11,786.75373671821,16900.914848506134,CO2,long
6.3,2025-03-11,782.9303760733653,16917.04420357867,CO2,long
9.Sam,2025-03-11,NA,NA,CO2,long
9.Sam,2025-03-11,542.2548781954134,16648.878180981308,CO2,long
9.Sam,2025-03-11,725.1224213098315,15261.601077078687,CO2,long
9.Sam,2025-03-11,674.7439185237778,15491.500220934118,CO2,long
9.Sam,2025-03-11,646.1729490980936,15660.983435394837,CO2,long
5.5,2025-03-11,NA,NA,CO2,long
5.5,2025-03-11,540.069844144856,15671.064079921332,CO2,long
5.5,2025-03-11,NA,NA,CO2,long
5.5,2025-03-11,625.6479335653436,14950.018226090579,CO2,long
5.5,2025-03-11,568.952801113771,15376.830427529132,CO2,long
5.3,2025-03-11,NA,NA,CO2,long
5.3,2025-03-11,462.53015970133947,13603.828226509982,CO2,long
5.3,2025-03-11,NA,NA,CO2,long
5.3,2025-03-11,570.9630185149385,12773.657581967544,CO2,long
5.3,2025-03-11,546.2062305531034,12904.056051620722,CO2,long
5.3,2025-03-11,500.35982721411426,13227.21911950054,CO2,long
5.5,2025-03-11,NA,NA,CO2,long
5.5,2025-03-11,618.4400805159901,17945.112537626395,CO2,long
5.5,2025-03-11,NA,NA,CO2,long
5.5,2025-03-11,716.2219725935714,17114.30817517777,CO2,long
5.5,2025-03-11,651.441871048366,17606.22527016955,CO2,long
5.6,2025-03-11,606.5288323446974,19328.50104704704,CO2,long
5.2,NA,NA,NA,CO2,long
5.2,NA,NA,NA,CO2,long
5.2,NA,NA,NA,CO2,long
5.2,NA,NA,NA,CO2,long
5.2,NA,NA,NA,CO2,long
5.2,NA,NA,NA,CO2,long
9.1,2025-03-11,NA,NA,CO2,long
9.1,2025-03-11,NA,NA,CO2,long
9.1,2025-03-11,4.6189842651560715,92.74019962206756,CO2,long
9.1,2025-03-11,4.063420096940458,86.02463001848841,CO2,long
9.1,2025-03-11,3.634523301318872,80.37730135423413,CO2,long
6.3,2025-03-11,10.24044095219434,298.75734533511115,CO2,long
6.3,2025-03-11,16.15916461709776,332.2023798182038,CO2,long
6.3,2025-03-11,15.258570153047199,327.7821036380709,CO2,long
6.3,2025-03-11,15.143135363269565,327.2029009859253,CO2,long
5.2,2025-03-11,NA,NA,CO2,long
5.2,2025-03-11,10.750480028920848,315.33778374964305,CO2,long
5.2,2025-03-11,NA,NA,CO2,long
5.2,2025-03-11,15.8884650181835,346.3152327746257,CO2,long
5.2,2025-03-11,14.896735955255455,341.0353407425853,CO2,long
5.2,2025-03-11,12.744198222550773,328.57232859992536,CO2,long
6.1,2025-03-11,11.41273513867233,331.1603223625524,CO2,long
6.1,2025-03-11,18.477014169348944,365.5190866261828,CO2,long
6.1,2025-03-11,16.953372974258837,358.9113610906638,CO2,long
6.1,2025-03-11,16.10247445396847,355.07579641834394,CO2,long
5.2,2025-03-11,NA,NA,CO2,long
5.2,2025-03-11,10.544000228100371,309.28122789310123,CO2,long
5.2,2025-03-11,NA,NA,CO2,long
5.2,2025-03-11,15.629582653437978,340.67246575430715,CO2,long
5.2,2025-03-11,14.647968284446375,335.34022956957807,CO2,long
5.2,2025-03-11,12.517384390916945,322.72458929791674,CO2,long
9.1,2025-03-11,NA,NA,CO2,long
9.1,2025-03-11,NA,NA,CO2,long
9.1,2025-03-11,18.675092171495468,374.95944487407354,CO2,long
9.1,2025-03-11,17.50364681723783,370.5609327868716,CO2,long
9.1,2025-03-11,16.599288351679085,367.09243317399853,CO2,long
5.2,2025-03-11,NA,NA,CO2,long
5.2,2025-03-11,10.631026140838577,311.83391004104527,CO2,long
5.2,2025-03-11,NA,NA,CO2,long
5.2,2025-03-11,15.73869489586692,343.050746575777,CO2,long
5.2,2025-03-11,14.752817444150574,337.74057210190847,CO2,long
5.2,2025-03-11,12.61298057340622,325.18926065167716,CO2,long
5.2,2025-03-11,NA,NA,CO2,long
5.2,2025-03-11,10.38606074411238,304.64847784720996,CO2,long
5.2,2025-03-11,NA,NA,CO2,long
5.2,2025-03-11,15.431559665528134,336.3562289703107,CO2,long
5.2,2025-03-11,14.457682177019125,330.983953961287,CO2,long
5.2,2025-03-11,12.343891103015462,318.25156615383406,CO2,long
5.5,2025-03-11,NA,NA,CO2,long
5.5,2025-03-11,10.629574693345589,308.43556248819203,CO2,long
5.5,2025-03-11,NA,NA,CO2,long
5.5,2025-03-11,13.763296630916107,328.87751152749047,CO2,long
5.5,2025-03-11,11.687218729199996,315.86518287026513,CO2,long
6.1,2025-03-11,11.793177204892062,342.19950935487043,CO2,long
6.1,2025-03-11,18.990686052552004,375.6807326504305,CO2,long
6.1,2025-03-11,17.438309520608897,369.1777096312977,CO2,long
6.1,2025-03-11,16.571363353610714,365.4152693948813,CO2,long
9.2,2025-03-11,NA,NA,CO2,long
9.2,2025-03-11,NA,NA,CO2,long
9.4,2025-03-11,NA,NA,CO2,long
9.4,2025-03-11,12.509250842935693,361.0150620197813,CO2,long
9.4,2025-03-11,18.91283282862163,385.38854948520475,CO2,long
9.4,2025-03-11,17.016119197764535,378.49390343424744,CO2,long
9.4,2025-03-11,16.724537152811642,377.4142209376925,CO2,long
9.3,2025-03-11,NA,NA,CO2,long
9.5,2025-03-11,NA,NA,CO2,long
9.5,2025-03-11,12.64988253553445,367.0583017493336,CO2,long
9.5,2025-03-11,19.831019288246,393.4719462074442,CO2,long
9.4,2025-03-11,NA,NA,CO2,long
9.4,2025-03-11,12.820085832491056,369.98571217631087,CO2,long
9.4,2025-03-11,19.320433945345318,393.6942752623061,CO2,long
9.4,2025-03-11,17.395058600963566,386.92274976606484,CO2,long
9.4,2025-03-11,17.099070386884545,385.86612411811245,CO2,long
6.2,2025-03-11,12.243275009452624,354.29848041653275,CO2,long
6.2,2025-03-11,18.22403042212946,381.31800661003666,CO2,long
6.2,2025-03-11,17.574833169143826,378.6413343940733,CO2,long
6.2,2025-03-11,17.3858268733922,377.8532060256123,CO2,long
9.Sam,2025-03-11,NA,NA,CO2,long
9.Sam,2025-03-11,12.773427554160703,392.1831741017067,CO2,long
9.Sam,2025-03-11,19.696463546512145,414.5500958763626,CO2,long
9.Sam,2025-03-11,17.78922412015641,408.42423595395195,CO2,long
9.Sam,2025-03-11,16.70757864987946,404.9335597327787,CO2,long
6.2,2025-03-11,12.53020961862081,362.6018547937898,CO2,long
6.2,2025-03-11,18.592672434777445,389.0314395971187,CO2,long
6.2,2025-03-11,17.934606030952565,386.3924677996072,CO2,long
6.2,2025-03-11,17.74301758418462,385.6161761862112,CO2,long
3.1,2025-03-11,11.529541681143028,327.35834321455866,CO2,long
3.1,2025-03-11,19.143060809584725,364.2759677834431,CO2,long
3.1,2025-03-11,17.276798781952778,356.2261953539945,CO2,long
3.1,2025-03-11,16.581885532057193,353.1049293242956,CO2,long
9.3,2025-03-11,NA,NA,CO2,long
9.5,2025-03-11,NA,NA,CO2,long
9.5,2025-03-11,14.613903779255848,424.04778764336464,CO2,long
9.5,2025-03-11,22.47604628029729,445.952552635501,CO2,long
5.3,2025-03-11,NA,NA,CO2,long
5.3,2025-03-11,12.726617961897354,374.31229299698094,CO2,long
5.3,2025-03-11,NA,NA,CO2,long
5.3,2025-03-11,17.831228019533267,398.9225109183563,CO2,long
5.3,2025-03-11,16.665771808127964,393.726840753596,CO2,long
5.3,2025-03-11,14.507496040512711,383.5116621403596,CO2,long
9.3,2025-03-11,NA,NA,CO2,long
3.2,2025-03-11,17.967658283052373,511.54669014552786,CO2,long
3.2,2025-03-11,27.305548457517723,532.1856757298693,CO2,long
3.2,2025-03-11,25.016382055985833,526.5180500702149,CO2,long
3.2,2025-03-11,23.971676188892335,524.0214552716004,CO2,long
3.1,2025-03-11,18.490496031212988,525.0007600816588,CO2,long
3.1,2025-03-11,28.716127051310202,546.443177329867,CO2,long
3.1,2025-03-11,26.20957173051353,540.4089112371514,CO2,long
3.1,2025-03-11,25.27624164168991,538.2479273070613,CO2,long
6.3,2025-03-11,17.66363899890406,515.3236975737378,CO2,long
6.3,2025-03-11,25.894778205728574,532.348493789439,CO2,long
6.3,2025-03-11,24.64232601802931,529.3624094333467,CO2,long
6.3,2025-03-11,24.481791436966766,528.986434271585,CO2,long
6.3,2025-03-11,18.617361028956005,543.1478374927202,CO2,long
6.3,2025-03-11,27.145596127751528,558.0629846224383,CO2,long
6.3,2025-03-11,25.84793775528175,555.2611632119525,CO2,long
6.3,2025-03-11,25.68160881655442,554.9112984319255,CO2,long
9.Sam,2025-03-11,NA,NA,CO2,long
9.Sam,2025-03-11,19.070739586370983,585.5298549850721,CO2,long
9.Sam,2025-03-11,28.08634645228038,591.1313768136489,CO2,long
9.Sam,2025-03-11,25.60262097603227,587.8126465732934,CO2,long
9.Sam,2025-03-11,24.194035156301975,586.3792106232004,CO2,long
5.5,2025-03-11,NA,NA,CO2,long
5.5,2025-03-11,19.195878050550427,557.0017253543341,CO2,long
5.5,2025-03-11,NA,NA,CO2,long
5.5,2025-03-11,23.663543593663448,565.4464580473344,CO2,long
5.5,2025-03-11,20.703733536774276,559.5504568894203,CO2,long
5.3,2025-03-11,NA,NA,CO2,long
5.3,2025-03-11,NA,NA,CO2,long
5.3,2025-03-11,NA,NA,CO2,long
5.3,2025-03-11,NA,NA,CO2,long
5.3,2025-03-11,NA,NA,CO2,long
5.3,2025-03-11,NA,NA,CO2,long
5.5,2025-03-11,NA,NA,CO2,long
5.5,2025-03-11,NA,NA,CO2,long
5.5,2025-03-11,NA,NA,CO2,long
5.5,2025-03-11,NA,NA,CO2,long
5.5,2025-03-11,NA,NA,CO2,long
5.6,2025-03-11,NA,NA,CO2,long
5.4,2025-02-20,NA,NA,CO2,long
5.4,2025-02-20,307.968034113272,8960.459510755127,CO2,long
5.4,2025-02-20,NA,NA,CO2,long
5.4,2025-02-20,370.8679400894424,8490.388411179621,CO2,long
5.4,2025-02-20,325.3097119929046,8791.998682405572,CO2,long
5.5,NA,NA,NA,CO2,long
5.5,NA,NA,NA,CO2,long
5.5,NA,NA,NA,CO2,long
5.5,NA,NA,NA,CO2,long
5.5,NA,NA,NA,CO2,long
5.5,2025-02-20,NA,NA,CO2,long
5.5,2025-02-20,227.35355468312002,6597.058071032475,CO2,long
5.5,2025-02-20,NA,NA,CO2,long
5.5,2025-02-20,264.2843858496499,6315.143347166138,CO2,long
5.5,2025-02-20,239.8178620149659,6481.449059531582,CO2,long
5.3,2025-02-20,NA,NA,CO2,long
5.3,2025-02-20,274.45410173885693,8072.179462907555,CO2,long
5.3,2025-02-20,NA,NA,CO2,long
5.3,2025-02-20,339.75449645784244,7601.030993170595,CO2,long
5.3,2025-02-20,324.84547309010924,7674.43496319195,CO2,long
5.3,2025-02-20,297.23586962453743,7857.553232419351,CO2,long
5.3,2025-02-20,NA,NA,CO2,long
5.3,2025-02-20,293.57549280290885,8634.573317732613,CO2,long
5.3,2025-02-20,NA,NA,CO2,long
5.3,2025-02-20,363.2684270843573,8127.087652690273,CO2,long
5.3,2025-02-20,347.35652348500724,8206.255802698799,CO2,long
5.3,2025-02-20,317.88971416258966,8403.546160920405,CO2,long
5.4,2025-02-20,NA,NA,CO2,long
5.4,2025-02-20,299.09134395656685,8702.188476335301,CO2,long
5.4,2025-02-20,NA,NA,CO2,long
5.4,2025-02-20,360.2342192763402,8246.94752508548,CO2,long
5.4,2025-02-20,315.948603629288,8539.000233959103,CO2,long
5.1,2025-02-20,NA,NA,CO2,long
5.2,2025-02-20,NA,NA,CO2,long
5.2,2025-02-20,452.69876997091495,13278.758385186973,CO2,long
5.2,2025-02-20,NA,NA,CO2,long
5.2,2025-02-20,570.0785941740389,12425.80078159024,CO2,long
5.2,2025-02-20,547.4220501578742,12532.293380667215,CO2,long
5.2,2025-02-20,498.2462543578702,12845.840056134133,CO2,long
5.2,2025-02-20,NA,NA,CO2,long
5.2,2025-02-20,480.52850496606067,14095.072348107757,CO2,long
5.2,2025-02-20,NA,NA,CO2,long
5.2,2025-02-20,604.9712450636463,13186.343508727743,CO2,long
5.2,2025-02-20,580.9514236194253,13299.89115092315,CO2,long
5.2,2025-02-20,528.8166481809986,13634.009332009666,CO2,long
5.1,2025-02-20,NA,NA,CO2,long
9.Sam,2025-02-20,NA,NA,CO2,long
9.Sam,2025-02-20,241.34772281425387,7410.110997551452,CO2,long
9.Sam,2025-02-20,324.31360970012895,6825.8059462154115,CO2,long
9.Sam,2025-02-20,301.45719082752305,6921.18003601122,CO2,long
9.Sam,2025-02-20,288.49471658403206,6992.107892983885,CO2,long
9.Sam,2025-02-20,NA,NA,CO2,long
9.Sam,2025-02-20,286.29124468003437,8790.014158695532,CO2,long
9.Sam,2025-02-20,384.19167892999144,8086.05549718247,CO2,long
9.Sam,2025-02-20,357.2209151978436,8201.46389583898,CO2,long
9.Sam,2025-02-20,341.92508814138984,8287.07414787696,CO2,long
9.2,2025-02-20,NA,NA,CO2,long
9.4,2025-02-20,NA,NA,CO2,long
9.4,2025-02-20,330.02508071037016,9524.47324597551,CO2,long
9.4,2025-02-20,435.35756489789696,8871.321497089515,CO2,long
9.4,2025-02-20,404.1585330158806,8989.801904275342,CO2,long
9.4,2025-02-20,399.36230159290176,9012.208263248092,CO2,long
9.4,2025-02-20,NA,NA,CO2,long
9.4,2025-02-20,326.8013565145869,9431.437059789143,CO2,long
9.4,2025-02-20,431.13026222489333,8785.181358267037,CO2,long
9.4,2025-02-20,400.2284860009811,8902.384860585096,CO2,long
9.4,2025-02-20,395.47795173083216,8924.552092936918,CO2,long
9.3,2025-02-20,NA,NA,CO2,long
9.1,2025-02-20,NA,NA,CO2,long
9.1,2025-02-20,NA,NA,CO2,long
9.1,2025-02-20,1213.8756857273315,24372.257394326294,CO2,long
9.1,2025-02-20,1160.323759972281,24564.63269166615,CO2,long
9.1,2025-02-20,1118.981552051499,24746.221158201097,CO2,long
3.3,2025-02-20,NA,NA,CO2,long
6.1,2025-02-20,391.8906625348702,11371.387888970085,CO2,long
6.1,2025-02-20,532.2987339716125,10530.129233560736,CO2,long
6.1,2025-02-20,502.01517342209604,10627.91159344308,CO2,long
6.1,2025-02-20,485.10289975573363,10697.008026189691,CO2,long
9.1,2025-02-20,NA,NA,CO2,long
9.1,2025-02-20,NA,NA,CO2,long
9.1,2025-02-20,1260.0363269706859,25299.073083196516,CO2,long
9.1,2025-02-20,1204.4618306244836,25499.057660535243,CO2,long
9.1,2025-02-20,1161.5581936283716,25687.801461024766,CO2,long
9.2,2025-02-20,NA,NA,CO2,long
3.3,2025-02-20,NA,NA,CO2,long
9.3,2025-02-20,NA,NA,CO2,long
6.3,2025-02-20,344.7195323994899,10056.93923392665,CO2,long
6.3,2025-02-20,454.9227327358857,9352.36554792922,CO2,long
6.3,2025-02-20,438.15418637983066,9412.35643240969,CO2,long
6.3,2025-02-20,436.0048575745194,9420.905962999705,CO2,long
6.1,2025-02-20,402.18825740335626,11670.190480528652,CO2,long
6.1,2025-02-20,546.2025196415766,10805.179032849306,CO2,long
6.1,2025-02-20,515.1411669297421,10905.79542238081,CO2,long
6.1,2025-02-20,497.7945244617599,10976.871146806187,CO2,long
6.3,2025-02-20,344.9284044346932,10063.032922181228,CO2,long
6.3,2025-02-20,455.19667092417274,9357.997207747558,CO2,long
6.3,2025-02-20,438.4182240860912,9418.028447148277,CO2,long
6.3,2025-02-20,436.26762627446567,9426.583696101083,CO2,long
3.4,2025-02-20,256.18758927249627,7534.929096249889,CO2,long
3.4,2025-02-20,350.6535297080078,6978.08912916444,CO2,long
3.4,2025-02-20,336.4887414850738,7020.032845748698,CO2,long
3.4,2025-02-20,249.25366981260075,7330.9902886059035,CO2,long
3.4,2025-02-20,341.25004572380595,6790.957548253015,CO2,long
3.4,2025-02-20,327.45555877907236,6831.577092317221,CO2,long
6.2,2025-02-20,15.63228394583534,452.3703374442814,CO2,long
6.2,2025-02-20,22.660558623354973,474.14753173562343,CO2,long
6.2,2025-02-20,21.897655561945193,471.774465355033,CO2,long
6.2,2025-02-20,21.675545130960625,471.08338761964865,CO2,long
3.1,2025-02-20,351.6341142060781,9983.94942554288,CO2,long
3.1,2025-02-20,486.9812197751735,9266.83339150983,CO2,long
3.1,2025-02-20,453.8042933877573,9356.882539935259,CO2,long
3.1,2025-02-20,441.45067669510036,9400.523824219596,CO2,long
6.2,2025-02-20,599.805654983384,17357.30284109309,CO2,long
6.2,2025-02-20,773.1829437024311,16178.011779407507,CO2,long
6.2,2025-02-20,754.363237528203,16252.393415432172,CO2,long
6.2,2025-02-20,748.8840970439107,16275.800919351192,CO2,long
3.1,2025-02-20,20.632179038853522,585.8095780261438,CO2,long
3.1,2025-02-20,31.77015357082222,604.5586729184575,CO2,long
3.1,2025-02-20,29.039960268214813,598.7680177408461,CO2,long
3.1,2025-02-20,28.023357308572844,596.7467078905515,CO2,long
6.2,2025-02-20,621.6767358631607,17990.212803075432,CO2,long
6.2,2025-02-20,801.2820262692951,16765.954506882135,CO2,long
6.2,2025-02-20,781.7862848273016,16843.20979033312,CO2,long
6.2,2025-02-20,776.1103244686645,16867.519529880436,CO2,long
9.1,2025-02-20,NA,NA,CO2,long
9.1,2025-02-20,NA,NA,CO2,long
9.1,2025-02-20,341.00292384014,6846.6739467393945,CO2,long
9.1,2025-02-20,325.6967141422637,6895.161874456853,CO2,long
9.1,2025-02-20,313.8802856032953,6941.446845569615,CO2,long
9.3,2024-12-12,NA,NA,CO2,long
3.4,2024-12-12,372.03556617259693,10942.222534488144,CO2,long
3.4,2024-12-12,507.82271439813235,10105.793504588983,CO2,long
3.4,2024-12-12,487.46197708748355,10169.728339512747,CO2,long
3.4,2024-12-12,267.8196481915548,7877.048476222199,CO2,long
3.4,2024-12-12,366.48955913122865,7293.229903190939,CO2,long
3.4,2024-12-12,351.69440242191325,7337.262595388525,CO2,long
5.3,2024-12-12,NA,NA,CO2,long
5.3,2024-12-12,313.2957331981401,9214.580388180591,CO2,long
5.3,2024-12-12,NA,NA,CO2,long
5.3,2024-12-12,387.5615107978218,8670.57562459602,CO2,long
5.3,2024-12-12,370.60556101495456,8755.511498901456,CO2,long
5.3,2024-12-12,339.205311760513,8967.032805443088,CO2,long
3.1,2024-12-12,301.1256946701546,8549.863579380557,CO2,long
3.1,2024-12-12,417.5838236413295,7946.260684262845,CO2,long
3.1,2024-12-12,389.03705305582605,8021.462251824808,CO2,long
3.1,2024-12-12,378.4075011344556,8058.043440569348,CO2,long
6.2,2024-12-12,422.7323051181855,12233.116809898997,CO2,long
6.2,2024-12-12,545.7351216443891,11418.913593879317,CO2,long
6.2,2024-12-12,532.3834486384925,11469.94554438878,CO2,long
6.2,2024-12-12,528.4962629713847,11486.022999683184,CO2,long
5.6,2024-12-12,412.8481626308827,13156.400352535073,CO2,long
9.1,2024-12-12,NA,NA,CO2,long
9.1,2024-12-12,NA,NA,CO2,long
9.1,2024-12-12,543.7791941705042,10918.0261552581,CO2,long
9.1,2024-12-12,519.5812369088698,10999.79391825335,CO2,long
9.1,2024-12-12,500.9003591203741,11077.38643437855,CO2,long
9.Sam,2024-12-12,NA,NA,CO2,long
9.Sam,2024-12-12,269.99265223129646,8289.597673548282,CO2,long
9.Sam,2024-12-12,362.5296146802666,7630.13554026241,CO2,long
9.Sam,2024-12-12,337.0364432778844,7738.0469718427,CO2,long
9.Sam,2024-12-12,322.57859756153994,7818.182547064904,CO2,long
5.1,2024-12-12,NA,NA,CO2,long
5.1,2024-12-12,NA,NA,CO2,long
9.3,2024-12-12,NA,NA,CO2,long
6.2,2024-12-12,410.26105037992323,11872.221003895915,CO2,long
6.2,2024-12-12,529.7125565718574,11083.65885424618,CO2,long
6.2,2024-12-12,516.7463701398842,11133.052203111827,CO2,long
6.2,2024-12-12,512.9714144445827,11148.615188617734,CO2,long
3.1,2024-12-12,129.05484386017906,3664.2549234180333,CO2,long
3.1,2024-12-12,180.94304563401457,3443.1903924691255,CO2,long
3.1,2024-12-12,168.2239627737822,3468.569784402102,CO2,long
3.1,2024-12-12,163.4879401385736,3481.4133432776,CO2,long
9.Sam,2024-12-12,NA,NA,CO2,long
9.Sam,2024-12-12,279.81652104487563,8591.22040064578,CO2,long
9.Sam,2024-12-12,375.61791467333984,7905.604078265412,CO2,long
9.Sam,2024-12-12,349.22541935338234,8017.894659806535,CO2,long
9.Sam,2024-12-12,334.25754347075946,8101.239550120279,CO2,long
5.3,2024-12-12,NA,NA,CO2,long
5.3,2024-12-12,316.91918996957276,9321.152646163904,CO2,long
5.3,2024-12-12,NA,NA,CO2,long
5.3,2024-12-12,392.0173430574225,8770.262073071903,CO2,long
5.3,2024-12-12,374.87134992708036,8856.290245366345,CO2,long
5.3,2024-12-12,343.1191647117357,9070.497128059807,CO2,long
9.1,2024-12-12,NA,NA,CO2,long
9.1,2024-12-12,NA,NA,CO2,long
9.1,2024-12-12,455.67224725358415,9149.010420174189,CO2,long
9.1,2024-12-12,435.334776218102,9216.2543288451,CO2,long
9.1,2024-12-12,419.63420253607177,9280.189438748732,CO2,long
5.6,2024-12-12,431.52813218326196,13751.682541604654,CO2,long
5.2,NA,NA,NA,CH4,long
5.2,NA,NA,NA,CH4,long
5.2,NA,NA,NA,CH4,long
5.2,NA,NA,NA,CH4,long
5.2,NA,NA,NA,CH4,long
5.2,NA,NA,NA,CH4,long
9.1,2025-03-11,NA,NA,CH4,long
9.1,2025-03-11,NA,NA,CH4,long
9.1,2025-03-11,0.020569640802300847,0.4129982880760364,CH4,long
9.1,2025-03-11,0.02005503660413848,0.4245751270407065,CH4,long
9.1,2025-03-11,0.01964166374670009,0.43437441314357916,CH4,long
6.3,2025-03-11,0.21144428076915975,6.1687316301892015,CH4,long
6.3,2025-03-11,0.22711713729819574,4.669106064315176,CH4,long
6.3,2025-03-11,0.2250016501657851,4.8334485783158305,CH4,long
6.3,2025-03-11,0.22472486097146613,4.855706871106408,CH4,long
6.1,2025-03-11,0.5994701688145444,17.394667618165073,CH4,long
6.1,2025-03-11,0.6434775004943238,12.729508463296911,CH4,long
6.1,2025-03-11,0.6350758059769993,13.444871546508283,CH4,long
6.1,2025-03-11,0.6301691844186853,13.895865860580054,CH4,long
5.2,2025-03-11,NA,NA,CH4,long
5.2,2025-03-11,0.45660970227957065,13.393475562772405,CH4,long
5.2,2025-03-11,NA,NA,CH4,long
5.2,2025-03-11,0.4947456575499258,10.78379549959991,CH4,long
5.2,2025-03-11,0.4880738894537463,11.17361854955178,CH4,long
5.2,2025-03-11,0.472557220793904,12.183522550537095,CH4,long
6.1,2025-03-11,0.5371130017782286,15.585266165625612,CH4,long
6.1,2025-03-11,0.5768324695523204,11.411111961847828,CH4,long
6.1,2025-03-11,0.5692493959622901,12.051293616620013,CH4,long
6.1,2025-03-11,0.5648208521395646,12.454869248851178,CH4,long
5.2,2025-03-11,NA,NA,CH4,long
5.2,2025-03-11,0.06064356347552155,1.7788235365868947,CH4,long
5.2,2025-03-11,NA,NA,CH4,long
5.2,2025-03-11,0.07818773786617643,1.7042303714208664,CH4,long
5.2,2025-03-11,0.07511843850960909,1.7197084213698255,CH4,long
5.2,2025-03-11,0.06798010569480487,1.7526706063851867,CH4,long
9.1,2025-03-11,NA,NA,CH4,long
9.1,2025-03-11,NA,NA,CH4,long
9.1,2025-03-11,0.3118675401051472,6.261692238957484,CH4,long
9.1,2025-03-11,0.30856117180312864,6.532393897057681,CH4,long
9.1,2025-03-11,0.3059052220117554,6.76507871239964,CH4,long
5.2,2025-03-11,NA,NA,CH4,long
5.2,2025-03-11,0.2914753389842955,8.54968216914218,CH4,long
5.2,2025-03-11,NA,NA,CH4,long
5.2,2025-03-11,0.3210236644261115,6.99723887390367,CH4,long
5.2,2025-03-11,0.31585427575915226,7.230944475492506,CH4,long
5.2,2025-03-11,0.3038317219229238,7.833423070749977,CH4,long
5.2,2025-03-11,NA,NA,CH4,long
5.2,2025-03-11,0.13908564803264817,4.079721080733993,CH4,long
5.2,2025-03-11,NA,NA,CH4,long
5.2,2025-03-11,0.16070911622813672,3.5029195666073605,CH4,long
5.2,2025-03-11,0.15692615696534468,3.5925564884044436,CH4,long
5.2,2025-03-11,0.14812805058811038,3.819053789243513,CH4,long
5.5,2025-03-11,NA,NA,CH4,long
5.5,2025-03-11,0.15028799504793997,4.360867073717727,CH4,long
5.5,2025-03-11,NA,NA,CH4,long
5.5,2025-03-11,0.16450912897711656,3.9309879320640544,CH4,long
5.5,2025-03-11,0.1553533261409015,4.198664191027658,CH4,long
9.Sam,2025-03-11,NA,NA,CH4,long
9.Sam,2025-03-11,0.33567480337750083,10.306239988942776,CH4,long
9.Sam,2025-03-11,0.3602192866808945,7.581510227835949,CH4,long
9.Sam,2025-03-11,0.3541816339067271,8.131684790758905,CH4,long
9.Sam,2025-03-11,0.3505504009383059,8.49612171173141,CH4,long
6.1,2025-03-11,0.3174362181778145,9.2109629343018,CH4,long
6.1,2025-03-11,0.3420500582255986,6.766559992710058,CH4,long
6.1,2025-03-11,0.3373508874945817,7.141886536659352,CH4,long
6.1,2025-03-11,0.3346065539119382,7.3784118681087545,CH4,long
9.4,2025-03-11,NA,NA,CH4,long
9.4,2025-03-11,1.7024528118738051,49.13252721376677,CH4,long
9.4,2025-03-11,1.8100970716471319,36.88451598926047,CH4,long
9.4,2025-03-11,1.7812860979504668,39.62160352255901,CH4,long
9.4,2025-03-11,1.776664637208922,40.09309757233108,CH4,long
9.1,2025-03-11,NA,NA,CH4,long
9.1,2025-03-11,NA,NA,CH4,long
9.1,2025-03-11,2.257656034994748,45.3293320228065,CH4,long
9.1,2025-03-11,2.2357014633011842,47.330914998694915,CH4,long
9.1,2025-03-11,2.2180657268124184,49.052412811002284,CH4,long
9.2,2025-03-11,NA,NA,CH4,long
9.2,2025-03-11,NA,NA,CH4,long
9.4,2025-03-11,NA,NA,CH4,long
9.4,2025-03-11,0.19605882197687033,5.658227552090105,CH4,long
9.4,2025-03-11,0.21027330112677015,4.284758568482393,CH4,long
9.4,2025-03-11,0.20646879742390722,4.592538414083042,CH4,long
9.4,2025-03-11,0.2058585311868492,4.645505968947001,CH4,long
9.3,2025-03-11,NA,NA,CH4,long
5.2,2025-03-11,NA,NA,CH4,long
5.2,2025-03-11,-0.07073133386805024,-2.0747224313336985,CH4,long
5.2,2025-03-11,NA,NA,CH4,long
5.2,2025-03-11,-0.060019165636716734,-1.3082164510310104,CH4,long
5.2,2025-03-11,-0.06189322652597616,-1.4169397686409038,CH4,long
5.2,2025-03-11,-0.06625176858676202,-1.7081104278413195,CH4,long
9.5,2025-03-11,NA,NA,CH4,long
9.5,2025-03-11,4.122969279605863e-4,0.011963511105226737,CH4,long
9.5,2025-03-11,0.002698800050528627,0.05354753040534055,CH4,long
9.4,2025-03-11,NA,NA,CH4,long
9.4,2025-03-11,0.35583454874107306,10.269330537494584,CH4,long
9.4,2025-03-11,0.37995866056386307,7.742452882967738,CH4,long
9.4,2025-03-11,0.373501844820549,8.307897326236064,CH4,long
9.4,2025-03-11,0.3724661311099579,8.405255907181182,CH4,long
6.2,2025-03-11,0.6341589833792505,18.35142672040713,CH4,long
6.2,2025-03-11,0.6728837059463273,14.079359367193492,CH4,long
6.2,2025-03-11,0.6691417367015945,14.416337136462404,CH4,long
6.2,2025-03-11,0.6680351142232288,14.518677281506992,CH4,long
9.Sam,2025-03-11,NA,NA,CH4,long
9.Sam,2025-03-11,1.1235800184620035,34.4973325389198,CH4,long
9.Sam,2025-03-11,1.2005614055378766,25.26813225104661,CH4,long
9.Sam,2025-03-11,1.1816248942455962,27.129021555785748,CH4,long
9.Sam,2025-03-11,1.170235884860092,28.36244512228312,CH4,long
6.2,2025-03-11,1.5446784175983712,44.70023058901992,CH4,long
6.2,2025-03-11,1.6356647865621607,34.22450585556224,CH4,long
6.2,2025-03-11,1.6268727753666594,35.050192091480916,CH4,long
6.2,2025-03-11,1.6242726906030878,35.30097521812468,CH4,long
3.1,2025-03-11,0.002653915200859559,0.0753526295504218,CH4,long
3.1,2025-03-11,0.005790061381063976,0.1101798836712975,CH4,long
3.1,2025-03-11,0.00511006088882241,0.10536312724519144,CH4,long
3.1,2025-03-11,0.004844864849892703,0.10316954951231574,CH4,long
9.3,2025-03-11,NA,NA,CH4,long
9.5,2025-03-11,NA,NA,CH4,long
9.5,2025-03-11,0.009639079486549523,0.27969462458018174,CH4,long
9.5,2025-03-11,0.012554643086362583,0.2490996442154053,CH4,long
5.3,2025-03-11,NA,NA,CH4,long
5.3,2025-03-11,-0.2341690993414132,-6.887326451218034,CH4,long
5.3,2025-03-11,NA,NA,CH4,long
5.3,2025-03-11,-0.2321432747578237,-5.19353899561792,CH4,long
5.3,2025-03-11,-0.2325671067011626,-5.494369732099367,CH4,long
5.3,2025-03-11,-0.23340805260297917,-6.170238472630972,CH4,long
9.3,2025-03-11,NA,NA,CH4,long
3.2,2025-03-11,NA,NA,CH4,long
3.2,2025-03-11,NA,NA,CH4,long
3.2,2025-03-11,NA,NA,CH4,long
3.2,2025-03-11,NA,NA,CH4,long
3.1,2025-03-11,NA,NA,CH4,long
3.1,2025-03-11,NA,NA,CH4,long
3.1,2025-03-11,NA,NA,CH4,long
3.1,2025-03-11,NA,NA,CH4,long
6.3,2025-03-11,0.7250431334359718,21.15260102665459,CH4,long
6.3,2025-03-11,0.7726637597172207,15.884530287274357,CH4,long
6.3,2025-03-11,0.7662360340535114,16.46015692205571,CH4,long
6.3,2025-03-11,0.7653950338978007,16.53815207245882,CH4,long
6.3,2025-03-11,0.371053068487421,10.825200812860983,CH4,long
6.3,2025-03-11,0.3966541886291501,8.154472619707034,CH4,long
6.3,2025-03-11,0.3931986066722304,8.446628035906992,CH4,long
6.3,2025-03-11,0.3927464801945482,8.48620741932807,CH4,long
9.Sam,2025-03-11,NA,NA,CH4,long
9.Sam,2025-03-11,3.021265770164724,92.76207145842257,CH4,long
9.Sam,2025-03-11,3.224542507553475,67.86672148058828,CH4,long
9.Sam,2025-03-11,3.1745388329090307,72.8844939261815,CH4,long
9.Sam,2025-03-11,3.1444650610803504,76.21088952035561,CH4,long
5.5,2025-03-11,NA,NA,CH4,long
5.5,2025-03-11,2.002893551943722,58.11743339876732,CH4,long
5.5,2025-03-11,NA,NA,CH4,long
5.5,2025-03-11,2.0788142435746457,49.673800811573834,CH4,long
5.5,2025-03-11,2.0299352380590805,54.8621429992024,CH4,long
5.3,2025-03-11,NA,NA,CH4,long
5.3,2025-03-11,-0.20548932650767907,-6.04380372081409,CH4,long
5.3,2025-03-11,NA,NA,CH4,long
5.3,2025-03-11,-0.20209804657624914,-4.521363312923554,CH4,long
5.3,2025-03-11,-0.2028075516219414,-4.791303847214281,CH4,long
5.3,2025-03-11,-0.20421531564225737,-5.398516388891078,CH4,long
5.5,2025-03-11,NA,NA,CH4,long
5.5,2025-03-11,-0.029307845363662693,-0.8504180111474531,CH4,long
5.5,2025-03-11,NA,NA,CH4,long
5.5,2025-03-11,-0.021068008358282844,-0.5034254762880338,CH4,long
5.5,2025-03-11,-0.026372952633438453,-0.7127698813043517,CH4,long
5.6,2025-03-11,0.17184252900541425,5.47617578041325,CH4,long
6.3,2025-03-11,0.7250431334359726,21.15260102665461,CH4,long
6.3,2025-03-11,0.7726637597172215,15.884530287274373,CH4,long
6.3,2025-03-11,0.7662360340535121,16.460156922055727,CH4,long
6.3,2025-03-11,0.7653950338978014,16.538152072458836,CH4,long
6.3,2025-03-11,0.3710530684874212,10.82520081286099,CH4,long
6.3,2025-03-11,0.39665418862915025,8.154472619707038,CH4,long
6.3,2025-03-11,0.39319860667223067,8.446628035906999,CH4,long
6.3,2025-03-11,0.39274648019454844,8.486207419328073,CH4,long
9.Sam,2025-03-11,NA,NA,CH4,long
9.Sam,2025-03-11,3.0212657701647228,92.76207145842253,CH4,long
9.Sam,2025-03-11,3.2245425075534735,67.86672148058825,CH4,long
9.Sam,2025-03-11,3.1745388329090294,72.88449392618148,CH4,long
9.Sam,2025-03-11,3.1444650610803486,76.21088952035556,CH4,long
5.5,2025-03-11,NA,NA,CH4,long
5.5,2025-03-11,2.002893551943729,58.11743339876753,CH4,long
5.5,2025-03-11,NA,NA,CH4,long
5.5,2025-03-11,2.0788142435746533,49.67380081157402,CH4,long
5.5,2025-03-11,2.0299352380590876,54.86214299920258,CH4,long
5.3,2025-03-11,NA,NA,CH4,long
5.3,2025-03-11,-0.20548932650767898,-6.043803720814087,CH4,long
5.3,2025-03-11,NA,NA,CH4,long
5.3,2025-03-11,-0.20209804657624905,-4.521363312923552,CH4,long
5.3,2025-03-11,-0.20280755162194133,-4.791303847214279,CH4,long
5.3,2025-03-11,-0.20421531564225728,-5.3985163888910765,CH4,long
5.5,2025-03-11,NA,NA,CH4,long
5.5,2025-03-11,-0.029307845363662793,-0.850418011147456,CH4,long
5.5,2025-03-11,NA,NA,CH4,long
5.5,2025-03-11,-0.02106800835828294,-0.5034254762880361,CH4,long
5.5,2025-03-11,-0.026372952633438553,-0.7127698813043544,CH4,long
5.6,2025-03-11,0.17184252900541344,5.476175780413224,CH4,long
5.2,NA,NA,NA,CH4,long
5.2,NA,NA,NA,CH4,long
5.2,NA,NA,NA,CH4,long
5.2,NA,NA,NA,CH4,long
5.2,NA,NA,NA,CH4,long
5.2,NA,NA,NA,CH4,long
9.1,2025-03-11,NA,NA,CH4,long
9.1,2025-03-11,NA,NA,CH4,long
9.1,2025-03-11,-0.014920174132656656,-0.2995680106331414,CH4,long
9.1,2025-03-11,-0.01509464820415132,-0.3195612306980193,CH4,long
9.1,2025-03-11,-0.015234800277803663,-0.33691684754263235,CH4,long
6.3,2025-03-11,-0.008841187146725127,-0.25793514301749937,CH4,long
6.3,2025-03-11,-0.006870910699776426,-0.1412531489139591,CH4,long
6.3,2025-03-11,-0.007136854209377875,-0.15331273262461798,CH4,long
6.3,2025-03-11,-0.007171650114599499,-0.15496029494953595,CH4,long
5.2,2025-03-11,NA,NA,CH4,long
5.2,2025-03-11,-0.24208123221248978,-7.100832618441887,CH4,long
5.2,2025-03-11,NA,NA,CH4,long
5.2,2025-03-11,-0.24027992583193117,-5.237296261805195,CH4,long
5.2,2025-03-11,-0.24059505884370597,-5.508013172831898,CH4,long
5.2,2025-03-11,-0.24132797018849442,-6.2219444280784435,CH4,long
6.1,2025-03-11,-0.006348552300438208,-0.18421426597596627,CH4,long
6.1,2025-03-11,-0.003999114189587886,-0.07911194701126743,CH4,long
6.1,2025-03-11,-0.004447659023852269,-0.09415915973427572,CH4,long
6.1,2025-03-11,-0.004709610913335259,-0.10385166892538739,CH4,long
5.2,2025-03-11,NA,NA,CH4,long
5.2,2025-03-11,-0.24226703821758935,-7.10628276147716,CH4,long
5.2,2025-03-11,NA,NA,CH4,long
5.2,2025-03-11,-0.24047539447271643,-5.241556822391521,CH4,long
5.2,2025-03-11,-0.24078883703609325,-5.512449393764308,CH4,long
5.2,2025-03-11,-0.24151781687017865,-6.226839076230382,CH4,long
9.1,2025-03-11,NA,NA,CH4,long
9.1,2025-03-11,NA,NA,CH4,long
9.1,2025-03-11,0.002967947642426719,0.05959060283077156,CH4,long
9.1,2025-03-11,0.0026220359588634327,0.0555098089479436,CH4,long
9.1,2025-03-11,0.0023441709481105224,0.05184122348417695,CH4,long
5.2,2025-03-11,NA,NA,CH4,long
5.2,2025-03-11,-0.24267943592155405,-7.1183793913617635,CH4,long
5.2,2025-03-11,NA,NA,CH4,long
5.2,2025-03-11,-0.24090923846292414,-5.251013165863638,CH4,long
5.2,2025-03-11,-0.24121892906447587,-5.522295616580548,CH4,long
5.2,2025-03-11,-0.24193918288356422,-6.237702781407691,CH4,long
5.2,2025-03-11,NA,NA,CH4,long
5.2,2025-03-11,-0.2424634162714979,-7.112043008473573,CH4,long
5.2,2025-03-11,NA,NA,CH4,long
5.2,2025-03-11,-0.2406819849500102,-5.246059801700795,CH4,long
5.2,2025-03-11,-0.24099364088132172,-5.517138028197561,CH4,long
5.2,2025-03-11,-0.2417184655083654,-6.232012221620006,CH4,long
5.5,2025-03-11,NA,NA,CH4,long
5.5,2025-03-11,-0.24260519588325646,-7.0396109170439995,CH4,long
5.5,2025-03-11,NA,NA,CH4,long
5.5,2025-03-11,-0.24146905784770206,-5.769965218758349,CH4,long
5.5,2025-03-11,-0.2422005224341454,-6.545844146717,CH4,long
6.1,2025-03-11,-0.006611792408814667,-0.19185263470085745,CH4,long
6.1,2025-03-11,-0.004280455469215104,-0.08467754362861343,CH4,long
6.1,2025-03-11,-0.004725544504060396,-0.10004213394125307,CH4,long
6.1,2025-03-11,-0.004985478193536712,-0.10993482058653796,CH4,long
9.2,2025-03-11,NA,NA,CH4,long
9.2,2025-03-11,NA,NA,CH4,long
9.4,2025-03-11,NA,NA,CH4,long
9.4,2025-03-11,8.711207707234756e-5,0.0025140411925391585,CH4,long
9.4,2025-03-11,0.002147006180075653,0.04374974415376512,CH4,long
9.4,2025-03-11,0.0015956757613007429,0.035493025201038565,CH4,long
9.4,2025-03-11,0.0015072389068988858,0.03401310258195035,CH4,long
9.3,2025-03-11,NA,NA,CH4,long
9.5,2025-03-11,NA,NA,CH4,long
9.5,2025-03-11,0.001476744589333705,0.042850307862992765,CH4,long
9.5,2025-03-11,0.0038358192664619552,0.07610739771552553,CH4,long
9.4,2025-03-11,NA,NA,CH4,long
9.4,2025-03-11,4.94826938933961e-4,0.014280629614936952,CH4,long
9.4,2025-03-11,0.002580008390636306,0.052573070376969455,CH4,long
9.4,2025-03-11,0.0020219098159024946,0.044973858593650023,CH4,long
9.4,2025-03-11,0.0019323873068682735,0.043607212762176044,CH4,long
6.2,2025-03-11,-0.006887572819544075,-0.19931403826497723,CH4,long
6.2,2025-03-11,-0.004957395415167271,-0.10372810481011224,CH4,long
6.2,2025-03-11,-0.0051439084230150475,-0.11082303487869835,CH4,long
6.2,2025-03-11,-0.005199066408955866,-0.1129934126958636,CH4,long
9.Sam,2025-03-11,NA,NA,CH4,long
9.Sam,2025-03-11,4.5471525557371607e-4,0.01396114484442201,CH4,long
9.Sam,2025-03-11,0.0026895308896573117,0.05660636923663955,CH4,long
9.Sam,2025-03-11,0.0021397926594370867,0.04912767280503424,CH4,long
9.Sam,2025-03-11,0.001809162916349142,0.043847812732521765,CH4,long
6.2,2025-03-11,-0.005950570255786276,-0.17219885999531706,CH4,long
6.2,2025-03-11,-0.003966611136467921,-0.08299702187274886,CH4,long
6.2,2025-03-11,-0.004158321070462604,-0.08958902902835666,CH4,long
6.2,2025-03-11,-0.004215015957141081,-0.09160664629027933,CH4,long
3.1,2025-03-11,-0.009701843486638408,-0.27546449787395566,CH4,long
3.1,2025-03-11,-0.00746330591515883,-0.14202028673215897,CH4,long
3.1,2025-03-11,-0.007948680818954964,-0.16389195486709002,CH4,long
3.1,2025-03-11,-0.008137974067049997,-0.1732950545481264,CH4,long
9.3,2025-03-11,NA,NA,CH4,long
9.5,2025-03-11,NA,NA,CH4,long
9.5,2025-03-11,0.00124799866244565,0.03621284769529966,CH4,long
9.5,2025-03-11,0.003591477976724245,0.07125936436865074,CH4,long
5.3,2025-03-11,NA,NA,CH4,long
5.3,2025-03-11,-0.2416229859411367,-7.106558410033432,CH4,long
5.3,2025-03-11,NA,NA,CH4,long
5.3,2025-03-11,-0.23995204385186797,-5.368237775240128,CH4,long
5.3,2025-03-11,-0.24030162922003775,-5.67709688996247,CH4,long
5.3,2025-03-11,-0.240995258823275,-6.370809409229656,CH4,long
9.3,2025-03-11,NA,NA,CH4,long
3.2,2025-03-11,3.5158597580753765e-4,0.0100097986834252,CH4,long
3.2,2025-03-11,0.003145123423671613,0.061298517298951825,CH4,long
3.2,2025-03-11,0.002535642162827681,0.05336748392553447,CH4,long
3.2,2025-03-11,0.002244022290390521,0.049054384724970986,CH4,long
3.1,2025-03-11,3.3220521022203403e-4,0.009432304443063328,CH4,long
3.1,2025-03-11,0.0032996861609357313,0.06279018708725362,CH4,long
3.1,2025-03-11,0.002656256808075902,0.0547687258829713,CH4,long
3.1,2025-03-11,0.0024053232901499804,0.05122044225480313,CH4,long
6.3,2025-03-11,3.069683504114059e-4,0.008955576219709388,CH4,long
6.3,2025-03-11,0.002846294287954582,0.05851451844985878,CH4,long
6.3,2025-03-11,0.0025035417504119207,0.053780673632245764,CH4,long
6.3,2025-03-11,0.0024586961934412632,0.05312588891520907,CH4,long
6.3,2025-03-11,3.3391894428606004e-4,0.009741840006472501,CH4,long
6.3,2025-03-11,0.002874921309576924,0.05910303678823791,CH4,long
6.3,2025-03-11,0.0025319424915650926,0.05439077369972869,CH4,long
6.3,2025-03-11,0.0024870673281800104,0.05373891371939178,CH4,long
9.Sam,2025-03-11,NA,NA,CH4,long
9.Sam,2025-03-11,0.007194670592943302,0.2208983248852122,CH4,long
9.Sam,2025-03-11,0.009878045752576616,0.20790254068359731,CH4,long
9.Sam,2025-03-11,0.009217967181093639,0.21163605436399843,CH4,long
9.Sam,2025-03-11,0.008820975310217473,0.21378974222019198,CH4,long
5.5,2025-03-11,NA,NA,CH4,long
5.5,2025-03-11,-0.23589034643051512,-6.844767903308334,CH4,long
5.5,2025-03-11,NA,NA,CH4,long
5.5,2025-03-11,-0.23453057566335964,-5.604168403085673,CH4,long
5.5,2025-03-11,-0.23540601872637604,-6.362212163274677,CH4,long
5.3,2025-03-11,NA,NA,CH4,long
5.3,2025-03-11,NA,NA,CH4,long
5.3,2025-03-11,NA,NA,CH4,long
5.3,2025-03-11,NA,NA,CH4,long
5.3,2025-03-11,NA,NA,CH4,long
5.3,2025-03-11,NA,NA,CH4,long
5.5,2025-03-11,NA,NA,CH4,long
5.5,2025-03-11,NA,NA,CH4,long
5.5,2025-03-11,NA,NA,CH4,long
5.5,2025-03-11,NA,NA,CH4,long
5.5,2025-03-11,NA,NA,CH4,long
5.6,2025-03-11,NA,NA,CH4,long
5.4,2025-02-20,NA,NA,CH4,long
5.4,2025-02-20,0.10421001911217742,3.032034345896559,CH4,long
5.4,2025-02-20,NA,NA,CH4,long
5.4,2025-02-20,0.12040487203066225,2.7564640122091855,CH4,long
5.4,2025-02-20,0.10901312413053527,2.946248477639936,CH4,long
5.5,NA,NA,NA,CH4,long
5.5,NA,NA,NA,CH4,long
5.5,NA,NA,NA,CH4,long
5.5,NA,NA,NA,CH4,long
5.5,NA,NA,NA,CH4,long
5.5,2025-02-20,NA,NA,CH4,long
5.5,2025-02-20,0.5394772031650034,15.653867573076253,CH4,long
5.5,2025-02-20,NA,NA,CH4,long
5.5,2025-02-20,0.5669646621304856,13.547766367735933,CH4,long
5.5,2025-02-20,0.5492677783229171,14.844812205939467,CH4,long
5.3,2025-02-20,NA,NA,CH4,long
5.3,2025-02-20,0.3642574250844369,10.713453678954027,CH4,long
5.3,2025-02-20,NA,NA,CH4,long
5.3,2025-02-20,0.39521014276801814,8.841691796028448,CH4,long
5.3,2025-02-20,0.3887343844058562,9.183802756123548,CH4,long
5.3,2025-02-20,0.37588551224932804,9.936689086432152,CH4,long
5.3,2025-02-20,NA,NA,CH4,long
5.3,2025-02-20,0.3697999732594972,10.876469801749916,CH4,long
5.3,2025-02-20,NA,NA,CH4,long
5.3,2025-02-20,0.4010165738577087,8.971594014049346,CH4,long
5.3,2025-02-20,0.3944856073549074,9.319674701825765,CH4,long
5.3,2025-02-20,0.38152719399850654,10.085829278430296,CH4,long
5.4,2025-02-20,NA,NA,CH4,long
5.4,2025-02-20,-0.2033588132181054,-5.916810221043392,CH4,long
5.4,2025-02-20,NA,NA,CH4,long
5.4,2025-02-20,-0.1999332905695151,-4.577131398446113,CH4,long
5.4,2025-02-20,-0.2023428641936371,-5.468629216404794,CH4,long
5.1,2025-02-20,NA,NA,CH4,long
5.2,2025-02-20,NA,NA,CH4,long
5.2,2025-02-20,0.3764120225617428,11.04108213326504,CH4,long
5.2,2025-02-20,NA,NA,CH4,long
5.2,2025-02-20,0.41085314982587223,8.955220284357104,CH4,long
5.2,2025-02-20,0.4048277805267872,9.26784098803273,CH4,long
5.2,2025-02-20,0.39081445488067745,10.076021515691163,CH4,long
5.2,2025-02-20,NA,NA,CH4,long
5.2,2025-02-20,0.49814232205133774,14.611728537236125,CH4,long
5.2,2025-02-20,NA,NA,CH4,long
5.2,2025-02-20,0.5389138988359262,11.746514978460922,CH4,long
5.2,2025-02-20,0.5317810368610799,12.174219080682748,CH4,long
5.2,2025-02-20,0.5151919926580216,13.282736955875798,CH4,long
5.1,2025-02-20,NA,NA,CH4,long
9.Sam,2025-02-20,NA,NA,CH4,long
9.Sam,2025-02-20,0.8786910483974607,26.978494452964817,CH4,long
9.Sam,2025-02-20,0.93944739617806,19.772483889646146,CH4,long
9.Sam,2025-02-20,0.9245020527706844,21.22571743378581,CH4,long
9.Sam,2025-02-20,0.9155134564179035,22.18885995746825,CH4,long
9.Sam,2025-02-20,NA,NA,CH4,long
9.Sam,2025-02-20,1.4092880941308805,43.269441630798795,CH4,long
9.Sam,2025-02-20,1.5053568953594507,31.683141688138736,CH4,long
9.Sam,2025-02-20,1.4817251058009222,34.019046594889346,CH4,long
9.Sam,2025-02-20,1.4675122094060062,35.56738862997221,CH4,long
9.2,2025-02-20,NA,NA,CH4,long
9.4,2025-02-20,NA,NA,CH4,long
9.4,2025-02-20,0.6810062256025424,19.65373529227764,CH4,long
9.4,2025-02-20,0.7253661046123447,14.780852420967454,CH4,long
9.4,2025-02-20,0.7134931881184235,15.870411972676221,CH4,long
9.4,2025-02-20,0.7115886979043129,16.058064363382023,CH4,long
9.4,2025-02-20,NA,NA,CH4,long
9.4,2025-02-20,0.719519536042671,20.765223528600124,CH4,long
9.4,2025-02-20,0.7662680930275823,15.614316034231878,CH4,long
9.4,2025-02-20,0.7537558471494877,16.76598462365481,CH4,long
9.4,2025-02-20,0.7517488044954291,16.96433729658022,CH4,long
9.3,2025-02-20,NA,NA,CH4,long
9.1,2025-02-20,NA,NA,CH4,long
9.1,2025-02-20,NA,NA,CH4,long
9.1,2025-02-20,-0.3845346077702676,-7.720705297748636,CH4,long
9.1,2025-02-20,-0.3811772372602906,-8.06971221889553,CH4,long
9.1,2025-02-20,-0.3784803182570167,-8.370073342534804,CH4,long
3.3,2025-02-20,NA,NA,CH4,long
6.1,2025-02-20,0.3032469766952515,8.799237460403502,CH4,long
6.1,2025-02-20,0.32697722980712435,6.468383760019102,CH4,long
6.1,2025-02-20,0.3224467497744903,6.82635850792296,CH4,long
6.1,2025-02-20,0.31980093220140476,7.05193298218568,CH4,long
9.1,2025-02-20,NA,NA,CH4,long
9.1,2025-02-20,NA,NA,CH4,long
9.1,2025-02-20,0.1283048295339344,2.5761108547639466,CH4,long
9.1,2025-02-20,0.1267472084303976,2.6833016156293716,CH4,long
9.1,2025-02-20,0.12549599771607656,2.7753377240737596,CH4,long
9.2,2025-02-20,NA,NA,CH4,long
3.3,2025-02-20,NA,NA,CH4,long
9.3,2025-02-20,NA,NA,CH4,long
6.3,2025-02-20,1.2257807502630211,35.76125331136143,CH4,long
6.3,2025-02-20,1.3046324507158829,26.820817485657386,CH4,long
6.3,2025-02-20,1.293989224487933,27.79726447716642,CH4,long
6.3,2025-02-20,1.292596670514215,27.929578006868045,CH4,long
6.1,2025-02-20,0.312375478326193,9.064116782148748,CH4,long
6.1,2025-02-20,0.33673343430714475,6.661384583913117,CH4,long
6.1,2025-02-20,0.33208311588503453,7.030365184467784,CH4,long
6.1,2025-02-20,0.3293673122366275,7.262881306901708,CH4,long
6.3,2025-02-20,1.4509666531573773,42.33088667672856,CH4,long
6.3,2025-02-20,1.5438257590780626,31.738187173842235,CH4,long
6.3,2025-02-20,1.5312918445782755,32.89496047566761,CH4,long
6.3,2025-02-20,1.529651913971794,33.05171166628066,CH4,long
3.4,2025-02-20,1.4572772405982413,42.86109531171297,CH4,long
3.4,2025-02-20,1.5621681293895797,31.087519497373624,CH4,long
3.4,2025-02-20,1.5484014768435017,32.303693662598654,CH4,long
3.4,2025-02-20,1.5179439607347283,44.64541060984495,CH4,long
3.4,2025-02-20,1.6270795618909448,32.37927253312218,CH4,long
3.4,2025-02-20,1.6127558020407085,33.64629274825163,CH4,long
6.2,2025-02-20,-0.0025932427883003295,-0.07504380801187412,CH4,long
6.2,2025-02-20,-3.39697436164104e-4,-0.007107799219394659,CH4,long
6.2,2025-02-20,-5.574574829842709e-4,-0.012010153564115368,CH4,long
6.2,2025-02-20,-6.218562385433469e-4,-0.01351505310226213,CH4,long
3.1,2025-02-20,0.430941081176385,12.23571259451887,CH4,long
3.1,2025-02-20,0.46528830846048885,8.854035963669,CH4,long
3.1,2025-02-20,0.457840909609074,9.44011256748677,CH4,long
3.1,2025-02-20,0.45493646954136996,9.687698640416349,CH4,long
6.2,2025-02-20,35.22730697975329,1019.415256331101,CH4,long
6.2,2025-02-20,37.251672869803436,779.4507204264653,CH4,long
6.2,2025-02-20,37.05605843028013,798.3549702230002,CH4,long
6.2,2025-02-20,36.99820885383745,804.0970345806747,CH4,long
3.1,2025-02-20,0.018796586819891763,0.5336915976037612,CH4,long
3.1,2025-02-20,0.023202759448464227,0.44152853806449827,CH4,long
3.1,2025-02-20,0.0222473832050854,0.45871349060385147,CH4,long
3.1,2025-02-20,0.02187479230504585,0.46581536073953267,CH4,long
6.2,2025-02-20,38.867263333945104,1124.749082784969,CH4,long
6.2,2025-02-20,41.10055404726976,859.984371011694,CH4,long
6.2,2025-02-20,40.88475120583344,880.8423160525866,CH4,long
6.2,2025-02-20,40.820931259807764,887.177806485313,CH4,long
9.1,2025-02-20,NA,NA,CH4,long
9.1,2025-02-20,NA,NA,CH4,long
9.1,2025-02-20,0.35923308372985785,7.212700018763157,CH4,long
9.1,2025-02-20,0.3554622739552963,7.525313620799125,CH4,long
9.1,2025-02-20,0.35243324617640653,7.794043643878323,CH4,long
9.3,2024-12-12,NA,NA,CH4,long
3.4,2024-12-12,3.7033836129125497,108.92304743860439,CH4,long
3.4,2024-12-12,3.965485000046634,78.91410017669682,CH4,long
3.4,2024-12-12,3.931084884172909,82.01268453893924,CH4,long
3.4,2024-12-12,2.9237061644078213,85.99135777670062,CH4,long
3.4,2024-12-12,3.1312552945740193,62.312729462328214,CH4,long
3.4,2024-12-12,3.1040150185675612,64.75784981058013,CH4,long
5.3,2024-12-12,NA,NA,CH4,long
5.3,2024-12-12,2.1010739693880742,61.796293217296295,CH4,long
5.3,2024-12-12,NA,NA,CH4,long
5.3,2024-12-12,2.214975362459876,49.55371173801626,CH4,long
5.3,2024-12-12,2.191145535748477,51.76554793585045,CH4,long
5.3,2024-12-12,2.1438635990542276,56.67392153542459,CH4,long
3.1,2024-12-12,7.718146710600673,219.14138391133753,CH4,long
3.1,2024-12-12,8.281945124988107,157.59828616455502,CH4,long
3.1,2024-12-12,8.159698527642483,168.24287869660142,CH4,long
3.1,2024-12-12,8.112023101288266,172.74243862797195,CH4,long
6.2,2024-12-12,1.102965576728282,31.917851023101868,CH4,long
6.2,2024-12-12,1.16872113166746,24.45421796867192,CH4,long
6.2,2024-12-12,1.1623671735770815,25.042642136245917,CH4,long
6.2,2024-12-12,1.160488100717436,25.221357178112797,CH4,long
5.6,2024-12-12,21.470970428595106,684.2241494207587,CH4,long
9.1,2024-12-12,NA,NA,CH4,long
9.1,2024-12-12,NA,NA,CH4,long
9.1,2024-12-12,25.480150132557238,511.59174269535305,CH4,long
9.1,2024-12-12,25.23561724832194,534.2506030104151,CH4,long
9.1,2024-12-12,25.039188114135,553.7403950567257,CH4,long
9.Sam,2024-12-12,NA,NA,CH4,long
9.Sam,2024-12-12,1.9101920681275608,58.64872096747051,CH4,long
9.Sam,2024-12-12,2.03964037768129,42.928168913388845,CH4,long
9.Sam,2024-12-12,2.0077976236241986,46.09718809769336,CH4,long
9.Sam,2024-12-12,1.9886463967049948,48.19786764692722,CH4,long
5.1,2024-12-12,NA,NA,CH4,long
5.1,2024-12-12,NA,NA,CH4,long
9.3,2024-12-12,NA,NA,CH4,long
6.2,2024-12-12,1.1198192704416354,32.405566774601084,CH4,long
6.2,2024-12-12,1.1865421872494606,24.827104165238154,CH4,long
6.2,2024-12-12,1.1800947529991241,25.424574315250847,CH4,long
6.2,2024-12-12,1.1781880361870471,25.606037033281183,CH4,long
3.1,2024-12-12,2.4957674743165192,70.86234024178847,CH4,long
3.1,2024-12-12,2.6801757857507753,51.00143795684329,CH4,long
3.1,2024-12-12,2.640191124531777,54.43747138398026,CH4,long
3.1,2024-12-12,2.6245973508592457,55.889799763013514,CH4,long
9.Sam,2024-12-12,NA,NA,CH4,long
9.Sam,2024-12-12,1.798754073392168,55.22723473712665,CH4,long
9.Sam,2024-12-12,1.9207859281558233,40.42664759562723,CH4,long
9.Sam,2024-12-12,1.8907675343137862,43.410284807961375,CH4,long
9.Sam,2024-12-12,1.8727135346130022,45.388058546476955,CH4,long
5.3,2024-12-12,NA,NA,CH4,long
5.3,2024-12-12,1.79099550913694,52.67633850402765,CH4,long
5.3,2024-12-12,NA,NA,CH4,long
5.3,2024-12-12,1.890133943859852,42.2863180275973,CH4,long
5.3,2024-12-12,1.8693927425788708,44.164177161259,CH4,long
5.3,2024-12-12,1.8282391002210399,48.33025727925597,CH4,long
9.1,2024-12-12,NA,NA,CH4,long
9.1,2024-12-12,NA,NA,CH4,long
9.1,2024-12-12,18.70498725658965,375.5596799041574,CH4,long
9.1,2024-12-12,18.52538672016796,392.191676108457,CH4,long
9.1,2024-12-12,18.381116643858405,406.4974768973466,CH4,long
5.6,2024-12-12,23.012114129462244,733.3364027009649,CH4,long
5.2,NA,NA,NA,N2O,long
5.2,NA,NA,NA,N2O,long
5.2,NA,NA,NA,N2O,long
5.2,NA,NA,NA,N2O,long
5.2,NA,NA,NA,N2O,long
5.2,NA,NA,NA,N2O,long
9.1,2025-03-11,NA,NA,N2O,long
9.1,2025-03-11,NA,NA,N2O,long
9.1,2025-03-11,0.012986825944485844,0.26075014795660223,N2O,long
9.1,2025-03-11,0.01215801180562573,0.25739117354045343,N2O,long
9.1,2025-03-11,0.01151978326041549,0.2547594316761933,N2O,long
6.3,2025-03-11,0.009061169503262011,0.26435296673879516,N2O,long
6.3,2025-03-11,0.013518506080995722,0.2779153500882037,N2O,long
6.3,2025-03-11,0.012835723658138919,0.2757349122611931,N2O,long
6.3,2025-03-11,0.012748321535531196,0.27545734017836365,N2O,long
6.1,2025-03-11,0.01287329966245658,0.3735411375353093,N2O,long
6.1,2025-03-11,0.01917552105146581,0.3793372065460669,N2O,long
6.1,2025-03-11,0.017806805794379314,0.3769789595286835,N2O,long
6.1,2025-03-11,0.017044617969767643,0.3758510108221354,N2O,long
5.2,2025-03-11,NA,NA,N2O,long
5.2,2025-03-11,0.014379779282944271,0.4217939773567355,N2O,long
5.2,2025-03-11,NA,NA,N2O,long
5.2,2025-03-11,0.01936492695184176,0.42209043965641874,N2O,long
5.2,2025-03-11,0.01839762442044134,0.42118220608359624,N2O,long
5.2,2025-03-11,0.01630638950789581,0.42041313844177947,N2O,long
6.1,2025-03-11,0.015329468818228362,0.444811149457882,N2O,long
6.1,2025-03-11,0.022459256754777925,0.4442972733618148,N2O,long
6.1,2025-03-11,0.020910810750395206,0.44269229252072984,N2O,long
6.1,2025-03-11,0.020048537399164117,0.44209046282801145,N2O,long
5.2,2025-03-11,NA,NA,N2O,long
5.2,2025-03-11,0.01657579537926744,0.48620848229327507,N2O,long
5.2,2025-03-11,NA,NA,N2O,long
5.2,2025-03-11,0.0220954224773165,0.48160608150178613,N2O,long
5.2,2025-03-11,0.021024411221694055,0.48131800593358315,N2O,long
5.2,2025-03-11,0.018708965891219953,0.4823566285792074,N2O,long
9.1,2025-03-11,NA,NA,N2O,long
9.1,2025-03-11,NA,NA,N2O,long
9.1,2025-03-11,0.008578524560163997,0.17224004986852592,N2O,long
9.1,2025-03-11,0.007938568674377219,0.16806345807165235,N2O,long
9.1,2025-03-11,0.007445770476525334,0.16466284235651124,N2O,long
5.2,2025-03-11,NA,NA,N2O,long
5.2,2025-03-11,0.005275378014572507,0.15473969600256762,N2O,long
5.2,2025-03-11,NA,NA,N2O,long
5.2,2025-03-11,0.0080446424753124815,0.175346216782935,N2O,long
5.2,2025-03-11,0.007507303022019334,0.1718668876096287,N2O,long
5.2,2025-03-11,0.006345615764788743,0.16360336773070994,N2O,long
5.2,2025-03-11,NA,NA,N2O,long
5.2,2025-03-11,0.00895013324831336,0.2625292242945953,N2O,long
5.2,2025-03-11,NA,NA,N2O,long
5.2,2025-03-11,0.012613781444623415,0.27493811719153965,N2O,long
5.2,2025-03-11,0.011902898556126144,0.2724965440151212,N2O,long
5.2,2025-03-11,0.010366023517657632,0.2672579652356226,N2O,long
5.5,2025-03-11,NA,NA,N2O,long
5.5,2025-03-11,0.0068949963140928425,0.20007028764966361,N2O,long
5.5,2025-03-11,NA,NA,N2O,long
5.5,2025-03-11,0.008832627442395,0.2110579035969625,N2O,long
5.5,2025-03-11,0.0075471727155145526,0.20397402882376442,N2O,long
9.Sam,2025-03-11,NA,NA,N2O,long
9.Sam,2025-03-11,0.005514673110826219,0.1693172796077495,N2O,long
9.Sam,2025-03-11,0.009293215149037186,0.19559365172004356,N2O,long
9.Sam,2025-03-11,0.00824602195377345,0.18932108524696153,N2O,long
9.Sam,2025-03-11,0.007654204541191238,0.18551127944621285,N2O,long
6.1,2025-03-11,0.00629640989463801,0.1827012635533444,N2O,long
6.1,2025-03-11,0.010382654445929538,0.20539348701301358,N2O,long
6.1,2025-03-11,0.009495204622079641,0.20101821743197704,N2O,long
6.1,2025-03-11,0.009001016041079984,0.19848147863840246,N2O,long
9.4,2025-03-11,NA,NA,N2O,long
9.4,2025-03-11,0.0031310296089915963,0.09036103461896848,N2O,long
9.4,2025-03-11,0.0059719214186033254,0.12169039688608593,N2O,long
9.4,2025-03-11,0.005125729639517655,0.11401291896594891,N2O,long
9.4,2025-03-11,0.004995988998160131,0.11274197177031584,N2O,long
9.1,2025-03-11,NA,NA,N2O,long
9.1,2025-03-11,NA,NA,N2O,long
9.1,2025-03-11,0.02178046001112716,0.4373091773726016,N2O,long
9.1,2025-03-11,0.020574913379815752,0.4355811776620822,N2O,long
9.1,2025-03-11,0.019646581879893252,0.4344831774136069,N2O,long
9.2,2025-03-11,NA,NA,N2O,long
9.2,2025-03-11,NA,NA,N2O,long
9.4,2025-03-11,NA,NA,N2O,long
9.4,2025-03-11,0.005680358197491372,0.16393426694453114,N2O,long
9.4,2025-03-11,0.009284386765557137,0.18918881062718454,N2O,long
9.4,2025-03-11,0.008210886065682203,0.18263684460215854,N2O,long
9.4,2025-03-11,0.008046293744246494,0.18157666530162186,N2O,long
9.3,2025-03-11,NA,NA,N2O,long
5.2,2025-03-11,NA,NA,N2O,long
5.2,2025-03-11,0.00477025273610672,0.13992314033260544,N2O,long
5.2,2025-03-11,NA,NA,N2O,long
5.2,2025-03-11,0.007416576809052432,0.161656492372196,N2O,long
5.2,2025-03-11,0.006903092325806948,0.15803451511661887,N2O,long
5.2,2025-03-11,0.005792977709587833,0.14935519224729743,N2O,long
9.5,2025-03-11,NA,NA,N2O,long
9.5,2025-03-11,0.005162859864275032,0.14980934159880108,N2O,long
9.5,2025-03-11,0.009006388118553301,0.17869787779426868,N2O,long
9.4,2025-03-11,NA,NA,N2O,long
9.4,2025-03-11,0.003550672295659358,0.10247185823708022,N2O,long
9.4,2025-03-11,0.006517183360888908,0.13280125007931648,N2O,long
9.4,2025-03-11,0.0056335744647419625,0.1253090416602048,N2O,long
9.4,2025-03-11,0.005498096919664427,0.12407278877826695,N2O,long
6.2,2025-03-11,0.003450688631136235,0.09985675707343543,N2O,long
6.2,2025-03-11,0.00599003719805663,0.12533501047656984,N2O,long
6.2,2025-03-11,0.005712603113753922,0.12307528868343147,N2O,long
6.2,2025-03-11,0.005631910985063002,0.12240059890471645,N2O,long
9.Sam,2025-03-11,NA,NA,N2O,long
9.Sam,2025-03-11,0.0034394856730246303,0.10560269769446204,N2O,long
9.Sam,2025-03-11,0.0065576566229068375,0.1380185420256157,N2O,long
9.Sam,2025-03-11,0.005693480078788848,0.1307170698053995,N2O,long
9.Sam,2025-03-11,0.005205093858684216,0.1261533600475034,N2O,long
6.2,2025-03-11,0.007533388668232658,0.2180027938179335,N2O,long
6.2,2025-03-11,0.011189671417763822,0.23413169868624642,N2O,long
6.2,2025-03-11,0.010790207764060636,0.2324698406438554,N2O,long
6.2,2025-03-11,0.01067402314805364,0.2319828615029073,N2O,long
3.1,2025-03-11,0.008729842171556531,0.24786645894861037,N2O,long
3.1,2025-03-11,0.013998913816589648,0.26638727887767866,N2O,long
3.1,2025-03-11,0.01269807126345277,0.26181850420338093,N2O,long
3.1,2025-03-11,0.012215176981173952,0.260117535866627,N2O,long
9.3,2025-03-11,NA,NA,N2O,long
9.5,2025-03-11,NA,NA,N2O,long
9.5,2025-03-11,0.007893007312048396,0.22902930928545193,N2O,long
9.5,2025-03-11,0.012647255590195586,0.2509371908183636,N2O,long
5.3,2025-03-11,NA,NA,N2O,long
5.3,2025-03-11,0.008078460388000112,0.23760177611765032,N2O,long
5.3,2025-03-11,NA,NA,N2O,long
5.3,2025-03-11,0.01120003233964151,0.2505685541344747,N2O,long
5.3,2025-03-11,0.010484065227765427,0.2476847713929179,N2O,long
5.3,2025-03-11,0.009163264911195425,0.24223470038602168,N2O,long
9.3,2025-03-11,NA,NA,N2O,long
3.2,2025-03-11,NA,NA,N2O,long
3.2,2025-03-11,NA,NA,N2O,long
3.2,2025-03-11,NA,NA,N2O,long
3.2,2025-03-11,NA,NA,N2O,long
3.1,2025-03-11,NA,NA,N2O,long
3.1,2025-03-11,NA,NA,N2O,long
3.1,2025-03-11,NA,NA,N2O,long
3.1,2025-03-11,NA,NA,N2O,long
6.3,2025-03-11,0.002974057984899013,0.08676595789078059,N2O,long
6.3,2025-03-11,0.005609516802428103,0.11532123569216457,N2O,long
6.3,2025-03-11,0.005205812723682777,0.11183041586460883,N2O,long
6.3,2025-03-11,0.005154135070294886,0.11136715789811578,N2O,long
6.3,2025-03-11,0.005498833439190103,0.16042442785438343,N2O,long
6.3,2025-03-11,0.008889959741339304,0.18276104319378836,N2O,long
6.3,2025-03-11,0.008370501227849141,0.1798137357202843,N2O,long
6.3,2025-03-11,0.008304005994278647,0.1794274954262732,N2O,long
9.Sam,2025-03-11,NA,NA,N2O,long
9.Sam,2025-03-11,0.0023817780063071833,0.07312784720925768,N2O,long
9.Sam,2025-03-11,0.005163362703651246,0.10867293505701912,N2O,long
9.Sam,2025-03-11,0.0043924683910693514,0.10084703719830425,N2O,long
9.Sam,2025-03-11,0.003956800283684773,0.09589906817740483,N2O,long
5.5,2025-03-11,NA,NA,N2O,long
5.5,2025-03-11,0.009648935571902589,0.27998061600669744,N2O,long
5.5,2025-03-11,NA,NA,N2O,long
5.5,2025-03-11,0.011997110059077078,0.2866740293083453,N2O,long
5.5,2025-03-11,0.010439294461469783,0.2821380972249854,N2O,long
5.3,2025-03-11,NA,NA,N2O,long
5.3,2025-03-11,0.011810828230729795,0.34737730090381747,N2O,long
5.3,2025-03-11,NA,NA,N2O,long
5.3,2025-03-11,0.015753972845939348,0.35244989283728695,N2O,long
5.3,2025-03-11,0.01484956894124101,0.35081926796430135,N2O,long
5.3,2025-03-11,0.013181144590710969,0.34844901261936306,N2O,long
5.5,2025-03-11,NA,NA,N2O,long
5.5,2025-03-11,0.015637805348299397,0.45375806914486194,N2O,long
5.5,2025-03-11,NA,NA,N2O,long
5.5,2025-03-11,0.01887877030166826,0.45111307007400303,N2O,long
5.5,2025-03-11,0.016728663576962396,0.45211803615093865,N2O,long
5.6,2025-03-11,0.01353303956198818,0.431262877203111,N2O,long
6.3,2025-03-11,0.00297405798489901,0.0867659578907805,N2O,long
6.3,2025-03-11,0.005609516802428101,0.1153212356921645,N2O,long
6.3,2025-03-11,0.00520581272368277,0.11183041586460866,N2O,long
6.3,2025-03-11,0.0051541350702948826,0.11136715789811572,N2O,long
6.3,2025-03-11,0.005498833439190119,0.16042442785438388,N2O,long
6.3,2025-03-11,0.008889959741339323,0.18276104319378875,N2O,long
6.3,2025-03-11,0.00837050122784916,0.17981373572028472,N2O,long
6.3,2025-03-11,0.008304005994278664,0.1794274954262736,N2O,long
9.Sam,2025-03-11,NA,NA,N2O,long
9.Sam,2025-03-11,0.002381778006307194,0.07312784720925801,N2O,long
9.Sam,2025-03-11,0.005163362703651258,0.10867293505701939,N2O,long
9.Sam,2025-03-11,0.0043924683910693645,0.10084703719830455,N2O,long
9.Sam,2025-03-11,0.003956800283684785,0.09589906817740514,N2O,long
5.5,2025-03-11,NA,NA,N2O,long
5.5,2025-03-11,0.009648935571902592,0.27998061600669755,N2O,long
5.5,2025-03-11,NA,NA,N2O,long
5.5,2025-03-11,0.011997110059077082,0.28667402930834535,N2O,long
5.5,2025-03-11,0.010439294461469786,0.2821380972249855,N2O,long
5.3,2025-03-11,NA,NA,N2O,long
5.3,2025-03-11,0.011810828230729776,0.34737730090381697,N2O,long
5.3,2025-03-11,NA,NA,N2O,long
5.3,2025-03-11,0.01575397284593933,0.3524498928372865,N2O,long
5.3,2025-03-11,0.014849568941240987,0.35081926796430085,N2O,long
5.3,2025-03-11,0.013181144590710946,0.3484490126193625,N2O,long
5.5,2025-03-11,NA,NA,N2O,long
5.5,2025-03-11,0.015637805348299404,0.4537580691448621,N2O,long
5.5,2025-03-11,NA,NA,N2O,long
5.5,2025-03-11,0.018878770301668263,0.45111307007400314,N2O,long
5.5,2025-03-11,0.016728663576962406,0.45211803615093893,N2O,long
5.6,2025-03-11,0.013533039561988192,0.4312628772031114,N2O,long
5.2,NA,NA,NA,N2O,long
5.2,NA,NA,NA,N2O,long
5.2,NA,NA,NA,N2O,long
5.2,NA,NA,NA,N2O,long
5.2,NA,NA,NA,N2O,long
5.2,NA,NA,NA,N2O,long
9.1,2025-03-11,NA,NA,N2O,long
9.1,2025-03-11,NA,NA,N2O,long
9.1,2025-03-11,0.002311761858398064,0.04641567148081076,N2O,long
9.1,2025-03-11,0.0019402835001437442,0.04107676938363311,N2O,long
9.1,2025-03-11,0.0016542264928491866,0.036583136301712095,N2O,long
6.3,2025-03-11,0.006401156402049077,0.1867490377297906,N2O,long
6.3,2025-03-11,0.010062348750071677,0.20686318139228824,N2O,long
6.3,2025-03-11,0.009501521058841172,0.20411011839182236,N2O,long
6.3,2025-03-11,0.009429730208652556,0.20375140324437757,N2O,long
5.2,2025-03-11,NA,NA,N2O,long
5.2,2025-03-11,0.006925681365897737,0.20314711594302823,N2O,long
5.2,2025-03-11,NA,NA,N2O,long
5.2,2025-03-11,0.010096606449535726,0.22007214723405127,N2O,long
5.2,2025-03-11,0.009481330019627589,0.21705886602600719,N2O,long
5.2,2025-03-11,0.008151148913590936,0.21015382313845327,N2O,long
6.1,2025-03-11,0.007151077289977154,0.20750092171716294,N2O,long
6.1,2025-03-11,0.011525288223386138,0.2279974884418266,N2O,long
6.1,2025-03-11,0.01057529791477645,0.22388433111774966,N2O,long
6.1,2025-03-11,0.01004628280884224,0.22153066471808236,N2O,long
5.2,2025-03-11,NA,NA,N2O,long
5.2,2025-03-11,0.0067665082052578525,0.1984781791538265,N2O,long
5.2,2025-03-11,NA,NA,N2O,long
5.2,2025-03-11,0.00989869278049178,0.2157582932345747,N2O,long
5.2,2025-03-11,0.009290933438207909,0.21270006130424016,N2O,long
5.2,2025-03-11,0.0079770037070723,0.20566399215645442,N2O,long
9.1,2025-03-11,NA,NA,N2O,long
9.1,2025-03-11,NA,NA,N2O,long
9.1,2025-03-11,0.010695988489477054,0.21475459770502636,N2O,long
9.1,2025-03-11,0.009965317268287366,0.21097073661341292,N2O,long
9.1,2025-03-11,0.009402663702593803,0.2079394383526598,N2O,long
5.2,2025-03-11,NA,NA,N2O,long
5.2,2025-03-11,0.0068311006932173495,0.20037283427110764,N2O,long
5.2,2025-03-11,NA,NA,N2O,long
5.2,2025-03-11,0.009979006171476476,0.21750885571257075,N2O,long
5.2,2025-03-11,0.009368196394119824,0.21446886479081223,N2O,long
5.2,2025-03-11,0.008047671853071535,0.20748596611537487,N2O,long
5.2,2025-03-11,NA,NA,N2O,long
5.2,2025-03-11,0.006712958675535882,0.1969074409190747,N2O,long
5.2,2025-03-11,NA,NA,N2O,long
5.2,2025-03-11,0.009832110048451735,0.21430701305622965,N2O,long
5.2,2025-03-11,0.009226879628164132,0.21123365866410787,N2O,long
5.2,2025-03-11,0.007918417235113587,0.20415350925437076,N2O,long
5.5,2025-03-11,NA,NA,N2O,long
5.5,2025-03-11,0.006845444794957905,0.19863246430136947,N2O,long
5.5,2025-03-11,NA,NA,N2O,long
5.5,2025-03-11,0.008775689032991807,0.209697345665457,N2O,long
5.5,2025-03-11,0.0074951348843863355,0.2025676258611486,N2O,long
6.1,2025-03-11,0.006987774564278759,0.20276240964027137,N2O,long
6.1,2025-03-11,0.011306963280430207,0.22367850416192347,N2O,long
6.1,2025-03-11,0.010368922686625912,0.21951526461143434,N2O,long
6.1,2025-03-11,0.00984656194293768,0.21712661826390864,N2O,long
9.2,2025-03-11,NA,NA,N2O,long
9.2,2025-03-11,NA,NA,N2O,long
9.4,2025-03-11,NA,NA,N2O,long
9.4,2025-03-11,0.006606568055007645,0.19066454147119483,N2O,long
9.4,2025-03-11,0.010487855816533866,0.2137120111497611,N2O,long
9.4,2025-03-11,0.009331770327830165,0.2075689607179256,N2O,long
9.4,2025-03-11,0.00915451586084561,0.2065853565999554,N2O,long
9.3,2025-03-11,NA,NA,N2O,long
9.5,2025-03-11,NA,NA,N2O,long
9.5,2025-03-11,0.006670362523525337,0.1935521482559099,N2O,long
9.5,2025-03-11,0.01101676210035236,0.21858618367132118,N2O,long
9.4,2025-03-11,NA,NA,N2O,long
9.4,2025-03-11,0.006751642864226647,0.19485137822947143,N2O,long
9.4,2025-03-11,0.01067635849932717,0.21755314780834994,N2O,long
9.4,2025-03-11,0.009507337526956894,0.21147414695576194,N2O,long
9.4,2025-03-11,0.009328099753127895,0.21050253702022412,N2O,long
6.2,2025-03-11,0.007132176816050962,0.20639244042447225,N2O,long
6.2,2025-03-11,0.010678697097583366,0.22344011703899835,N2O,long
6.2,2025-03-11,0.010291225436707293,0.22171950620541278,N2O,long
6.2,2025-03-11,0.010178528710196274,0.2212140805139054,N2O,long
9.Sam,2025-03-11,NA,NA,N2O,long
9.Sam,2025-03-11,0.006353584005400377,0.1950744020423953,N2O,long
9.Sam,2025-03-11,0.010399086266273288,0.21886884407092155,N2O,long
9.Sam,2025-03-11,0.009277907145816557,0.21301222086399357,N2O,long
9.Sam,2025-03-11,0.008644276857622415,0.20950718668608376,N2O,long
6.2,2025-03-11,0.007333148231977747,0.2122081937433387,N2O,long
6.2,2025-03-11,0.010934649737243644,0.228795647516127,N2O,long
6.2,2025-03-11,0.010541171155671825,0.2271044665998577,N2O,long
6.2,2025-03-11,0.010426727307068596,0.22660828098778643,N2O,long
3.1,2025-03-11,0.006724796405674303,0.190937182994642,N2O,long
3.1,2025-03-11,0.011268326646614046,0.21442655567599056,N2O,long
3.1,2025-03-11,0.010146607703116643,0.20921048531319603,N2O,long
3.1,2025-03-11,0.009730207068902659,0.20720104916496684,N2O,long
9.3,2025-03-11,NA,NA,N2O,long
9.5,2025-03-11,NA,NA,N2O,long
9.5,2025-03-11,0.006528893097114638,0.1894471672600868,N2O,long
9.5,2025-03-11,0.010828101435423558,0.21484292277669212,N2O,long
5.3,2025-03-11,NA,NA,N2O,long
5.3,2025-03-11,0.007147799433112085,0.21022939509153188,N2O,long
5.3,2025-03-11,NA,NA,N2O,long
5.3,2025-03-11,0.01006451333436715,0.22516457790337385,N2O,long
5.3,2025-03-11,0.009395532686026706,0.22196832191487778,N2O,long
5.3,2025-03-11,0.008161411959738098,0.21575030297101153,N2O,long
9.3,2025-03-11,NA,NA,N2O,long
3.2,2025-03-11,0.009898208121734893,0.28180609422102665,N2O,long
3.2,2025-03-11,0.015193076401884763,0.2961133574713632,N2O,long
3.2,2025-03-11,0.013886326786823585,0.29226455232709003,N2O,long
3.2,2025-03-11,0.013291790754849254,0.2905588862304565,N2O,long
3.1,2025-03-11,0.009947602799898144,0.28244234346775193,N2O,long
3.1,2025-03-11,0.015657330599105304,0.2979455225905502,N2O,long
3.1,2025-03-11,0.014247697671635298,0.29376988168793966,N2O,long
3.1,2025-03-11,0.013724418602123185,0.29225626067378396,N2O,long
6.3,2025-03-11,0.009747396388249906,0.284373132219329,N2O,long
6.3,2025-03-11,0.014410121268209132,0.29624530055859793,N2O,long
6.3,2025-03-11,0.013695877114748336,0.294212587864545,N2O,long
6.3,2025-03-11,0.013604447615419053,0.2939559489690159,N2O,long
6.3,2025-03-11,0.009791074258528177,0.28564740201250927,N2O,long
6.3,2025-03-11,0.014466871962967955,0.2974119893263619,N2O,long
6.3,2025-03-11,0.013750625291946107,0.2953886792356392,N2O,long
6.3,2025-03-11,0.013658939452852454,0.29513337272311563,N2O,long
9.Sam,2025-03-11,NA,NA,N2O,long
9.Sam,2025-03-11,0.008621798722024489,0.264715509986057,N2O,long
9.Sam,2025-03-11,0.013389097671570099,0.28179940578369683,N2O,long
9.Sam,2025-03-11,0.01206787827814612,0.2770673938360493,N2O,long
9.Sam,2025-03-11,0.011321195959729509,0.27438638934306,N2O,long
5.5,2025-03-11,NA,NA,N2O,long
5.5,2025-03-11,0.009392623916066076,0.27254328835992847,N2O,long
5.5,2025-03-11,NA,NA,N2O,long
5.5,2025-03-11,0.011702588755803048,0.27963636704543804,N2O,long
5.5,2025-03-11,0.010170122034560074,0.27486329559600214,N2O,long
5.3,2025-03-11,NA,NA,N2O,long
5.3,2025-03-11,NA,NA,N2O,long
5.3,2025-03-11,NA,NA,N2O,long
5.3,2025-03-11,NA,NA,N2O,long
5.3,2025-03-11,NA,NA,N2O,long
5.3,2025-03-11,NA,NA,N2O,long
5.5,2025-03-11,NA,NA,N2O,long
5.5,2025-03-11,NA,NA,N2O,long
5.5,2025-03-11,NA,NA,N2O,long
5.5,2025-03-11,NA,NA,N2O,long
5.5,2025-03-11,NA,NA,N2O,long
5.6,2025-03-11,NA,NA,N2O,long
5.4,2025-02-20,NA,NA,N2O,long
5.4,2025-02-20,0.009687445226799716,0.2818602942585593,N2O,long
5.4,2025-02-20,NA,NA,N2O,long
5.4,2025-02-20,0.012720517889324717,0.2912145429601672,N2O,long
5.4,2025-02-20,0.01052052098432459,0.28433336977784246,N2O,long
5.5,NA,NA,NA,N2O,long
5.5,NA,NA,NA,N2O,long
5.5,NA,NA,NA,N2O,long
5.5,NA,NA,NA,N2O,long
5.5,NA,NA,NA,N2O,long
5.5,2025-02-20,NA,NA,N2O,long
5.5,2025-02-20,0.012144479769040052,0.3523931631088971,N2O,long
5.5,2025-02-20,NA,NA,N2O,long
5.5,2025-02-20,0.01489475496581017,0.3559139993367508,N2O,long
5.5,2025-02-20,0.013070179482752131,0.3532418386379668,N2O,long
5.3,2025-02-20,NA,NA,N2O,long
5.3,2025-02-20,0.010236897851966223,0.301085230940183,N2O,long
5.3,2025-02-20,NA,NA,N2O,long
5.3,2025-02-20,0.01387799923075693,0.31048037149162555,N2O,long
5.3,2025-02-20,0.013042872288752592,0.3081362783389762,N2O,long
5.3,2025-02-20,0.011502248549087876,0.3040667009037028,N2O,long
5.3,2025-02-20,NA,NA,N2O,long
5.3,2025-02-20,0.010414999931198009,0.3063235273881767,N2O,long
5.3,2025-02-20,NA,NA,N2O,long
5.3,2025-02-20,0.014095305323576635,0.31534197115770196,N2O,long
5.3,2025-02-20,0.013251186506703693,0.31305767651136346,N2O,long
5.3,2025-02-20,0.011693974754857965,0.309135062504176,N2O,long
5.4,2025-02-20,NA,NA,N2O,long
5.4,2025-02-20,0.009315161886597126,0.27102855386050534,N2O,long
5.4,2025-02-20,NA,NA,N2O,long
5.4,2025-02-20,0.01227762618752437,0.2810752934702641,N2O,long
5.4,2025-02-20,0.01012884407170535,0.2737476947342638,N2O,long
5.1,2025-02-20,NA,NA,N2O,long
5.2,2025-02-20,NA,NA,N2O,long
5.2,2025-02-20,0.008232558338428139,0.2414810030850472,N2O,long
5.2,2025-02-20,NA,NA,N2O,long
5.2,2025-02-20,0.011770664799536765,0.25656100292246553,N2O,long
5.2,2025-02-20,0.011084141638438218,0.25375250201506533,N2O,long
5.2,2025-02-20,0.009599930488197683,0.24750646998907072,N2O,long
5.2,2025-02-20,NA,NA,N2O,long
5.2,2025-02-20,0.007244342255167986,0.212494216567358,N2O,long
5.2,2025-02-20,NA,NA,N2O,long
5.2,2025-02-20,0.010541930821647503,0.22977872451584685,N2O,long
5.2,2025-02-20,0.009902077003921345,0.2266911500099637,N2O,long
5.2,2025-02-20,0.008518761444292587,0.2196316500778853,N2O,long
5.1,2025-02-20,NA,NA,N2O,long
9.Sam,2025-02-20,NA,NA,N2O,long
9.Sam,2025-02-20,0.012535718486900922,0.38488478092451045,N2O,long
9.Sam,2025-02-20,0.018615418206835817,0.39179740993600376,N2O,long
9.Sam,2025-02-20,0.01693047726623507,0.38870819745099794,N2O,long
9.Sam,2025-02-20,0.015978239042829658,0.38725690595034007,N2O,long
9.Sam,2025-02-20,NA,NA,N2O,long
9.Sam,2025-02-20,0.01399953204242818,0.4298283204768828,N2O,long
9.Sam,2025-02-20,0.020545049997942787,0.4324102357928122,N2O,long
9.Sam,2025-02-20,0.018731011198539392,0.43004680168935366,N2O,long
9.Sam,2025-02-20,0.017705813791373006,0.42912730544339683,N2O,long
9.2,2025-02-20,NA,NA,N2O,long
9.4,2025-02-20,NA,NA,N2O,long
9.4,2025-02-20,0.009441409725534115,0.2724776375831276,N2O,long
9.4,2025-02-20,0.014234237785581475,0.29005238416272394,N2O,long
9.4,2025-02-20,0.012806639702028444,0.28486137140679824,N2O,long
9.4,2025-02-20,0.012587756116133681,0.28406156322990306,N2O,long
9.4,2025-02-20,NA,NA,N2O,long
9.4,2025-02-20,0.009384338455403487,0.2708305694745372,N2O,long
9.4,2025-02-20,0.014160082337175507,0.2885413117096141,N2O,long
9.4,2025-02-20,0.012737572969482799,0.2833251023612638,N2O,long
9.4,2025-02-20,0.012519469600644881,0.28252057576888856,N2O,long
9.3,2025-02-20,NA,NA,N2O,long
9.1,2025-02-20,NA,NA,N2O,long
9.1,2025-02-20,NA,NA,N2O,long
9.1,2025-02-20,-0.06282341188688047,-1.261371640358208,N2O,long
9.1,2025-02-20,-0.06041340867043341,-1.278981991781473,N2O,long
9.1,2025-02-20,-0.05855758506093223,-1.2949980701212762,N2O,long
3.3,2025-02-20,NA,NA,N2O,long
6.1,2025-02-20,0.011062599355048606,0.3210005247709484,N2O,long
6.1,2025-02-20,0.016819691816492028,0.33273332659433014,N2O,long
6.1,2025-02-20,0.015569367557465312,0.3296112761664169,N2O,long
6.1,2025-02-20,0.014873107380549243,0.3279670129867863,N2O,long
9.1,2025-02-20,NA,NA,N2O,long
9.1,2025-02-20,NA,NA,N2O,long
9.1,2025-02-20,-0.06601813086924341,-1.3255153696182895,N2O,long
9.1,2025-02-20,-0.06347126109276142,-1.3437182526175038,N2O,long
9.1,2025-02-20,-0.061510043352775025,-1.3602915378432032,N2O,long
9.2,2025-02-20,NA,NA,N2O,long
3.3,2025-02-20,NA,NA,N2O,long
9.3,2025-02-20,NA,NA,N2O,long
6.3,2025-02-20,0.011127757338282085,0.3246441493523849,N2O,long
6.3,2025-02-20,0.01626132751440641,0.33430265903555556,N2O,long
6.3,2025-02-20,0.01547495847504126,0.3324305221120497,N2O,long
6.3,2025-02-20,0.015374296359420385,0.332197675629412,N2O,long
6.1,2025-02-20,0.010832492919126155,0.3143235870718018,N2O,long
6.1,2025-02-20,0.016512054731552317,0.3266475366897014,N2O,long
6.1,2025-02-20,0.015278568564311272,0.323454916449965,N2O,long
6.1,2025-02-20,0.01459168490927021,0.32176136376156456,N2O,long
6.3,2025-02-20,0.011371659637250984,0.3317598198299794,N2O,long
6.3,2025-02-20,0.016578229983129668,0.3408175845762446,N2O,long
6.3,2025-02-20,0.015780678653196014,0.3389979528814497,N2O,long
6.3,2025-02-20,0.01567858510656786,0.3387725465802141,N2O,long
3.4,2025-02-20,0.01027490189571818,0.30220299693288766,N2O,long
3.4,2025-02-20,0.015855210578613128,0.3155224836075753,N2O,long
3.4,2025-02-20,0.015012122665244465,0.3131920364684754,N2O,long
3.4,2025-02-20,0.01030896517718934,0.30320485815262754,N2O,long
3.4,2025-02-20,0.01590093613582028,0.31643243313507013,N2O,long
3.4,2025-02-20,0.015056086254740853,0.3141092316201454,N2O,long
6.2,2025-02-20,0.011412056458951506,0.33024450228492946,N2O,long
6.2,2025-02-20,0.01618219763163136,0.33859487723255793,N2O,long
6.2,2025-02-20,0.015661040447668216,0.3374095899536513,N2O,long
6.2,2025-02-20,0.015509461081844264,0.33707338950171517,N2O,long
3.1,2025-02-20,0.010542734049514575,0.2993399084584126,N2O,long
3.1,2025-02-20,0.01653757710126075,0.31469585576089243,N2O,long
3.1,2025-02-20,0.015057554154820183,0.3104681194476499,N2O,long
3.1,2025-02-20,0.014508145145440705,0.30894541855952024,N2O,long
6.2,2025-02-20,0.009347837595575953,0.27050970044665895,N2O,long
6.2,2025-02-20,0.013553255279401646,0.2835871191228237,N2O,long
6.2,2025-02-20,0.013093796416832988,0.2820995510932354,N2O,long
6.2,2025-02-20,0.012960162102362378,0.2816684438796432,N2O,long
3.1,2025-02-20,0.009330413852408972,0.26491849413462193,N2O,long
3.1,2025-02-20,0.014886569412335366,0.2832786007208795,N2O,long
3.1,2025-02-20,0.013514850811580815,0.27865948698871856,N2O,long
3.1,2025-02-20,0.013005646167557937,0.27695027576532794,N2O,long
6.2,2025-02-20,0.004545995573508555,0.13155298091653128,N2O,long
6.2,2025-02-20,0.007437738129303478,0.1556265771873127,N2O,long
6.2,2025-02-20,0.007121803578821858,0.15343583545999387,N2O,long
6.2,2025-02-20,0.007029913530526443,0.15278395355802676,N2O,long
9.1,2025-02-20,NA,NA,N2O,long
9.1,2025-02-20,NA,NA,N2O,long
9.1,2025-02-20,0.015962378750689156,0.3204934476502145,N2O,long
9.1,2025-02-20,0.014997080351023597,0.3174956705868877,N2O,long
9.1,2025-02-20,0.014253752064950161,0.3152210152944404,N2O,long
9.3,2024-12-12,NA,NA,N2O,long
3.4,2024-12-12,0.020606382695245114,0.6060700792719151,N2O,long
3.4,2024-12-12,0.029763009486232003,0.5922910090767888,N2O,long
3.4,2024-12-12,0.028379601898337818,0.592072521048794,N2O,long
3.4,2024-12-12,0.019262497445530834,0.5665440425156127,N2O,long
3.4,2024-12-12,0.027959017057678594,0.5563911281736477,N2O,long
3.4,2024-12-12,0.026645123689046587,0.5558867813841581,N2O,long
5.3,2024-12-12,NA,NA,N2O,long
5.3,2024-12-12,0.015295179664847603,0.4498582254366941,N2O,long
5.3,2024-12-12,NA,NA,N2O,long
5.3,2024-12-12,0.020076037170599623,0.4491436679858847,N2O,long
5.3,2024-12-12,0.01897949453320038,0.44838825994321174,N2O,long
5.3,2024-12-12,0.016956616891775838,0.4482551854766817,N2O,long
3.1,2024-12-12,0.014812616847059217,0.4205747152687023,N2O,long
3.1,2024-12-12,0.022393896714327136,0.4261365765483847,N2O,long
3.1,2024-12-12,0.020522209987903814,0.4231425553143137,N2O,long
3.1,2024-12-12,0.019827408902078715,0.422217111891004,N2O,long
6.2,2024-12-12,0.012935588402589591,0.374332791740183,N2O,long
6.2,2024-12-12,0.018153792814927967,0.37984836110644876,N2O,long
6.2,2024-12-12,0.017583682912845025,0.3788319978690445,N2O,long
6.2,2024-12-12,0.017417865573917588,0.37854951606013465,N2O,long
5.6,2024-12-12,0.013282565909390026,0.4232809314186281,N2O,long
9.1,2024-12-12,NA,NA,N2O,long
9.1,2024-12-12,NA,NA,N2O,long
9.1,2024-12-12,0.02427009753391454,0.487296245436816,N2O,long
9.1,2024-12-12,0.022943545681482217,0.48572630480611523,N2O,long
9.1,2024-12-12,0.02192203407926916,0.48480468920031766,N2O,long
9.Sam,2024-12-12,NA,NA,N2O,long
9.Sam,2024-12-12,0.02117526887625704,0.650145321225273,N2O,long
9.Sam,2024-12-12,0.030043919259567356,0.6323322752911564,N2O,long
9.Sam,2024-12-12,0.027586042586856607,0.6333501838207786,N2O,long
9.Sam,2024-12-12,0.026196982555270445,0.6349236847937687,N2O,long
5.1,2024-12-12,NA,NA,N2O,long
5.1,2024-12-12,NA,NA,N2O,long
9.3,2024-12-12,NA,NA,N2O,long
6.2,2024-12-12,0.012699779598004059,0.36750890670378633,N2O,long
6.2,2024-12-12,0.017853472066773485,0.37356447623700495,N2O,long
6.2,2024-12-12,0.01729041035501139,0.37251358155347725,N2O,long
6.2,2024-12-12,0.017126642993042764,0.37222025794362756,N2O,long
3.1,2024-12-12,0.01597639635109748,0.45361791341526186,N2O,long
3.1,2024-12-12,0.023978798882886475,0.4562959004431802,N2O,long
3.1,2024-12-12,0.02200314426249538,0.4536775860723355,N2O,long
3.1,2024-12-12,0.021269748573951808,0.45293118520394365,N2O,long
9.Sam,2024-12-12,NA,NA,N2O,long
9.Sam,2024-12-12,0.02056660815623091,0.6314575812182363,N2O,long
9.Sam,2024-12-12,0.02924156907574396,0.6154452668774402,N2O,long
9.Sam,2024-12-12,0.026837371913921704,0.6161613932636849,N2O,long
9.Sam,2024-12-12,0.025478648662011338,0.6175137712108563,N2O,long
5.3,2024-12-12,NA,NA,N2O,long
5.3,2024-12-12,0.015180107442387004,0.4464737483055001,N2O,long
5.3,2024-12-12,NA,NA,N2O,long
5.3,2024-12-12,0.019935635131707926,0.4460025756375968,N2O,long
5.3,2024-12-12,0.018844902168343263,0.4452085316225045,N2O,long
5.3,2024-12-12,0.01683274208527686,0.44498050369802916,N2O,long
9.1,2024-12-12,NA,NA,N2O,long
9.1,2024-12-12,NA,NA,N2O,long
9.1,2024-12-12,0.022492578077347898,0.45160711991247743,N2O,long
9.1,2024-12-12,0.021242177828470852,0.4497074988276603,N2O,long
9.1,2024-12-12,0.02027930678856692,0.4484758571799849,N2O,long
5.6,2024-12-12,0.012045845732288887,0.38386986641517795,N2O,long
