date,GPP,ER,K600,ID
2023-10-14,0.04845220358755154,-4.9203202831618515,24.516065070149843,13
2023-10-16,0.04722590183480701,-2.497073284502747,25.584205128071,13
2023-10-17,0.10743512462797593,-2.759664816728954,40.02409860124111,13
2023-10-18,0.08374167972800255,-1.8736094680664712,26.31588594783158,13
2023-10-19,0.13738272009072042,-2.7973938853226294,34.07947582404879,13
2023-10-22,0.08962256016289524,-2.455536263863405,33.39250703546166,13
2023-10-23,0.18730476870930332,-3.2495418780199574,40.438661651346116,13
2023-10-24,0.17283166831605187,-8.175303963316939,99.28532093436667,13
2023-10-25,0.39879058469440226,-10.18577145489785,117.3232037938811,13
2023-10-26,0.12165414541492468,-5.954758866740093,71.67467464485799,13
2023-10-27,0.2965268495240409,-8.727379042662534,105.15441649174787,13
2023-10-28,0.27255688461493704,-8.298208568450972,98.80816703741557,13
2023-10-29,0.3068761213856628,-7.059042638989983,74.90162835263538,13
2023-10-30,0.5075406545009329,-8.712272177172762,87.04371758785076,13
2023-12-09,0.1851707261902793,-3.7832932298101363,33.04145088691712,13
2023-12-10,0.21824501990378944,-1.8188014927339577,10.710081980456321,13
2023-12-11,0.04965044882957722,-1.0973308043788887,12.738138615584823,13
2023-12-12,0.0969231438098543,-1.5109389811252623,21.211012303759805,13
2023-12-13,0.665840276598509,-9.650775805483079,124.20700322488514,13
2023-12-14,0.285803116344407,-4.032992870500175,43.99152135367233,13
2023-12-15,0.6574502154644103,-7.7349443361370005,77.21847508836879,13
2023-12-17,0.04697271370768469,-6.30791018483385,2.431539856282829,13
2023-12-18,0.10060759457484113,-7.515702795747887,4.585587274632046,13
2023-12-19,0.10154363327070383,-6.843342885795587,5.627468128185933,13
2023-12-20,0.10035905154710806,-11.613703053604352,11.873748992724694,13
2023-12-21,0.1568683363537029,-16.040332681718645,19.13001227265222,13
2023-12-22,0.20057491934155677,-16.85008087984992,22.424507161354775,13
2023-12-23,0.23770297385031808,-14.928850602320948,22.477431325871354,13
2023-12-24,0.2933164071905547,-16.702525704656438,27.635464350468684,13
2023-12-25,0.25339168401218964,-9.44843198517028,14.260681625540943,13
2023-12-26,0.15331893417030906,-14.30049832569085,22.291061713870423,13
2023-12-27,0.13303539411123982,-12.895097163385872,24.90409665402016,13
2023-12-28,0.120760468157718,-12.778122165214615,29.71271946824832,13
2023-12-29,0.15971409248137836,-7.273250598171329,23.27972906172971,13
2023-12-30,0.3580558744121739,-9.402381489268276,38.63351575038561,13
2024-01-01,0.30863316512236544,-3.7938675618530016,14.842337209526988,13
2024-01-02,0.6718247603046439,-12.154123635372661,57.648211744140674,13
2024-01-03,0.44170892622002883,-4.151191209567677,18.504850180572713,13
2024-01-04,0.20738794464199037,-11.604797099292991,45.62904740603125,13
2024-01-05,0.36693516065615805,-4.395877800350407,17.089604901935985,13
2024-01-06,0.07728815676090282,-3.501190019155703,6.373126676761245,13
2024-01-07,0.1386976517837119,-7.2933363950928225,20.396954306960517,13
2024-01-08,0.6495629992524682,-13.469609109660214,45.192929780752344,13
2024-01-09,0.3949367008524094,-2.4375366705411046,2.3282166339805417,13
2024-01-10,0.1311589166511343,-9.726989065110606,12.884316594601952,13
2024-01-11,0.2397321433716635,-15.276560238680181,24.12724746585322,13
2024-01-12,0.3219717219010244,-6.023507492870627,7.783992158247734,13
2024-01-13,0.14593909150238651,-3.393266265264156,6.125267058120276,13
2024-01-14,0.15508422578018632,-12.86225797144127,31.908649264650787,13
2024-01-15,0.20427613819765042,-4.644546665581591,10.39712115427126,13
2024-01-16,0.08183415428045566,-5.1571442925119095,9.548792651958676,13
2024-01-17,0.18909330915846959,-7.5735807240705615,22.01531655391305,13
2024-01-18,0.2559562875557124,-6.181779195698992,18.177641184079054,13
2024-01-19,0.18976109846002667,-9.608424878182246,26.010778316449866,13
2024-01-23,0.13936597867859515,-4.3383603706908955,12.86536889196738,13
2024-01-24,0.3397004803624535,-5.740723403160422,14.054846179533588,13
2024-01-25,0.2355171062124346,-7.273109925809595,16.236732852644575,13
2024-01-26,0.12362638768178937,-12.913065638868707,14.753480507375917,13
2024-01-27,0.13336902985567092,-3.5296840497280493,3.282755898685487,13
2024-01-28,0.05204890513440232,-1.0845644965140577,1.235840390839657,13
2024-01-29,0.10537784535581673,-2.3652508525781832,4.9561798943695115,13
2024-01-30,0.3367875595402766,-9.885036870985923,27.882533626778937,13
2024-01-31,0.22942234457747723,-8.793907721473095,28.54674433926888,13
2024-02-01,0.42962889626818856,-6.344036170849394,23.665772091369508,13
2024-02-02,0.3613857455498261,-6.615399180021862,23.661097222602155,13
2024-02-03,0.41314696440621373,-5.0683784927444675,17.470685242269962,13
2024-02-04,0.18774795720992887,-3.648940578238214,8.734631603466708,13
2024-02-05,0.2421812089026368,-7.989418725908952,21.161278364545872,13
2024-02-06,0.15472266319291886,-8.77583782617432,31.44984277353567,13
2024-02-07,0.7068515849217047,-11.32876588431022,51.15994807906477,13
2024-02-08,0.34025366207133,-4.029916090233146,16.267420887250047,13
2024-02-09,0.49032254262387975,-7.713048221743528,29.936842754274686,13
2024-02-10,0.4915721079162023,-5.922792016847506,20.99313256164268,13
2024-02-11,0.36947129069912166,-5.1160853720208275,15.985692264028165,13
2024-02-12,0.4517498727042046,-5.311667242473427,13.952295622915184,13
2024-02-13,0.09930604087721949,-3.571742922802815,12.319485741015942,13
2024-02-14,0.9319058946597681,-11.4438951001381,51.738340804332175,13
2024-02-15,0.7082461861313532,-9.219219546014983,41.351578628317455,13
2024-02-16,0.9505718310892858,-12.737245524888653,55.63959067378468,13
2024-02-17,0.4092915342001473,-4.299615574548943,14.512753136435684,13
2024-02-18,0.40125182863015724,-9.598057275646942,20.20542076452726,13
2024-02-19,0.21259089948049192,-8.559049728228564,18.34618501671493,13
2024-02-20,0.22021897455450576,-5.648479272984345,14.970308602434836,13
2024-02-21,0.2861173790522267,-5.754331306193764,18.041743293562742,13
2024-02-22,0.2541455277811372,-3.780235783152424,10.919716717490656,13
2024-02-23,0.23933814336774017,-4.768506651764584,12.81165974438467,13
2024-02-24,0.3168057333886794,-7.949202581254381,24.971782431786238,13
2024-02-25,0.4127189581420305,-5.502562552429527,20.172586834353535,13
2024-02-26,0.2642715863054659,-2.5979289826383942,8.972628888199555,13
2024-02-27,0.35959595586295806,-3.862655643759553,13.200193912628453,13
2024-02-28,0.4544251879986228,-4.984425957164654,15.094116752436761,13
2024-02-29,0.28445647308132443,-8.24421793594039,30.58076085506581,13
2024-03-01,0.4947347815270038,-4.892242408224546,15.626743850906289,13
2024-03-02,0.9588834119669164,-15.787944719175947,48.32122968950221,13
2024-03-03,0.6784465171697891,-10.97637930381114,32.57905542753345,13
2024-03-04,1.2664430586229813,-19.41622637596102,62.465604643359114,13
2024-03-05,0.48145138474687693,-5.511280971962948,15.83630121653372,13
2024-03-06,0.3802520098483881,-12.382067109834471,29.135735154151636,13
2024-03-07,0.5211165683188803,-10.18441241469516,26.881336821504625,13
2024-03-08,0.6223490092659816,-10.491067941305094,28.75888720875773,13
2024-03-09,0.40376392626137186,-5.988428138785227,13.047049815067602,13
2024-03-10,0.16757090302711652,-4.525601525726843,12.262474664296583,13
2024-03-11,0.9626646134037118,-14.143034844054759,56.622963884572485,13
2024-03-12,0.5007144220630563,-6.4255259794838055,25.75695181351228,13
2024-03-13,0.6174246306299377,-11.15470756735815,45.11994299468544,13
2024-03-16,0.25563068604636285,-5.1299355642466375,17.930821829416555,13
2024-03-17,0.6718287894705692,-13.830029655731344,47.097266468560484,13
2024-03-18,0.05155747372433021,-3.637958503261668,14.412330638961189,13
2024-03-19,0.06448060892973914,-2.4199816752568837,18.390357053367254,13
2024-03-20,0.041461726657471755,-1.3741852714571194,10.78916530689283,13
2024-03-21,0.07984982573144274,-1.4609721314169792,8.644085468089347,13
2024-03-23,0.5256169519219128,-19.193126600495866,61.75090741125996,13
2024-03-24,0.19410192900714293,-9.670824746557138,40.55672589305751,13
2024-03-26,0.30600819019722897,-6.044752353267675,22.77064910933857,13
2024-03-27,0.14095072972964376,-10.356859218222983,38.040819839495406,13
2024-03-30,0.06104609255780411,-3.4482387404247588,19.786063144956824,13
2024-03-31,0.1174654715953294,-3.407602276974124,18.99046506398872,13
2024-04-01,0.2066514190354045,-5.2766989652651715,26.804073087532334,13
2024-04-04,0.15565224821154233,-6.61845246338446,12.977208569727612,13
2024-04-05,0.46876470945762694,-13.27355066790522,35.477901809603885,13
2024-04-06,0.8115891102137843,-16.829389946626183,55.58369130651451,13
2024-04-07,1.0075216098380964,-15.44747682893781,57.37959527306987,13
2024-04-08,1.1550697258065243,-16.332478422197056,62.021933619639675,13
2024-04-12,0.248685069170985,-11.522963222116779,46.17354061739433,13
2024-04-14,0.13081916167330357,-2.7210422182585328,14.959461988569092,13
2024-04-15,0.16357775028139035,-5.3534368751525285,28.820574428975522,13
2024-04-16,0.16151306158851353,-4.6126191494896105,25.057801839690715,13
2024-04-17,0.23478041280267978,-5.639062700856605,29.592733716407576,13
2024-04-18,0.30091521667929544,-7.080191579433287,35.27339644665188,13
2024-04-19,0.395726119269464,-14.488286079720591,77.42714047685588,13
2024-04-20,0.1486541285128874,-5.156488917612677,27.183324194194036,13
2024-04-21,0.3308160129728968,-7.777623386118623,44.339713970043434,13
2024-04-22,0.04733181366292507,-2.760520696840065,21.892537945489515,13
2024-04-23,0.43331066773867366,-6.589115895798846,48.89663618001273,13
2024-04-24,0.10389010666217859,-3.965408502007163,32.47528492957067,13
2024-04-25,0.2403915176494336,-3.999681290860271,29.819108617801433,13
2024-04-26,0.5879290381605157,-8.527148148970815,62.79012779326837,13
2024-04-27,0.2756567552717487,-5.442448717945296,38.633704228399345,13
2024-04-28,0.26754674343203894,-3.8908729009610763,32.050958341002854,13
2024-04-29,0.22937157288837431,-3.4294170821881775,26.311055069356414,13
2024-04-30,0.5294771711325768,-4.590073155789108,32.99131614493533,13
2024-05-01,0.3960616382744191,-4.193986655856754,30.219085604604977,13
2024-05-02,0.29177866582929546,-3.0047427098343245,21.56407942914227,13
2024-05-03,0.24927382562965478,-2.832512980967531,20.97923554382467,13
2024-05-04,0.3158821468612513,-2.003906399676735,14.227899550878286,13
2024-05-05,0.4381787673821413,-2.4898225287085585,13.784578972065214,13
2024-05-06,0.40159720874710225,-3.41937556091036,22.962380566351857,13
2024-05-12,0.19846397910985056,-1.5069996784636028,12.053694802460623,13
2024-05-13,0.374542677406485,-1.6557462616880287,8.912604342124203,13
2024-05-17,0.3771439291638225,-4.396573207772878,27.231001984056352,13
2024-05-18,1.0136245760660572,-9.125642700637776,55.22048842709761,13
2024-05-20,0.39960385341218757,-2.641413218966315,18.20498981061664,13
2024-05-21,0.4010510062268458,-2.5803414056618412,18.803117695732812,13
2024-05-22,0.5906776806199914,-3.1075603625885084,21.244197321095847,13
2024-05-23,0.4336589766954442,-1.958318439720888,13.55878353737709,13
2024-05-29,0.24374023902133374,-1.005211569370903,7.147928452329119,13
2024-05-30,0.2100339585869054,-1.1369451651286981,9.726835205415968,13
2024-05-31,0.2377901544887252,-0.9361834476132949,11.400369065737578,13
2024-06-01,0.43981073044179697,-1.6223801177048325,20.676465657611935,13
2024-06-02,0.46728390111974427,-1.986624060669472,26.61474890099166,13
2024-07-12,0.1704496539633938,-0.8928656278093821,10.252311658389397,13
2024-07-13,0.20002984084808265,-1.0098381418293823,16.7677186078686,13
2024-07-14,0.29794032547867794,-1.327919423964157,22.69433477838109,13
2024-07-15,0.5108651795556186,-2.569344915948213,43.480131907357354,13
2024-07-16,0.23244822587320219,-1.0152431332622844,18.224001248400892,13
2024-07-24,0.20371264234727104,-1.2440657684474443,9.363772059852165,13
2024-07-25,0.48305871328466027,-3.4449713084252576,17.196929708255997,13
2024-07-27,0.2843308965530468,-6.648050130792619,29.849682031089007,13
2024-07-28,0.4681741607201312,-7.667537551023963,35.997004875305805,13
2024-07-29,0.25978670778229584,-6.00546312815936,32.145093735716166,13
2024-07-30,0.24762635264231841,-3.5403982645264245,21.863402033134964,13
2024-07-31,0.37519073905207917,-3.552428122568338,22.773479794887425,13
2024-08-01,0.45304478172776136,-4.586063368568298,31.098922874601893,13
2024-08-02,0.27837860290999633,-3.971276484501837,29.886041119909866,13
2024-08-03,0.25231760907189227,-2.8026844878654424,22.272969449734838,13
2024-08-05,0.04404280214493677,-3.8137765947595694,0.6221801864689279,13
2024-08-06,0.14074876975113074,-4.7915489690106465,2.3773780960837834,13
2024-08-10,0.9856308052922026,-3.304729584969366,1.6600776849774461,13
2024-08-11,0.3166714755703677,-2.5968423560973677,5.219400517017803,13
2024-08-12,0.16256991426542616,-13.458996795831148,34.744761343262695,13
2024-08-13,0.2540113203452006,-17.87154295063742,55.73963287517824,13
2024-08-15,0.13485528980175307,-12.00269515309322,49.651721109828756,13
2024-08-16,0.09265680491724708,-7.974146425724425,39.890683842642375,13
2024-08-17,0.5654573004113741,-15.615698657053134,85.5712864534699,13
2024-08-18,0.4773337284882653,-9.26687067911041,50.91876706723568,13
2024-08-19,0.39840965539053896,-4.848003698329489,22.144924552900076,13
2024-08-20,0.0989355218363121,-4.860791755175818,24.758829755391258,13
2024-08-21,0.20540073332210937,-10.248305412916936,58.89443023022612,13
2024-08-22,0.25295502853606555,-18.203145206092934,111.21924324859057,13
2024-08-24,0.19302084910974404,-13.836673729408307,92.22895675200832,13
2024-08-25,0.17463494484237627,-11.863369334867516,79.0439024744537,13
2024-08-26,0.2566908009451596,-2.51144403285131,13.84486579321756,13
2024-08-27,0.5571077489973498,-7.066831802056909,35.32870513046934,13
2024-08-28,0.08384271691400448,-8.45686711708158,48.53995989118019,13
2024-08-29,0.18632465825363315,-7.663768712866448,48.605591151480155,13
2024-08-30,0.13507304160493416,-7.001755871525714,49.64807044052748,13
2024-08-31,0.15885571864286202,-8.817077994161163,66.46424011491413,13
2024-09-03,0.10414962275690637,-4.716942795346391,43.61090837215786,13
2024-09-04,0.14876184724171448,-5.34929459538093,48.023101585226804,13
2024-09-05,0.16155859082941548,-6.260204708895953,57.143230807251406,13
2024-09-06,0.35583629341090534,-2.979268607770393,22.68487380740711,13
2024-09-08,0.22349479289242563,-1.531321897047899,9.987476310826429,13
2024-09-09,0.11593471221734973,-4.023384174891769,26.53988223302077,13
2024-09-10,0.4933203353762449,-8.363908083230033,58.81082665473052,13
2024-09-11,0.6664132623885906,-11.812959374963862,80.49721448647651,13
2024-09-12,0.49036048262491105,-7.791993797855144,48.09315725715322,13
2024-09-13,0.23279792983400477,-7.633431919462399,45.92852572205598,13
2024-09-14,0.6870728098907488,-16.932210362607655,100.99106421579812,13
2024-09-15,0.35358752408686184,-7.95737933945751,48.90746942649658,13
2024-09-16,0.24327023867567646,-6.689500362058404,45.62940957838371,13
2024-09-17,0.42012076671075643,-7.4613301105020975,54.28550001710604,13
2024-09-18,0.3732024303073153,-6.016722598042957,39.478058822126414,13
2024-09-19,0.2703405384833364,-6.487414060885236,40.75723182455935,13
2024-09-21,0.22208347157410718,-8.475081023582803,65.17482874960704,13
2024-09-22,0.2769881024042164,-5.778113879931088,50.32656490583373,13
2024-09-23,0.43884342358013145,-6.437039834934883,54.94290874174407,13
2024-09-24,0.24120464819474574,-4.416249960191082,39.72715089877417,13
2024-09-28,0.31982652653615645,-17.094152949721614,71.19122443977402,13
2024-09-29,0.17168607101493144,-5.853995341326789,26.335443180647847,13
2024-09-30,0.2856666386565649,-2.662096343227534,10.020203463159678,13
2024-10-01,0.1763904951172826,-5.7516841223840505,22.434053501183165,13
2024-10-02,0.1972719947287478,-6.216531035002543,27.543302842301664,13
2024-10-03,0.24496296668874953,-7.217381917462683,34.791894121550065,13
2024-10-04,0.38128660864070457,-7.360838741635415,32.9708545136918,13
2024-10-05,0.3927081407214357,-12.759681945481924,58.88409213660897,13
2024-10-06,0.0985612650975818,-7.605701950614476,29.026682101132714,13
2024-10-07,0.3982564539245349,-14.87092120665189,55.8355957076037,13
2024-10-08,0.33562196469636363,-9.727731090842568,40.21694499408302,13
2024-10-10,0.1402427661592132,-6.869747050695085,10.235257746405118,13
2024-10-11,0.3980414015679031,-15.74221765469738,31.615099128490996,13
2024-10-12,0.7445687476662993,-17.706899810690675,41.32720448063537,13
2024-10-13,0.6835477918231957,-19.332999522662973,49.964065316894754,13
2024-10-14,1.247889861340409,-19.213916062771588,54.52169420520431,13
2024-10-15,0.5253711939441302,-13.01384341273695,40.577640796316565,13
2024-10-16,0.16990408528687584,-5.310416553976376,22.98989951424081,13
2024-10-17,1.1560590728092477,-19.08185547036414,106.9585738482579,13
2024-10-18,0.882589619911113,-10.70581329928791,55.851283537840565,13
2024-10-19,0.44110099196731467,-16.415415599800493,75.66964151474393,13
2024-10-22,0.511111772281336,-13.793593840117845,57.07237048023883,13
2024-10-23,0.25747302478193923,-1.348905961350749,1.4017627559457437,13
2024-10-24,0.03163104446585549,-1.3290345763939533,1.4131792626072026,13
2024-10-25,0.014730453361246343,-0.5593817660930739,2.3577626193967998,13
2024-10-26,0.5353926708356859,-16.569722943201576,88.93858801974562,13
2024-10-27,0.5604101624021215,-16.453744145590743,88.87380747457351,13
2024-10-28,0.4918166101402805,-18.306837654568056,96.6603028287537,13
2024-10-29,0.2449994449931603,-2.5134562469747586,10.30890719408493,13
2024-10-30,0.31992715005685435,-9.88330772432601,42.34474750536021,13
2024-10-31,0.25507908501487847,-9.13762003160363,41.98526431396141,13
2024-11-01,0.4205652679336062,-14.764818316419564,72.54114679445331,13
2024-11-02,0.6684058993670522,-17.544492745530764,86.63708121476914,13
2024-11-03,0.20398980227186267,-9.326894208632478,44.14704638207609,13
2024-11-04,0.31834173445138825,-8.66699545795847,39.137390766170626,13
2024-11-05,0.455410489208116,-11.432072602710674,52.26879268693272,13
2024-11-06,0.18690380929493097,-3.6435330065443376,13.558541872389863,13
2024-11-07,0.27384199695918965,-5.0640644026058705,17.724928120222557,13
2024-11-08,0.2717110332816237,-14.2056473314247,55.683127182435996,13
2024-11-09,0.2528106569997444,-11.037878754953082,48.713017763470006,13
2024-11-10,0.08565743932357844,-2.290047838398026,8.670440767529211,13
2024-11-11,0.3764917990169095,-12.55665788330071,50.64329830951236,13
2024-11-12,0.1416919862298,-6.399335724639529,26.790891231451635,13
2024-11-13,0.2653436856222731,-11.955706598318384,59.148014323706064,13
2024-11-14,0.26370295827460394,-9.482431033350531,47.36862393916632,13
2024-11-15,0.11997592641254612,-3.688201982838228,21.438511564746612,13
2024-11-16,0.3220778744016295,-7.042499650002234,49.05448913741107,13
2024-11-17,0.15022915936465256,-1.8393129557723904,8.477771090112801,13
2024-11-18,0.1417589704891812,-2.102225738819083,14.110180553421769,13
2024-11-21,0.06862580857724201,-1.2659510053400687,13.769999377868896,13
2024-11-27,0.02208789267642806,-1.2729035167300107,10.846522461707996,13
2024-11-28,0.02508665502647555,-2.0621605557990548,16.380143232807402,13
2024-12-10,0.03228661527743507,-1.0758816234377762,9.752867289662507,13
2024-12-14,0.09474342179430553,-3.756345724653925,34.225988330487425,13
2024-12-15,0.15822501043861564,-10.368719772011163,81.97515523186574,13
2024-12-16,0.21268018111288153,-3.9927529045108656,27.68370512116081,13
2024-12-17,0.3908501112755972,-10.924246024715808,64.15080048722481,13
2024-12-18,0.10478576867054719,-13.557823404680192,79.92723132488045,13
2024-12-19,0.07452887744788585,-8.84478827751791,54.40793487148837,13
2024-12-20,0.03911994142684401,-1.7028758307234773,13.683170629714107,13
2024-12-21,0.03878247753409308,-0.8492169439733953,12.760073261592451,13
2024-12-23,0.055737779334021305,-2.7640768052813365,34.56586950066761,13
2024-12-24,0.12039047411439646,-4.255186033121459,47.23835945096075,13
2024-12-25,0.19597366190595164,-8.734642707337217,95.98622396062333,13
2024-12-26,0.11255223481443555,-15.627884980031824,159.4783743563694,13
2024-12-27,0.21886521624972238,-4.406758723245041,35.07618903201402,13
2024-12-28,0.25601263912377553,-7.836748786436947,50.66930108738171,13
2024-12-29,0.08611065360459473,-1.259238075954249,5.401702731819721,13
2024-12-30,0.09240861005387033,-5.134847391312556,25.87370804434104,13
2024-12-31,0.18457894280925172,-9.358476589722137,50.2383703415286,13
2025-01-01,0.046343908502923775,-1.2877529072004334,10.216634111410562,13
2025-01-02,0.07852953235758768,-2.5644707751742573,37.61723536402665,13
2025-01-04,0.09497562901431336,-2.168080530214863,35.5440288606765,13
2025-01-13,0.37676163950735236,-5.038980564967224,63.82945374494139,13
2025-01-16,0.09886406933917691,-4.1848731643726085,58.14617907131719,13
2025-01-18,0.1276285956955981,-1.45314131935124,10.39229139683772,13
2023-10-07,0.043552875155953095,-6.978725412398014,6.2132423416508935,15
2023-10-08,0.04990429245985136,-5.727086818065748,5.882251358184546,15
2023-10-09,0.04777776776018141,-6.552577784767634,7.5494661591831935,15
2023-10-10,0.05784166578092851,-7.210484769781781,9.150028676923974,15
2023-10-12,0.18307812890574482,-9.594909131539083,6.1387104813464815,15
2023-10-13,0.16863946013603362,-9.811764512750775,5.42165381611733,15
2023-10-14,0.09030873523615329,-12.070768079676773,6.743422820545309,15
2023-10-15,0.07008401493363324,-7.263245036955048,4.496850807425093,15
2023-10-16,0.062439387199437375,-5.869293383315998,4.323386057821447,15
2023-10-17,0.06501719816632208,-7.471790092497368,6.499228808925314,15
2023-10-18,0.0930022164527184,-11.011185225090962,10.561851498154105,15
2023-10-19,0.11529646660871294,-11.281792672938456,11.165050155563168,15
2023-10-22,0.09048147638073697,-9.207988548820971,9.719304087189789,15
2023-10-23,0.08777683455831245,-9.591775319746956,10.466309293388177,15
2023-10-24,0.06728991948073437,-6.852120204276395,7.669660289027267,15
2023-10-25,0.044176469353871546,-4.69424843817121,5.462218686708004,15
2023-10-26,0.03596893635418791,-3.4342073202016277,4.405952450493136,15
2023-10-27,0.09046720856155936,-6.441433801465382,9.122660421627586,15
2023-10-28,0.041908354096821324,-4.721707296592719,6.70357001502975,15
2023-10-29,0.022906162736381096,-1.496948869178643,2.3443755994496924,15
2023-11-27,0.2844263932952536,-9.425599457766817,14.754631467815955,15
2023-11-28,0.06104177050400506,-3.562640409483097,6.562055036803903,15
2023-11-29,0.0918813885410115,-5.356482448624773,9.723587173974352,15
2023-12-09,0.10521425654836594,-7.006817425510548,8.29958398253441,15
2023-12-10,0.3117530456438208,-1.8836410686615674,1.977219867149448,15
2023-12-14,0.09449336828367279,-7.126023255050182,7.856678950296747,15
2023-12-15,0.10250652527654747,-6.8537454533381545,7.009702752815512,15
2023-12-17,0.05021632271639995,-5.550315555868642,1.9616273662266432,15
2023-12-18,0.03691532563383219,-6.311037106070153,1.9260202188112008,15
2023-12-19,0.06901460117284151,-9.820227110602787,3.5895409865063614,15
2023-12-20,0.08434615715605345,-11.854534909178676,4.825079739266107,15
2023-12-21,0.06798127471125313,-10.647550433042571,4.859090671305058,15
2023-12-22,0.07093599090296188,-11.34471175674612,5.619575888258561,15
2023-12-23,0.12183872665610249,-6.819185263147002,3.6677871922801715,15
2023-12-24,0.03430401447705727,-8.845960217621442,5.490354881815958,15
2023-12-25,0.16337333412197316,-4.95097285259434,2.350130657326883,15
2023-12-26,0.1880594635654364,-7.884628876794141,3.500950647275018,15
2023-12-27,0.45576886359702484,-12.763055579627535,5.4723388399742,15
2023-12-28,0.06079008487766048,-7.936156660702179,3.8378799079271877,15
2023-12-29,0.06161107851427396,-12.46591710868734,5.6180703578902484,15
2023-12-30,0.17574596502155665,-11.54466902432497,5.922504682355749,15
2023-12-31,0.08904883910494917,-11.467286484556425,5.722174981587875,15
2024-01-01,0.23020649685478567,-12.261664452734705,6.3201577110879485,15
2024-01-02,0.18270356955894798,-12.912105934793317,6.952052911468878,15
2024-01-03,0.16919687365709626,-11.624027400998047,6.881774294037934,15
2024-01-06,0.03732372840479994,-3.762327196917804,3.653775750343505,15
2024-01-07,0.054987926827547294,-5.431777132411925,5.774326682958943,15
2024-01-08,0.11215377026950919,-9.183550979121103,10.388996752304303,15
2024-01-09,0.7065349760706053,-3.31964301563231,2.025976359469999,15
2024-01-10,0.1755484365258782,-6.8825946812738925,4.0428731780571745,15
2024-01-11,0.09634965527195309,-11.911443238348909,6.599836459527779,15
2024-01-12,0.14726079663944755,-12.543899552423357,6.897391246155228,15
2024-01-13,0.09322661667668071,-4.717610700224723,3.0191832127524916,15
2024-01-14,0.07314716697831496,-5.821801529208776,4.39332633031123,15
2024-02-09,0.14319011024001543,-8.479551246489322,9.953583638084652,15
2024-02-10,0.14680986928839085,-8.395741803074396,9.595676501094387,15
2024-02-14,0.1789049629536523,-8.441425462076856,10.592600118648564,15
2024-02-15,0.294591578582949,-9.311829317664829,12.01566163443343,15
2024-02-16,0.31723190645662763,-9.761161850682337,12.455978252918523,15
2024-02-18,0.22535563661764973,-8.981183940445474,8.758535181034572,15
2024-02-19,0.1619737804655213,-9.657348393535615,9.003161055742693,15
2024-02-20,0.12691756133780976,-9.224391496966836,8.63458751244555,15
2024-02-21,0.12252482454258663,-8.320299544105799,8.31000084767941,15
2024-02-22,0.15361708971289828,-9.14193001088602,9.619865643576382,15
2024-02-23,0.17328072963089278,-10.017364207848477,10.114916074934635,15
2024-02-24,0.13691493214431488,-6.923491027113485,7.447225701107742,15
2024-02-25,0.16729736370386614,-7.766153128919104,9.168982963288617,15
2024-02-26,0.3273725803329694,-10.16091071582717,12.430197893986085,15
2024-02-27,0.406310956397104,-9.208328813556525,10.823115583472449,15
2024-02-28,0.5566246714414439,-9.752976179382935,10.701627807690626,15
2024-03-02,0.5350178061473148,-10.8939658729655,11.548073481610503,15
2024-03-26,0.415701430221292,-8.631205236157324,8.807696221677638,15
2024-03-27,0.18424162958774046,-7.66969996248341,7.6681384449750984,15
2024-03-28,0.15404899970276595,-8.673204999177983,8.621136674494402,15
2024-03-29,0.2182043951362983,-6.284535848163586,6.962961693269159,15
2024-03-30,0.41594936886370915,-8.8530203673707,10.233648531688182,15
2024-03-31,0.4281405218136865,-7.091073469235059,8.18689360011806,15
2024-04-01,0.4720186199910729,-8.846517225259191,9.920955273733263,15
2024-04-02,0.14419215937541527,-5.845174918643228,6.426269770537316,15
2024-04-04,0.19343132829948756,-7.550162149650847,6.594180437893839,15
2024-04-05,0.1975285165718584,-9.695544548577047,8.52014656122662,15
2024-04-06,0.14275389554708712,-8.2299164987153,7.626527726809815,15
2024-04-07,0.15296315842218183,-8.968688724866833,8.919174644905375,15
2024-04-08,0.22243211738661156,-10.30456036148471,10.545348482474143,15
2024-04-09,0.315741117939386,-10.939363770519881,10.94735303084981,15
2024-04-14,0.4111013690460007,-9.985215902459815,10.327336446450815,15
2024-04-15,0.2920260820705768,-8.76473992893795,9.235590745724984,15
2024-04-16,0.2861200980679934,-8.825269422124318,9.476182124361097,15
2024-04-17,0.22952618844740336,-8.10579918793641,8.82599043374126,15
2024-04-18,0.2915242280682687,-9.231587376907441,10.01494089866891,15
2024-04-19,0.1929943061079039,-7.324174333925057,8.06644035050564,15
2024-04-20,0.27204454504644987,-7.1087734234632824,7.950188487496385,15
2024-04-21,0.2332836535718744,-5.266822996946214,5.945768412528408,15
2024-04-22,0.21099179046413807,-4.936774862228236,6.076188181709298,15
2024-04-23,0.5667684401529899,-6.752562652578321,8.623623107240373,15
2024-04-24,0.30950042495549857,-4.912035524767541,6.496212418980706,15
2024-04-26,0.033060704079321546,-0.9484158055410711,1.5307042540057536,15
2024-05-15,0.3310657998559732,-2.7504874919335704,2.5747322447807157,15
2024-05-16,0.05728473959080248,-7.237751708118435,7.348626110955504,15
2024-05-17,0.15342491623008767,-7.710496189286357,8.04240656164443,15
2024-05-18,0.10257291198415311,-5.475582882227848,5.831920999589248,15
2024-05-19,0.02757722875745803,-3.4800283289342366,3.950623263735649,15
2024-05-20,0.05567500751219351,-4.511161949237584,5.121738048676024,15
2024-07-05,0.1794728472583403,-3.421648701554026,4.094471657194884,15
2024-07-06,0.0564094510859938,-7.221570302283363,8.748511107986346,15
2024-07-07,0.030170239000927766,-5.954431456200966,7.282052947580973,15
2024-07-09,0.11134515060580262,-4.381148912814428,2.649082121714022,15
2024-07-12,0.14132795563019848,-11.311374956365562,8.677768386260997,15
2024-07-14,0.054541043506598726,-7.099179211531314,6.249671035654996,15
2024-07-15,0.3734394057315915,-7.2913538343374675,6.22512312371908,15
2024-07-16,0.06625949681854072,-6.764431554443928,5.995834543380179,15
2024-07-17,0.44555991824621216,-16.90014358386787,15.233417752227783,15
2024-07-18,0.07105678687734637,-6.76305676255689,6.45711037772946,15
2024-07-19,0.06902668735591098,-7.201946283191114,7.510823066828722,15
2024-07-20,0.07793732041860035,-10.213361483353646,11.195757921844935,15
2024-07-21,0.07372367051140619,-7.259069308094982,8.252924526597573,15
2024-07-22,0.06850166154882321,-8.231081079453334,9.125580039005062,15
2024-07-23,0.02986258371919993,-4.5538430961081655,5.340891853103418,15
2024-07-24,0.08921530292771075,-8.982063636368089,9.976219278538805,15
2024-07-26,0.0896788584654512,-8.779181222399691,5.69504276924604,15
2024-07-27,0.7408030951070235,-6.121368376533368,3.3147258995155853,15
2024-07-28,0.3528607078317921,-12.68323190424866,6.729362593428048,15
2024-08-24,0.06588764201452457,-8.09007762168273,7.766476732545897,15
2024-08-25,0.06887449359970278,-8.461264770534822,8.197866298212292,15
2024-08-26,0.08028494889963118,-5.164661180391473,4.851992039428379,15
2024-08-27,0.4199207372708361,-10.115827451853992,8.04431421600309,15
2024-08-28,0.046832362048694516,-5.435097023519412,4.592648575589946,15
2024-08-29,0.05410073020918258,-6.795795895047851,6.288289260771,15
2024-08-30,0.11553605734171445,-12.168566441533754,11.666896588408369,15
2024-08-31,0.11110617251561145,-10.404563674427523,10.114579197133411,15
2024-09-01,0.13441703532449376,-8.65717141717675,8.492520879800512,15
2024-09-02,0.04543479160997745,-4.706702173767902,4.854300785445299,15
2024-09-03,0.05082648072306445,-3.3567640767982216,3.6017032277407015,15
2024-09-05,0.08707471879668706,-9.124387073978907,6.40250509999032,15
2024-09-07,0.048298289675427014,-10.34601008010226,8.166732570636844,15
2024-09-09,0.24641094205426284,-7.291238970167355,3.5337666678974986,15
2024-09-10,0.1006041356399885,-13.829777335297058,6.173223201218746,15
2024-09-11,0.08114132920422507,-11.128399978383973,5.265336983361663,15
2024-09-12,0.09945594651309743,-11.834252755077877,6.019126208351443,15
2024-09-13,0.12144155332946965,-12.852993445730318,6.898136692244726,15
2024-09-14,0.08463561449540563,-12.154844392189402,6.883620471964961,15
2024-09-15,0.1129282517163512,-12.081027062658304,7.172925595266378,15
2024-09-16,0.09452348232271893,-11.38997631478321,7.073638219708741,15
2024-09-17,0.08695803468363605,-11.52505294759489,7.482598724166445,15
2024-09-18,0.30382489565718707,-12.71601049694892,8.258001049410666,15
2024-09-19,0.07450773473601531,-11.91502642166354,7.640290243566439,15
2024-09-20,0.09767759426596893,-11.070957694047289,7.404016744929613,15
2024-09-21,0.0944257592568298,-11.187256297352098,7.910616634428674,15
2024-09-22,0.08697917747058556,-9.892765851960874,7.512990285814823,15
2024-09-24,0.0811451589535149,-9.803626650738606,8.314184411338147,15
2024-09-25,0.08995576210887964,-8.830062546534398,7.552797845150445,15
2024-09-27,0.1426655071747266,-9.5421009720636,5.351002406260711,15
2024-09-28,0.0801733882828958,-8.79454879338482,4.791639510774529,15
2024-09-29,0.12173575358537465,-14.06877608511027,7.544139130763828,15
2024-09-30,0.17180832405264385,-8.811200909134092,4.652807446751866,15
2024-10-01,0.10104745408683022,-13.302566426667877,6.77690330943245,15
2024-10-02,0.09171077443150019,-13.342979424220877,7.114675279956481,15
2024-10-03,0.11191736632678947,-13.205674814122183,7.342067796985862,15
2024-10-04,0.16981545156247663,-12.817673200990994,7.368343910852996,15
2024-10-05,0.09824026834061043,-12.744397703904971,7.482760555340734,15
2024-10-06,0.10309100172317506,-9.3654290878154,5.4980293018549435,15
2024-10-07,0.15446879818938442,-13.091458935602569,7.396131505316237,15
2024-10-08,0.11260869050588157,-12.567239454571858,7.372505496061414,15
2024-10-09,0.43024853544963104,-6.498040086898746,3.3552666975716803,15
2024-10-10,0.11514836702341195,-11.056316312209477,4.617031266398742,15
2024-10-11,0.09836603132724558,-14.190227967392001,5.939149389369126,15
2024-10-12,0.07121816228567356,-11.242371713662774,4.949954064723406,15
2024-10-13,0.06526861788373917,-9.755321461696447,4.749914637072368,15
2024-10-14,0.07895181789752456,-11.951651202063314,6.470659526337868,15
2024-10-15,0.08499200865157634,-9.966170149124192,5.751917714893145,15
2024-10-16,0.07608869359987382,-6.872632374646402,4.556698788346957,15
2024-10-17,0.07957772788371459,-9.07605605189021,6.934129671375577,15
2024-10-18,0.13752582756228993,-11.906423847312558,9.631754132596635,15
2024-10-19,0.1318692478344779,-12.207784378305572,9.917188680090485,15
2024-10-20,0.14982857912573855,-11.84430593789512,9.871601930103399,15
2024-10-22,0.08464753236473142,-11.939405122350415,10.16671611275773,15
2024-10-23,0.05428653445116216,-10.785632751542682,9.254902746518406,15
2024-10-24,0.06373862263351633,-7.608117620887788,6.924464007621927,15
2024-10-25,0.06801000415341578,-8.330248842000266,8.16736274838022,15
2024-10-26,0.08412510487079262,-8.81443554394322,9.021315795861971,15
2024-10-27,0.10761050542004084,-10.218009213761032,10.565857754525242,15
2024-10-28,0.05755877394807006,-9.508356001387147,9.773522102823069,15
2024-10-29,0.10145059759219593,-8.288274784060423,8.309342872418176,15
2024-10-30,0.09134459674737215,-7.974470689919231,7.786095338283787,15
2024-10-31,0.06749725536319309,-6.214113996012596,6.092583844005171,15
2024-11-01,0.0540709651853327,-4.666405539428385,4.713873504473249,15
2024-11-02,0.04855744297537043,-4.182941689229751,4.363835210990206,15
2024-11-03,0.04283158362081534,-3.991477830922155,4.017282642006465,15
2024-11-04,0.035987859715508365,-4.803576033574354,4.821843153276973,15
2024-11-05,0.03844779295538137,-5.522082971911027,5.550313427504851,15
2024-11-06,0.12308264971678866,-2.9079711904607684,2.312521107068824,15
2024-11-07,0.08609032870054115,-10.399502641066478,7.79286284799502,15
2024-11-08,0.07139632187427528,-6.840837798884976,5.138192151144409,15
2024-11-09,0.05912791538856348,-7.467481253302138,5.663492428172444,15
2024-11-10,0.23359138524068762,-7.4424168970336675,5.283626733018094,15
2024-11-11,0.060262235254580895,-6.99778916864453,4.9709267724400314,15
2024-11-12,0.047228554512194966,-7.887957808877257,5.651750913139133,15
2024-11-13,0.046937101035853045,-5.901292682893135,4.319503803725303,15
2024-11-14,0.0502669093371851,-5.367225214605975,4.220173324550975,15
2024-11-15,0.03191714441214957,-2.3109240781273295,2.02693282242355,15
2024-11-16,0.022521789439214842,-1.6907698429649431,1.8540574547957365,15
2024-11-17,0.032647458091192086,-4.810430732004046,7.215726095091539,15
2024-11-18,0.021932166280645794,-3.0136244827302203,5.027222801616461,15
2024-11-19,0.02199095922081007,-1.6819322219145145,3.2129738379908184,15
2024-11-20,0.04760213311434596,-3.2340170577647394,5.137460156048498,15
2024-11-21,0.03928258009767922,-0.772157417336403,2.0338791873592394,15
2024-12-12,0.037196028198222916,-1.066142985981931,2.086924382889869,15
2024-12-13,0.08355789209671802,-4.276193745720842,7.2703535530996835,15
2024-12-14,0.09466192680704258,-6.8500673259801,10.440848262124657,15
2024-12-15,0.10222226015757817,-6.9572748246152045,10.080777733801938,15
2024-12-16,0.11228785133715545,-6.844800535281187,9.441334092985938,15
2024-12-17,0.14918958432543591,-7.225106408814835,9.066272667255584,15
2024-12-18,0.09892483106317454,-7.201352492151925,8.50829404191277,15
2024-12-19,0.07979466483354655,-8.766301059261432,10.256082646471686,15
2024-12-20,0.05012319596995034,-5.947573308681059,7.247482473025214,15
2024-12-21,0.06330451489884137,-4.849561451931196,6.598324781777826,15
2024-12-22,0.10551244999973997,-4.949967198508083,7.664063807752956,15
2024-12-23,0.14777217329620743,-5.482976678390072,8.465793388405803,15
2024-12-24,0.1270693710429689,-5.042267830176313,7.620441628095361,15
2024-12-25,0.21804898795953173,-3.5690309895700314,5.443189745609275,15
2024-12-26,0.158324269575522,-6.28025260006365,9.806523904537519,15
2024-12-27,0.06882045156996144,-3.9280856592218782,5.54347113282418,15
2024-12-29,0.3663375032414472,-2.3187296872466923,1.9876052406596039,15
2024-12-30,0.10076335323853954,-8.252126745181007,6.63393580007734,15
2024-12-31,0.10456440311669149,-10.503272214796173,8.816649536627603,15
2025-01-01,0.06974783281284226,-3.1801580779258485,3.1357373274272184,15
2025-01-02,0.05940537170533056,-4.723437215158544,5.65337521615991,15
2025-01-03,0.06940737438338221,-4.990965119064803,6.998951557603054,15
2025-01-04,0.06772592885169076,-3.40387836391351,5.56989378125408,15
2025-01-05,0.10041198970629017,-4.060751461909036,6.750938412061296,15
2025-01-06,0.053196426039719615,-4.258887290532206,6.269294158083834,15
2025-01-07,0.06592242843669235,-2.990386267087492,5.474885548449965,15
2025-01-08,0.10746413365538565,-5.375333044698825,10.393458340522193,15
2025-01-09,0.06749979963990344,-3.6158192477867983,7.591304510243972,15
2025-01-10,0.09368205813937981,-2.4909347251665888,4.178497843753779,15
2025-01-11,0.04814524752660314,-2.9711939429894607,4.76095887129119,15
2025-01-12,0.13068995522292168,-4.168580638160567,7.696954568388593,15
2025-01-13,0.21768134927324148,-2.167708217990829,3.3979606158224382,15
2025-01-14,0.18402447290308543,-4.198621702236492,5.789075754679598,15
2025-01-15,0.23977656925650934,-2.540440681638358,3.799012328611981,15
2025-01-16,0.1531940402307592,-4.386852692411855,6.989638352135951,15
2025-01-17,0.1293887074936549,-4.126123429516575,6.935659582862649,15
2025-01-18,0.14381153294976345,-2.381987019442491,3.406412081891005,15
2025-01-20,0.13325898335404604,-5.514017411755213,4.516968816735997,15
2025-01-21,0.03901009400852781,-2.4258209419386554,2.86645732994613,15
2025-01-22,0.1150405287927797,-7.913535057339171,8.231399066208803,15
2025-01-23,0.27757825163993527,-9.246922976366227,9.444063567943044,15
2025-01-24,0.24542273356182598,-9.52595211636117,10.031460689797823,15
2025-01-25,0.35664513404245485,-10.098009447080273,10.849734557003599,15
2025-01-26,0.38224397228061713,-8.12752860940269,8.111913329368738,15
2025-01-27,0.4151602327399475,-3.153232779631482,3.4634754943353494,15
2025-01-28,0.13150100321624975,-8.343413102843607,9.90735995017908,15
2025-01-29,0.23186507954437058,-8.49090006794167,10.079472222307215,15
2025-01-30,0.26858969646836883,-8.25815780927214,9.248963559724112,15
2025-01-31,0.20313859911426035,-6.389166810022593,6.25676469040854,15
2025-02-01,0.25577245614333904,-10.003870953600186,8.999783333492879,15
2025-02-02,0.24910672148330598,-9.631367911355314,8.462014665286558,15
2025-02-03,0.23502603002304256,-9.2818719529818825,7.777916609159333,15
2025-02-04,0.22603054921644322,-8.593265311923432,6.609122791524703,15
2025-02-05,0.2153747735847297,-11.810318232488415,8.663099167370808,15
2025-02-06,0.09627310501144745,-11.473097647445556,8.154271601989656,15
2025-02-07,0.1185023111843147,-10.638980917444654,7.017904109227057,15
2025-02-08,0.04218139102103636,-8.706374548030947,5.40268610541475,15
2025-02-09,0.06697985780538404,-9.544422390004108,5.777641085288442,15
2025-02-10,0.03209312273015107,-7.881638431190254,4.647708856716899,15
2025-02-11,0.039007355194834725,-7.479065632591845,4.412717216794678,15
2025-02-14,0.1555770138270532,-5.1739136359897655,3.50270054882317,15
2025-02-15,0.23882410766385775,-11.031183776193629,7.839908406489308,15
2025-02-16,0.1388222990212494,-9.48744327678957,6.627782624999307,15
2025-02-17,0.14418357462762313,-6.193851985386432,4.572775521059832,15
2025-02-18,0.15459432791374073,-9.993784349981174,7.782889401200969,15
2025-02-19,0.47802687132359256,-2.1432529813602974,2.569742835741555,15
2025-02-20,0.1003068214984474,-8.48175974811874,11.667411645736816,15
2025-02-21,0.099334327409008,-6.326496748489425,9.348903930130573,15
2025-02-22,0.17027739725048996,-6.059188426202941,8.79560589161994,15
2025-02-23,0.2157735331645565,-7.851297348208331,10.233902380856877,15
2025-02-24,0.08878818311179261,-5.354968207010702,7.2849294766434465,15
2025-02-25,0.16807195353606166,-7.211540323611117,9.670105555035168,15
2025-02-26,0.2666838465982568,-8.035235388443308,9.765262695510614,15
2025-02-27,0.31732202800176723,-9.566499593311553,10.4692505593273,15
2025-02-28,0.28043512654128727,-8.674431163525567,8.769341539542847,15
2025-03-01,0.2542407561203413,-9.22989900568459,8.75462921274887,15
2025-03-02,0.2610128036944495,-7.832173871739433,6.7561296963774105,15
2025-03-03,0.20333358697303322,-11.475241420876472,9.502021222469988,15
2025-03-04,0.2345480256401252,-9.884077058834558,7.654519330844377,15
2025-03-05,0.10319257403258318,-9.890906870672945,7.135807208462506,15
2025-03-06,0.23888681532108366,-11.608359613122321,7.913694015688019,15
2025-03-07,0.3205617692601898,-9.48549026128222,6.5464808752014365,15
2025-03-08,0.12156868539970206,-11.230038273851251,8.016686331201235,15
2025-03-09,0.027098503280952858,-0.8383314305453642,1.3795552524407972,15
2025-03-10,0.03520483808982946,-3.0544038770866457,4.004638543134064,15
2025-03-11,0.12118917100880901,-6.477879408941116,7.878131651540599,15
2025-03-12,0.14543719186755683,-8.21743132888697,9.411699098558175,15
2025-03-13,0.20348976419206585,-8.1494752845503875,8.81127014748704,15
2025-03-14,0.24010280921254537,-9.270805103455393,9.587264771176715,15
2025-03-15,0.15560658994552015,-5.714130962890359,5.169621319477709,15
2025-03-16,0.09614074122843817,-6.927633103507633,6.696972181725706,15
2025-03-17,0.1647830568857725,-9.790069427020002,9.924232150502263,15
2025-03-18,0.2638195067634572,-8.912822157104552,9.193967880657443,15
2025-03-19,0.29334250057115335,-9.339144742955762,8.886428600928468,15
2025-03-20,0.267333022320277,-9.092671191051108,7.917675697399428,15
2025-03-21,0.21991899616557395,-8.417676713354389,7.0678486255479775,15
2025-03-22,0.25218842086713716,-9.645258978923586,7.821421091443918,15
2025-03-23,0.2261130046550861,-11.53837677730306,8.947243609681134,15
2025-03-24,0.1342641296430541,-11.558306033703676,8.572943742887754,15
2025-03-25,0.09647555521814037,-11.081018194980818,7.908819672582279,15
2025-03-26,0.23659846912415328,-7.094045794058835,4.402519643075405,15
2025-03-27,0.08186819687393425,-7.86929575648855,4.789268423418789,15
2025-03-31,0.13335714801763177,-6.13310690330725,6.705552838001628,15
2025-04-01,0.05714626528636875,-4.776884255597982,5.411596674429743,15
2025-04-02,0.13129860975144736,-7.6524978344689405,8.788774047374417,15
2025-04-03,0.1927316809392665,-7.799114273639986,8.387580488038703,15
2025-04-04,0.25125935895880974,-8.7075108612196,8.764329792227901,15
2025-04-05,0.27046627113664695,-6.561028795606819,5.811296831630371,15
2025-04-06,0.29198613724624545,-7.603641720198811,5.935968662754224,15
2025-04-07,0.2203644356751165,-7.238360091710447,5.0171657619553525,15
2025-04-08,0.321604693382661,-11.722344475548436,7.52806280150653,15
2025-04-09,0.39319745438010906,-10.679893828727808,6.309112938667199,15
2025-04-10,0.10763789499230923,-10.396814577031703,6.241629407885508,15
2025-04-13,0.07190100231074043,-3.970722246545306,2.562753856483456,15
2023-10-06,0.16472352902234647,-12.161399775780447,3.246194488758056,3
2023-10-07,0.15325662053450156,-11.513513506338562,3.142578393452444,3
2023-10-08,0.13680238063719977,-10.477409065468231,3.090319798197958,3
2023-10-09,0.165436190253424,-10.330201464536636,3.291289678331393,3
2023-10-10,0.25229313429324246,-10.45703031261165,3.429341820706973,3
2023-10-12,0.7217580547748815,-17.613649674402854,2.943592091547555,3
2023-10-13,0.21742038530429522,-9.20549532459052,1.555636023302507,3
2023-10-14,0.22960584695090694,-8.625718247034685,1.5759513903244353,3
2023-10-15,0.25519860114271586,-7.758756519042335,1.53600254378833,3
2023-10-16,0.2030414007952238,-7.036364228376404,1.5520475664049183,3
2023-10-17,0.2558514395864692,-6.9034415251363255,1.6558584713100937,3
2023-10-18,0.2786950394848766,-7.252579438630189,1.8465466836095734,3
2023-10-19,0.29948637645026227,-6.881459922667613,1.7861299303286728,3
2023-10-21,0.18632659046806438,-11.017925447552015,3.005358811263722,3
2023-10-22,0.2585221168643277,-11.580302634357633,3.3273072506764976,3
2023-10-23,0.24656867825274362,-11.473581992230253,3.318237640130003,3
2023-10-24,0.23051188814179874,-11.250446872010773,3.2919798843053436,3
2023-10-25,0.22761801135750415,-11.454561783028032,3.350638552184064,3
2023-10-26,0.1942071004271469,-11.040912987915029,3.2561415306962234,3
2023-10-27,0.18784584853408484,-11.03210165114574,3.3199838705500024,3
2023-10-28,0.195706263429239,-10.989281531803151,3.3662001314939873,3
2023-10-29,0.15022845401023116,-10.960682336637312,3.3710955986494437,3
2023-10-30,0.15561307633975446,-10.783397891006882,3.3448889242340267,3
2023-10-31,0.1628380226117,-10.892091292361165,3.4062176622863984,3
2023-11-01,0.1037848117005465,-8.71874237414598,2.9543078672539393,3
2023-11-02,0.09587257224149612,-9.2886695735724,3.4629111592149937,3
2023-11-03,0.09050378244566541,-8.988846745768177,3.3208164666326048,3
2023-11-04,0.08616750180510475,-8.136713644457075,3.1464594195907765,3
2023-11-05,0.06040272244960033,-7.323453748908632,3.093817165535401,3
2023-11-06,0.06075793546978333,-6.927428322279756,3.2311347128717762,3
2023-11-16,0.10381366808276199,-7.0210260479496736,3.0898233489205316,3
2023-11-17,0.18722192550455627,-9.16411541378238,3.0399552195966795,3
2023-11-18,0.15998751466959768,-10.391201607305216,3.323463972759777,3
2023-11-19,0.12231479777636872,-9.719610327961217,3.264281948390186,3
2023-11-20,0.10582464916361753,-9.3888028947239075,3.2864749816756973,3
2023-11-23,0.13520091568998846,-9.262295465307846,3.333542876845134,3
2023-11-24,0.1460160978073663,-9.779296223727224,3.6343022895099417,3
2023-11-25,0.07648900604901178,-8.85894326671278,3.334584233178804,3
2023-11-27,0.17253726245474868,-6.277154982734963,1.7728615861323787,3
2023-11-29,0.17572512615563687,-8.20691854725531,3.2638474619151148,3
2023-11-30,0.3124725681038717,-8.813049217199511,3.524258414451813,3
2023-12-01,0.23192303859608918,-9.140150145523714,3.142402761102401,3
2023-12-09,0.1046393408418745,-9.993649245470207,3.449196727583778,3
2023-12-11,0.20441204184236966,-5.172457631297379,1.6727980565782352,3
2023-12-13,0.2438453256475731,-9.92684706499351,3.3844787857403387,3
2023-12-14,0.19837608627413875,-9.755489774871123,3.349089403190298,3
2023-12-15,0.254472899739867,-10.031891185886542,3.2419579414369433,3
2023-12-17,0.06289436309420139,-7.373375449407749,0.519489985615888,3
2023-12-18,0.17721582665657426,-9.978340129380205,1.3083092431769103,3
2023-12-19,0.17312245147676567,-7.1255932790038194,1.2497277570724574,3
2023-12-20,0.22542712133228238,-8.335395600855739,1.6208118868315085,3
2023-12-21,0.20896380918430657,-7.670649111768503,1.5840130691506982,3
2023-12-22,0.16947737073079194,-7.562682042132293,1.6104048938562876,3
2023-12-23,0.17047749836317214,-7.161076351964628,1.5855737472011013,3
2023-12-24,0.18386874600827335,-7.161737064928021,1.6256492260305242,3
2023-12-25,0.5048412000200061,-7.990444195454907,1.6987342685617504,3
2023-12-26,0.17880081398957343,-8.025726879044836,1.7485847747507448,3
2023-12-27,0.20469294691735362,-7.12813548327252,1.6338185335762287,3
2023-12-28,0.17924883871223826,-6.9219463117498234,1.6823810019197998,3
2023-12-29,0.19327609522766348,-5.607468273212415,1.5703461090651718,3
2023-12-30,0.15879389265989916,-4.200486493109626,1.3530057823523052,3
2023-12-31,0.1867759744232881,-4.9696975786441815,1.8820276062429657,3
2024-01-01,0.19611001049805682,-4.961385705573757,1.8502524733644752,3
2024-01-02,0.19873992994293438,-4.372839021521837,1.775245572132696,3
2024-01-05,0.21690860989424693,-8.177876207268074,3.560108134391178,3
2024-01-07,0.19064567043668423,-4.425622002361011,1.6533024090089143,3
2024-01-08,0.2220875331944476,-4.7112943770363565,1.7809534540080567,3
2024-01-09,0.9295184295973989,-4.210643665153257,1.0253117173793667,3
2024-01-10,0.27139369816378817,-6.049969426624298,1.6224815089112985,3
2024-01-11,0.31339327625791363,-5.773640915768424,1.6926186952282396,3
2024-01-12,0.26857787536528743,-6.306051436031726,1.7397811490290827,3
2024-01-13,0.27258462945458595,-4.901662775251259,1.5072104842435117,3
2024-01-14,0.28519880545015974,-4.862848775009125,1.7100198236265949,3
2024-01-15,0.3363674685917286,-5.14600461341328,1.7583088015421005,3
2024-01-16,0.28371385002214716,-5.517396609975647,1.7504114312722578,3
2024-01-17,0.3628761879143358,-4.084703641021625,1.6453942295408939,3
2024-01-18,0.28651092269746475,-4.546017536452489,1.7849912967648198,3
2024-01-19,0.26437598965909676,-4.573155390721993,1.742707188645272,3
2024-01-20,0.24305020424983234,-3.619658232673576,1.6328790373674191,3
2024-01-21,0.23754725413035377,-3.5868386993464507,1.8083625445490175,3
2024-01-22,0.26823826057908745,-3.9583820378750074,1.7900415540997472,3
2024-01-26,0.18043317374036208,-6.268699561982403,1.4383204826269376,3
2024-01-27,0.552249348655985,-6.802185794282283,1.673661220536376,3
2024-01-28,0.5238914837375741,-5.612139174609246,1.5334271914541142,3
2024-01-29,0.5174138747761341,-4.992579247552034,1.62321067687017,3
2024-01-30,0.4623923572942418,-4.72531720368342,1.700366520215833,3
2024-01-31,0.3582932083582651,-4.261456913462876,1.6501059040326735,3
2024-02-01,0.34183210885562465,-4.199890498193492,1.7638827085706712,3
2024-02-03,0.2775544611560987,-7.5561739634836,3.401460258498611,3
2024-02-05,0.27150024888686103,-4.3144314565884825,1.6974949874189542,3
2024-02-07,0.2120391182671164,-6.486680764114625,3.2019030102465385,3
2024-02-08,0.3085950563188738,-7.286701583607942,3.5598212940389926,3
2024-02-09,0.31233550619856487,-7.790327532628075,3.5843243207198903,3
2024-02-10,0.30986495445484535,-8.205890638882225,3.595946589942477,3
2024-02-11,0.35824904950483616,-8.679886490563602,3.6223241793296057,3
2024-02-12,0.3206185918887917,-8.425350638140772,3.2661858622510502,3
2024-02-13,0.23966919549267787,-6.865735542081086,2.8845499124311305,3
2024-02-14,0.29068201632696916,-7.231936383850611,3.4903957763253772,3
2024-02-15,0.3041566643812114,-7.549138987504388,3.698850369960915,3
2024-02-16,0.3160341197182586,-7.611694819464225,3.658837884529848,3
2024-02-18,0.403751512290371,-5.288904218101699,1.585570346003966,3
2024-02-19,0.6421677218921302,-5.008620089267773,1.531611587011134,3
2024-02-20,0.6474595279280583,-4.893241774891856,1.6966374226703549,3
2024-02-21,0.6214850122553038,-4.297987847306976,1.637602101831558,3
2024-02-22,0.5628047719811778,-4.305362874576399,1.6966824499986652,3
2024-02-23,0.3721536200072811,-4.5445138186837655,1.7462697000553427,3
2024-02-25,0.3560021206138634,-6.91200274222048,3.116636224434624,3
2024-02-26,0.40745067365595494,-7.375492513495994,3.43477912340383,3
2024-02-27,0.4246742716988368,-7.8711322905934775,3.54191139776794,3
2024-02-28,0.4727689099577016,-8.216423062312664,3.45864901096598,3
2024-02-29,0.3130021760542496,-7.661889005232379,3.307805354068923,3
2024-03-01,0.4630691669659807,-8.362700700734603,3.512452944356286,3
2024-03-02,0.6437215777518149,-8.671343160432398,3.281445315501817,3
2024-03-04,0.40480648482533854,-6.6373170235818995,1.6132579788122223,3
2024-03-05,0.23776537916315066,-5.897902725620995,1.601858817246245,3
2024-03-06,0.3809590303514652,-7.322708087948484,1.5989654689883603,3
2024-03-07,0.5052094728011725,-6.7604577774028805,1.5502723357269608,3
2024-03-08,0.4361462156627729,-6.703455398361465,1.6187764020396591,3
2024-03-09,0.27450497036439647,-5.968530252916939,1.5090076869176614,3
2024-03-10,0.44463474704683054,-7.466013772480323,1.6088691665431463,3
2024-03-11,0.43080604649230264,-5.740156218901944,1.477729096703528,3
2024-03-12,0.4654961707614303,-5.94479604545473,1.6042619291213198,3
2024-03-13,0.4286317662781898,-5.893876308972376,1.6352544938949716,3
2024-03-14,0.4477540279842451,-5.64481800695365,1.650535596862967,3
2024-03-15,0.48021248635347114,-6.109331315229731,1.7526205463159668,3
2024-03-16,0.3758717601857828,-6.146724486854235,1.7660725251782166,3
2024-03-17,0.34325355284062525,-6.272554015355708,1.8356649927783009,3
2024-03-18,0.2970099857388316,-5.959814771132338,1.7972581728499402,3
2024-03-20,0.34039994349066033,-8.615424164734046,3.4441573243792107,3
2024-03-21,0.4449092868157642,-8.6852664562272,3.550076949540261,3
2024-03-23,0.5286862084935209,-5.7069124039473165,1.5942977300193502,3
2024-03-24,0.337559432887952,-5.2072055408570765,1.5478670561722518,3
2024-03-25,0.38895730441601795,-5.5425094088639,1.7195853525921452,3
2024-03-26,0.39324505623440625,-5.868504188376852,1.7887073437752596,3
2024-03-27,0.2733257576992114,-5.818927489001949,1.7919236059681334,3
2024-03-28,0.33116770371049514,-6.194134755403496,1.6981409068021105,3
2024-03-29,0.39529863829297407,-5.165374063117136,1.592460152880742,3
2024-04-01,0.39878310222387425,-9.62259263482354,3.4083376138709216,3
2024-04-02,0.4152855267969708,-9.979086801910134,3.479861253266962,3
2024-04-04,0.3403165406590857,-6.607122419097268,1.4678456409953204,3
2024-04-05,0.33311314279065773,-6.314926584770971,1.526656784360348,3
2024-04-06,0.32981131578804895,-5.636108626879267,1.4975591412161742,3
2024-04-07,0.3683317279116599,-5.526089501308835,1.5884796260180438,3
2024-04-08,0.38833732913934527,-5.498414289653413,1.664282585987628,3
2024-04-09,0.3971017854427646,-5.630717755200178,1.7492649901205488,3
2024-04-12,0.41494587418568407,-5.559532316775455,1.6276282997143874,3
2024-04-14,0.2979551066575041,-10.14751414904936,3.437492281080703,3
2024-04-15,0.3088206210458586,-10.10406727169203,3.4501422607044887,3
2024-04-16,0.3803965336348445,-10.103418314011485,3.518178091134669,3
2024-04-17,0.41336195581985125,-10.136940635105612,3.5421494955033683,3
2024-04-18,0.2966785188376116,-10.428311352894166,3.5877325812490173,3
2024-04-19,0.2897733918023042,-9.986398380767222,3.4927115253730934,3
2024-04-20,0.2485141587908302,-10.054608414784017,3.5557131066613894,3
2024-04-21,0.3015085211821171,-8.348271860923612,2.9336744280026483,3
2024-04-22,0.16319970364246397,-8.840051995546569,3.208081503416699,3
2024-04-23,0.31110514085198715,-8.993534861985788,3.5210429207184295,3
2024-04-24,0.26593314591619144,-8.604034161114505,3.4887933705139327,3
2024-04-25,0.39854537097467774,-8.80698300929711,3.568483810301154,3
2024-04-26,0.24902270480155528,-8.178074395801636,3.4134486530382278,3
2024-04-27,0.38061750523006377,-8.655908700053342,3.576096394561699,3
2024-04-28,0.16132414992001626,-7.968122391062467,3.4473550670259905,3
2024-04-29,0.17610733288827918,-7.989835403680136,3.6454000687454404,3
2024-04-30,0.14209104322765403,-8.009948162336281,3.7432557449033554,3
2024-05-01,0.17309395988082682,-7.5978798347087615,3.6001297825032927,3
2024-05-02,0.14384390078949014,-7.746632207070505,3.7302977175165486,3
2024-05-14,0.1941540545803353,-7.0221470642048125,2.2559631540182616,3
2024-05-15,0.5021171305673999,-11.403075830118912,3.435534058741979,3
2024-05-16,0.2483077466618914,-11.315143480672319,3.4449253076518103,3
2024-05-17,0.37164673179252866,-11.078094670731259,3.366874804514768,3
2024-05-18,0.19882544005566186,-10.288805928140055,3.2671846465563514,3
2024-05-19,0.19359492100400366,-10.081350026139633,3.299512602769488,3
2024-05-30,0.03177154119574451,-0.10024887526098715,8.314852485794896,3
2024-05-31,0.07737551572201003,-0.2553723668601644,3.0542784441759188,3
2024-06-01,0.0936558534860772,-0.3129394744288141,3.4161672297582064,3
2024-06-02,0.12366291275108851,-0.27961565762575463,3.6495163662351238,3
2024-06-03,0.12793965022544793,-0.2820251445480504,3.6280896576095545,3
2024-06-04,0.1564529960076952,-0.2582217273493485,3.755905950772265,3
2024-06-25,0.04168908822661615,-2.907778327626793,1.1332744621955761,3
2024-06-26,0.2513284772680422,-11.094405182752347,3.4161061249421487,3
2024-06-27,0.23355613677055514,-11.31059919239275,3.4638247272166898,3
2024-06-28,0.745640699652348,-11.034970534537944,3.2516692056920324,3
2024-06-29,0.24357674223048179,-11.438573305217854,3.4241635072073753,3
2024-06-30,0.607170404088304,-6.492216022304025,1.8421530385150136,3
2024-07-01,0.15895311644195392,-9.688515642638293,2.6935601936951588,3
2024-07-02,0.18191964662880608,-12.086579577564585,3.18302227979204,3
2024-07-03,0.14842708813684416,-11.788689822269617,3.2095969586792985,3
2024-07-04,0.15895082545923325,-11.661946347061658,3.255242550944418,3
2024-07-12,0.1530082193478373,-11.272534208789951,3.030506041194436,3
2024-07-13,0.1529154667765826,-11.10941615445054,3.2146011997039325,3
2024-07-14,0.13655096907448563,-11.247702454554421,3.3763220857369567,3
2024-07-15,0.15717459865286157,-10.838875089792639,3.3099379876094868,3
2024-07-24,0.13559891417469314,-10.661003683621043,3.048990064256041,3
2024-07-25,0.5834352620080836,-10.681114199436331,2.7926843226948184,3
2024-07-29,0.17132387697586957,-6.754003776628268,1.5441037609097936,3
2024-07-30,0.22346588488408495,-7.410265027393898,1.6714528887899853,3
2024-08-01,0.19050397488702828,-11.679940611905485,3.065398710577787,3
2024-08-03,0.1829122139738949,-6.991835041998826,1.572060896127641,3
2024-08-04,0.20440582121135717,-7.668215211794527,2.0230111029482787,3
2024-08-05,0.6726383782139733,-3.5860336819701075,0.1947986421374501,3
2024-08-06,0.29728708594996317,-14.208359438396485,1.2672271189708972,3
2024-08-07,0.4409845247256235,-13.327690499001333,1.334625254709618,3
2024-08-24,0.16306087210234313,-7.20030116049258,1.6508640866832471,3
2024-08-26,0.3099782598511242,-12.255664488944909,3.085620693708878,3
2024-08-28,0.20873375863448262,-7.487308297919035,1.598700207599244,3
2024-08-29,0.1818022612034109,-7.2846851332446905,1.678991424420732,3
2024-08-31,0.14651039823438242,-11.906934241816865,3.0625708620694376,3
2024-09-01,0.1438176478830733,-11.872365786356463,3.1532349729464664,3
2024-09-02,0.15153485361279628,-11.983484649215997,3.243350874104921,3
2024-09-03,0.15044347454714518,-11.526456158975858,3.207032939515708,3
2024-09-04,0.17578364444834327,-10.826439483971292,3.036213615314915,3
2024-09-05,0.1545446504909601,-11.964856277590123,3.2264197196641526,3
2024-09-06,0.16010686759651596,-11.85450495421711,3.2739197607435364,3
2024-09-08,0.21932784038010508,-7.280053105045866,1.6795995299647786,3
2024-09-09,0.23563598212981837,-7.436238451777414,1.677198674632585,3
2024-09-10,0.2170513177830751,-7.054371254164604,1.6223587889825577,3
2024-09-11,0.417683821192775,-7.736179912819209,1.7232551001663936,3
2024-09-12,1.1932641975876006,-4.154365911068266,0.5761780356462601,3
2024-09-13,0.21520466831633547,-8.935671749551926,1.3552635833709292,3
2024-09-14,0.17464310416644835,-8.41508508205003,1.446828497286701,3
2024-09-15,0.20626955303642636,-8.51794691604308,1.5882040718444814,3
2024-09-16,0.2160602413633634,-8.035421417052792,1.5712460779589295,3
2024-09-17,0.2141140983428061,-7.841047951468984,1.6022895826702208,3
2024-09-18,0.22622007015458231,-7.719649191721189,1.6412028488670785,3
2024-09-19,0.2112486773208978,-7.6341079681933905,1.628533938544872,3
2024-09-20,0.20860562747735278,-7.398260912997443,1.6361316194835442,3
2024-09-21,0.20656116136386551,-7.249488401299699,1.6658115323270806,3
2024-09-22,0.20672078420443277,-6.75779742509011,1.6173384460079685,3
2024-09-25,0.1718264115893866,-12.361083284987613,3.2778132000305304,3
2024-09-27,0.21995026200201298,-7.358827832634118,1.569586095609966,3
2024-09-28,0.16504729492229586,-7.397112294200484,1.6678185625913236,3
2024-09-29,0.1805557108328908,-7.293921305973602,1.6663493249236898,3
2024-10-03,0.14810140931186666,-12.108161857462857,3.08875444871681,3
2024-10-04,0.19569186489690957,-10.907797603890721,2.932523863650183,3
2024-10-05,0.1545400448860437,-12.118251254495211,3.314151694433404,3
2024-10-07,0.2339362236195969,-7.388618150595258,1.6627006910256146,3
2024-10-08,0.21514819181344108,-6.92296488541554,1.6459748809913022,3
2024-10-09,0.44074060762378436,-7.47771642930717,1.8064068096456294,3
2024-10-10,0.16470239138004772,-8.547530203695691,1.4798725066787917,3
2024-10-11,0.24349837142935463,-7.459817925807216,1.4908076143000062,3
2024-10-12,0.2623645927297058,-7.575301943804232,1.6562083067034508,3
2024-10-13,0.24739508906197197,-6.991647819679503,1.6176576925027517,3
2024-10-14,0.2600802712018725,-7.125551331495456,1.7351925711534,3
2024-10-15,0.2279627671898567,-6.823486064616598,1.7138949629910083,3
2024-10-16,0.1806927951961667,-5.679364148705972,1.6052965267455832,3
2024-10-18,0.1939641076502624,-10.844923999067348,3.4631589702299337,3
2024-10-19,0.1698944322719243,-10.664078432096538,3.429890748951573,3
2024-10-20,0.19843343601579538,-10.581871893337208,3.414845233590022,3
2024-10-21,0.2014791742612433,-10.57126473071051,3.4733609870506528,3
2024-10-22,0.21482863612493935,-10.75211632091812,3.439443482112608,3
2024-10-23,0.21638607601014753,-10.755641989486582,3.443258730187085,3
2024-10-24,0.22139017941529746,-10.424977894456974,3.437961943906268,3
2024-10-25,0.22965414987618837,-10.281832261582753,3.4547365574723976,3
2024-10-26,0.22935357337174164,-10.103622318416392,3.4339640673413467,3
2024-10-27,0.2334867815175834,-10.193296523079184,3.5068744776992644,3
2024-10-28,0.2037249686977426,-10.12415352730919,3.481921569726608,3
2024-10-29,0.24492063145574747,-9.543872940264245,3.3081509468081056,3
2024-10-30,0.2236256487414814,-10.020965579889054,3.400843486971369,3
2024-10-31,0.24515030999541795,-9.990297673812645,3.4232104743341027,3
2024-11-01,0.22774231610234863,-9.921080978773247,3.4572269606276347,3
2024-11-02,0.2258997348105958,-9.810320325661545,3.466683770264207,3
2024-11-03,0.16195560689935837,-9.7016213695322,3.4499472024373596,3
2024-11-04,0.22240642892359835,-9.883999901478322,3.4192677664789692,3
2024-11-05,0.2260369208339483,-10.041520616248457,3.421482776657103,3
2024-11-06,0.2032068788982417,-10.648109881441147,3.528403550455321,3
2024-11-07,0.19225446648742575,-10.496767095228932,3.4154577654094447,3
2024-11-08,0.1726910750630374,-10.481297902522765,3.4125672231920885,3
2024-11-09,0.1872127535307367,-10.281824604115664,3.423290227098938,3
2024-11-10,0.4749782748930281,-9.682946823319787,3.191641721555558,3
2024-11-11,0.20944689733987398,-9.815546976393597,3.296902257287646,3
2024-11-12,0.16478602310461052,-9.489899707658791,3.2974796662617742,3
2024-11-13,0.17647290797368012,-9.34587430194105,3.404439028013922,3
2024-11-14,0.1580019560990439,-9.282666077509353,3.516113564422006,3
2024-11-15,0.13594208171625702,-8.463829080006931,3.330881990765254,3
2024-11-16,0.16100145342638852,-8.614452008998725,3.612309747751098,3
2024-11-17,0.14168261881082506,-8.333673176564515,3.600259600792779,3
2024-11-18,0.1370436114577148,-8.274770867891776,3.623398622632845,3
2024-11-19,0.1325838443921323,-8.12727732165086,3.5994531471117828,3
2024-11-20,0.14624051896130053,-8.610334884986463,3.6637315620332576,3
2024-11-21,0.18922510138549206,-7.797473461373273,3.4126821226542803,3
2024-11-22,0.18637458067805632,-4.8551286956343915,2.7573216486231646,3
2024-11-23,0.13361724945181866,-5.780989794231586,3.7170075187849334,3
2024-11-24,0.10787093516694246,-5.476087563100585,3.614432902102034,3
2024-11-25,0.10125379468204637,-5.524245832810523,3.7037127744658718,3
2024-11-26,0.09094439183049272,-5.485646972162436,3.6710606696651737,3
2024-11-27,0.07498365476170182,-4.941197774793718,3.240252998379532,3
2024-11-28,0.10873873095573805,-5.678736343485836,3.6307652983783845,3
2024-11-29,0.07918052486447708,-5.165650637466898,3.5532862945191304,3
2024-11-30,0.07614387088798703,-4.38604667542445,3.4400718163308333,3
2024-12-01,0.10087465876751324,-4.405554886558711,3.4448802755784134,3
2024-12-02,0.25399295088631124,-3.60247987693116,2.98667924696831,3
2024-12-03,0.19696279843494882,-3.444404369462018,3.09922129227721,3
2024-12-04,0.039009014822625615,-1.9148593353206271,2.516475489068332,3
2024-12-05,0.07716355657162355,-1.9999056390070826,2.8379246192758227,3
2024-12-11,0.05952633122824768,-2.1598268054473753,1.6671398959745363,3
2024-12-21,0.15591704898461445,-2.682334181285377,3.7720592212139366,3
2024-12-28,0.12152316604703754,-0.19491319595362333,3.73230850260779,3
2024-12-29,0.15030781606259483,-0.16632955533654745,3.714364852929571,3
2024-12-31,0.10594359360331611,-0.17334231545384485,3.7012595396171633,3
2025-01-20,0.19476274904147936,-4.485471135442844,1.6706713405213123,3
2025-01-21,0.07664425291956299,-1.876998300185584,1.2580193374420112,3
2025-01-22,0.12755887196225796,-3.435239337080832,1.5200926715963772,3
2025-01-23,0.256098683483125,-4.815396187974377,1.7582832581405679,3
2025-01-24,0.25407764546612044,-4.518573785286148,1.7871976400727487,3
2025-01-25,0.3071999282438632,-4.505219161749176,1.8020421147557981,3
2025-01-26,0.34785905561211505,-4.854846974872643,1.7903860684054873,3
2025-01-27,1.3352205777927284,-6.5725368868778284,1.9357766016425657,3
2025-01-28,0.24711767937255844,-5.417725671060778,1.7952553761052448,3
2025-01-29,0.2926614928891237,-5.298433797392467,1.8711766439902362,3
2025-01-30,0.29128982205766935,-5.344634132407586,1.853344004013808,3
2025-01-31,0.3046985395684314,-5.452899167406198,1.713739973428292,3
2025-02-01,0.23521553300052683,-5.625876128472181,1.8167095668055206,3
2025-02-02,0.3606238147452698,-5.593848240177462,1.880836039505358,3
2025-02-05,0.37189446175238206,-10.02114064923254,3.365081417344643,3
2025-02-06,0.30998658260123235,-10.241339383440755,3.4133854054896298,3
2025-02-07,0.274414457716625,-10.07129985703012,3.388228642590843,3
2025-02-08,0.2579329353485547,-9.75705499774868,3.358045977217519,3
2025-02-09,0.24711551640414936,-9.571888424431538,3.373722815911271,3
2025-02-10,0.23150704178428694,-9.540488235335907,3.396015258930945,3
2025-02-11,0.23544527345182528,-9.707367393091712,3.380485317976746,3
2025-02-12,0.22199078641243544,-10.056444669238552,3.411639432898356,3
2025-02-13,0.6892606675882159,-6.908216525225893,2.0949075019810826,3
2025-02-15,0.3117589498478034,-10.865362221208398,3.2093455896481986,3
2025-02-20,0.2837053112436029,-4.951274108342894,1.6359451253574093,3
2025-02-21,0.422787872297596,-4.242695414695413,1.6465481739434387,3
2025-02-22,0.5331680965756634,-4.665954400947298,1.6860200650368888,3
2025-02-23,0.37495648249008506,-4.759609329165716,1.7086461594650415,3
2025-02-24,0.38409667346384785,-5.407123417956039,1.7512673183053271,3
2025-02-25,0.4331972348984435,-5.745849263329988,1.751921509754927,3
2025-02-26,0.5285324907951485,-5.5110059845712405,1.6400700731847995,3
2025-02-27,0.5385596585398007,-5.332787504044689,1.599814067740132,3
2025-03-01,0.2740823940668878,-8.164717780430427,2.7964466853867838,3
2025-03-02,0.25985586683698303,-7.76181649260915,2.6753269501326704,3
2025-03-03,0.20471860223471322,-7.080023872610318,2.736662269026226,3
2025-03-04,0.22289330405214694,-8.320535543725697,3.0369111404182614,3
2025-03-05,0.5245074648427448,-8.364722156102653,2.7303551601753853,3
2025-03-06,0.18898533167640477,-6.956115754832804,2.5417802167656967,3
2025-03-07,0.12517604569073515,-6.889390510894188,2.764943057830472,3
2025-03-08,0.15177823341555122,-7.768087798220871,3.092524253363722,3
2025-03-10,0.1460162390263959,-5.476144986352157,1.3350166964557841,3
2025-03-11,0.532418510431135,-6.139719692772444,1.6868126876063674,3
2025-03-12,0.587550905826974,-5.903733508363729,1.660845424440688,3
2025-03-13,0.6316997993789524,-5.9266204380843375,1.6560420085628202,3
2025-03-14,0.6557129347493577,-6.010622572470963,1.6530333473432328,3
2025-03-15,0.6996703122172662,-6.5815061040723695,1.7089589993407197,3
2025-03-16,0.5094034720078102,-6.466699151052231,1.7137356515482587,3
2025-03-17,0.5774438596025598,-4.903284861708598,1.4506824964584792,3
2025-03-18,0.7664486816088447,-5.320335866087766,1.6230879896745773,3
2025-03-20,0.6037900415082493,-8.614123937906893,2.816896846475087,3
2025-03-21,0.6476933324695764,-6.413023877386094,2.3645640771372824,3
2025-03-22,0.6093679402122594,-6.806975416558322,2.657473744803417,3
2025-03-23,0.5756392232028942,-7.307389462639529,2.7800245391286293,3
2025-03-24,0.3306075005998751,-8.007214687505966,2.9990191434093783,3
2025-03-25,0.4165925880284322,-8.228638099863566,2.9528160795085276,3
2025-03-26,0.3182578247808614,-7.81421079971748,2.893781145156611,3
2025-03-27,0.25760985048884916,-6.980493970560536,2.7807338554082754,3
2025-03-28,0.17551342511969606,-7.253107664565442,2.9739274574487222,3
2025-03-29,0.14655478163286895,-7.140577812838148,2.9135832652227878,3
2025-03-31,0.41793175249899506,-6.766413705739063,1.7858790195137146,3
2025-04-02,0.45698617087366844,-11.518975822668814,3.2077553351736676,3
2025-04-03,0.3052802905491354,-11.068540918994588,3.148672590743778,3
2025-04-04,0.23031649967284681,-10.587392623775148,3.154697918885908,3
2025-04-05,0.21056831766336373,-9.928886952256791,3.110584345521721,3
2025-04-06,0.17574867942786007,-9.63527509937132,3.165270475104116,3
2025-04-07,0.1568305147329744,-8.724960966902433,2.964923771023542,3
2025-04-08,0.2988127022431226,-8.626467439460944,2.949193081753832,3
2025-04-09,0.12858123753289435,-7.74385186058524,2.996472741241777,3
2025-04-10,0.10737196540572803,-7.435491520464863,3.021177268551577,3
2025-04-11,0.08385760674017206,-5.037977867075929,2.2540540246931684,3
2025-04-12,0.49546336887715176,-9.075873158937704,3.326388172419683,3
2025-04-13,0.3164521671814427,-7.708758709205161,2.9868432673073086,3
2025-04-14,0.1739266105710277,-7.7393804101578,3.1858394672714923,3
2025-04-15,0.11584921211124778,-7.1602184521616055,3.0446282854161524,3
2025-04-17,0.08062087076074062,-5.999293677323099,2.9380249549759396,3
2025-04-18,0.10314988120301395,-5.899384606646195,2.916913822660296,3
2025-04-19,0.07718558812900937,-4.802861998321321,2.65470563139172,3
2025-04-20,0.14488950880232815,-4.897681579181453,2.928646378704261,3
2025-04-21,1.2268537689924104,-6.158646484876075,3.6023943968362646,3
2025-04-22,0.724788675606184,-0.10339723788952208,1.990899482726143,3
2025-04-23,0.06389509582110317,-0.341178689627348,3.1078464029050927,3
2025-04-24,0.06942594523205549,-0.24749361047467092,3.21062122796805,3
2025-04-26,0.08291295325651742,-0.30841734194798254,3.4019632987399757,3
2025-04-27,0.09310720007365908,-0.31319052563911154,3.461988097741887,3
2025-04-28,0.11274372095643313,-0.18152542073969344,3.521119641365105,3
2025-05-04,0.14825769605622185,-0.1333179366994877,3.7117249786830335,3
2025-05-12,0.15160810548410875,-0.17451644309956257,3.707245600349423,3
2025-05-13,0.14032361930804058,-0.18307839414937413,3.6818383306396383,3
2025-05-14,0.15749659463253732,-0.21365826577420635,3.753345942592197,3
2023-12-07,0.06413030120514053,-2.355885757054484,5.511766238656018,5
2023-12-08,0.05857035111849628,-1.524793093337644,2.694950563207778,5
2023-12-09,0.05226275983111609,-1.9721183801463937,2.8738728023921416,5
2023-12-11,0.06649204801416471,-2.149921803693981,2.969365554614912,5
2023-12-12,0.28204515326105356,-9.677638309838184,16.495575876589495,5
2023-12-13,0.2257720878819563,-15.169882304804919,26.862816058988436,5
2023-12-14,0.16534851341215484,-5.222356232863328,8.910287223748432,5
2023-12-15,0.2509697886148821,-8.797285083636707,13.74739854204697,5
2023-12-16,0.04902407033884467,-0.4055244532709152,0.7898268109774437,5
2023-12-17,0.015503997487803428,-3.477859441179226,0.3800858813661265,5
2023-12-18,0.09613516969435537,-4.640972382189399,1.6890787451612093,5
2023-12-19,0.09669201487802107,-4.105076164278151,2.177401475477748,5
2023-12-20,0.4525997512723728,-19.75092089511643,11.411190239068233,5
2023-12-21,0.3575389851941273,-15.629725239963362,9.33507218018235,5
2023-12-22,0.20872906364843963,-8.241900346774056,4.698149064407548,5
2023-12-23,0.08903159764583543,-11.209480701300162,6.737787416975955,5
2023-12-24,0.2272872522817559,-13.4563882504379,8.594483940030788,5
2023-12-25,0.2564253697195024,-4.27984833745362,2.3339123966232993,5
2023-12-26,0.08228496763555924,-10.122226885261952,5.713640646439533,5
2023-12-27,0.07593806672598573,-4.231318577683325,2.8470554035484334,5
2023-12-28,0.06969053960542111,-4.699019136411938,3.752593368676868,5
2023-12-29,0.06923592376744328,-3.1673998679906252,3.3210431138114855,5
2023-12-30,0.1234449938245678,-9.13359131648015,11.448807744671162,5
2023-12-31,0.20093188308756021,-13.80067739532511,19.619001554992032,5
2024-01-01,0.14432766742654776,-5.361223830986109,7.467691010300347,5
2024-01-02,0.08745177267515529,-6.68569228908068,10.200402879682821,5
2024-01-03,0.1590903243662339,-4.994560656280212,7.756386865494216,5
2024-01-04,0.08510396010135825,-10.682367654160227,14.989665333491432,5
2024-01-05,0.1537717254799346,-4.1205839115369844,5.685995993099729,5
2024-01-06,0.03325083557076843,-1.972561281205207,1.423484000968454,5
2024-01-07,0.07858647540597774,-2.824568125067052,2.7611976377295453,5
2024-01-08,0.1927996968865776,-7.834003086168831,9.109087360185145,5
2024-01-09,0.5120887854711831,-2.00280267670158,0.6095221477239982,5
2024-01-10,0.10049333966570179,-3.433077065421284,2.001211379655426,5
2024-01-11,0.18142833717641677,-11.851080948937778,8.161205840228469,5
2024-01-12,0.18691592974563873,-3.2492686379034934,1.7043898559177024,5
2024-01-13,0.0967139358166081,-1.4926231569433754,1.2803452280598526,5
2024-01-14,0.0999523970868685,-5.255371693256918,5.285345742350651,5
2024-01-15,0.14687991290917354,-4.108143575090659,3.9737127430948003,5
2024-01-16,0.04656160419179377,-2.237647087546578,1.6094595206428306,5
2024-01-17,0.08593866447598095,-2.9346668725680187,3.2220143212754295,5
2024-01-18,0.3091321120011884,-12.827633903117817,15.216643636947962,5
2024-01-19,0.09812140984534982,-5.704462511032161,6.168717753326754,5
2024-01-20,0.07697608220707233,-3.055162177510812,4.400388774072804,5
2024-01-21,0.12992937490668374,-5.242577635964902,9.845191918918111,5
2024-01-22,0.13411346540164323,-2.1416332927556057,3.0704325419049208,5
2024-01-23,0.13069085992053808,-3.4476045794291976,4.1761190672810615,5
2024-01-24,0.11115981765149134,-3.800056954585319,3.9026133835347276,5
2024-01-25,0.09368977857148059,-11.32547531223357,11.799437977087353,5
2024-01-26,0.026057998388427133,-4.446333931755594,0.9682006167969749,5
2024-01-27,0.0928713254084234,-12.244715342912535,4.244497966989671,5
2024-01-28,0.05466303949355823,-1.9188026891226981,0.9924859282906406,5
2024-01-29,0.05889127869809342,-4.516707499608615,2.945239823627993,5
2024-01-30,0.12579638917985525,-10.302974559762838,8.112606622524375,5
2024-01-31,0.09777155460806461,-8.425667792388632,7.595098311356229,5
2024-02-01,0.28502318423633044,-12.991983253286088,13.714767323907969,5
2024-02-02,0.2847978567182948,-12.008806393872877,13.119913029553782,5
2024-02-03,0.3740194871775298,-10.063639890384808,11.54523924087,5
2024-02-04,0.14290270223079854,-3.496185630879047,3.3775309981496404,5
2024-02-05,0.1283916560120741,-8.74742686218879,9.126542973322772,5
2024-02-06,0.12172695320834423,-7.293676929649921,8.656455541215102,5
2024-02-07,0.15714162448032554,-7.440174471614528,10.7873299666461,5
2024-02-08,0.17237296242934474,-4.074849488828179,5.725737893242482,5
2024-02-09,0.20003150052595778,-5.224469650316652,6.834457064764979,5
2024-02-10,0.23671619421450962,-6.611613925097811,8.292542120111655,5
2024-02-11,0.18164623659040374,-4.833506229518064,5.600134408825975,5
2024-02-12,0.17797891972629265,-4.196854940167649,4.428143295866671,5
2024-02-13,0.13384288931803548,-4.244265436993732,5.13659434129959,5
2024-02-14,0.22028564601480108,-8.099336114246245,11.92325302751735,5
2024-02-15,0.48547199608249963,-13.341504434295096,19.89259541115562,5
2024-02-16,0.4310547183595873,-12.36482468653379,18.080872157759227,5
2024-02-17,0.12953482814713443,-2.82442789786236,3.8838394208801548,5
2024-02-18,0.1511391854953138,-1.8827947838764905,1.1557622701742942,5
2024-02-19,0.06856580487556427,-4.952545744347657,3.60884885792092,5
2024-02-20,0.351532739960435,-11.281980490676608,10.636979755780484,5
2024-02-21,0.45685665060198727,-12.136866719120407,13.659517995883046,5
2024-02-22,0.31612569788917916,-6.336056421079045,7.663168992354293,5
2024-02-23,0.1662397094285248,-3.82271639305894,4.117481758733607,5
2024-02-24,0.32030495762088107,-9.146756198824052,10.908993784424228,5
2024-02-25,0.38927586338381565,-9.507468241919998,13.200864108445986,5
2024-02-26,0.584789784952064,-10.654922420276376,15.93483028994146,5
2024-02-27,0.3396094260523679,-5.797270320364358,8.150136219386935,5
2024-02-28,0.38334456546690265,-6.094856141438708,7.840790089874961,5
2024-02-29,0.18920154466727343,-3.2814321361855288,4.657865087851449,5
2024-03-01,0.4145495782494222,-6.804687927723275,9.372577751570667,5
2024-03-02,0.5354137561554264,-13.594210478171238,17.589046101093118,5
2024-03-03,0.4901920425968319,-11.961373901325935,14.800164152686634,5
2024-03-04,0.48419597206967696,-9.801577115268454,12.285420341503405,5
2024-03-05,0.2614345234189932,-5.282494805514914,6.3562431826567805,5
2024-03-06,0.3607796833826388,-10.594209520771406,10.544456899626613,5
2024-03-07,0.580079721399997,-14.817174403701985,15.485802031411987,5
2024-03-08,0.6077925459292571,-13.03287294265253,13.975651638595895,5
2024-03-09,0.17603834651324496,-3.824283384006492,3.6257445517259557,5
2024-03-10,0.13081512270649226,-5.0045632656990175,4.838494544560264,5
2024-03-11,0.21329456178251902,-5.515039685093043,7.11429247908433,5
2024-03-12,0.7449939555586703,-14.355688757596914,19.848601526483176,5
2024-03-13,0.6879350922119503,-16.21642131617016,22.2467540571556,5
2024-03-14,0.9634224160276346,-18.709165262852608,26.970081162299714,5
2024-03-16,0.4603383201742875,-10.970973923848147,14.030216457223373,5
2024-03-17,0.6386133433914362,-16.1610085808793,20.281922284794955,5
2024-03-18,0.07041661805977566,-3.156261401229014,4.338082706312408,5
2024-03-19,0.1254238166910436,-2.896698661803456,5.510890532614798,5
2024-03-20,1.0944211218144677,-17.0245337290207,35.53093195796303,5
2024-03-21,0.4400271510137392,-5.6133242256544404,11.268800287726727,5
2024-03-23,0.3063180070892831,-14.256350239525936,17.367091460302262,5
2024-03-24,0.13373826874542735,-4.010654446060224,5.841672953267098,5
2024-03-26,0.44685906086066535,-8.720806824800842,14.38398597680758,5
2024-03-27,0.1379420300143065,-18.508080160404198,29.9066931861382,5
2024-03-30,0.3617979020772997,-10.638092292378172,21.43258361952702,5
2024-03-31,0.22116928830541346,-3.1539369334474068,5.975853904348609,5
2024-04-01,0.6387333980879171,-14.246040163535076,26.54138586072205,5
2024-04-02,0.3403321585940832,-8.564168396326371,15.279017022120316,5
2024-04-04,0.07813764196901846,-1.799664185930601,1.1839616714279009,5
2024-04-05,0.07060992393445016,-4.5273529608490835,3.878378753752559,5
2024-04-06,0.09077819465843172,-5.693863779006112,6.3559123468371395,5
2024-04-07,0.32869616678918046,-13.311401080398436,17.94134600106737,5
2024-04-08,0.4574592141016083,-16.521994309028884,23.794334537692002,5
2024-04-09,0.413820284303722,-17.106431817340063,25.289766520874807,5
2024-04-12,0.08363116163508266,-3.206074505020705,3.6262041024663176,5
2024-04-13,0.15108136741389064,-7.560931282048161,11.023521012610296,5
2024-04-15,0.18742399837273863,-11.37855291320025,19.751201226792258,5
2024-04-16,0.16207321414210327,-12.161837589515562,23.092648393238235,5
2024-04-17,0.27352476239262546,-12.411831964192594,24.333361065176668,5
2024-04-18,0.03856967007085133,-1.899953443371036,3.282315249537065,5
2024-04-19,0.11111366036769388,-8.82503220885868,15.374839188714398,5
2024-04-20,0.11614968274836349,-8.081823914201943,14.274094271094748,5
2024-04-21,0.0412328210579685,-6.016361509620464,10.915716122585152,5
2024-04-22,0.03830307660710337,-3.3948328245282804,7.141681670117048,5
2024-04-23,0.05097168196342056,-3.1957504844681726,7.467400240072934,5
2024-04-24,0.04676261149761251,-2.3699092358246823,5.402009497604055,5
2024-04-25,0.051566911564553786,-1.9240696785280251,3.9420916327939954,5
2024-04-26,0.39546154234389896,-7.169240899910284,15.136008696821744,5
2024-04-27,0.44733451326223966,-6.18904647760619,13.340744142442952,5
2024-04-28,0.3345206405101373,-3.784153750108411,7.970049932477043,5
2024-04-29,0.261648995789019,-3.860355723857913,9.341580063674172,5
2024-04-30,0.34861086442988176,-2.509652406756967,5.34462446979809,5
2024-05-01,0.16992212968880516,-1.5430040730751737,3.286273183915031,5
2024-05-02,0.2987122438682978,-1.0823059565961357,1.9000409173117774,5
2024-05-03,0.32701559670425234,-1.0166561199179085,1.4812271808904216,5
2024-05-04,0.34272874982097623,-1.059291673382282,1.6504292656295292,5
2024-05-05,0.3137817490045814,-1.0812498427136448,1.7588619544335895,5
2024-05-06,0.4287552832164579,-1.3971169484347583,2.228473114427024,5
2024-05-07,0.1489542412675889,-0.9271017729339276,1.5860674830378125,5
2024-05-08,0.08667633113602653,-0.9379994931674884,1.5805523568790756,5
2024-05-09,0.23609029716944,-0.8704483064624042,1.0098136268679787,5
2024-05-10,0.38094081057513185,-1.9432063077586383,3.8821092534558455,5
2024-05-11,0.2624654482666235,-0.9387880574793597,1.4170542851566967,5
2024-05-12,0.31800256812745603,-0.8880550572481205,1.5356677127257545,5
2024-05-13,0.2075225712381027,-1.0116065957553475,3.3623707840644377,5
2024-05-14,0.039632935427274994,-2.5345195445452466,4.2860615216567535,5
2024-05-17,0.12202674099999662,-11.600493465639142,19.348841272728475,5
2024-05-18,0.1336369039739888,-16.891669411382075,28.800391740431472,5
2024-05-19,0.07277351793219405,-7.1357727860402385,12.808112759204016,5
2024-05-20,0.22630951875343666,-11.11335015092446,21.128602796469202,5
2024-05-21,0.32959804585163727,-11.010119927578675,21.93572908420735,5
2024-05-22,0.2993193475206182,-6.042367171846301,11.79306158492713,5
2024-05-23,0.5279054622711457,-9.323274624575959,18.215115673742716,5
2024-05-24,0.245396896274042,-1.502663851934229,2.530837717205668,5
2024-05-25,0.1470050401295268,-0.8582712266517906,1.7083610512114429,5
2024-05-26,0.10435389208684284,-0.6016675150846496,1.564463482593137,5
2024-05-27,0.22575330396588547,-0.4995937817133408,0.8065713316261623,5
2024-05-28,0.19005960622464882,-0.6505115300156938,1.1932614454744186,5
2024-05-29,0.02662963226337778,-0.04915345657832992,0.6740591418517318,5
2024-05-30,0.017953369888999576,-0.6392643531023274,1.972364369904907,5
2024-05-31,0.05010161022508612,-0.14458886437148807,1.9524324175368717,5
2024-06-06,0.07426424393387443,-0.8804752639572573,3.121614902113481,5
2024-06-07,0.06330782802664758,-0.4637445859564379,2.234308780255602,5
2024-06-30,0.03575983152766045,-0.5835452240655224,3.3210956379476775,5
2024-07-01,0.05231723513400117,-0.41519453539495965,2.5663976707474143,5
2024-07-02,0.09594400663263403,-2.828908029590904,9.408941390772245,5
2024-07-04,0.04829527171915069,-1.4492440611052253,1.2844565275199018,5
2024-07-06,0.10300486753415741,-15.455222011522409,15.455743300513173,5
2024-07-09,0.10932131839992276,-1.2790083235436673,0.4384154993424028,5
2024-07-10,0.07794536586260487,-1.5560075234055215,1.0767215160503825,5
2024-07-12,0.0752494815551832,-4.134087101357959,5.330385149691403,5
2024-07-15,0.0921975954518409,-12.323459829828622,21.747413143432365,5
2024-07-16,0.06871725500750092,-10.649830790127027,19.207500833295175,5
2024-07-17,0.1867378891773697,-17.230690340483065,32.541711963881234,5
2024-07-18,0.3383373285120489,-11.976397008236754,22.732191379901565,5
2024-07-19,0.1143496494891521,-1.3233052787595556,2.1474405459331973,5
2024-07-22,0.09990836614450656,-9.523267991755265,13.489719753432118,5
2024-07-23,0.20902900628710677,-15.286644057021794,22.357099733847726,5
2024-07-24,0.06217092761649911,-2.1021704982339053,1.8468498887441653,5
2024-07-25,1.1877171976490966,-2.7652131341967032,0.6445128704482516,5
2024-07-26,4.577953393193355,-52.68668382579842,17.66654549349192,5
2024-07-27,0.11606453873300035,-5.064848047264009,1.7256924477088385,5
2024-07-28,0.20961109265167469,-9.872643068896247,3.736747884083725,5
2024-07-29,0.07358219160342806,-3.60818365215492,1.6626145282581237,5
2024-07-30,0.06172686873654896,-3.3662558995078067,2.018322671861436,5
2024-07-31,0.03822368895409952,-2.3500737458778382,1.7918040718009196,5
2024-08-02,0.15994711398660563,-2.424592290208397,0.18718573650987638,5
2024-08-03,0.33758090228332666,-4.093573215419489,1.1773042097302806,5
2024-08-04,0.43972734113416734,-6.479117643426873,2.2063134725982203,5
2024-08-06,0.21808663632278244,-7.828652645700831,1.3008541520856498,5
2024-08-07,0.3088037953415215,-12.749931008895066,2.4744578396047303,5
2024-08-08,0.14452166889007576,-10.91626231728476,2.37406333831229,5
2024-08-09,0.10249356521778434,-6.691649081760464,1.6723860564736213,5
2024-08-10,0.08121830962356431,-5.742913279721361,1.6897743570998038,5
2024-08-11,0.07849774059478766,-5.103412395087239,1.756013769503984,5
2024-08-12,0.5083793007629286,-6.223262873639188,2.162698739953821,5
2024-08-13,0.06217487257629283,-3.086835806242628,1.2918442556814438,5
2024-08-14,0.051180765376299044,-2.866705641883464,1.5632672763517494,5
2024-08-15,0.049328274621365985,-2.2977912596688217,1.6344514716486056,5
2024-08-18,0.013075805665282042,-0.10624816490433185,1.8941618599979797,5
2024-08-19,0.02001194480921866,-0.07810459344089636,3.007701927485589,5
2024-08-20,0.019161163280195605,-0.009747194137458153,2.7512727653766347,5
2024-08-21,0.01905051394778554,-0.022814739144191794,2.9921587876381666,5
2024-08-23,0.014743251751464275,-0.45051245898293657,1.6230519029217967,5
2024-08-24,0.03905668942569033,-1.3538475331274662,8.531114755803138,5
2024-08-25,0.19766063655637545,-3.361287294962572,22.31584734556886,5
2024-08-26,0.10223224913286225,-0.5472438806129019,2.311484029241504,5
2024-08-28,0.03168529876246106,-1.0034088258871507,1.4931185109803955,5
2024-08-29,0.031452158807100374,-0.9122931377007547,2.157512083068582,5
2024-08-30,0.03389364520361014,-0.8531896975982148,3.2665635218757743,5
2024-08-31,0.0392399130568045,-0.9435422658121776,5.6948645470837835,5
2024-09-01,0.1346139713099861,-5.69445560107222,43.218965471174805,5
2024-09-02,0.11705202947662356,-5.04928978721154,42.48970353919902,5
2024-09-03,0.12867616788256192,-6.756325005516207,63.64154976740491,5
2024-09-04,0.1658402755633506,-0.5815138510217833,1.7868651272225915,5
2024-09-05,0.030137152363468048,-1.6494169503462843,4.078654171147207,5
2024-09-06,0.13112413511802623,-0.7206906054399805,1.4343240453449786,5
2024-09-07,0.03570278648376642,-1.7747625636532551,3.280813378240106,5
2024-09-09,0.06475180882620352,-1.0834620623187596,0.4329442642238427,5
2024-09-10,0.07746996933354311,-1.9805637104114053,1.3896383777297878,5
2024-09-11,0.09090682197716043,-4.797070542006599,4.378206127688307,5
2024-09-12,0.2850097939394342,-3.098425187827233,2.5121511541206547,5
2024-09-13,0.5212929838239241,-12.808517880283652,10.497382993122052,5
2024-09-14,0.07023702045674142,-3.8536983351988345,3.398356535500747,5
2024-09-15,0.11769303963656122,-4.978571945903058,5.2313182407101015,5
2024-09-16,0.06302939168800346,-4.965313995088103,4.751813244849181,5
2024-09-19,0.1314758818756369,-16.20634085500468,19.10609095588591,5
2024-09-21,0.0299254983773259,-1.6701019864846647,3.081398701125679,5
2024-09-22,0.032197257598452815,-1.4494441012919634,3.700806990676766,5
2024-09-23,0.028319461302486183,-1.4070407296327365,4.844630048762276,5
2024-09-24,0.02918186705967054,-1.1879150127909806,5.64543717936775,5
2024-09-25,0.030436749516307968,-2.204277931477736,11.964847393977015,5
2024-09-27,0.18895062658174108,-8.160881694772614,4.6654052341324235,5
2024-09-28,0.07409148113380849,-9.393221762963995,6.412056481146999,5
2024-09-29,0.06797699211851511,-3.050201795081247,2.4210924642993774,5
2024-10-01,0.1135141707232618,-15.8559808323295,15.300078161635758,5
2024-10-03,0.03325516687788136,-2.024135602985079,2.8252502896085523,5
2024-10-04,0.028852404449536385,-2.418283643696374,4.1218765715692625,5
2024-10-05,0.03550138349766513,-1.9490145462212496,4.000155161711383,5
2024-10-06,0.11151963803819162,-1.4675885884251838,2.8220081419832668,5
2024-10-07,0.09237582110758365,-2.007562014841889,2.512352139283631,5
2024-10-08,0.03910715139126485,-6.599381326400322,8.039630256716752,5
2024-10-10,0.13135934899557994,-3.082046113647461,0.9289661014545982,5
2024-10-11,0.072939945192932,-3.857185354872686,1.793236098374002,5
2024-10-12,0.06949394877203603,-5.255218353951229,3.0257564311568514,5
2024-10-13,0.055014264419587976,-4.0408582928301975,2.8575206905133945,5
2024-10-14,0.08384867820157654,-6.875727789781565,6.056027780561514,5
2024-10-15,0.07005397316885857,-4.131100969016052,4.264929691835271,5
2024-10-17,0.02963854192405926,-1.6835789291559107,3.6305596925758508,5
2024-10-18,0.2572143159717403,-13.638581838828411,34.8182395241883,5
2024-10-19,0.08402434585296528,-4.056007831295538,10.13588677852252,5
2024-10-20,0.039763535117845715,-4.685988384688909,11.23247073197043,5
2024-10-21,0.04064669844691572,-2.7288387348445746,6.241243406156765,5
2024-10-22,0.031056646639813147,-0.8256763858446927,1.587865863775632,5
2024-10-23,0.043315930440429654,-2.252500231920926,3.734724954685109,5
2024-10-24,0.07113985705615541,-5.114962232544161,8.302043056805038,5
2024-10-25,0.3493781138817307,-0.43294878501180756,1.6274955482171993,5
2024-10-26,0.27818569471817767,-12.051409491063852,76.76967698790897,5
2024-10-27,0.05407092787029124,-9.227109438988125,64.3983715930037,5
2024-10-28,0.03218041879872404,-7.998407381462171,56.6453998554911,5
2024-10-29,0.10242504899892682,-2.0482750337877738,12.655133466401397,5
2024-10-30,0.036603346664426814,-5.3007319653693985,31.97899926847395,5
2024-10-31,0.08155226465142836,-7.508669695641459,48.721980838181445,5
2024-11-01,0.03738391321034409,-3.642644011667455,26.10389699434257,5
2024-11-02,0.08874285356399352,-6.642178383039329,50.37512046027648,5
2024-11-03,0.06424330114438731,-7.332158063750964,53.69959922173144,5
2024-11-04,0.04054107996087099,-7.857381382174425,59.220350966056735,5
2024-11-05,0.1708588344963094,-6.873785826982247,50.485693363145614,5
2024-11-06,0.12262605569410509,-1.3471517319962922,7.426027126439264,5
2024-11-07,0.10352560725777606,-13.403946193834882,67.64651966873825,5
2024-11-08,0.06299388377872163,-11.337156506282021,60.54944510526914,5
2024-11-09,0.08874996849013934,-10.980129874517463,64.235322644127,5
2024-11-10,0.09455706497756565,-2.149807080519352,11.038355521018326,5
2024-11-11,0.1452236997446911,-4.5981690521933265,21.397815175839472,5
2024-11-12,0.049810037153242705,-6.903608920170237,36.914102169051766,5
2024-11-13,0.24266027025321568,-11.324295252084912,64.76389040851357,5
2024-11-14,0.07750995927270765,-2.0087661283499716,9.779027231247708,5
2024-11-15,0.02811560986719772,-1.3468183216702265,7.762971918685008,5
2024-11-16,0.0408292111363593,-1.1658437776094712,8.115788546235306,5
2024-11-17,0.07572330446021468,-0.883447142743664,3.629890358275037,5
2024-11-18,0.029948308905552494,-0.7656760813786921,2.866961943240846,5
2024-11-20,0.025421328332534066,-0.6247313627094087,2.660328451330887,5
2024-11-21,0.0356345700159354,-1.072502853161277,4.662652364774307,5
2024-11-22,0.05916521803199154,-0.1206356198401877,2.523139394276397,5
2024-11-23,0.020618552156449855,-0.34439902162417635,5.74468586352974,5
2024-11-24,0.024224780177921294,-0.4038321634613473,6.907546389596569,5
2024-11-25,0.02451211527728138,-0.402091039372708,6.858326318681154,5
2024-11-26,0.034111804419669385,-0.6321240000794937,6.965245416919876,5
2024-11-27,0.08201878097780034,-1.3643539315072593,11.895225855891004,5
2024-11-28,0.058745784255310476,-1.110656167737588,7.17347579241419,5
2024-11-29,0.02391629319211757,-0.2405868989299405,2.457908567423822,5
2024-11-30,0.023301086358928448,-0.3001964580277449,8.3325124795035,5
2024-12-09,0.046075242571632063,-0.691168567548072,7.347109121728446,5
2024-12-10,0.07352150616231398,-1.4633047028814716,12.054412344638443,5
2024-12-11,0.024269352572089013,-0.45962066086518444,2.6887703038352226,5
2024-12-12,0.02663824644965608,-0.5721038477339011,7.588952834526548,5
2024-12-13,0.04300996810404241,-0.6450814688403557,6.229728407598823,5
2024-12-14,0.055141189049943175,-1.1571708470310562,7.307514709054715,5
2024-12-15,0.10662078243192026,-3.2190617567209716,16.591236113119532,5
2024-12-16,0.12673478692736725,-4.101276382525188,18.886489090978184,5
2024-12-17,0.09643638305839855,-3.881045220936387,14.874479388701037,5
2024-12-18,0.12206444455279945,-5.267704373435162,19.275484992297738,5
2024-12-19,0.07526798317013945,-4.315110590039384,16.06158139556307,5
2024-12-20,0.03343163352418708,-1.7598330734800933,8.108425843051847,5
2024-12-21,0.04184070721369287,-1.7495875392227191,11.57995093120964,5
2024-12-22,0.04580441678513562,-1.135995917940806,8.682469079256206,5
2024-12-23,0.09172846345106575,-2.645584803265845,18.397111493701047,5
2024-12-24,0.13329105111222964,-3.9816029972442735,25.593571004701932,5
2024-12-25,0.19939191740674878,-5.687503891753833,35.48666970549841,5
2024-12-26,0.04368845717688435,-3.4808800668624347,19.266042691566547,5
2024-12-27,0.08817089234133846,-1.6511349134816482,8.122045872220788,5
2024-12-28,0.11688755175151748,-3.47412406216785,14.577018018054702,5
2024-12-29,0.11314625615952949,-0.7771515534850207,1.9711497337163846,5
2024-12-30,0.03343247812247201,-2.198873321698212,6.347173961900024,5
2024-12-31,0.06896716306488047,-4.109089026969679,13.348849698910145,5
2025-01-01,0.03384968416186005,-0.7852017716206156,3.984319551850965,5
2025-01-02,0.04013487787384634,-1.7579579644505936,14.745689543737228,5
2025-01-03,0.02310060007595158,-0.8207687758068205,9.991825990709192,5
2025-01-04,0.021245572769750247,-0.3817410138302528,6.560153165888959,5
2025-01-05,0.022991323807672055,-0.4235507064752195,5.697854770629652,5
2025-01-06,0.02355121562293166,-0.6445850114060845,5.399451621418154,5
2025-01-11,0.040186396591527576,-0.3275766039385323,4.185263985969052,5
2025-01-13,0.20326281954752573,-3.147511039349364,39.546062628641245,5
2025-01-14,0.030423818515367917,-1.130343117186634,14.354878213729307,5
2025-01-15,0.030970405112620357,-1.2191027530381842,19.25221009658469,5
2025-01-16,0.025573364749564585,-0.5505013569572125,8.235630253207388,5
2025-01-17,0.0246870716858438,-0.47532957783902896,6.2060197586573524,5
2025-01-18,0.05321374300280341,-0.47250714669808364,2.648760449231922,5
2025-01-20,0.10714187085136662,-0.8093675598579251,1.4482976179054967,5
2025-01-22,0.05682105825489407,-1.5056290127600178,2.1344337859818574,5
2025-01-23,0.27467017480279815,-12.142018687745322,20.49173927331113,5
2025-01-24,0.11932433848110031,-3.855573363941991,8.927487616429357,5
2025-01-25,0.49204458718032207,-7.691757348417473,21.435106122976876,5
2025-01-26,0.15143108878715794,-2.5200948541740393,6.065256589127005,5
2025-01-29,0.3186957423112309,-10.660725114618208,21.809559530287117,5
2025-01-30,0.3425547893580634,-13.077074340006122,28.74049544873889,5
2025-01-31,0.07839048877231168,-2.1240937592712115,4.22441174163974,5
2025-02-01,0.040695550905293275,-1.8912829450192354,4.1113908093772045,5
2025-02-02,0.4569397981643652,-13.644637781955055,36.949541609073655,5
2025-02-03,0.21354238333210965,-7.81748443321584,21.463639614676087,5
2025-02-04,0.21032584558567202,-8.074098756172297,22.332622082562736,5
2025-02-05,0.5430140523536751,-13.405686933612776,40.41632394956584,5
2025-02-06,0.3020809016720951,-9.365359322072605,28.118667451478174,5
2025-02-07,0.14798688342489938,-8.169277772155064,25.68464982253955,5
2025-02-15,0.1739886472826542,-4.007815745072404,8.802140840658206,5
2025-02-16,0.12041421024840623,-2.6948251140016115,5.68012048988062,5
2025-02-17,0.06764047463048553,-2.021352854082607,5.466599477546438,5
2025-02-18,0.39978829429954704,-6.387089058695979,20.08075406039085,5
2025-02-20,0.07172436700045302,-1.6675832810083595,2.5080677688078437,5
2025-02-22,0.2857408412518667,-3.787495217206263,11.43303311533245,5
2025-02-23,0.16846963806429033,-2.427069241623576,6.406932951221606,5
2025-02-25,0.1679566795181757,-3.971458261424101,5.7162128404392325,5
2025-02-27,0.682064039914104,-11.984555472738135,23.371438064604483,5
2025-02-28,0.05457232126517227,-2.099370345119134,5.025274772268945,5
2025-03-01,0.12270656498497047,-3.1125787836696803,8.540224030847167,5
2025-03-02,0.02996829224196182,-1.1462748580521653,4.0362539129262425,5
2025-03-03,0.028758765165265543,-1.5119365545530827,6.211621115207932,5
2025-03-04,0.05517217367680571,-1.387065487114473,3.9028319567080976,5
2025-03-05,0.16514071622892848,-2.6294483706627743,6.348089589857945,5
2025-03-06,0.21112126951014673,-2.997764571933828,8.62255927031326,5
2025-03-07,0.48983780104035907,-7.886180376526403,26.091470611776717,5
2025-03-08,0.14522241904726374,-1.14178651871093,2.6514864545862595,5
2025-03-10,0.024406562796432253,-2.9316062157154787,0.873532798497031,5
2025-03-11,0.06823073609094199,-4.314597564032852,2.907545363371274,5
2025-03-12,0.2412745523256397,-9.630851409742089,8.523718255022363,5
2025-03-13,0.6130306475578895,-15.131348732136688,15.505884080587812,5
2025-03-14,0.7096869182612129,-16.16363459450741,18.176540543608247,5
2025-03-15,0.45399852661606227,-9.895639406047236,11.354136647812016,5
2025-03-16,0.17037610502119907,-2.6402193354762864,2.6753929339081166,5
2025-03-17,0.14687935798765928,-3.7071052243636937,4.391803520539181,5
2025-03-18,0.45982602605384754,-9.033215917630045,13.894688240936926,5
2025-03-20,0.10361185862582609,-5.80529320242316,11.429492414450316,5
2025-03-21,0.1566831074189497,-3.066836918711859,8.00026291696401,5
2025-03-22,0.586409538630813,-8.820389661698853,26.147463134221592,5
2025-03-23,0.2322101213101169,-3.366210425966018,9.459843641911924,5
2025-03-24,0.31679898460826167,-7.746177964462436,20.87010253504665,5
2025-03-25,0.6828511465050812,-10.720667492068653,27.350254423589092,5
2025-03-27,0.34788896056711716,-4.941641920762133,17.039100674383093,5
2025-03-28,0.6409600349657256,-9.322998246931201,34.106285258155815,5
2025-03-29,0.3915981286727571,-6.000251891988108,21.994974321261274,5
2025-03-31,0.06711201019139199,-2.043271811917352,1.1397106755300634,5
2025-04-01,0.3993578703798664,-2.8730114534821842,1.688862017877293,5
2025-04-02,0.061668709327200553,-4.215165752747949,2.606135769240501,5
2025-04-03,0.08662037058772934,-4.640259260036547,3.7280299155198238,5
2025-04-04,0.08933650944306633,-5.205116795215037,5.189744958694279,5
2025-04-06,0.060720070414933935,-5.050514858024946,7.137947073845017,5
2025-04-07,0.06887896913434294,-6.450225754300076,10.493292692842305,5
2025-04-08,0.04486297549073325,-2.536711574646238,5.085458036219775,5
2025-04-09,0.04826211555041982,-2.898145923709321,7.585719139945025,5
2025-04-10,0.30836933523556015,-13.851377657830687,40.5335166926914,5
2025-04-11,0.19745896411850547,-6.818994599210072,22.12804237596248,5
2025-04-12,0.06355623726341368,-5.030100734316266,18.406738055100078,5
2025-04-13,0.12679754842636776,-6.41646574019707,28.847884650425392,5
2025-04-14,0.21166259299280135,-4.2549422590396535,20.34918435485652,5
2025-04-15,0.34809987026770006,-7.981119310254509,38.26318016546195,5
2025-04-16,0.057903914111306354,-2.9084183784278195,16.145581457748236,5
2025-04-17,0.04296073485789479,-2.5648031433668046,16.659690397719533,5
2025-04-18,0.034762490451754724,-2.7395528042618444,18.02689118776127,5
2025-04-19,0.027390819516105763,-3.4223620094837597,25.35583605148438,5
2025-04-20,0.04863046490578937,-5.669463739153509,50.32129690370134,5
2025-04-21,0.03567169387663946,-1.659629079005908,15.201254592533736,5
2025-04-22,0.04539458062161972,-1.824753912663698,19.145495443970006,5
2025-04-23,0.04943571446199245,-1.5006188119093795,16.2049206961961,5
2025-04-24,0.10046845963874165,-1.4864935168959073,17.21548905995293,5
2025-04-25,0.07789330556526897,-0.6847423793818248,6.595237293215702,5
2025-05-02,0.022952657760632197,-0.6840751017141031,10.711903381699436,5
2025-05-04,0.08959093659613585,-1.946680732076889,22.178734130852636,5
2025-05-10,0.07057473862762904,-0.6846852938782061,9.450255547072036,5
2025-05-11,0.11298765956231321,-1.9352731609125762,24.396691901810655,5
2025-05-12,0.04180128494881163,-2.1563672634636566,9.235236730119999,5
2025-05-13,0.03180390695551631,-1.6934577458793596,9.809545957792484,5
2023-10-06,0.3813744422722422,-13.5968207822116,3.492471230443949,5a
2023-10-07,0.5083460258675996,-13.793186817770625,3.1231798579380126,5a
2023-10-08,0.25956848461126214,-14.802023868154489,3.242555060243825,5a
2023-10-12,2.8269133776185735,-7.3139427884357024,3.6445055812231364,5a
2023-10-13,0.4233500247872515,-8.317858631889829,4.605613271510464,5a
2023-10-14,0.32746355522319476,-8.445128061082956,4.560562532558234,5a
2023-10-15,0.30907479726269715,-8.960490126339499,4.488381136850592,5a
2023-10-16,0.36421510665049805,-9.550398640342905,4.302896751189718,5a
2023-10-17,0.36772993226515366,-9.99509628021413,4.210122321649238,5a
2023-10-18,0.3044227379177479,-10.64768832698579,4.134858189424507,5a
2023-10-19,0.2934207006431913,-11.117559920931646,4.04644503455048,5a
2023-10-20,0.3114914494654084,-11.875642785283421,3.890479256501331,5a
2023-10-21,0.5341288410442661,-12.037423452438734,3.5324576892291817,5a
2023-10-22,0.28327038366247687,-13.358885935893982,3.4737382279646045,5a
2023-10-23,0.37193680606348056,-13.369461625966409,3.1373426542973,5a
2023-10-24,0.3608297728993226,-14.623186789196554,3.298024574517562,5a
2023-10-25,0.27703797945297065,-15.100115946969046,3.262186131731684,5a
2023-10-26,0.305969317233189,-14.94379301519505,3.2550197115525608,5a
2023-10-27,0.2979513150256777,-14.939425037921641,3.261333671493967,5a
2023-10-28,0.30099844955711225,-15.009059183782652,3.2785162938404087,5a
2023-10-29,0.28632822166379307,-14.812788138360128,3.247687515713718,5a
2023-10-30,0.29646298504627233,-15.007648472500946,3.29991186146884,5a
2023-10-31,0.2860423019691367,-14.853898250391714,3.274151326564976,5a
2024-01-06,0.28110583886537943,-8.299614456811568,4.907079819850791,5a
2024-01-07,0.2595951622786388,-7.324409168186442,4.520641586302059,5a
2024-01-08,0.3571859788258561,-7.512947698853343,4.449006024382039,5a
2024-01-09,0.2274619870106824,-5.122642202734149,3.425621102031666,5a
2024-01-10,0.21212005685242846,-6.2527941588718035,4.696175872708504,5a
2024-01-11,0.22943454217992104,-6.312516974020068,4.612356041011141,5a
2024-01-12,0.40009332778851714,-6.742413717384939,3.809020125372312,5a
2024-01-13,0.20756245800316153,-5.960611979254683,3.9687315888956145,5a
2024-01-14,0.26433935541939263,-6.280678705208065,4.6750121854753885,5a
2024-01-15,0.28659451952710413,-6.699735054375264,4.550198302573629,5a
2024-01-16,0.15857098772937056,-6.486927376684727,3.966863061705506,5a
2024-01-17,0.2546235185784707,-5.889398465961214,4.598827155720468,5a
2024-01-18,0.2910341171412756,-6.23602462236911,4.528865350059823,5a
2024-01-19,0.23540675795251004,-6.8747979167459565,4.569856128202641,5a
2024-01-20,0.26066132998572417,-6.258767063672648,4.5411636946094545,5a
2024-01-21,0.2836453530343236,-5.738672368453659,4.66573349759113,5a
2024-01-22,0.3134087164307623,-6.227682857159113,4.511711595218055,5a
2024-01-23,0.3057601993963488,-7.128808997564379,4.441474964230028,5a
2024-01-24,0.3046342609389745,-7.952812581344719,4.17566683205295,5a
2024-01-25,0.1149704742056119,-4.273511413372119,2.7270192316455755,5a
2024-01-26,0.14181746357840766,-8.678137666156797,3.924629541353409,5a
2024-01-27,0.19129174411596014,-8.071369461133145,4.2931517842115055,5a
2024-01-28,0.20446750438775224,-6.065036002200854,3.921835040415072,5a
2024-01-29,0.2504514616399963,-6.445412116043946,4.777949514976404,5a
2024-01-30,0.25957274124032653,-6.446579721200265,4.793253443348541,5a
2024-01-31,0.23514790140860478,-6.607094492834889,4.74386303388215,5a
2024-02-01,0.27889657620071995,-6.7365621634745505,4.779966203506588,5a
2024-02-02,0.2871838697223025,-6.995101477768436,4.676230983664515,5a
2024-02-03,0.29891490851773594,-7.360540379911734,4.646465387840902,5a
2024-02-04,0.3115438444027779,-7.498196886666619,4.51837070662425,5a
2024-02-05,0.41672042966044137,-7.884444848659736,4.336465995682139,5a
2024-02-06,0.28652577865977535,-8.060310070446432,4.512510613130384,5a
2024-02-07,0.33998055107937736,-7.818328540478407,4.296384757836155,5a
2024-02-08,0.3861370944902721,-7.813322701851654,4.479252707461639,5a
2024-02-09,0.3321395451834138,-8.430331481035667,4.4416710083977105,5a
2024-02-10,0.3601860898462486,-8.95304418434708,4.213919052569097,5a
2024-02-11,0.3415948043570083,-9.477819984909742,4.0672923378453545,5a
2024-02-12,0.2153161316950124,-10.09434609706894,4.145050043377873,5a
2024-02-13,0.384710207601624,-10.331669953120523,4.134124177496476,5a
2024-02-14,0.3575151298065645,-10.175835126039726,4.0689247493388905,5a
2024-02-15,0.45667755320446796,-10.100679592599183,3.9826656334926853,5a
2024-02-16,0.33528041926409347,-10.420479328004323,4.098665846682334,5a
2024-02-17,0.09801275870974968,-2.69643380976225,1.8477418040641278,5a
2024-02-18,0.44584693092697003,-5.996692542057905,4.8117773469823515,5a
2024-02-19,0.255315825500044,-6.3657358768996275,4.808270125797007,5a
2024-02-20,0.27761853901066447,-6.301086945437446,4.751796962806557,5a
2024-02-21,0.27652084336994737,-6.4862156572327905,4.719125822653473,5a
2024-02-22,0.29447353280536864,-6.868756034069958,4.59396622638193,5a
2024-02-23,0.3317409209503046,-7.788265173888995,4.626839001858696,5a
2024-02-24,0.30205014131474744,-7.955550290814269,4.5316856032134325,5a
2024-02-25,0.30811949815233036,-8.246466523871467,4.510604092360581,5a
2024-02-26,0.3674959377656847,-8.622364876270556,4.371397363505228,5a
2024-02-27,0.3966154680859203,-9.185499352535244,4.241697471247909,5a
2024-02-28,0.49040326467394113,-9.2700805535486,3.6879556781439518,5a
2024-02-29,0.38148211075673055,-11.083160062229387,4.033810754243869,5a
2024-03-01,1.029559854648962,-8.667752381452512,2.2202375341778082,5a
2024-03-02,0.07730478937817298,-9.859131436725782,3.067261067306114,5a
2024-03-03,0.2298109956760899,-11.2117744267653,2.8256335836420843,5a
2024-03-04,0.632608380629443,-11.649173058612732,3.3381659648473243,5a
2024-03-05,0.15122084979642755,-8.891367709148527,2.733819821521529,5a
2024-03-06,0.3068891509261565,-10.683971595984639,4.196827574210243,5a
2024-03-07,0.39805710278706835,-11.234171627710156,4.00906996455157,5a
2024-03-08,0.4452882924510691,-11.102369802156678,3.6318250018014195,5a
2024-03-09,0.12944267924419048,-8.799893620674482,2.9843160741520998,5a
2024-03-10,0.3761937633740067,-10.728250041619637,4.164777670183552,5a
2024-03-11,0.3313529383783747,-10.515183567439594,4.090644492022181,5a
2024-03-12,0.4316196862690911,-10.595738975411836,4.016670739954419,5a
2024-03-13,0.4735958656599498,-11.356171557914626,3.85213263033165,5a
2024-03-14,0.6655652702425585,-12.05638786295945,3.4722560230405835,5a
2024-03-15,0.5248546125446754,-12.202984618248825,3.047443274136242,5a
2024-03-16,1.0494614708225765,-16.048260816465014,3.286840888485619,5a
2024-03-23,0.5191524928879598,-10.635123058352505,3.2487218029542397,5a
2024-03-24,0.4663346059379836,-12.308248779076411,3.6543472199467497,5a
2024-03-25,0.35568501087316384,-11.781727611501017,3.53969511822412,5a
2024-03-26,0.33770548293678015,-11.933676254393747,3.2673960747889037,5a
2024-03-27,0.22305813665820207,-12.567701836827418,3.2035187320201013,5a
2024-03-28,0.49427513021699754,-13.00887449780281,3.69103976003152,5a
2024-03-29,0.5342919501904015,-13.42980499455094,3.4645082352470795,5a
2024-03-30,0.3138046522274607,-13.751499887808091,3.379231951811918,5a
2024-03-31,0.21182811250909991,-14.065568122426587,3.234564099335626,5a
2024-04-04,0.28560232932268365,-7.179642465941277,4.776337972824253,5a
2024-04-05,0.32042789940083666,-7.418772031373295,4.531002820898669,5a
2024-04-06,0.3420317097390467,-8.055193150349432,4.6027823809566435,5a
2024-04-07,0.4067108305389652,-8.709717800994175,4.5162586954415636,5a
2024-04-08,0.5353129522935122,-9.39138957413576,4.069929603012237,5a
2024-04-09,0.5715548381527333,-10.040756739039296,3.4880977261634523,5a
2024-04-10,0.7269170173531619,-11.19158495619808,3.0567877306382876,5a
2024-04-11,2.5150150077899083,-5.699672500389489,1.8506679726084552,5a
2024-04-12,0.48683424750052795,-9.888204594224431,4.270531749443166,5a
2024-04-13,0.7613300367536365,-10.022709740220954,3.5238081638831984,5a
2024-04-14,0.5938376868041711,-11.673651681698225,3.468970433073582,5a
2024-04-15,0.3617775313520668,-11.83363317649833,2.866382274672035,5a
2024-05-12,0.18011602860755085,-0.5304845881849005,2.550383652323916,5a
2024-05-13,3.197650470664807,-7.695812249391672,1.847103800142954,5a
2024-05-24,1.4841302766722713,-1.1715865459547197,2.063462535142866,5a
2024-05-25,0.18250297134382043,-0.6868592841104378,2.532481900843558,5a
2024-05-26,0.1851905140437458,-0.6366946490155434,2.5384774546677975,5a
2024-05-27,0.2143584328713476,-0.623340714707981,2.56475076767832,5a
2024-05-28,0.2375603006777004,-0.5030459768310264,2.5591291949069426,5a
2024-05-29,0.2310372293828281,-0.3656846170425064,2.5591053516224416,5a
2024-05-30,0.2511731639962807,-0.41547337923441646,2.557310809630554,5a
2024-05-31,0.3143808837498557,-0.4262983202842368,2.575757594798035,5a
2024-07-27,1.1501450447263404,-4.428052576401098,1.7154259494177968,5a
2024-07-28,0.45781843705933123,-9.871204788665535,4.093978767606128,5a
2024-07-29,0.5049367729462246,-10.522643086922011,3.3040142996935096,5a
2024-07-30,0.6053880278858568,-12.252997804584131,3.123620983454968,5a
2024-07-31,0.2991504400695172,-14.46334646326405,3.118289642336517,5a
2024-08-01,0.2710087020329982,-15.160016770899679,3.226499140827431,5a
2024-08-02,3.808518375578446,-2.6108963677715313,0.9432666048032128,5a
2024-08-03,0.3100572014913977,-8.116723364083315,4.557127553437607,5a
2024-08-04,0.18273125006231866,-5.615819453191032,3.7946208389719858,5a
2024-08-10,0.02529448478958383,-12.698321093628396,1.8774179985192103,5a
2024-08-11,0.15740652737373712,-5.616307092574891,1.7042549898163089,5a
2024-08-12,0.455639463825445,-10.748640579899192,4.3778228020233785,5a
2024-08-13,0.3565482322057356,-10.627245871943167,3.7874936396899925,5a
2024-08-14,0.3828602434259467,-11.811795243612641,3.8061056873590267,5a
2024-08-15,0.3840155100999083,-12.691523788557571,3.7885144293765447,5a
2024-08-16,0.4985792435363628,-12.325567161478384,3.1168562176254295,5a
2024-08-17,0.5353231987639293,-13.990197964848706,3.0578696564602956,5a
2024-08-18,0.25771219687253283,-15.420173085218012,3.229811757974374,5a
2024-08-19,0.3141895265274482,-15.326856820470777,3.187329323444596,5a
2024-08-20,0.31980696350037857,-15.188503319596528,3.2147184786109686,5a
2024-08-22,0.3098097461181526,-11.189626447114723,2.486791962192556,5a
2024-08-23,0.31818898766249654,-11.210599268191489,2.507209077473561,5a
2024-08-24,0.32265188512997545,-11.200412034344797,2.520738376332865,5a
2024-08-25,0.32332542498030903,-11.147641941981403,2.5093433299230057,5a
2024-08-27,0.33338986177616253,-11.27036764995488,2.5222406816054708,5a
2024-08-28,0.32794132933172354,-11.201768752411416,2.508455941274,5a
2024-08-29,0.3144176711836405,-11.200963370376005,2.5174275511769806,5a
2024-08-30,0.3145871057513296,-11.043732268634617,2.5001737815606537,5a
2024-08-31,0.29293748866434516,-10.824046260297715,2.513031813122788,5a
2024-09-01,0.29927163934840634,-10.41954273314917,2.50747995545415,5a
2024-09-02,0.28661463272846505,-10.005332930237392,2.5105567104586743,5a
2024-09-03,0.2925551757272111,-9.62732847252762,2.5293634192293326,5a
2024-09-04,0.3362275639163133,-9.606472020686931,2.538952068306615,5a
2024-09-05,0.28395615925525763,-9.333699309482627,2.5222130059230126,5a
2024-09-06,0.38134786806050525,-9.434735547542537,2.561842108006151,5a
2024-09-07,0.2974586714176132,-9.272564921862882,2.525436224630312,5a
2024-09-09,0.39227033658634214,-9.302649409604626,4.504085282873404,5a
2024-09-10,0.37307117740213613,-9.909246428823073,4.32209861600604,5a
2024-09-11,0.19099347847040887,-8.009278695547914,3.6331968091538713,5a
2024-09-12,0.20191544486252075,-7.765653238934334,3.9329573763521597,5a
2024-09-13,0.2916520015966399,-7.6829201817198705,4.262507361767776,5a
2024-09-14,0.4133841978575993,-8.780577594003939,4.41544287071822,5a
2024-09-15,0.20818377489455908,-8.345404995722392,4.241789740564927,5a
2024-09-16,0.3757612589291133,-8.973281679600257,4.552801890433329,5a
2024-09-17,0.4913333915814279,-9.546697412661393,4.011134164072367,5a
2024-09-18,0.19249375389604703,-6.858325814597158,3.0995791154971757,5a
2024-09-19,0.5882120205390974,-8.948013585728988,4.00716436394255,5a
2024-09-20,0.4780081996636011,-10.294152819773027,3.7369750650651694,5a
2024-09-21,0.47532721314177384,-11.042362490800096,3.1042662321822614,5a
2024-09-22,0.4334605135575028,-13.054438457593584,3.232976840677241,5a
2024-09-23,0.2510918690434278,-13.634012476718286,3.1133259196737666,5a
2024-09-24,0.2983753548759891,-15.086627974649282,3.2710146436584298,5a
2024-09-25,0.32071149777840885,-15.041488999608182,3.2643136191831594,5a
2024-09-26,0.16195033206162202,-14.20401150856191,3.277003791580661,5a
2024-09-27,0.3378383966091138,-11.325674059223987,4.751399592479674,5a
2024-09-28,0.6859761484039637,-10.988244235138316,4.149604405354698,5a
2024-09-29,0.6039448352639378,-11.248302966509078,3.648138565109117,5a
2024-09-30,0.08169257260873337,-5.189224228400199,1.9123796007108302,5a
2024-10-01,0.6130851223789864,-10.34911927458054,3.943108462826867,5a
2024-10-02,0.6885360315645324,-11.447710977372875,3.701621453354737,5a
2024-10-03,0.4523118292441511,-12.391169259990201,3.5658484371973103,5a
2024-10-04,0.6324765855893628,-14.222416403299212,3.5275494852054026,5a
2024-10-05,0.48968519815661987,-13.977333936739358,3.192890347648248,5a
2024-10-06,0.31438106085385165,-4.2479855146138785,1.8644253283255465,5a
2024-10-07,0.28600036429516357,-9.680544653008383,4.256867841352149,5a
2024-10-08,0.42464432250885803,-10.396146689100682,4.207345615813536,5a
2024-10-09,0.5924342174618765,-2.5776332047441612,1.8631777855583325,5a
2024-10-10,0.2385692317096103,-7.4909160548809774,4.693871261826367,5a
2024-10-11,0.2852266764945169,-7.11506459863631,4.959830650266316,5a
2024-10-12,0.3319690640110722,-7.391145679701778,4.79382298845738,5a
2024-10-13,0.35136810231191223,-7.892656563161704,4.570434950014169,5a
2024-10-14,0.38682298776344226,-8.641181461406424,4.615554675711313,5a
2024-10-15,0.34752966969316956,-9.36996058785948,4.441665747978005,5a
2024-10-16,0.3360766806651911,-10.37155757175488,4.245442320471891,5a
2024-10-17,0.36295109178045587,-10.597940590779057,4.105551264506638,5a
2024-10-18,0.4097875930301175,-11.004372275826078,3.747175331414871,5a
2024-10-19,0.3569433387016954,-12.164893426617628,3.6189457999757635,5a
2024-10-20,0.3557596707139797,-12.991349799740979,3.530078825674475,5a
2024-10-21,0.3305782864963604,-14.18746709180708,3.5009066984625665,5a
2024-10-22,0.18852640096470166,-14.190363995281333,3.2052276737039223,5a
2024-10-23,0.17786353915064343,-14.231101314723794,3.1958741534161077,5a
2024-10-27,0.2832488577353038,-11.050422299318635,2.5059475948379926,5a
2024-10-28,0.2827878390026381,-11.161148168423699,2.5234150763261582,5a
2024-10-29,0.2768267622273386,-11.15568860121,2.516691456896972,5a
2024-10-30,0.27413671251700855,-11.058871574403252,2.4995787129931095,5a
2024-10-31,0.29326196538718585,-11.017665644451714,2.512043761657869,5a
2024-11-01,0.27341386122697336,-10.893979912631853,2.508215995171095,5a
2024-11-02,0.2595336139327878,-10.432015639246346,2.4940984727558595,5a
2024-11-03,0.2668355901877647,-10.11762435007233,2.505435001623482,5a
2024-11-04,0.26550759381855976,-9.836431910079485,2.527282691207242,5a
2024-11-08,0.27795876540450765,-8.854846175939635,2.538813683271522,5a
2024-11-09,0.2607296977293877,-8.673908416864908,2.5521325934559966,5a
2024-11-10,0.30967537135748735,-8.841795044730285,2.5358131309311838,5a
2024-11-11,0.27385809215890594,-8.8435023794052,2.5538655054097266,5a
2024-11-12,0.25745498129386846,-8.486927453463771,2.5255293734446194,5a
2024-11-13,0.242985204781995,-8.088426074045659,2.53631023569269,5a
2024-11-15,0.26982012273189426,-7.621216966407521,2.561141219584071,5a
2024-11-21,0.26657391281866744,-6.5480574597265635,2.5552923602896653,5a
2024-11-22,0.27054678864781223,-6.355120889066513,2.5703043429994716,5a
2024-11-30,0.18817322867099803,-5.29617416173909,2.542976305046749,5a
2024-12-02,0.15206661740582048,-4.943594450662149,2.541605393377194,5a
2024-12-03,0.18179884851035077,-4.736794737200905,2.573715153220932,5a
2024-12-04,0.16418373122852004,-4.652488350178823,2.5704814875746402,5a
2024-12-07,0.2705861376869593,-4.204202509075043,2.5907338659267145,5a
2024-12-08,1.4566630350422582,-4.5217167715302775,2.498256409015534,5a
2024-12-09,0.12323529037872612,-0.7785569592989605,2.1883931812872945,5a
2024-12-10,0.2467883529736812,-0.7949950804010989,2.386506174266903,5a
2024-12-11,0.6445369971135189,-7.856850404530887,2.9522432257743123,5a
2024-12-12,0.2700037635212261,-5.323434945695122,2.5929121477296597,5a
2024-12-28,0.19325789115950162,-0.5065861096780429,2.5755823244378866,5a
2024-12-29,0.16159689776371144,-4.109118435128388,1.9176440253193214,5a
2024-12-30,0.2012534510193121,-5.244392997158155,2.583576295804387,5a
2025-01-20,0.296770948146974,-5.847278839067193,4.605683450720425,5a
2025-01-23,0.2998403874938588,-5.102594477897245,4.701038582514435,5a
2025-01-24,0.2624351108269371,-5.250256231212551,4.827952304122026,5a
2025-01-25,0.34821235526565986,-5.469605724006412,4.685587021089607,5a
2025-01-26,0.3975056843004769,-6.141882072391172,4.401291746559861,5a
2023-10-06,0.11760673320929389,-9.879252656874975,4.559836775973144,6
2023-10-07,0.10151019863568454,-10.830908511090225,5.073127085990302,6
2023-10-08,0.1009585349619678,-7.561962137049441,3.7732607157858293,6
2023-10-09,0.10869349208868338,-9.053966612868695,4.796769775751977,6
2023-10-10,0.1129916894596085,-8.373147120459064,4.680675553156377,6
2023-10-12,0.13281734199942777,-7.601439229427547,2.05499699707552,6
2023-10-13,0.36466899426424,-11.369445891379607,2.9107568634561205,6
2023-10-14,0.3687898288566343,-11.059133160699345,2.951483110606593,6
2023-10-15,0.3317087833310213,-10.799726752253603,3.0039738967557543,6
2023-10-16,0.3535303421344155,-10.163204908355414,2.993346818900707,6
2023-10-17,0.35764049477389875,-9.733595969287446,3.067487829271271,6
2023-10-18,0.35396266125288744,-9.477525165963685,3.1628736229564067,6
2023-10-19,0.3579887230836908,-9.013180869217289,3.171573244230306,6
2023-10-20,1.2549813415947404,-7.934548544993726,2.6855368237993598,6
2023-10-21,0.3619326323187007,-8.406918612242512,3.210964422328189,6
2023-10-22,0.36820728037162875,-8.11541193682172,3.2620620804379303,6
2023-10-23,0.37404731871804614,-7.8636078309056865,3.332440110857594,6
2023-10-24,0.3581670625838941,-7.654298494768984,3.3665401932925407,6
2023-10-25,0.4805503620015849,-7.376938790802135,3.207161910070543,6
2023-10-28,0.13222569904222856,-9.07052794189648,4.717762928923646,6
2023-10-29,0.11929579958713882,-9.96792940286049,5.3038205070049536,6
2023-10-30,0.14523525344777732,-8.276907968897612,4.547266532719037,6
2023-10-31,0.14194729720424254,-8.831779446908978,5.053232592849187,6
2023-11-02,0.0906736867879645,-8.038046925218415,5.394805821090792,6
2023-11-03,0.11909118346936054,-8.427507638603954,5.7620534343871155,6
2023-11-04,0.08522956948616925,-6.495657169790182,4.652898011761351,6
2023-11-05,0.1669577266393783,-8.376075806547579,6.2322490252083735,6
2023-11-06,0.1240371281740301,-9.129113658163362,7.058906035866936,6
2023-11-07,0.1293462261187251,-8.12347383428183,6.44748637916215,6
2023-11-08,0.12909655367074338,-8.50200806900677,7.083046715835974,6
2023-11-09,0.1376336667977976,-8.059270594304497,6.808548111200379,6
2023-11-10,0.1355988608332683,-8.439164926604809,7.259189259625986,6
2023-11-11,0.1351523100652577,-8.701644781542182,7.395067851729623,6
2023-11-12,0.10577772408283298,-7.770819629755939,6.53995520964173,6
2023-11-13,0.08867811574980457,-8.241072855954943,7.003719436266246,6
2023-11-14,0.21331925702885893,-7.110271790752195,5.729072350256686,6
2023-11-15,0.09992501349593867,-7.851036748124896,5.752948620254898,6
2023-11-16,0.11716093390979126,-7.752229644630086,5.518470757924152,6
2023-11-17,0.08079805497184653,-9.386164280678852,5.857005472955882,6
2023-11-18,0.09634002237324595,-7.584990730443786,4.97512630009382,6
2023-11-19,0.10221340108661468,-7.002347273718768,5.008137823096435,6
2023-11-20,0.10229743591393804,-8.00199795928273,6.033841516126968,6
2023-11-21,0.12112498013986324,-8.544119757335674,6.4484182958329725,6
2023-11-22,0.10166773045026443,-8.979949558830661,6.690356603106259,6
2023-11-23,0.10129233585254083,-7.112303831120655,5.652780197253674,6
2023-11-24,0.12196395092273836,-8.06824706321724,6.530690114773063,6
2023-11-25,0.12476657104357573,-8.328312866831928,6.8966634068935075,6
2023-11-28,0.09809737987487346,-6.951238760013362,4.128502246503577,6
2023-11-29,0.09648695615144197,-7.661100117286168,4.944601973552679,6
2023-11-30,0.13497692165526015,-8.327236598653805,5.663619933787863,6
2023-12-01,0.12251108472946001,-9.25494854631821,6.465124116141926,6
2023-12-02,0.10787097130085399,-9.151116210590112,6.358443579811944,6
2023-12-03,0.14517852100208148,-8.461335341202036,5.66687219951539,6
2023-12-04,0.09037768225651412,-8.228018407351254,5.489078983949009,6
2023-12-05,0.12494358374390564,-7.1237945776561595,4.8511992165342255,6
2023-12-07,0.13515964956247226,-8.781769262797049,6.572811688284407,6
2023-12-08,0.1460764101642406,-7.934981228837118,5.854988057246402,6
2023-12-09,0.20502417375881613,-8.49329522080519,6.019330687128879,6
2023-12-10,0.27180135623139473,-4.047789443253463,2.411286091939051,6
2023-12-11,0.09901127837783462,-7.493014146775277,4.156037243926795,6
2023-12-12,0.10145831426638051,-7.683845976251102,4.654182810345726,6
2023-12-13,0.11439487043322767,-7.548443714743423,4.709595912117096,6
2023-12-14,0.11075536689476309,-7.748739144122132,4.992270815351793,6
2023-12-15,0.10703370757466978,-7.157119947200241,4.546427955057468,6
2023-12-17,0.08820895033148492,-6.8274197238910785,0.9768702842483975,6
2023-12-18,0.41872252830136036,-16.978615813156097,2.1449855530787403,6
2023-12-19,0.2847576110896959,-16.43999926204115,2.0853442423685897,6
2023-12-20,0.3135288788370805,-15.592379702098794,2.120643434139498,6
2023-12-21,0.3063580794427455,-14.932883333739802,2.1861848885689925,6
2023-12-22,0.30532153940188317,-14.489192807424187,2.2909328628770664,6
2023-12-23,0.3366308401924775,-14.330392183917745,2.41379162710126,6
2023-12-24,0.3683839104831698,-13.391719596981485,2.453381169410566,6
2023-12-25,0.3937568642379898,-13.08648809789897,2.5145363590109566,6
2023-12-26,0.33240489086381425,-13.386325398536389,2.6408760138042666,6
2023-12-27,0.328249376272532,-12.280056086257593,2.597869785397738,6
2023-12-28,0.30776706225482864,-11.863775720382687,2.7033895869648092,6
2023-12-29,0.3368625225406793,-11.134211672177576,2.7719640045400675,6
2023-12-30,0.346276460367455,-10.456077878783674,2.8560348551988115,6
2023-12-31,0.3536722268382656,-10.130042657332385,2.9530275271903794,6
2024-01-01,0.36854667441240646,-10.096316169326489,3.0491553885269593,6
2024-01-02,0.36371435825226195,-9.544246096574163,3.036652755976698,6
2024-01-03,0.3698700227494753,-9.229099248157599,3.0857489681584447,6
2024-01-04,0.3433014700044244,-9.21343995195103,3.119713215642832,6
2024-01-06,0.5779204816691597,-9.76485274533779,3.1054510664328285,6
2024-01-07,0.34830219594501216,-9.11273401314915,3.0108174603154287,6
2024-01-08,0.3633790877071587,-9.132756233511447,3.1122728811834617,6
2024-01-09,0.3763283928395993,-9.011815441998579,2.836339138858238,6
2024-01-10,0.37210349530433473,-10.567040945497801,2.836075322479467,6
2024-01-11,0.4209053033182804,-10.51883843316583,2.8951346656226526,6
2024-01-12,0.37404953704976496,-11.090388526035353,2.860710337217807,6
2024-01-13,0.3302891986289927,-10.183290163783704,2.681127336243975,6
2024-01-14,0.37145822494080016,-9.967560013188148,2.8066352791420264,6
2024-01-15,0.33153417210631037,-8.504358911386028,2.6159831397778057,6
2024-01-16,0.5330161066604977,-9.774718635766899,2.9763846683350796,6
2024-01-17,0.3880906227321966,-8.633108720617393,2.8493772592825954,6
2024-01-18,0.4217225429582976,-9.120936029390792,3.094919786074654,6
2024-01-19,0.36171681518543536,-8.463205487733589,2.960779957958901,6
2024-01-20,0.34463139018086597,-7.929937874866114,2.9541976094869287,6
2024-01-21,0.35293919999023826,-7.537253061026938,3.0318914313582184,6
2024-01-22,0.3821663499770707,-7.674040847885874,3.137088487725972,6
2024-01-23,0.3716932413672223,-7.656644028434148,3.0606009568327712,6
2024-01-24,0.39428417069641025,-7.701565438563033,3.075298639504297,6
2024-01-25,0.418341898430847,-7.497523410148549,2.9280051271540546,6
2024-01-26,0.11717005516340984,-7.769296474899121,2.3696249787184223,6
2024-01-27,0.4132610511799405,-10.774835799254328,2.776792875728978,6
2024-01-28,0.3627074052214246,-10.412641911591955,2.745050674699516,6
2024-01-29,0.3812590192932644,-9.43097702337082,2.7338812260849226,6
2024-01-30,0.37494721622044375,-9.250800408027162,2.881562764452202,6
2024-01-31,0.36402649737676795,-8.92812522238273,2.9312301007268404,6
2024-02-01,0.38484495885044157,-8.312138673268262,2.9161522356950953,6
2024-02-02,0.37836257544771795,-8.288233115365127,3.0191853879078447,6
2024-02-03,0.4028519106137091,-8.062752173034527,3.045256662375677,6
2024-02-04,0.41748187168914824,-8.136082035715166,3.0046464215398245,6
2024-02-05,0.39365773041303587,-8.16896082606896,3.0557166833649205,6
2024-02-06,0.37725522723765503,-7.554626747350086,2.9771423832765063,6
2024-02-07,0.3939997866512327,-7.3400986575900795,3.0938316277246525,6
2024-02-08,0.40755827628500413,-7.281036468493537,3.1643546033860246,6
2024-02-10,0.42567309611974086,-6.791549938763103,3.171472909104144,6
2024-02-11,0.44263989855123764,-6.6714924004531895,3.16639580624502,6
2024-02-12,0.44104231305446057,-6.80115903479379,3.243569208549442,6
2024-02-13,0.41339305934335324,-6.325706800952613,3.1220198328677826,6
2024-02-15,0.1870509524342174,-6.069278362564737,3.427598036924118,6
2024-02-16,0.2092545083186478,-6.3597144823397125,3.627482407510388,6
2024-02-18,0.4602952267241529,-7.396204948380429,3.1121455903583772,6
2024-02-19,0.4221759721027138,-7.44794324670966,3.014622592835371,6
2024-02-20,0.44102599294001077,-7.385293522410708,3.0580976384444964,6
2024-02-21,0.4444091879194389,-7.341017186501769,3.0922190384041746,6
2024-02-22,0.4609525348104549,-7.224811328626205,3.050612342051853,6
2024-02-23,0.43913831744126475,-7.482174738682995,3.1333798485809874,6
2024-02-24,0.46066231747005504,-7.036991578180828,3.0162897462802625,6
2024-02-25,0.4601202626650786,-6.824870294803455,3.0865847583812176,6
2024-02-26,0.47512627258507356,-6.630368839201848,3.1052862513343764,6
2024-02-27,0.4693665459802339,-6.553497786506167,3.1221950211668075,6
2024-02-28,0.48762629613132075,-6.368151158617002,3.085192875676776,6
2024-03-04,0.45750650194481846,-6.932826186476839,3.0981370678245677,6
2024-03-05,0.49985149180062044,-7.322390011575262,3.2123142183042352,6
2024-03-06,0.3998762171641013,-7.446478326949692,3.0215879955552087,6
2024-03-07,0.5033412026422113,-7.444268761157343,3.0110079939031693,6
2024-03-08,0.5491785471407084,-7.491821486790257,2.9878513594281113,6
2024-03-09,0.4747896422317787,-7.792378990211082,3.0815341962063516,6
2024-03-10,0.5348893918269835,-8.385587642057484,2.8815226031248384,6
2024-03-11,0.5169089080569731,-7.74335792402565,2.8705626138791875,6
2024-03-12,0.5215743797516376,-7.864338189933638,2.963335609468043,6
2024-03-13,0.5154687645916568,-7.733178620803556,2.9605386150110857,6
2024-03-14,0.500872874950658,-7.550683480449451,3.0081127517479995,6
2024-03-15,0.5176988769643163,-7.596524086700191,3.060920186088802,6
2024-03-16,0.4826332669723232,-7.520196699441169,3.0879423362287928,6
2024-03-17,0.49876362717181505,-7.475188765612735,3.1294419922611167,6
2024-03-18,0.40712211138706544,-7.365178750884118,3.1732824569842597,6
2024-03-19,0.46913353403631364,-6.63007019165616,3.1131601213069553,6
2024-03-23,0.5202234409537052,-7.5771354818633085,3.2525790813228745,6
2024-03-24,0.4788557600245667,-7.159221699432896,3.104981882592108,6
2024-03-26,0.48211677599268893,-6.908139466910636,3.1612492053837227,6
2024-03-27,0.4607850885203158,-7.365469894394053,3.3137159309608877,6
2024-03-28,0.48307957154424086,-7.598600102547466,3.261812189481799,6
2024-03-29,0.4692649170423926,-6.973233468924462,3.1024210617308525,6
2024-03-30,0.4776970833637717,-6.765670868047308,3.131199518910792,6
2024-03-31,0.47152093974982395,-6.686666401084724,3.200782775746877,6
2024-04-02,0.21357944141258042,-6.365657781400598,3.3492836503804297,6
2024-04-04,0.47937900748689605,-9.53483830779687,2.934259858945618,6
2024-04-05,0.4869775836160048,-9.341869770716093,2.917462706098943,6
2024-04-06,0.4777682541549619,-9.121678113468723,2.96317049603433,6
2024-04-07,0.476181974324856,-8.827954427315255,2.989606543509,6
2024-04-08,0.4860705539192401,-8.747056373560515,3.077274519347623,6
2024-04-09,0.45955755992705316,-8.281907704923986,3.0258824087798906,6
2024-04-10,0.4772811083084908,-8.407500817407074,3.166811088986773,6
2024-04-11,0.73418855953143,-8.67018781686354,2.9007731909603485,6
2024-04-12,0.4583024604166432,-8.72681068965825,3.0396460507263643,6
2024-04-13,0.4612186373116117,-8.300680803543015,3.1317098779165167,6
2024-04-14,0.45976738283482055,-7.934541190668319,3.183841675804258,6
2024-04-15,0.44798294940066413,-7.58700542175659,3.2142416259774484,6
2024-04-16,0.4530207021458389,-7.025911293255176,3.197366784945378,6
2024-04-19,0.14385409517819625,-5.97181870587682,3.517231061380947,6
2024-04-20,0.12781031701164292,-5.62771482367363,3.560121482900991,6
2024-04-21,0.14138677774806732,-6.401325435999239,4.30774695642864,6
2024-04-22,0.11492450458925765,-5.531949211351548,4.0278842533835935,6
2024-04-23,0.12961273472000281,-5.5278075775387645,4.296389921759749,6
2024-04-24,0.13120151017340873,-5.536659747379642,4.530931420565732,6
2024-04-25,0.13790022797052845,-5.45250623379297,4.689668316244865,6
2024-04-26,0.13109536582328254,-4.937350172097113,4.500010495398671,6
2024-04-27,0.12259860307895404,-6.728367691260375,6.141969621278113,6
2024-04-28,0.11982968725290671,-4.359029387593758,4.132137922308289,6
2024-04-29,0.11031646141995279,-4.017689130727629,4.193452462115422,6
2024-05-01,0.04816604281969369,-0.5778008954896746,2.209667152410633,6
2024-05-02,0.11193162731200862,-0.6128178358568727,5.494497028693685,6
2024-05-03,0.13095405533784216,-0.6565755377861879,6.414641929448617,6
2024-05-04,0.14850263565947128,-0.6432316028843457,7.660393551736657,6
2024-05-05,0.8067822685947347,-2.0517942671545693,1.4016003215521755,6
2024-05-07,0.12657974237742955,-0.6857976252994674,6.112316985616004,6
2024-05-09,0.14247555655298288,-3.0933497626257207,5.204141317274679,6
2024-05-10,0.11446506722699788,-3.6759832450926826,5.323014931191657,6
2024-05-11,0.11368662671541971,-2.7477996200373216,4.266981093400216,6
2024-05-12,0.10360662752624741,-3.2205483346689956,5.5763033404558335,6
2024-05-13,0.4123914275508298,-2.2781761063846786,2.6650781178532092,6
2024-05-14,0.11164830426232789,-6.010134687475471,5.07074006371516,6
2024-05-15,0.5661617423590873,-4.214658708127915,2.4792391769870665,6
2024-05-16,0.10227292848215667,-3.910352058759368,2.7120882448665085,6
2024-05-17,0.10160980452382883,-4.8498688568662836,3.865143589021781,6
2024-05-18,0.13106568940347432,-4.791862831453514,4.189804208492634,6
2024-05-19,0.1255931529566021,-3.9284990116194343,3.8101993421759452,6
2024-05-20,0.1031160635432544,-4.571405406180526,4.836751964950402,6
2024-05-21,0.11590933455956859,-4.063358457835329,4.834708414846166,6
2024-05-22,0.16148757919918943,-3.807731322325826,4.732808692339147,6
2024-05-23,0.12661831723602748,-3.6197442124979307,4.732875299214854,6
2024-05-24,0.1441397915905347,-3.518692575287725,5.028178058460609,6
2024-05-25,0.13551672656860603,-2.185333410248447,3.6159122607728373,6
2024-05-26,0.13451930639405132,-2.3065635013930677,4.372730479473371,6
2024-05-27,0.13992296159617731,-2.1290356073145085,4.585024391246642,6
2024-05-28,0.1567748002550522,-2.070375465728211,4.798483324621324,6
2024-05-29,0.07728575532694672,-0.8365516315375325,2.978914369817586,6
2024-05-31,0.17029195181848017,-1.6831606092698295,5.444048359844559,6
2024-06-01,0.14800087130501113,-1.3931976311200907,5.032962925420211,6
2024-06-02,0.1419759915274827,-1.4807252163235707,5.310330474950555,6
2024-06-03,0.16093537638006974,-1.5279156075185005,5.4959037746986885,6
2024-06-04,0.17544894833091854,-1.4598650875696961,5.611366264343046,6
2024-06-05,0.3683034618212424,-1.7619889073268944,4.2890157853271464,6
2024-06-06,0.13046853237056938,-1.465762674240853,4.197802933640954,6
2024-06-07,0.161435983489097,-1.3528766761988982,4.530631304071446,6
2024-06-08,0.14819504630473043,-1.1636675041293296,4.41206700179199,6
2024-06-09,0.14280000031943565,-0.9188924390742643,4.398349840373499,6
2024-06-10,0.07243193603876676,-0.44882768553366953,4.134240257758065,6
2024-06-11,0.09307947291144403,-0.4875601618610968,3.5482904647274496,6
2024-06-12,0.05165352679273787,-0.4425108476482468,4.289040348570526,6
2024-06-13,0.0495305208977878,-0.3722498365665858,4.4918782392819265,6
2024-06-24,0.15386068091457877,-1.1002841276179551,3.314693214977139,6
2024-06-25,0.2757965025111719,-1.2164184875240693,2.260807299588147,6
2024-06-26,0.0961180627437994,-2.390866844775129,4.798824741977994,6
2024-06-27,0.17584978533724896,-2.8046636172916477,5.9316096580840165,6
2024-06-28,0.3609238873233059,-2.360935855374863,3.565703379188226,6
2024-06-29,0.11723759771563586,-3.121872899940563,5.396544338091686,6
2024-06-30,0.5920228980058259,-2.5489062808623655,2.8028940189002607,6
2024-07-01,0.154661179198136,-3.9346549765864918,4.483049520251465,6
2024-07-02,0.17411097602840528,-7.074481057786653,6.108761642685667,6
2024-07-03,0.10790956647533043,-4.034259250775172,3.713238506155861,6
2024-07-04,0.14547466811715534,-4.578740423201446,4.8705974953283295,6
2024-07-05,0.11069547466139221,-3.2218667311639204,4.0210948224719445,6
2024-07-06,0.1101928884486697,-3.0658090506341087,4.4633719665987055,6
2024-07-07,0.18217921223496775,-3.9633437537022034,6.119167608595112,6
2024-07-08,0.17716297804896447,-3.6488841244104195,5.644787464626168,6
2024-07-09,0.3200002888635255,-3.5975904921834845,4.2571438062876235,6
2024-07-10,0.2364449204135321,-5.1962227280471875,5.494353403050301,6
2024-07-11,0.12740452972940297,-3.0846253319381898,3.439459060868869,6
2024-07-12,0.14302285109685017,-3.5615306515831358,4.696006712354658,6
2024-07-13,0.1611140857283586,-3.143260534601338,4.721606154564375,6
2024-07-14,0.1928633777103749,-3.0639989486497416,5.014100579979838,6
2024-07-15,0.21727653323117382,-4.158483079911524,7.028050784779538,6
2024-07-16,0.2162244550608428,-3.535482488217686,6.3904035664320995,6
2024-07-17,0.2200788405478549,-3.146142369883954,5.9431583747271,6
2024-07-18,0.17857618870603975,-2.3162304093846853,4.8406802154757544,6
2024-07-19,0.22008901299131767,-2.6061865681919425,5.841584931904057,6
2024-07-20,0.20168128408775748,-2.4793033954175896,5.7646291590132925,6
2024-07-21,0.1798322161707262,-2.2052168593944312,5.470928212223522,6
2024-07-22,0.23936929610167132,-2.258458446703826,5.412586188332949,6
2024-07-24,0.148178011313796,-4.822819714854143,3.314303839417272,6
2024-07-25,0.21631679698146075,-8.429460919369946,5.76879417252148,6
2024-07-26,0.22157807637581634,-7.234437597950316,5.13487515335279,6
2024-07-27,0.4365210030625908,-7.900430036187964,5.796609395791924,6
2024-07-30,0.47422067210099833,-7.482901789399544,3.486244057794983,6
2024-08-01,0.14962747035705654,-6.492862810515531,4.014933323717117,6
2024-08-03,0.44701722461241195,-10.476643304680607,2.934166605548482,6
2024-08-04,0.6387856401747849,-11.379571179622866,3.2572049680901105,6
2024-08-22,1.9637002982176526,-0.8242575379062311,2.1612540894352166,6
2024-08-23,0.07417303305772519,-5.486493357282023,1.1847087874370845,6
2024-08-24,0.3681685989764454,-10.793782836018911,3.0333174972401675,6
2024-08-25,0.38662774095517166,-10.724709917817112,3.1122583388128358,6
2024-08-26,0.7763744388371471,-9.63003720444117,2.6024188086793294,6
2024-08-27,1.0152265550187145,-13.201812761592295,2.8104189717237613,6
2024-08-28,0.4024087873546447,-13.166355231567277,2.803061956779398,6
2024-08-29,0.38666474177444915,-12.727659475002984,2.7812399111757484,6
2024-08-30,0.38112528061083756,-12.720962662791477,2.8326466330896656,6
2024-08-31,0.40175399403139433,-12.312476110885106,2.8525780855740046,6
2024-09-01,0.4134778405920799,-12.015551127153179,2.895184404568184,6
2024-09-02,0.3665676127330849,-11.701968360797117,2.9227902216672743,6
2024-09-03,0.4224895546245098,-11.563810150705253,2.991144063776679,6
2024-09-04,0.3392002288196211,-11.318011373484238,3.102497579913647,6
2024-09-05,0.38608270774896836,-11.123965565110423,2.9377614769217653,6
2024-09-06,0.40346021347646394,-10.735023864769701,2.9592285919815815,6
2024-09-07,0.38222079460432556,-11.263725572831486,2.9836340800803898,6
2024-09-08,0.3958397626687818,-11.530020010787881,2.983864917742765,6
2024-09-09,0.43463326284567544,-11.735986170583466,2.9790625673529956,6
2024-09-10,0.3963647222778616,-11.819336015645208,2.965738414137615,6
2024-09-11,1.4078382759987262,-12.516433936745344,2.860846875340676,6
2024-09-12,1.3710960572581554,-10.482574517850614,2.0020434365819035,6
2024-09-13,0.5198369251337912,-14.76766174493791,2.4774505311187216,6
2024-09-14,0.5225250846590195,-15.440237090068935,2.4236771903351566,6
2024-09-15,0.3692481797478392,-15.135696541084627,2.403134032574245,6
2024-09-16,0.40719739125277477,-15.271157049028508,2.4707346223397337,6
2024-09-17,0.40175360325470155,-14.810760768618277,2.49736580286533,6
2024-09-18,0.4648620798814736,-13.955866530014037,2.5130045397093483,6
2024-09-19,0.30158169507525845,-13.932273856943375,2.62079294846443,6
2024-09-20,0.35084822117913483,-13.854938065092744,2.6298219264209237,6
2024-09-21,0.34457207446014154,-13.021536665192118,2.6799224077481454,6
2024-09-22,0.2275603253716379,-10.200668232361878,2.3966808854514765,6
2024-09-23,1.1920090747577394,-0.28327503731246284,2.927079390446736,6
2024-09-24,0.42202843942127105,-0.33393226027015305,3.7070212433085468,6
2024-09-25,0.38149248672868086,-0.3762568842011003,3.6435616648387192,6
2024-09-26,2.8642615094523745,-7.507616288642161,1.222532866354156,6
2024-09-27,0.4128201141358798,-13.216528759610553,2.8563076226317654,6
2024-09-28,0.3634101539616055,-13.14784684843076,2.799203415645481,6
2024-09-30,4.349153717081979,-10.967923784561963,1.491644800265191,6
2024-10-01,0.21465880115512775,-10.900645213656281,2.421821101673055,6
2024-10-03,0.40289523923922177,-0.3405859593284483,3.7170011489795916,6
2024-10-04,0.05464032089479444,-6.050373900912357,1.2407509366938654,6
2024-10-05,0.4131328037659661,-11.951175828992564,2.9827056903325935,6
2024-10-06,0.15473974553880096,-9.312610350259316,2.1637798512411996,6
2024-10-07,0.4206373153097221,-13.533718614989988,2.76450692176381,6
2024-10-08,0.4023741873259544,-13.339219343393204,2.7325430436122455,6
2024-10-09,1.1392517225559198,-13.458393240933182,2.6892631849084814,6
2024-10-10,0.49278683829982173,-16.32478457384452,2.4069170717137616,6
2024-10-11,0.4024160914946011,-16.14294146313313,2.33652904389916,6
2024-10-12,0.41922864499867163,-16.080717221205962,2.372164829032713,6
2024-10-13,0.3638875585511993,-15.126976583789068,2.3689793159597055,6
2024-10-14,0.376999108145834,-14.680367668038265,2.476211890646419,6
2024-10-15,0.39333780429008564,-13.735116528867664,2.537348223857972,6
2024-10-16,0.3652146363942972,-12.858683478984391,2.6191821831798845,6
2024-10-17,0.3496138065371026,-12.390760337923288,2.755359562992827,6
2024-10-18,0.356510199804848,-11.840111368706065,2.822248488628465,6
2024-10-19,0.36743868487004616,-11.407339310137022,2.874225851338779,6
2024-10-20,0.3785331026193008,-11.332220038190753,2.9837511863515425,6
2024-10-21,0.37391898259672357,-11.14565599545206,3.0531742539278213,6
2024-10-22,0.3555771813923684,-10.611175431302259,2.9795205369079207,6
2024-10-23,0.3808581021968554,-10.38616427907717,3.0434937407875253,6
2024-10-24,0.3647099696717796,-10.228021342019717,3.1218243704016424,6
2024-10-25,0.3156106481385701,-9.070782614729758,2.9546802552595515,6
2024-10-26,0.3300003356498584,-9.019257192374367,3.1987544345870726,6
2024-10-27,0.35195850316310995,-8.819993498396625,3.300198692409701,6
2024-10-28,0.37915335035829795,-8.654617067115982,3.319388398606063,6
2024-10-29,0.42798738037491924,-8.673929733068652,3.3380461413106124,6
2024-10-30,0.36074119420638046,-8.529589265940034,3.290407481942648,6
2024-10-31,0.3623960930459474,-8.25352573477517,3.278561624819644,6
2024-11-02,0.12280566218123158,-11.205956901370062,5.031486951436279,6
2024-11-03,0.11659087672528745,-10.41492270420144,4.837023940932891,6
2024-11-04,0.14048528972631733,-11.129460320345071,5.29765047875387,6
2024-11-05,0.13766690286324018,-11.612552294649136,5.626097953219125,6
2024-11-06,0.19916675942172749,-11.388701350792191,5.487091556232224,6
2024-11-07,0.13250273456197462,-11.62481830214146,5.5736044104425995,6
2024-11-08,0.13841636566370763,-11.590322095129432,5.620004983542319,6
2024-11-09,0.11363767812154306,-11.165680256123357,5.547659772021857,6
2024-11-10,0.241217395740482,-11.003779095828824,5.283028796559281,6
2024-11-11,0.1030023236626514,-9.561041160004098,4.650164324106852,6
2024-11-12,0.10197224668219755,-9.877949469993771,5.1171919499537815,6
2024-11-13,0.10807345676887432,-10.107968188563211,5.445612919604479,6
2024-11-14,0.11838973098530413,-9.975458876798083,5.512274526603572,6
2024-11-15,0.09355586579003439,-8.285205657915517,4.823000271843823,6
2024-11-16,0.08301878075707017,-9.92097690945181,6.1396245520746024,6
2024-11-17,0.08403456448272405,-10.51326512788921,6.749096520366641,6
2024-11-18,0.11104002160331806,-10.151042865496112,6.644583799292841,6
2024-11-19,0.10738205884280098,-10.21167955572145,6.742531026439617,6
2024-11-20,0.1136100096456074,-10.602643878022597,6.935651886086093,6
2024-11-21,0.053487898932066874,-5.064831539426312,3.8479323688137486,6
2024-11-22,0.038812449868268636,-2.103977590817238,2.124220362478681,6
2024-11-23,0.032589772180888626,-4.1392416389749735,4.665356538371002,6
2024-11-24,0.023482568494553848,-2.5123084599171785,3.1353836424568864,6
2024-11-25,0.03290209088898474,-2.996715505584508,3.4767718254212356,6
2024-11-28,0.027873547867460793,-0.1779725097086961,3.828518325175153,6
2024-12-10,0.2583914837529526,-5.304881445916721,6.66408095958125,6
2024-12-11,0.0638561443497254,-3.2863670761932355,3.239258386932753,6
2024-12-12,0.15329463342202862,-6.673327686439843,7.3845883506255445,6
2025-01-04,0.3482451888286553,-5.41191953592649,7.373844393412833,6
2025-01-05,0.42441197849844897,-5.598912167178045,7.593502680519855,6
2025-01-06,0.35891163969316314,-5.122139950935989,6.6656459580186915,6
2025-01-07,0.41097480580727647,-4.641286864840065,6.429221597595881,6
2025-01-08,0.5104463893284604,-5.497308281865884,7.784497218545362,6
2025-01-09,0.44369382519482087,-4.384831636228541,6.524892617254551,6
2025-01-10,0.5142336190454899,-4.565151828043919,6.566314549730711,6
2025-01-11,0.2955054166225457,-3.4588966840020676,4.676081402804913,6
2025-01-12,0.5142412576329236,-4.437000570354068,6.5094954303362025,6
2025-01-13,0.35118665409499766,-3.6340994095580372,5.142896695796481,6
2025-01-14,0.44336930148072146,-4.406883784149144,6.236118488685986,6
2025-01-15,0.5197118896447012,-4.167621804924118,6.2563406064504115,6
2025-01-16,0.5162120133438501,-4.675004668118868,7.14813520490022,6
2025-01-17,0.5727401565981031,-5.001185504244824,7.745119138647047,6
2025-01-18,0.6469099401929403,-3.5340693829018917,4.657470329993499,6
2025-01-20,0.3782135815906041,-7.977888270380701,3.256401452031893,6
2025-01-21,0.22718776408684646,-5.175504585854982,2.8310604204719296,6
2025-01-22,0.2972932470570271,-8.012247301640052,2.9533634981766457,6
2025-01-23,0.45167094491414284,-8.416971107527795,3.2197207698774233,6
2025-01-24,0.3772419112327868,-8.216976982959284,3.2818890867279142,6
2025-01-25,0.3951017455330652,-8.039823360360012,3.329566237377893,6
2025-01-26,0.4192585459627718,-7.939773806978597,3.2325179203140078,6
2025-01-27,0.4189227788031639,-7.8811364273806745,3.236715909680139,6
2025-01-28,0.4537382097094261,-7.861179253863379,3.260763084643848,6
2025-01-29,0.4535825242269868,-7.775590420147036,3.259860860702278,6
2025-01-30,1.9389785894848395,-8.694687096315938,3.1833147606377175,6
2025-01-31,0.46761553162494407,-8.031146335525019,3.3553499051277287,6
2025-02-01,0.44561644675314616,-8.018861261166226,3.386752267491351,6
2025-02-02,0.4648963629450721,-7.585408919142719,3.284203227495006,6
2025-02-03,0.5648763637806657,-7.968545956728163,3.374009741142302,6
2025-02-04,0.590581147356746,-7.4904108110071,3.2833261362810537,6
2025-02-05,0.4933786102318166,-7.487504057770935,3.4274516798965786,6
2025-02-06,0.42604948088166233,-7.41350048108576,3.4339643349171847,6
2025-02-07,0.531777322359051,-7.372506884449576,3.5027233945256997,6
2025-02-08,0.5124853222719579,-7.197671127999186,3.4722348972099977,6
2025-02-10,0.653093772278442,-13.546600410819083,7.146779330460762,6
2025-02-11,0.5857559241554978,-11.100954636739482,5.857104886298789,6
2025-02-12,0.43307229012230963,-12.29602921652445,6.773425727999775,6
2025-02-14,0.6089074446343127,-7.783750209718552,3.415622487584912,6
2025-02-15,0.49640222969679837,-7.466179784058802,3.4070020075987832,6
2025-02-16,0.5260073607401407,-7.496676430570457,3.369059524358346,6
2025-02-17,0.5940700396801772,-7.528004523073065,3.4744055341685725,6
2025-02-18,0.6037266795381352,-7.340036997510727,3.5054203853327066,6
2025-02-19,0.2811391137245347,-6.257937950229942,2.7656530803461075,6
2025-02-20,0.6378231128361291,-7.499463175026823,3.3159601619998127,6
2025-02-21,0.6096472220805432,-7.207292789674469,3.4791204316750135,6
2025-02-22,0.6119570865862478,-7.11482591014784,3.4723870658861817,6
2025-02-23,0.6091121819879967,-7.028485109363384,3.5288260179579276,6
2025-02-24,0.5377058251142531,-7.260323521436031,3.3711990809684194,6
2025-02-25,0.6729071797707336,-7.539976562617613,3.4735701166767416,6
2025-02-26,0.6447331840875048,-7.329474156703574,3.5052708096736733,6
2025-02-28,0.5830343185206354,-11.954391622025053,6.660449495588332,6
2025-03-01,0.7191583910127957,-13.843505948148389,8.06790649338495,6
2025-03-02,0.6467461442205494,-11.98274668373851,7.247471457363942,6
2025-03-03,0.8565760941582288,-14.298202669494207,9.017810634086818,6
2025-03-04,0.751796321888161,-13.304352213709521,8.341199471386872,6
2025-03-05,0.8540713103445033,-14.772817524228318,8.936849164302345,6
2025-03-06,0.7046885662915487,-12.640293087249605,8.036238542148213,6
2025-03-07,0.7194703423498261,-12.811487448564852,8.521937336402733,6
2025-03-08,0.5247862602554186,-10.177535398810631,6.746098513702594,6
2025-03-10,0.4489524501616749,-9.003427001368406,3.0477996119702233,6
2025-03-11,0.9095378524064186,-9.330765812464394,3.337769103324384,6
2025-03-12,0.882372163763647,-9.036057032085989,3.384368990377345,6
2025-03-13,0.8469518331544089,-8.86127490226392,3.427330622263841,6
2025-03-14,0.9070843698521996,-8.838368142999272,3.4445547115177666,6
2025-03-15,0.8169354287980567,-8.806982310703983,3.4682532786514995,6
2025-03-16,0.6199420946090873,-8.502391585315085,3.2969024282545956,6
2025-03-17,0.7173889221808367,-8.440143288221217,3.4364987697766862,6
2025-03-18,0.6683210913883436,-8.108164769547747,3.4688027903087972,6
2025-03-19,0.644011197356633,-7.844446824806588,3.452970503216169,6
2025-03-20,0.5489583838699441,-7.5392927536092635,3.4441166468071343,6
2025-03-21,0.6198069787426073,-7.244192488772924,3.5285287743838087,6
2025-03-22,0.6010464321383834,-6.939421810980438,3.524050841149322,6
2025-03-24,0.44093661394167927,-10.865137341043242,6.0786642087728815,6
2025-03-25,0.6110470954815068,-11.351653838207865,6.578565222471332,6
2025-03-26,1.0418815094328326,-8.943491682210409,5.339094898361784,6
2025-03-27,0.559215511251234,-10.121868726110222,6.73504903340609,6
2025-03-28,0.4610437327285541,-9.870722347987414,6.889642360206929,6
2025-03-29,0.4828083606601643,-9.324896269806665,6.713033852185938,6
2025-03-31,0.6158164241588406,-7.646959059147124,3.438747306248918,6
2025-04-03,0.3850072235856942,-10.113077614868835,5.656411545300383,6
2025-04-04,0.3269939408956881,-9.631667327217812,5.762891038025448,6
2025-04-05,0.36395649981122896,-8.963094275465737,5.707978296216774,6
2025-04-06,0.2799361752638975,-8.45761722748513,5.710126969251762,6
2025-04-07,0.3196197536753112,-7.842957646560665,5.508477619315302,6
2025-04-08,0.279097690816449,-7.4937109808491,5.501873284915839,6
2025-04-09,0.4691909403019499,-8.974834622214233,6.857904715679977,6
2025-04-10,0.41119432161273,-8.79583898133878,6.809780530109795,6
2025-04-11,0.4963224425008784,-3.8230789174683983,2.5260049832228124,6
2025-04-12,0.28320055782353515,-8.46083914233531,5.896892576148407,6
2025-04-13,0.35171949639573724,-9.501344035818361,6.95618931183677,6
2025-04-14,0.3201267046777272,-8.1566914377607,6.217137629734293,6
2025-04-15,0.3744457490184567,-8.817867257029688,6.85202917722454,6
2025-04-16,0.15168666839557468,-4.788537399790992,4.269729734010392,6
2025-04-17,0.2861123640504717,-7.026257885748591,6.772850836299814,6
2025-04-18,0.28980507316629855,-6.18891766566246,6.092091888284019,6
2025-04-19,0.26602318650405093,-5.833353898866195,5.961742347493841,6
2025-04-20,0.3505023911573905,-5.659058990130183,5.987575902845089,6
2025-04-21,0.30867700525490627,-4.791740113853045,5.188815846843796,6
2025-04-22,0.29230117820179025,-4.953757567921509,5.533643505556019,6
2025-04-23,0.19522278454534134,-4.260497424767273,5.1393041202434215,6
2025-04-24,0.2131780545068843,-4.166351749129526,5.327652027443644,6
2025-04-25,0.2364036208817062,-5.423113088235888,7.253244281026185,6
2025-04-26,0.2507582647839753,-4.597947179774114,6.147267328864998,6
2025-04-27,0.24096897682344873,-3.6676355766493254,5.166014719577126,6
2025-04-28,0.18908929038729283,-5.634728368614277,7.366856098000191,6
2025-04-29,0.10321013421795382,-3.902021391479655,5.367752499217499,6
2025-04-30,0.3099263768902424,-3.8415083106231336,5.247233475482205,6
2025-05-01,0.33513050430152796,-4.424619681890395,5.880918315665642,6
2025-05-02,0.33284625328935347,-4.041083399690852,5.120054863731358,6
2025-05-03,0.5830118406552497,-3.1715475513619675,2.7726076912295334,6
2025-05-04,0.760288113147877,-5.967819093492096,4.644424528462908,6
2025-05-05,0.8186610735958386,-8.303642262155849,7.12798888960226,6
2025-05-06,0.6365382431057365,-4.947461934891715,4.208972082972252,6
2025-05-07,0.7408333228910348,-7.895602998246996,6.122559730619118,6
2025-05-08,0.7191035939675838,-8.364621499519906,6.089947242293832,6
2025-05-09,0.2889670151743822,-1.3053186333016102,1.3365659727678634,6
2025-05-10,0.24011759161511803,-4.515683353887864,5.648288536879096,6
2025-05-11,0.18341440828829672,-3.7371658306976006,4.716937292740493,6
2025-05-12,0.15261556193014728,-4.553725451022586,4.9501869820938325,6
2025-05-13,0.18051115757944977,-5.745259455242313,7.174682406576581,6
2025-05-14,0.21358695500839273,-5.148645176558866,6.801828901328959,6
2025-05-15,0.314371347321256,-4.180569691693177,5.3714721986472815,6
2023-10-06,0.11788471137189555,-6.079783035917741,5.543343554518125,6a
2023-10-07,0.1328934775026577,-4.719474503621435,5.560563292069814,6a
2023-10-08,0.2443452858943573,-2.604505877209128,5.479021050171338,6a
2023-10-09,0.22971830896420406,-1.2953335467748197,5.646447906805768,6a
2023-10-13,0.10676287126059318,-8.801054969931776,3.4441726707134093,6a
2023-10-14,0.09569217663482837,-7.608661124054553,3.084417874195684,6a
2023-10-15,0.10779470574953143,-7.899162773008884,3.3214250020396974,6a
2023-10-17,0.1537270052018675,-11.392448293448055,5.674869853334639,6a
2023-10-18,0.10933438987842574,-10.677106056997552,5.661340071631502,6a
2023-10-19,0.10281684735877192,-10.096029891358299,5.611760305919901,6a
2023-10-20,0.07396521691067964,-10.044838857022587,5.608439168319416,6a
2023-10-21,0.07251420605850883,-9.018997720356714,5.429927758651207,6a
2023-10-26,0.10909609359355656,-5.354409519063402,5.652992238926059,6a
2023-10-27,0.12408635002996082,-4.290063619969295,5.632627388135163,6a
2023-10-28,0.14043346412309604,-2.850653890266687,5.615677654076258,6a
2023-10-29,0.18107994508509417,-1.8684785537852815,5.697761888225998,6a
2023-10-30,0.18925302776671954,-0.7251163935027704,5.739536566261826,6a
2023-12-11,0.16454979612179468,-2.4211196019810353,5.772668140201114,6a
2023-12-12,0.1424708528007491,-2.7858349047536874,5.780978519011115,6a
2023-12-13,0.14363908016579283,-2.7016989704504986,5.779055737624588,6a
2023-12-14,0.12810666689339012,-2.3085479290489643,5.763174145486381,6a
2023-12-15,0.1504919118315123,-1.9758114638660502,5.811113927073633,6a
2023-12-17,0.232166388348614,-6.273558101508468,1.8044622560860646,6a
2023-12-18,0.18254884891515713,-9.221668187692517,2.2192424772215764,6a
2023-12-19,0.15274544294484999,-10.153186858632347,2.5214891129302384,6a
2023-12-20,0.15110711882224404,-9.784425826189178,2.659823995481217,6a
2023-12-21,0.13702102093534302,-8.663693263248128,2.602457011513108,6a
2023-12-22,0.13721577977507712,-8.882221058381544,2.87886901162694,6a
2023-12-23,0.12854438343622202,-8.220603729519208,2.914296956262599,6a
2023-12-24,0.14357183933111373,-8.483517740631498,3.2226299896895516,6a
2023-12-25,0.36082098841591176,-8.518106423499331,3.3379549227802014,6a
2023-12-26,0.1414818556165075,-8.926532994899086,3.457097331697741,6a
2023-12-27,0.1369272652010218,-8.210460407275429,3.3125860200035446,6a
2023-12-28,0.12864207892937268,-7.937746932847857,3.3147068643343234,6a
2023-12-29,0.1182019069679844,-7.149138282318209,3.188728407438332,6a
2023-12-30,0.11123648708842034,-6.5405354744116995,3.1909316062532036,6a
2024-01-01,0.13763667288955117,-10.893481622287615,5.743184176163953,6a
2024-01-02,0.16553465900731837,-10.188307028836938,5.705864793635237,6a
2024-01-03,0.16292370104295245,-10.196760252828643,5.737603379670053,6a
2024-01-04,0.14326054404360228,-9.9841102135161,5.724040731145813,6a
2024-01-05,0.20013528173600148,-10.45322308878223,5.735318122403529,6a
2024-01-08,0.14727421589143758,-11.219915555360616,5.68031315393599,6a
2024-01-10,0.1442989324844551,-7.900476867553874,3.4100885343980125,6a
2024-01-11,0.15018213902467878,-7.921393800613052,3.4061652112217105,6a
2024-01-12,0.15249271280244225,-7.950530714553506,3.386976988456622,6a
2024-01-13,0.1671843515058386,-8.182557965131034,3.4238701450587885,6a
2024-01-14,0.11651824536872162,-7.22089907178076,3.192949706509206,6a
2024-01-15,0.13937557481677568,-7.412682202097618,3.4700462268221615,6a
2024-01-16,0.36048369011229986,-7.108293173559657,3.3897620157883535,6a
2024-01-17,0.1237943485891658,-7.053237860997134,3.264404142587392,6a
2024-01-18,0.13984319230249748,-6.758747320352302,3.3848512638042183,6a
2024-01-19,0.16367020666223314,-6.687808321984484,3.489549013319722,6a
2024-01-20,0.17428193006792303,-6.720078194019408,3.5058751924342975,6a
2024-01-22,0.23203113936094572,-9.951308174944344,5.768325657464163,6a
2024-01-23,0.25454703504087084,-9.66394215340227,5.7788443021465286,6a
2024-01-24,0.33350452625895916,-9.746951071975142,5.773491436449081,6a
2024-01-26,0.2230344639693346,-7.156415780174523,2.552931406051897,6a
2024-01-27,0.2052388211596002,-9.310890043334897,3.1406326101579958,6a
2024-01-28,0.15374450385309654,-9.203665088246808,3.064905582331577,6a
2024-01-29,0.11315513024836851,-6.984132151412827,2.526233351331617,6a
2024-01-30,0.1249015010039034,-6.8575840007442155,2.8114272956808257,6a
2024-01-31,0.13251853752698833,-7.067221405201742,3.131812282301236,6a
2024-02-01,0.1439289402089398,-7.129009320688918,3.350726639799502,6a
2024-02-02,0.15483301690540316,-7.187429808139431,3.554501722483139,6a
2024-02-03,0.15809107517539664,-7.244090309017206,3.639831024718406,6a
2024-02-04,0.444689479680723,-7.542389769433296,3.721430526225524,6a
2024-02-05,0.18725108107395544,-7.620539599053032,3.4713886017719835,6a
2024-02-06,0.14483578414168194,-7.183822817017624,3.4286278713787928,6a
2024-02-07,0.17150985180098566,-7.086379579836246,3.5427424252706894,6a
2024-02-09,0.19121237154005474,-10.00024988812515,5.666444198816274,6a
2024-02-10,0.2466178311986168,-10.078086874314304,5.752599521059241,6a
2024-02-11,0.37900239236688243,-10.066759469602955,5.764576013040381,6a
2024-02-12,0.47016107535684576,-9.985824455618168,5.787090583060733,6a
2024-02-13,0.44279050339822984,-10.082062193421843,5.732949267119016,6a
2024-02-14,0.321006805881219,-10.18900291833579,5.75403017070352,6a
2024-02-15,0.32847366548052587,-9.85016668286179,5.81400974120865,6a
2024-02-16,0.41197556744386643,-9.822463859017237,5.813289375876457,6a
2024-02-18,0.3519160880663811,-5.87594773354658,2.599282578705903,6a
2024-02-19,0.20793988739428462,-7.648064606148508,3.468000224473348,6a
2024-02-20,0.1684606757896215,-7.252237454847436,3.3894554505636765,6a
2024-02-21,0.16888296388886764,-6.937789111466572,3.4474802353695813,6a
2024-02-22,0.20197964264904053,-7.019194555931273,3.564938110122871,6a
2024-02-23,0.23067632640703895,-7.35455828754476,3.6810091100385915,6a
2024-02-24,0.3016301229224258,-7.078724625256448,3.510107438107847,6a
2024-02-27,0.3961307390315662,-10.119439059612962,5.73919727471974,6a
2024-02-28,0.714874141700515,-10.147415630789087,5.855725542851877,6a
2024-02-29,0.7177211861547927,-8.737152535753639,5.679514820047543,6a
2024-03-01,0.9238026380438122,-9.905518895333282,5.73990407096473,6a
2024-03-02,0.7139712110859691,-10.271885720545884,5.828021958593229,6a
2024-03-03,1.2373364078995859,-10.170345548247605,5.5513816551283055,6a
2024-03-04,0.3521193561840188,-11.12698363161132,5.683860979656866,6a
2024-03-06,0.20399317851624593,-8.082034880762894,3.3549367343145864,6a
2024-03-07,0.23082648437015377,-8.3555622135284775,3.5600284958576798,6a
2024-03-08,0.2192167487331984,-8.380284463425532,3.64018286472319,6a
2024-03-10,0.2767939708552593,-9.414640495553366,3.689796018742071,6a
2024-03-11,0.2511844218086317,-7.797924301983019,3.2365008362756384,6a
2024-03-12,0.20214093924449755,-7.583159448474891,3.441037292145087,6a
2024-03-14,0.47648634094419406,-11.29586942877853,5.748014579884238,6a
2024-03-15,0.7324834892425368,-10.796475109285693,5.785388006096425,6a
2024-03-16,1.000951206718633,-10.423605424799538,5.932653637125275,6a
2024-03-17,0.9082166930912298,-10.231544947560604,5.797584993079899,6a
2024-03-18,0.8233987858183712,-10.2743829233046,5.748528629422278,6a
2024-03-19,1.3810441865806835,-10.285963807390736,5.673336358731318,6a
2024-03-23,0.6953696614284373,-9.909847899037791,5.73143987777853,6a
2024-03-24,0.3632922712665933,-11.021071415618868,5.764823768292279,6a
2024-03-25,0.35054294532964525,-11.001235905630743,5.726382511195677,6a
2024-03-26,0.6471556269964202,-10.554253079060784,5.802183428335614,6a
2024-03-27,0.4019209577228828,-10.546329905945413,5.8307193612716866,6a
2024-03-28,0.2709164689017505,-10.453444984669556,5.380838467675762,6a
2024-03-29,0.2775273190390501,-11.505648951963636,5.735940390069344,6a
2024-03-30,0.27908655239874414,-10.868878567576134,5.7203311858371135,6a
2024-03-31,0.15913267931840233,-10.025117895695216,5.667524461726807,6a
2024-04-04,0.22839058777194343,-8.35422314710559,3.0270714147575717,6a
2024-04-05,0.19433280082336293,-8.103196566712294,3.04978257846974,6a
2024-04-06,0.14914680616696865,-7.263493196242646,2.9130755959581935,6a
2024-04-07,0.1364574430605805,-6.856754683961582,2.9247483348012007,6a
2024-04-08,0.14261999345422505,-7.28582583972746,3.2700658796401365,6a
2024-04-10,0.29972249530588113,-11.552056532328164,5.716798454595471,6a
2024-04-12,0.16233721331715933,-7.998521917210288,3.335401697322486,6a
2024-04-14,0.22337311381351924,-11.073187738772422,5.623617649880819,6a
2024-07-26,0.13166076720383948,-8.962829507782363,3.3562348989489426,6a
2024-07-27,0.09612297718667996,-7.402572101791972,2.906525850909017,6a
2024-07-28,0.45703578204859246,-9.072418072790963,3.5288160242507463,6a
2024-07-29,0.06478447326226068,-5.313940006128707,2.192911360995194,6a
2024-07-30,0.08939920254515177,-8.392043729501603,3.1747135598198137,6a
2024-07-31,0.14147296320163888,-9.038839568786697,3.5399424452273647,6a
2024-08-03,0.19492775478800814,-11.972675212966395,3.007445531009916,6a
2024-08-04,0.15088157518361242,-11.290139105913337,3.0995628341539576,6a
2024-08-05,0.05580742271308905,-2.335985533901943,0.20252576626131621,6a
2024-08-06,0.5151522334899771,-16.876489400692037,1.8792038232454529,6a
2024-08-07,0.8274338040157991,-16.632941023732904,1.940053599783164,6a
2024-08-24,0.1552290782680544,-8.678470779819486,3.1137315098690372,6a
2024-08-27,1.5946444577255567,-14.30749791032309,3.3509062893664825,6a
2024-08-28,0.20009010472306152,-12.670050811494209,2.8313306342126845,6a
2024-08-29,0.1496186027845322,-11.59923176957459,2.6558803463493845,6a
2024-08-30,0.15090729201631983,-11.044327075038398,2.6490550804579844,6a
2024-09-02,0.14566377507539185,-8.90697724594171,2.762454908155264,6a
2024-09-03,0.15221276841755385,-8.673868260742822,2.9486081701128652,6a
2024-09-10,0.14376232738975672,-9.109304426894226,2.8954471689634875,6a
2024-09-11,0.7607968900588684,-9.23033009911945,2.846621559747473,6a
2024-09-12,0.7781567422034352,-6.318929521905878,1.6767325654642034,6a
2024-09-13,0.310734861458802,-12.135562232223485,2.8707642577222754,6a
2024-09-14,0.16485113464467632,-12.392514271553967,2.8202984990360824,6a
2024-09-15,0.14755272335085132,-11.380418573102162,2.6223727350790207,6a
2024-09-16,0.14222187315463294,-10.757807127642533,2.5580091588588023,6a
2024-09-17,0.12466812161678394,-10.267969413194995,2.5556718382020853,6a
2024-09-18,0.15620453970893278,-10.245721456539,2.7527755483213454,6a
2024-09-19,0.12513250907681167,-11.228118759207787,3.113392018776348,6a
2024-09-20,0.15417445289829382,-9.937755167559255,2.8335705853805235,6a
2024-09-21,0.1563915827295328,-9.530387812308687,2.871448697078086,6a
2024-09-22,0.1160292510729879,-8.026340751048743,2.6172499558393048,6a
2024-09-23,0.12273013428223302,-9.147856801577465,3.1484454007474953,6a
2024-10-01,0.16278431080428152,-10.336185376220152,3.1820746877667236,6a
2024-10-02,0.15932482062472408,-9.942829280610875,3.1823701796672363,6a
2024-10-07,0.20796649318721802,-11.114351855918402,3.005327152999838,6a
2024-10-08,0.15094500797388008,-9.91005221603067,2.6562101045917745,6a
2024-10-09,0.5410510134858254,-11.622501710520867,3.258533219611928,6a
2024-10-10,0.19676091196351533,-10.623288406402228,2.0737980141735672,6a
2024-10-11,0.16392863891950724,-13.122837749531664,2.4345118484062858,6a
2024-10-12,0.10802634946520728,-10.57416200033476,2.060338369582195,6a
2024-10-13,0.10765646401723884,-9.696896758732922,2.025722622277533,6a
2024-10-14,0.11515816315306514,-9.461943757753733,2.16851024852747,6a
2024-10-15,0.11835563018456711,-9.120778213303153,2.3172029219086334,6a
2024-10-16,0.12109342570913774,-8.25749155181876,2.3336053625828805,6a
2024-10-17,0.11725193806116588,-7.7919606659161005,2.495164069668406,6a
2024-10-18,0.12390096181555772,-8.368301674851221,2.9343553818891883,6a
2024-10-19,0.1295329131062872,-8.28581030355095,3.0995539882302166,6a
2024-10-20,0.12901818175536564,-8.393422488957844,3.3323232276340473,6a
2024-10-23,0.1779673451776192,-12.707370076933758,5.712829741799719,6a
2024-10-24,0.16810104648098445,-12.382538515446068,5.708631399230078,6a
2024-10-25,0.3140620352029286,-11.897943959411208,5.620296777183239,6a
2024-10-26,0.2028753275638019,-11.721810157845287,5.749259069680538,6a
2024-10-28,0.206702943369618,-11.115957581995914,5.721889037407758,6a
2025-01-20,0.09075259349011426,-8.258759866908758,5.08276865472917,6a
2025-01-22,0.15408716061646635,-4.7868916328842435,3.1778643488593903,6a
2025-01-23,0.17251286046943257,-5.790308673129219,3.5834299787089416,6a
2025-01-24,0.1769210092793667,-5.523409352267816,3.4872035725143062,6a
2025-01-25,0.17290796681711448,-5.364697654376468,3.469029033725875,6a
2025-01-26,0.17377772015274248,-5.647183774284861,3.5487583212676843,6a
2025-01-27,0.14462903173311786,-5.7825003554786125,3.4486064309138222,6a
2025-01-28,0.1487230083415072,-6.244140611848677,3.541417777891439,6a
2025-01-30,0.17304572489994002,-9.63360239118109,5.713752834524086,6a
2025-01-31,0.1927630154817146,-9.866386753000251,5.792909873610387,6a
2025-02-01,0.15823599169253091,-9.58695782807862,5.761516475476217,6a
2025-02-02,0.1518043610183161,-9.307664492819857,5.753743534671316,6a
2025-02-03,0.1489566296556613,-9.061245842024396,5.774646229948413,6a
2025-02-04,0.1168478317303798,-8.534068684835358,5.740826694030922,6a
2025-02-05,0.0783730732985968,-8.335757165278983,5.64792548901728,6a
2025-02-06,0.0466358739656423,-7.79299384953373,5.272060949129823,6a
2025-02-07,0.10636836882595241,-7.845232583646872,5.087662004015231,6a
2025-02-08,0.06783397185248456,-7.577284631806898,5.388212179860092,6a
2025-02-09,0.08008080659741301,-7.323547162423643,5.400081715952809,6a
2025-02-10,0.2528992243650367,-8.55426324934527,5.763782032150236,6a
2025-02-11,0.10835451014600143,-6.5547002617118,5.455838898418407,6a
2025-02-12,0.34382645409740986,-8.69430557622942,5.907264693465152,6a
2025-02-13,0.20028518957478098,-7.671171300855905,5.473886945298171,6a
2025-02-14,0.15867637408432902,-9.192748346413586,5.699659454047246,6a
2025-02-15,0.11712460038964699,-9.321301178628447,5.663092542390195,6a
2025-02-16,0.4412307715926788,-8.920120257267435,5.481371933888265,6a
2025-02-17,0.17142556283193663,-9.19495714496555,5.72460226345057,6a
2025-02-18,0.09193765004427361,-8.454165114970138,5.619672143999456,6a
2025-02-19,0.21534170079317821,-7.921061292847782,5.094395536183646,6a
2025-02-20,0.17383903142417642,-9.907745993132679,5.743840132154371,6a
2025-02-21,0.183707524104835,-9.231098160991513,5.743577659249144,6a
2025-02-22,0.15959995970942228,-8.558261105751779,5.75542860240943,6a
2025-02-23,0.14545294672306097,-8.070502774147542,5.689054768219875,6a
2025-02-24,0.3093976651703491,-7.908539419896823,5.735058974838337,6a
2025-02-25,0.18231993537809438,-8.89409126994048,5.749899424107248,6a
2025-02-26,0.15013822137786872,-8.815579048352904,5.741007800482569,6a
2025-02-27,0.15205326674496994,-8.473585801200436,5.699858845924371,6a
2025-02-28,0.05875542463810842,-7.81258863336339,5.531045286355149,6a
2025-03-01,0.059433219758375365,-7.338907641432957,5.373702358603256,6a
2025-03-02,0.062423549207346815,-7.137680105700923,5.472784125023973,6a
2025-03-03,0.08547008050355889,-6.729816813724916,5.471107320286069,6a
2025-03-04,0.1987041851189453,-7.767768748220383,5.5549795069519865,6a
2025-03-05,0.07463825749481115,-7.016722056509855,5.3487913712864,6a
2025-03-06,0.06161423033848211,-7.189806562502479,5.44755226394856,6a
2025-03-07,0.10489458643586662,-7.073101978810619,5.666335762781138,6a
2025-03-08,0.3623141401243942,-7.6773901776138915,5.590309288105268,6a
2025-03-10,0.1651330477939617,-6.390248035434404,2.637975017158871,6a
2025-03-11,0.15149675385790912,-8.33075689209,3.4918179317764033,6a
2025-03-12,0.14947469914018882,-8.164876191189094,3.5402585435258898,6a
2025-03-13,0.1687530555568519,-7.984323038972899,3.5531747323678573,6a
2025-03-14,0.19191026948870274,-7.794386240487045,3.528765426725123,6a
2025-03-18,0.21514716046526947,-11.088932735802496,5.699090702989985,6a
2025-03-19,0.1785984296708444,-10.265888437654665,5.694720667582926,6a
2025-03-20,0.2021846186781902,-9.841888655111244,5.757299877066861,6a
2025-03-21,0.3400129097839686,-9.222540840298501,5.7749696596131335,6a
2025-03-22,0.467886875997198,-8.810764498086403,5.814311391372115,6a
2025-03-23,0.1363349825725587,-7.976776757717814,5.741513538296534,6a
2025-03-24,0.35830587389040314,-7.828891004036902,5.797374328790115,6a
2025-03-25,0.14434520329818035,-7.920689632886534,5.3658693169933125,6a
2025-03-26,0.09491918783516935,-7.625954515343596,5.364777142673764,6a
2025-03-27,0.07668233264272468,-6.897328625885575,5.396574783805952,6a
2025-03-28,0.14917070447112496,-7.594776312949725,5.8134627824656215,6a
2025-03-29,0.1289630957286265,-6.774876726139533,5.837976550396956,6a
2025-03-30,0.8829465466710846,-7.401766739897238,5.034152273633812,6a
2025-03-31,0.20657779828334377,-11.4199439645733,5.754980301666831,6a
2025-04-01,0.15872208933145585,-10.935342612653391,5.65259417395397,6a
2025-04-02,0.21105223579418586,-10.665483104473935,5.778684704928077,6a
2025-04-03,0.14908753653223938,-11.165472115842514,5.575176509996919,6a
2025-04-04,0.09860741578881035,-10.302915671757003,5.618312134107132,6a
2025-04-05,0.17275518902368286,-10.249918155521168,5.713348271403962,6a
2025-04-06,0.21299047315486264,-9.657426861137287,5.741867905050615,6a
2025-04-07,0.16889602257737832,-8.708844638646603,5.709296615801193,6a
2025-04-08,0.10976654084564838,-8.001293930654315,5.511809700155138,6a
2025-04-09,0.11526462226873212,-6.970854622263387,5.492528577799229,6a
2025-04-10,0.12247737685230205,-6.061815673678883,5.62350798626498,6a
2025-04-11,0.28505198990958924,-5.025842268926195,5.384838211680682,6a
2025-04-12,0.09970523605424193,-7.067359407704277,5.403103417570859,6a
2025-04-13,0.10080977416833735,-6.539833396629451,5.451299089939594,6a
2025-04-14,0.11418159140420435,-5.238950828361158,5.560469396289695,6a
2025-04-15,0.13578505827569728,-3.5888885444544996,5.650882838276457,6a
2025-04-16,0.16210569836721064,-2.2368984761249617,5.692542383844924,6a
2025-04-17,0.15773782614694068,-0.874706021132102,5.623228983403393,6a
2023-10-06,0.07522645375474292,-6.919288126108186,3.728801416107876,7
2023-10-07,0.08396275946858353,-5.760938086377808,3.202313078392508,7
2023-10-09,0.08282749285342647,-6.099806843044048,4.0480847359599785,7
2023-10-10,0.08725911157481796,-7.019703071535636,4.95406815558089,7
2023-10-11,0.019401367314578182,-2.263604068848994,1.9614242161958795,7
2023-10-12,0.3058361680627767,-7.538868229524598,1.903112722955183,7
2023-10-13,0.09944421992782788,-6.364410582429596,1.6930789294934223,7
2023-10-14,0.11712194928352006,-5.056734049076846,1.5327767853293193,7
2023-10-15,0.10871903259467372,-4.828648524072519,1.6234140306821412,7
2023-10-16,0.12460393567905587,-4.657749919091545,1.7407659489762728,7
2023-10-17,0.12921089509196795,-4.59450339509099,1.932313493285083,7
2023-10-19,0.11887678743635546,-8.07887434179913,3.944980601688949,7
2023-10-20,0.12384126160301161,-7.658701403178045,3.9136540512697677,7
2023-10-21,0.0975469462694829,-6.357237262564844,3.380275057745268,7
2023-10-22,0.17782257257892528,-6.494857385466296,3.714971229930843,7
2023-10-23,0.13785306843437148,-6.316753170843068,3.836333015115839,7
2023-10-24,0.1017073417287743,-6.425074469962959,4.106794195109151,7
2023-10-25,0.09941787034078992,-6.92776142772386,4.553523571285034,7
2023-10-26,0.10138938382587706,-6.946955970395699,4.549278995931648,7
2023-12-09,0.11895643332840518,-5.781816886332587,5.171188413966835,7
2023-12-10,0.31904981034655167,-1.623781450260825,1.0772938773146625,7
2023-12-11,0.1025459196084002,-5.731422332313593,3.3368404770321303,7
2023-12-12,0.284506819494251,-7.670834154896519,4.838108086327866,7
2023-12-13,0.223856098232286,-5.875654424688115,3.7259653644079402,7
2023-12-14,0.2437320000336368,-5.888679407352167,3.875468533288597,7
2023-12-15,0.23874259999931394,-5.840180269449656,3.747510899683323,7
2023-12-17,0.03953102624666284,-5.035597185507965,0.2660052002947868,7
2023-12-18,0.3267306708610838,-13.744582528930565,2.0678300435917154,7
2023-12-19,0.21234439282422216,-6.719046521361044,1.1719136465907576,7
2023-12-20,0.11012629011197293,-8.344100641827916,1.6182037212425107,7
2023-12-21,0.13748597416246353,-8.64349145557311,1.8029216986378278,7
2023-12-22,0.09792486027301113,-6.000794078087959,1.4188965579473227,7
2023-12-23,0.04133249739204245,-4.930138227339882,1.302518033158736,7
2023-12-24,0.03329620515330628,-5.9396368583207195,1.68543669900328,7
2023-12-25,0.21595923974098982,-6.2959925035071995,1.8566492491524547,7
2023-12-26,0.06448751329663731,-6.110218095612573,1.834221590917985,7
2023-12-27,0.06631557450947122,-6.38314018844025,2.12425922468553,7
2023-12-28,0.26302578120926323,-4.099151625145038,1.211567546916587,7
2023-12-29,0.10543778117839081,-7.074527951132028,2.7273183130550094,7
2023-12-30,0.16294408614104425,-5.249503408431967,2.2256445073828894,7
2023-12-31,0.3125897558233718,-4.4195961696357875,1.9711229060547437,7
2024-01-01,0.46862725996562654,-3.2199607340606726,1.2580461874336122,7
2024-01-03,0.04307412499984299,-5.892752315792807,3.257896063010965,7
2024-01-04,0.041846107378751315,-4.932972744177766,2.6949004295066428,7
2024-01-05,0.22654114130885725,-7.560216777235446,4.6053395794573415,7
2024-01-07,0.11622772600839257,-3.3492382077889014,1.6710850768963108,7
2024-01-10,0.10709992668280942,-4.8237546135774325,1.334736686661737,7
2024-01-11,0.151421023229086,-5.486463196281187,1.834916233354313,7
2024-01-12,0.14565517041508058,-5.6712156579511674,1.9020761787434337,7
2024-01-13,0.13502662017089637,-3.9843919195961557,1.474476902946994,7
2024-01-14,0.12972053563480024,-4.002440544982949,1.7378967890851535,7
2024-01-15,0.19230166691392508,-4.446020419459083,1.9653208703633192,7
2024-01-16,0.1316835990477391,-4.208030721328636,1.8242389042286604,7
2024-01-17,0.1427143964926794,-3.322727633114084,1.723145258695087,7
2024-01-18,0.14496734550470558,-3.70050511148971,2.010376884081949,7
2024-01-19,0.1514122080626711,-3.7312291775022803,1.9816527447037742,7
2024-01-20,0.1302742568517165,-2.7181647982698283,1.685106571673868,7
2024-01-22,0.18286657463188682,-5.413571547076025,3.8617914076800584,7
2024-01-23,0.14143620372407964,-5.484398093155741,3.409325857091057,7
2024-01-24,0.17970447120119315,-6.0817026545688035,3.362363970066838,7
2024-01-26,0.09694882712022342,-4.832774334676644,1.4277512268511257,7
2024-01-27,0.187253094541279,-5.793855518982818,1.8409735677666128,7
2024-01-28,0.15133916617292845,-4.45514474069011,1.575083087514896,7
2024-01-29,0.1915627383983258,-3.9050328424444705,1.6543198885156116,7
2024-01-30,0.18932387009936877,-3.744340502475396,1.8011062680356142,7
2024-01-31,0.16676313744049692,-3.3593007945478752,1.7898370444774372,7
2024-02-01,0.20155257045130373,-3.2097123554738523,1.8544499144520918,7
2024-02-03,0.25956514760203037,-6.177743649868882,3.822106769239788,7
2024-02-05,0.22526120889391393,-3.641893353707791,1.8769185317380357,7
2024-02-07,0.3650954508038596,-4.784540876363998,3.0474688903713623,7
2024-02-08,0.4097370359287253,-6.630960497981725,4.53808111979048,7
2024-02-09,0.49896758103954375,-5.88337503033501,3.732048020333559,7
2024-02-10,0.5642324028197608,-6.121326514985833,3.734323077197845,7
2024-02-11,0.6867597272373713,-7.024010956501626,4.136361230953476,7
2024-02-12,0.4619579907978691,-5.09950081635914,2.8554835188316785,7
2024-02-13,0.5433155142693449,-4.1076426592088975,2.2983641469588734,7
2024-02-14,0.5491833175018038,-3.941791796252115,2.589874302312332,7
2024-02-15,0.5720273310017094,-3.9645286257334744,2.6735139775977173,7
2024-02-16,0.5609706481768821,-4.2377231319295365,2.806787158732283,7
2024-02-18,0.2682569322322308,-3.1730300608914095,1.3663119254620553,7
2024-02-19,0.4157678026273442,-3.7980282115388144,1.5734651570891738,7
2024-02-20,0.49779340440993686,-3.484681816458126,1.6838856773597757,7
2024-02-21,0.4929670210101726,-2.961386309892178,1.583971783654643,7
2024-02-22,0.5376276012650372,-3.058244404324345,1.711197146163521,7
2024-02-24,0.6579107290379401,-3.6235302947741763,2.0695201777173513,7
2024-02-25,0.6782395156784345,-3.9610267477435914,2.458008388728174,7
2024-02-26,0.7340238983501919,-4.411185642774069,2.9195601518638528,7
2024-02-27,0.8608275394447682,-4.264090299696107,2.6689184917593494,7
2024-02-28,0.9830003650431846,-4.407975664841606,2.543654968053109,7
2024-02-29,0.8298066919652288,-4.391812587030982,2.6272849043192372,7
2024-03-01,0.7676720580995243,-4.379263721199372,2.6445441192483603,7
2024-03-02,0.6311098209536965,-6.375201066576162,4.002411095390256,7
2024-03-04,0.18331234112868675,-5.1642682747346695,1.3986013631400331,7
2024-03-05,0.08713660236345255,-4.585903684112931,1.5715572795360793,7
2024-03-06,0.08969549638037018,-6.254685617244227,1.6505535732962715,7
2024-03-07,0.15702301433403565,-5.232529122677236,1.6101465507107797,7
2024-03-08,0.19079104222245433,-5.114858021535251,1.7189024334801992,7
2024-03-09,0.17508420666798974,-2.3663328203814595,0.7705597488175507,7
2024-03-10,0.15237235053102197,-4.257789089848895,1.2031271799206917,7
2024-03-11,0.18876702475875626,-4.151943636765428,1.495537613652691,7
2024-03-12,0.17735234613609166,-4.573282990194096,1.8697189592905208,7
2024-03-13,0.16009183474555447,-4.017635733845524,1.7620849488212393,7
2024-03-14,0.16361824721859256,-3.989172142988675,1.8767094663139396,7
2024-03-16,0.14531374882088346,-8.09035374635125,4.008951617831003,7
2024-03-17,0.09413654622270959,-7.261833554830965,3.702117917619703,7
2024-03-18,0.17440009123405664,-9.346472426618396,4.754336417572399,7
2024-03-19,0.13019468855486693,-4.656499723499853,2.7526326950258624,7
2024-03-20,0.28069388886924723,-7.37996696301518,4.860845381837273,7
2024-03-21,0.3828371482796413,-8.060646278206521,5.305263520032855,7
2024-03-22,0.07358024202223398,-1.6488221752387522,0.9379489961887879,7
2024-03-24,0.15525415746230328,-3.7035191383964023,1.6116720233660617,7
2024-03-26,0.32928991147624875,-9.712470084083474,4.926682985686531,7
2024-03-27,0.3533945076256374,-6.26185242097354,3.007368970966312,7
2024-03-28,0.08091912312986328,-3.4849021694650526,1.4264605057482946,7
2024-03-30,0.40212491199123723,-8.947224358439177,4.58478957480501,7
2024-03-31,0.43077536629127633,-7.368230003014563,4.043642659367455,7
2024-04-01,0.308641610263638,-7.369325481605582,4.231053089971516,7
2024-04-02,0.21942845069270991,-7.579320739950502,4.502006554884023,7
2024-04-04,0.13106092214877618,-4.420190080046988,1.2744137934295197,7
2024-04-05,0.13274658890429278,-4.834724644360925,1.6587135918444744,7
2024-04-06,0.13907638160939648,-4.463638070360079,1.7568976940351684,7
2024-04-07,0.1460068964012458,-4.413477891479998,1.9360207265506963,7
2024-04-08,0.2776516251266186,-4.602224999844471,2.036614763783697,7
2024-04-10,0.6198198888330657,-10.529024376623228,4.715020241928445,7
2024-04-12,0.20336355178856827,-4.26752126744198,1.7535614464421656,7
2024-04-14,0.15725937512854885,-11.84833387960194,6.433350846915402,7
2024-04-15,0.29379623616420164,-7.206883850169647,3.986468409310924,7
2024-04-16,0.2724683897055301,-6.736640495514394,4.007580271917045,7
2024-04-17,0.2787815353638048,-6.772664270127799,4.20248934260971,7
2024-04-24,0.10675090175345583,-4.376024850210573,3.235797953694665,7
2024-04-26,0.07173452600052772,-3.6046108919398896,2.9096957020323204,7
2024-05-06,0.1784470906766885,-0.13670914065139125,2.323013947871119,7
2024-05-14,0.0222682853252663,-1.237230231904973,0.9847973280260863,7
2024-05-15,0.10464137583957199,-5.476222696329932,4.49213401649165,7
2024-05-24,0.0546193374800442,-0.1697047561717031,4.512454906049141,7
2024-07-12,0.05759079420640837,-3.987862451752393,3.4930600996985004,7
2024-07-13,0.06897219383642926,-2.636212312230649,2.4311195639773717,7
2024-07-14,0.05454063288803886,-2.310718869662492,2.448624957502344,7
2024-07-15,0.09890183291082641,-3.294487392408287,3.835942467313926,7
2024-07-16,0.1202279034836617,-3.641908123868283,4.557298836610409,7
2024-07-17,0.07100396618832716,-1.7988792201833763,2.5888192387307374,7
2024-07-18,0.06623608974592403,-0.9224864884264504,1.954083969394658,7
2024-07-19,0.16545849439958388,-0.15403442401939996,1.3838498583760177,7
2024-07-20,0.06439258296210072,-0.09738163438361193,5.517195453394297,7
2024-07-24,0.08429331600097731,-1.0806862121645255,1.6601540613547703,7
2024-07-25,0.6314001231167604,-3.862428043020993,2.4053267414196906,7
2024-07-26,0.08648867951166601,-5.986003744774308,3.8025845573023864,7
2024-07-29,0.08630271668311885,-5.5600410095039345,1.9896505018668558,7
2024-07-30,0.11164716180116205,-6.755690842484499,2.06919559741366,7
2024-07-31,0.09007558706710322,-5.33821675856258,1.8674373166067701,7
2024-08-03,0.11147984642999342,-5.526528217471225,1.615470448028477,7
2024-08-04,0.309013750283157,-9.791202824030501,3.1314166906712826,7
2024-08-05,0.6212734644730943,-2.4308704223019553,0.19885439664312474,7
2024-08-06,0.9884968358828857,-13.001609490695293,1.4766777639003983,7
2024-08-07,0.11126354084273975,-11.490851441616726,1.5188335956118468,7
2024-08-08,0.12636135757590905,-10.728222874892895,1.4843357270466089,7
2024-08-09,0.1311911851898825,-10.753226435410603,1.5308095147862617,7
2024-08-10,0.12424014543893752,-10.324078272753566,1.5156581950387071,7
2024-08-11,0.11614099736952081,-9.474936379969291,1.4549466223309986,7
2024-08-12,0.12677390601150276,-9.9498766591844,1.595958281340294,7
2024-08-13,0.10771690456779467,-7.980400493575425,1.3633605354837783,7
2024-08-14,0.10549971569123089,-7.165808650956315,1.3510798196091793,7
2024-08-15,0.10728351474531705,-6.885045070418978,1.4441251758914613,7
2024-08-16,0.1023711626950233,-6.114894500614348,1.4227014314955952,7
2024-08-17,0.10606648040767645,-6.083583518104004,1.5786569970257363,7
2024-08-18,0.11504476092379741,-5.916742154650408,1.6711220649545055,7
2024-08-19,0.12245962860020308,-6.081466016579912,1.8304800425371235,7
2024-08-20,0.11398081782616737,-5.342135173282448,1.7041693718055562,7
2024-08-21,0.11961050750009994,-5.299622718836806,1.815904428310614,7
2024-08-22,0.12375874313382576,-5.234760730978339,1.8985478523063173,7
2024-08-25,0.08408083329079033,-9.111750813608943,3.7412967692195283,7
2024-08-27,0.15608919651529493,-6.73191028285887,1.952207969411748,7
2024-08-28,0.10623974902411704,-5.609290939320123,1.6903030352612651,7
2024-08-29,0.12938757105640902,-5.967364145982015,1.891842263098639,7
2024-08-30,0.10657628001577764,-5.119507273922945,1.7098298702405796,7
2024-09-01,0.05970945683150674,-6.394098511732675,2.5936208696006973,7
2024-09-02,0.06569854846104553,-6.431020801083739,2.857972115502142,7
2024-09-03,0.07582491109527069,-7.47920198317886,3.5943528011756904,7
2024-09-04,0.08172420052700816,-8.984012019449679,4.5317696326018755,7
2024-09-05,0.08511364305363613,-8.987991706342049,4.543919850062023,7
2024-09-06,0.07369711840806785,-7.626899995428458,3.969693732417944,7
2024-09-07,0.17843433618664836,-3.8442149683536466,1.8762243742619684,7
2024-09-09,0.10967834727473133,-6.201036294904749,1.8791026798968902,7
2024-09-10,0.1113413992181383,-5.619967982545445,1.81238350234847,7
2024-09-11,0.3585377783508497,-5.938627022225636,1.8666026205797794,7
2024-09-12,0.5588770708390817,-3.928362759363631,0.9562911991114648,7
2024-09-13,0.27669688900716016,-6.444368443670466,1.6413342447627277,7
2024-09-14,0.12017467773085279,-6.255766239891993,1.6863781560168734,7
2024-09-15,0.14803182447981997,-5.459317361463442,1.542813627195277,7
2024-09-16,0.10892424281386241,-5.675440986821398,1.5764918417777536,7
2024-09-17,0.10747213596832011,-5.690908213248703,1.698086177580486,7
2024-09-18,0.20240226076897694,-6.562602172383614,2.034511111625163,7
2024-09-19,0.08753352187339385,-5.739366067128331,1.7635506095424645,7
2024-09-20,0.12152578221384612,-5.769273100390047,1.8668178402675288,7
2024-09-21,0.12063490192286162,-5.452127959940167,1.8746645539549531,7
2024-09-22,0.12320508527221036,-5.053279994450787,1.8670876512251386,7
2024-09-25,0.07882778416397539,-8.060424687430189,3.6101493444321893,7
2024-09-27,0.11215922000640165,-5.873512404014398,1.6879633358248853,7
2024-09-28,0.09757323336962359,-6.016331907596016,1.8827296489556251,7
2024-09-29,0.11162594611640612,-5.061950307509986,1.6941045288789314,7
2024-09-30,0.13533698606492478,-4.861982127176692,1.7323856365391024,7
2024-10-01,0.10994134762554639,-5.64909293062173,1.8663350944682986,7
2024-10-02,0.11652555111393371,-5.141570326771113,1.8066654872920758,7
2024-10-03,0.12229367905607215,-4.960078159652178,1.8577833145876061,7
2024-10-05,0.06761701913824454,-8.949732668919678,3.7233445255141215,7
2024-10-07,0.11692990337813261,-6.744013795728548,1.7875732132421585,7
2024-10-08,0.09777799528228011,-5.801148783223157,1.6332616778408457,7
2024-10-09,0.3898293174129708,-4.980125591272699,1.3938676444319464,7
2024-10-10,0.06987195067887816,-10.578168558842682,1.9727650789134896,7
2024-10-11,0.08717214054704193,-6.605259718146702,1.3595231202918026,7
2024-10-12,0.08832477252067601,-6.215281810363573,1.462720490608275,7
2024-10-13,0.08476730649775563,-5.827324608628834,1.5346958701085922,7
2024-10-14,0.11111000010436653,-6.237824738488186,1.8079684465253616,7
2024-10-15,0.11063487424314183,-5.694397631895528,1.757862523667233,7
2024-10-16,0.10237329384715566,-4.668295734631635,1.6080303892969638,7
2024-10-17,0.12698367901658775,-4.965088580242955,1.918076133119417,7
2024-10-18,0.16989409879135123,-4.994723772656256,2.033775453969981,7
2024-10-19,0.12739201583932563,-4.826595030031771,2.0054852915958468,7
2024-10-21,0.1382989201798551,-9.487491950086799,4.3486535051942665,7
2024-10-22,0.07910837672766724,-9.408724874307383,4.322736452567773,7
2024-10-23,0.09136388847822163,-9.30854044659271,4.412193952567136,7
2024-10-24,0.09986667719285738,-7.46468357224041,3.7380942964741517,7
2024-10-26,0.0998277742149263,-7.369262902619987,4.068647486670056,7
2024-10-27,0.09286051666246538,-7.249717502527687,4.217925736532972,7
2024-10-28,0.07539088983975172,-7.302496390433075,4.381891043224032,7
2024-10-29,0.07969829789212488,-7.438089074196483,4.645156255040221,7
2024-10-30,0.08547404076263498,-7.173519293945084,4.515613083793783,7
2024-10-31,0.07198880863930604,-5.932859252202936,3.9479492880055065,7
2024-11-01,0.07390465108787397,-6.4038241046379705,4.5380146013974665,7
2024-11-02,0.07058776151324758,-6.073275997265718,4.443714773153998,7
2024-11-03,0.07810423336139531,-6.0442674087126225,4.508449305955831,7
2024-11-04,0.0941181392790893,-5.706659464014787,4.285809498765821,7
2024-11-05,0.06407920090232401,-5.945907671834617,4.546218869643111,7
2024-11-06,0.1084813998586665,-6.096807557450125,4.638213597948002,7
2024-11-07,0.08027751049842384,-7.338541917918688,5.3071596618654935,7
2024-11-08,0.08147858277412051,-7.058056095819433,5.025784426801977,7
2024-11-09,0.085796817037439,-6.502100648520063,4.702223629485438,7
2024-11-10,0.1794423845042874,-6.312088445097458,4.314119314671439,7
2024-11-11,0.08845301694646598,-7.21395021839653,4.79593948721054,7
2024-11-12,0.06599766035581263,-6.392525040525558,4.274144446193138,7
2024-11-13,0.07102412629367225,-6.211046421996849,4.268836010568569,7
2024-11-14,0.0909430482950953,-6.041202721077752,4.43207958351005,7
2024-11-15,0.06439699449770356,-4.244371022767385,3.402045652684959,7
2024-11-16,0.05944182517952264,-4.121980872007584,3.8013823019408637,7
2024-11-17,0.07813893802087685,-4.768649234801334,4.924845895496495,7
2024-11-18,0.07218659407805962,-3.828078607088939,4.263126202335258,7
2024-11-19,0.0998938556999239,-3.5650375821152855,4.280184181838938,7
2024-11-20,0.08519001391679572,-4.105820294499237,4.802605530326215,7
2024-11-21,0.05658304821579506,-1.9238726821457917,2.662923571777268,7
2024-11-22,0.045886045681944584,-0.6423000179971455,1.600709008288517,7
2024-11-23,0.10577340477439397,-0.9165391606111726,4.8987200908158615,7
2024-11-24,0.08937746131489585,-0.5306889129210981,4.395910233898192,7
2025-01-20,0.15751322469915255,-2.997564389254281,1.7166547869120277,7
2025-01-22,0.1456589717200062,-2.0984991275700837,1.1599493922742508,7
2025-01-23,0.17972493691170355,-3.696698390281474,1.8844770295745452,7
2025-01-24,0.16807540214631428,-3.5066789044971607,1.9202063525206918,7
2025-01-25,0.1795647428006479,-3.571186434359044,1.9839503833139078,7
2025-01-26,0.20494165683924212,-3.6128132198818848,1.9371775474217598,7
2025-01-27,0.24395362517052002,-3.6630072617518694,1.8794699196400544,7
2025-01-28,0.2108073536579824,-3.7885971940179197,1.9275493318837265,7
2025-01-29,0.260019735255014,-3.7504507081683793,2.0201176947936617,7
2025-01-30,0.2673860385898325,-3.6527397135678434,1.9474651714651747,7
2025-01-31,0.2457357593418098,-3.8613672765484357,1.9545439939400666,7
2025-02-02,0.3342717783383003,-7.1666891051484,4.111438296642552,7
2025-02-03,0.2079706193141552,-6.984325958850177,4.045661569240757,7
2025-02-04,0.2424963123216178,-8.418290129036237,4.936075730973802,7
2025-02-05,0.29313952469814913,-6.979287236438858,4.206272739678963,7
2025-02-06,0.24357209794845427,-5.768467497383165,3.533461460641625,7
2025-02-07,0.15078438599319088,-6.271858610093046,3.9791814436807966,7
2025-02-08,0.1620640770447452,-5.611291535745188,3.7396814841136328,7
2025-02-09,0.17597434595183578,-5.3384511238310655,3.7346096990139492,7
2025-02-10,0.14298335290658654,-5.731538836502749,4.154988589660372,7
2025-02-11,0.12061997810353442,-6.079585680670176,4.414090215397443,7
2025-02-12,0.16811389834025742,-5.656722489239317,4.1305307042911314,7
2025-02-13,0.29052520301281487,-3.4184898868129245,2.2163529671619897,7
2025-02-14,0.23376448451231296,-7.283495153582623,4.197144399449623,7
2025-02-15,0.2256786258980319,-7.391430776369334,4.418646827212254,7
2025-02-16,0.4247767213039051,-8.144551419935537,4.741612913781303,7
2025-02-17,0.18244372412689042,-4.032611640528836,2.6191682445769477,7
2025-02-18,0.2959669301650759,-5.412849025402785,3.9666758364987014,7
2025-02-20,0.17496198386806913,-3.458188581292737,1.7715849559341705,7
2025-02-21,0.24123905465952633,-4.878684607325498,3.178397894414416,7
2025-02-22,0.40661966657330484,-6.293565387930458,4.348693498480894,7
2025-02-23,0.40972516046671426,-7.547247157100724,5.18860982388657,7
2025-02-25,0.27271307132397066,-4.129142172855913,1.9969754624594924,7
2025-02-26,0.2786973351381878,-4.328135301289946,2.1964726771864096,7
2025-02-27,0.44446379582627393,-6.955431647224067,3.8563723182500858,7
2025-02-28,0.33881176682583225,-5.25930144520696,3.083474399851545,7
2025-03-01,0.4048212118513089,-6.189043305425903,4.0835824773553355,7
2025-03-02,0.31428972588737125,-4.254593842839962,2.920204045017551,7
2025-03-03,0.3638280596268831,-4.323799817255274,3.457466975359116,7
2025-03-04,0.38077439913895356,-5.770788544371753,4.613411139718371,7
2025-03-05,0.44171202994774234,-4.73753925538925,3.376028195762186,7
2025-03-06,0.2870316728648217,-3.2345637147894655,2.5404579509769984,7
2025-03-07,0.30615878945794534,-3.925560441141013,3.5746974393142885,7
2025-03-08,0.24547995075105852,-4.1479542594313035,3.8003295215925887,7
2025-03-10,0.04568949362360933,-3.1178913831992805,0.7435546559201417,7
2025-03-11,0.17814870786593726,-5.842554174678064,1.7999783788114627,7
2025-03-12,0.1947219500797066,-5.784552756779184,2.0046007775018277,7
2025-03-13,0.21528477232655843,-5.351397520130812,1.9709789206434787,7
2025-03-14,0.22301188904037786,-5.049755600148683,1.9332956757054933,7
2025-03-15,0.21420480784185894,-5.118970702382595,1.9470876265465644,7
2025-03-16,0.5377822552965204,-5.352896074297463,1.8411764048591408,7
2025-03-17,0.22831247302935878,-4.258932337739475,1.644753011029969,7
2025-03-18,0.2227892887547729,-4.727850118475661,2.0286535652070063,7
2025-03-19,0.22519228760763652,-4.658719606581101,2.084094337129897,7
2025-03-20,0.22232756517477303,-4.32843861071265,2.0216342218712215,7
2025-03-22,0.2775862973740927,-7.672260411380844,4.619213911314719,7
2025-03-23,0.31863784226355263,-8.195839921441213,5.028420169370449,7
2025-03-24,0.20809918208028522,-7.614730366497804,4.639094947001554,7
2025-03-25,0.20732587226301152,-8.15071852572382,4.890135525454259,7
2025-03-26,0.19706547241334385,-7.715517699999966,4.705703883647519,7
2025-03-27,0.21716700990429294,-5.921468127052749,3.8411823792393824,7
2025-03-28,0.2141799003402404,-6.895667500509218,4.779133228481611,7
2025-03-29,0.2120464581796284,-6.573609872669929,4.616095329037616,7
2025-03-31,0.14347029246350715,-5.916908385853096,1.924704177700341,7
2025-04-01,0.18071265033011255,-5.823928892683812,1.9677220616330187,7
2025-04-02,0.11216439257490007,-5.40341742097076,1.904246735156026,7
2025-04-03,0.11969905432671332,-5.1845232550753675,1.9306785587453343,7
2025-04-04,0.09919563218294096,-4.4405136513284935,1.7807348432516938,7
2025-04-06,0.05995222608538459,-7.005061388756744,3.414398861764608,7
2025-04-07,0.072989305978437,-7.335899039114895,3.82161536263174,7
2025-04-08,0.07442027189402445,-5.850658205009592,3.1315140101671743,7
2025-04-09,0.09414401502325419,-4.986632630859965,3.025551656066121,7
2025-04-10,0.09309440944963135,-7.613110419292126,4.9615004789875785,7
2025-04-11,0.13330819819583978,-1.9024144217252712,1.196154182185021,7
2025-04-12,0.1183359862106678,-8.759061673600602,4.45139301127586,7
2025-04-13,0.10313111497160471,-6.494390095719188,3.5745829599156718,7
2025-04-14,0.09744133504748814,-7.326601998270557,4.434425537950548,7
2025-04-15,0.1084914068158753,-7.069863594926134,4.509089251143947,7
2025-04-16,0.1488150051115768,-4.813538566684894,3.051179964172902,7
2025-04-17,0.09882336925554737,-6.568363852524371,4.4613697779581445,7
2025-04-18,0.10719453984769828,-6.424299108763453,4.624854882912686,7
2025-04-19,0.07536744146712601,-5.224000825849771,3.9308509754252396,7
2025-04-20,0.08136602755523764,-5.061568742418537,4.001974904868675,7
2025-04-21,0.07859764646997146,-4.975066993225297,4.041171617363548,7
2025-04-22,0.08721336905654395,-5.348531574419379,4.3670596272925595,7
2025-04-23,0.07483967235274559,-4.616292401334441,3.9236439554207205,7
2025-04-24,0.07223388186843714,-3.3468165499556988,2.9584963404493987,7
2025-04-25,0.07223332741609227,-3.2773701200382863,3.0492905298689528,7
2025-04-26,0.0647378116633975,-1.4202698290745914,1.6216199841932621,7
2025-04-28,0.4535812329469723,-1.3886698201752026,0.5969392998063453,7
2025-04-29,0.09974185082693601,-2.7475991219432756,2.731375426288525,7
2025-05-03,0.06524376901382961,-0.13957950687424983,4.523950018049785,7
2025-05-13,0.08148088898335297,-2.9491302736064493,3.049985458065427,7
2025-05-14,0.0833712402424671,-2.253105381968335,2.618890545893366,7
2025-05-15,0.0884108614692158,-1.7776007529275626,2.1650987546163587,7
2023-10-06,0.07667233903718228,-6.552665058114711,13.063830373398602,9
2023-10-07,0.02150573534712742,-2.833808660122139,6.008862366899086,9
2023-10-08,0.023368823099927966,-1.7240704710698767,4.395048353980617,9
2023-10-09,0.026412995978055905,-2.1668925664861636,6.209700872855452,9
2023-10-10,0.09052943209057557,-3.57585962279315,10.527862022362728,9
2023-10-12,0.04720025503683308,-3.0717548091147875,1.7223438173579453,9
2023-10-13,0.07140712725319448,-5.057041161379894,3.4307926351668487,9
2023-10-14,0.07826028040727487,-4.97709720624551,4.0891145095035535,9
2023-10-15,0.07381936463954918,-5.721983574838569,5.402381536223616,9
2023-10-16,0.07287544681119251,-4.869408199586849,5.4044260955999235,9
2023-10-17,0.07142809213160467,-5.617029615750822,7.246101002594738,9
2023-10-18,0.08024921085343184,-7.155460038525763,10.38365531420274,9
2023-10-20,0.014698272867085506,-5.9315421135902415,9.92400939718629,9
2023-10-21,0.008179634501749848,-3.025981821970223,5.443553987747577,9
2023-10-22,0.03208530686639724,-5.0217856767305955,9.906305426443621,9
2023-10-23,0.023086816833275868,-5.226378743569733,11.048019095158441,9
2023-10-24,0.028061747932552516,-6.915035993054139,15.107193367531815,9
2023-10-25,0.06702471600176971,-7.120122927805014,15.66324058172883,9
2023-10-26,0.0654649670555641,-8.314606730728068,18.496289425837197,9
2023-10-27,0.12344297024815491,-9.033984070958887,20.57423528161263,9
2023-10-28,0.12053542539225696,-8.476405114792385,19.666789039379925,9
2023-10-29,0.04809595433175104,-5.270193579193067,12.214917610822328,9
2023-10-30,0.1563313338102041,-10.378764021501071,24.503528725487573,9
2023-10-31,0.04108189464849188,-4.782186004029242,11.650065161728401,9
2023-11-01,0.017226489756570238,-0.9045532177783085,2.768485010441736,9
2023-11-02,0.05586978310629249,-3.210391761003155,10.674509537273721,9
2023-11-03,0.08721931839451132,-3.659729241511053,11.668613959118503,9
2023-11-04,0.02879036334444359,-2.395024756153705,7.8700323264295555,9
2023-11-05,0.05307027366758636,-2.2937377012238827,8.143593053936833,9
2023-11-06,0.0744370375192664,-2.905556563213884,10.678563867898466,9
2023-11-07,0.08015662147358606,-2.748101628234346,10.350193770906262,9
2023-11-08,0.06232113501752548,-2.2968383264557928,8.9038245274801735,9
2023-11-09,0.12936553575804016,-3.409509609509835,12.953382760453232,9
2023-11-10,0.0820873178560195,-2.201689125823529,7.814643617309732,9
2023-11-11,0.08453674961863236,-2.8263526855314964,9.40460979665483,9
2023-11-12,0.02367598526468309,-1.6565834167394211,5.899996818679874,9
2023-11-13,0.022855425848841603,-2.6457256669715377,10.043521869312158,9
2023-11-14,0.06975773402313955,-0.6233493045997309,1.796257737843832,9
2023-11-15,0.03197124930689961,-2.3343407882517044,6.717503929231224,9
2023-11-16,0.03236699130311481,-1.3741332182349406,3.742616204720214,9
2023-11-17,0.015818509340061293,-3.0906995640433603,7.475636372608583,9
2023-11-18,0.02558533486062572,-3.351812812005079,8.44782563151143,9
2023-11-19,0.04503909459000664,-2.2256913260187896,6.359016865086557,9
2023-11-20,0.05236912281878529,-4.450171938440505,12.213370950649798,9
2023-11-21,0.08880237733378966,-4.790231341256885,13.228928080892803,9
2023-11-22,0.014595779299274894,-2.3266048172074263,6.337137355262537,9
2023-11-23,0.02936670309710593,-1.05702051498557,3.6487633130947312,9
2023-11-24,0.03356226897610962,-2.525064685896833,9.345066093419275,9
2023-11-25,0.06753712023108206,-2.186138820313586,7.983958645407931,9
2023-11-26,0.01589309546183795,-0.3143978728857505,0.715224767078975,9
2023-11-27,0.0135047154398287,-1.1165290672344308,2.46392871090499,9
2023-11-28,0.015245884410834404,-0.6911004451144964,2.160056355386752,9
2023-11-29,0.011489926310851696,-1.3433598287458244,4.799288446589944,9
2023-11-30,0.06624344230608917,-3.5342622592313866,13.055928392359306,9
2023-12-01,0.028902168920597264,-1.059543650346288,3.0259148657533705,9
2023-12-09,0.03458541468889605,-0.9830813025399339,3.0851255170325365,9
2023-12-10,0.07754776481965914,-0.6600059877962469,1.5163025228811318,9
2023-12-11,0.015826641023750507,-1.0854728181661644,3.206158676447033,9
2023-12-12,0.04023802169121362,-2.704620837328279,8.894874000448338,9
2023-12-13,0.038505542724095176,-3.831326032749643,13.666567447183544,9
2023-12-14,0.0658923499697395,-3.2417521991212292,11.430894518743537,9
2023-12-15,0.04777538359405988,-2.2697932306697393,7.5095718770031405,9
2023-12-17,0.02624129847560382,-4.495432351687995,1.242394005164724,9
2023-12-18,0.22136602436519412,-8.092721927161822,3.1003166617517928,9
2023-12-20,0.061523723544974006,-8.94668903847749,2.2102248159218627,9
2023-12-21,0.13197509805364044,-10.754832797927627,2.3247998767394327,9
2023-12-22,0.06546098683172548,-12.55786212008943,2.6513144196231035,9
2023-12-23,0.6622573963920476,-3.601087577612365,0.9629544548837764,9
2023-12-24,0.3099319672094921,-6.382318657546325,1.5472568472906858,9
2023-12-25,0.032870318041296614,-6.4548443176864945,1.7427891668409279,9
2023-12-27,0.5600449107534627,-7.533731090739607,2.4546503104744257,9
2023-12-28,0.060267463001945167,-11.369018084538428,3.907695509950221,9
2023-12-29,0.056826929502128934,-4.478019650307613,1.8003539098745913,9
2023-12-30,0.05752891331939733,-11.356306193444635,4.834872235330845,9
2023-12-31,0.2374143919498124,-4.3082847161990445,1.7918340126836498,9
2024-01-01,0.10968099083003978,-12.4896295196252,5.808776887836662,9
2024-01-02,0.04933617926552157,-6.978022853138424,3.4374758919257284,9
2024-01-03,0.12388982097785632,-11.356200099761294,6.048174326295273,9
2024-01-04,0.08267029124309802,-10.883575663326654,6.318498817653485,9
2024-01-05,0.11134719044382108,-1.3777612612623957,1.2850500052737686,9
2024-01-06,0.06586546395540717,-4.917477691680898,3.861981045450125,9
2024-01-07,0.07306958795883932,-4.561777482119019,4.093403122515552,9
2024-01-08,0.09972398255193861,-7.416908376886003,7.464817637155548,9
2024-01-09,0.3868468493162804,-2.1289252279514006,1.1551342255437933,9
2024-01-10,0.09535982145262245,-10.454815112978501,5.637993524580362,9
2024-01-11,0.10290981717200244,-9.434597823659972,5.46760018849205,9
2024-01-12,0.1834876281835635,-8.926252600793998,5.009463916478891,9
2024-01-13,0.08838998210383231,-4.9832157312000795,3.069702756827038,9
2024-01-14,0.09353597351532057,-7.8913239174416026,5.499125715537523,9
2024-01-15,0.14373499857812705,-11.115000136869387,8.056670935872628,9
2024-01-16,0.13845239088786118,-5.7046845346621025,3.755605975207759,9
2024-01-17,0.08700866980573252,-5.529518150131109,4.051266304939282,9
2024-01-18,0.12661723643155623,-9.689141424383646,7.6974265313845365,9
2024-01-19,0.09158551359083147,-9.402550049068585,7.635414477471214,9
2024-01-20,0.07900324405870861,-5.005587211666318,4.7604381148298796,9
2024-01-21,0.09080641956025452,-5.707016427026506,6.3022837272724095,9
2024-01-22,0.12358848760936021,-9.510575164172737,11.007990722784413,9
2024-01-23,0.11625354177700194,-9.252548786536645,10.547730295909336,9
2024-01-24,0.11548200186898766,-9.660457541855525,10.918938841605694,9
2024-01-25,0.08661141623704287,-11.811846756737316,13.750073752777954,9
2024-01-26,0.053476615652266496,-5.422127636596227,1.7656052058902476,9
2024-01-27,0.059062309651835475,-8.757347111850107,3.155665881662363,9
2024-01-30,0.8550660526404046,-2.9473483227848574,0.48924565137595516,9
2024-02-02,0.09799165628373539,-10.105709540239767,6.937597538171156,9
2024-02-03,0.10508113598975884,-9.682121995132592,7.157855347337123,9
2024-02-04,0.15372620943381685,-8.373012599773933,5.998159798264086,9
2024-02-05,0.0931663772816541,-7.311771648417829,5.463508857258398,9
2024-02-06,0.07925544350427585,-5.407086797470035,4.612101051564184,9
2024-02-07,0.08379115516150397,-6.141849965588146,6.034341424755304,9
2024-02-08,0.07012588264345199,-7.0464792320995455,6.5538541577179465,9
2024-02-09,0.16989480224746936,-3.0264075589869095,3.3668529529464033,9
2024-02-10,0.10254160873934273,-8.975567228452626,11.487335979884088,9
2024-02-11,0.12834239206763287,-9.994064687210983,13.36427126342041,9
2024-02-12,0.2079865519202283,-6.264443766973817,7.948551381853884,9
2024-02-13,0.08241205252290697,-3.8940512810793,5.450218870331913,9
2024-02-14,0.08451075562164449,-5.0385577874554475,8.330036184717018,9
2024-02-15,0.12047132300495643,-8.216457339946832,15.158022601107595,9
2024-02-16,0.1542331478289459,-8.6523285251712,16.650312603635516,9
2024-02-17,0.16406663517415412,-2.834256245373294,4.7938367094415435,9
2024-02-18,0.17783861364193113,-2.533278081798484,1.8865331794645501,9
2024-02-19,0.10376099070177956,-7.918609163169854,6.137286513468168,9
2024-02-20,0.10753537263979665,-7.848459649936336,6.865934867037467,9
2024-02-21,0.13132022308888236,-8.250528428218537,7.998447898488829,9
2024-02-22,0.11549261377078661,-7.986276050628588,8.46936868507279,9
2024-02-23,0.16993762706094964,-8.900755723455102,9.594734932011797,9
2024-02-24,0.11503993609603785,-5.654772449628633,6.719264660592917,9
2024-02-25,0.09425319944009258,-7.566420126325085,10.111548596071204,9
2024-02-26,0.11121023210795043,-3.7562211838420354,5.599053876642774,9
2024-02-27,0.13935689970926915,-7.306041589004341,12.127698979731,9
2024-02-28,0.17930467782330956,-7.76490434029852,13.346253302757045,9
2024-02-29,0.13798743354773668,-4.340676176817709,8.025890626378402,9
2024-03-01,0.25379573327474736,-8.627227963015297,16.375833244658804,9
2024-03-04,0.16948317781948571,-7.785470411628774,12.804097967334643,9
2024-03-05,0.2013741144081226,-3.066688872925632,4.47892221718736,9
2024-03-06,0.130279552659263,-7.901685528448093,9.039603387937602,9
2024-03-07,0.15453901581591706,-7.2716123823732035,8.7884944553659885,9
2024-03-08,0.20653499634226685,-8.103602706671348,10.548182593928788,9
2024-03-09,0.21020560404024316,-3.7534844614068086,4.245075838806706,9
2024-03-10,0.10669088626733417,-5.002285348109805,5.250982409821177,9
2024-03-11,0.12344177817316138,-3.4622375998979744,4.707344550347019,9
2024-03-12,0.16145871259271874,-6.435576178827004,10.023007066775225,9
2024-03-13,0.174058194959879,-6.166880030579384,10.536244954992258,9
2024-03-16,0.22559636871429653,-6.967175852837062,12.912830038653798,9
2024-03-17,0.1228342769838979,-4.788276360642479,9.007345970101284,9
2024-03-18,0.026764737535249553,-2.6779334638594072,5.334277551343952,9
2024-03-19,0.019294311431083868,-1.271133908672985,3.578576798518776,9
2024-03-20,0.055867266017436995,-2.962909459723743,8.89146897575688,9
2024-03-21,0.1492448615453146,-4.0146367726533105,12.222949805917137,9
2024-03-23,0.26072127635227477,-5.073448402243535,7.310879069114378,9
2024-03-24,0.11108374936822908,-4.254799021358571,6.457477488920562,9
2024-03-25,0.1744596812515201,-7.261625518335514,12.368103073258851,9
2024-03-28,0.1141261068858214,-7.444120224595556,10.082717994409656,9
2024-03-30,0.02496938980138095,-2.846791105400346,6.06157165114446,9
2024-03-31,0.10242802826308678,-4.94719534893671,11.352545742328251,9
2024-04-01,0.21770722908246792,-6.729743347680551,15.463962807592708,9
2024-04-02,0.24273530976787835,-7.347771346385608,16.31937151824582,9
2024-04-04,0.08080370477607646,-3.888881107370675,2.7439256270101535,9
2024-04-05,0.07687441996026745,-4.679165622638675,4.164731096370998,9
2024-04-06,0.08035346226930722,-4.103891849601711,4.595469121816363,9
2024-04-07,0.06113410761413179,-3.95452627814633,5.278505881114073,9
2024-04-08,0.04539458352789199,-1.801883907451671,2.31040771087001,9
2024-04-10,0.1512643657037939,-0.22305901691559243,0.24168486589805502,9
2024-04-19,0.12201127213996915,-5.944867585238943,14.927499125232602,9
2024-04-20,0.18584529032879882,-5.921976681207843,15.561591241883178,9
2024-04-21,0.11506164241769243,-3.1959033343665393,8.788829748357584,9
2024-04-22,0.02331784218406677,-1.424385114849635,4.580887378159923,9
2024-04-23,0.16744877762279586,-3.2483047897882327,11.51886469626586,9
2024-04-24,0.16810056527208841,-2.829682515406331,10.823485164955555,9
2024-04-25,0.19035612974578295,-2.5191574921327065,9.627484126200997,9
2024-04-26,0.10501029816895216,-1.557366364335762,6.173011274588642,9
2024-04-27,0.07098491116054184,-1.3802319924536277,5.164404088323967,9
2024-04-28,0.05514130307691227,-1.251430752781736,4.915852986936093,9
2024-04-29,0.09083067793759421,-1.1143614614638393,4.571735658087738,9
2024-04-30,0.057758380895468635,-0.7120226190706923,3.0561724309145695,9
2024-05-01,0.057038331366564395,-0.6092974540315266,2.619173218400717,9
2024-05-02,0.03686922397023033,-0.4472747378723667,2.0459358016125,9
2024-05-03,0.03587802946490619,-0.35053682089676214,1.7610071910715863,9
2024-05-04,0.034874074287842234,-0.3827053051731468,1.9987056525242417,9
2024-05-05,0.07830034142401358,-0.2660727870782155,0.5574790352225224,9
2024-05-06,0.031204478083884737,-0.6924577254014228,2.337968348969521,9
2024-05-07,0.031176727662208668,-0.3200553824096446,1.4431800633795464,9
2024-05-08,0.027445002251363308,-0.13971105483783286,0.9879439087513019,9
2024-05-11,0.026778331518966275,-0.12424214633554509,0.971757392421114,9
2024-05-14,0.012979441075111202,-0.4803577600298254,1.135093585180681,9
2024-05-15,0.014009365857553536,-0.21292444821601372,0.421704915331077,9
2024-05-16,0.012264443802798309,-1.6239346332869122,3.3953205925412187,9
2024-05-17,0.03361053426699435,-1.9970798472415978,5.139604909646291,9
2024-05-18,0.08024731340753617,-3.3556367816597623,9.080155402849664,9
2024-05-19,0.027621503202865334,-0.8891200790076473,2.7158732560141114,9
2024-05-20,0.04006727026254864,-1.099906112053482,3.848196937845713,9
2024-05-21,0.04056533400931933,-0.5537447936812256,2.1799053035235354,9
2024-05-22,0.03327964121330277,-0.3872950443232737,1.6986169092304024,9
2024-05-23,0.03304393648341046,-0.23122750213907245,1.2035467062428626,9
2024-05-24,0.026867116764973446,-0.11327891695041598,0.9160368303664723,9
2024-07-26,0.4524976955877829,-3.522070441728583,3.0384663395623317,9
2024-07-27,0.06690729041872531,-2.436516035774756,2.262211991690041,9
2024-07-29,0.07844770441466632,-0.7464353567128126,0.980735725203242,9
2024-07-30,0.013545251264437905,-1.4788253854485982,2.242834175108847,9
2024-07-31,0.021104059394665087,-0.8747828847806294,1.802958963273855,9
2024-08-01,0.027956764966149406,-0.5145073095562323,1.4379642280644136,9
2024-08-05,0.02877475381474201,-2.710155293691913,0.19700949067616136,9
2024-08-06,0.3379510415691725,-11.209455341651221,2.391043451054738,9
2024-08-07,0.3420895731188369,-10.815327429940186,2.019993510628321,9
2024-08-08,0.8677994119044298,-6.902745018366597,0.868598775244227,9
2024-08-09,0.2122509708488051,-15.060393445228444,2.359258417326553,9
2024-08-10,0.15737193573000002,-19.738524520282766,2.933125863143866,9
2024-08-24,0.07828643332517897,-6.087108552057271,4.520196170875038,9
2024-08-27,0.20479897747508,-9.658132376567389,5.445923203558552,9
2024-08-28,0.07296298068976638,-7.970008643068284,4.5469047699518095,9
2024-08-29,0.07437980160795239,-6.118024043802877,3.9585507181176016,9
2024-08-30,0.09509276377979152,-8.352140381849424,5.9700323719705555,9
2024-08-31,0.0744532553414654,-6.0222651204359305,4.891600384682476,9
2024-09-03,0.00821632051544285,-1.328933482789196,1.5414680526924145,9
2024-09-04,0.012123918277433499,-3.3020642291599285,4.080766383561839,9
2024-09-05,0.012610898662790157,-5.134713945551361,6.4334366419833815,9
2024-09-09,0.08652063673545764,-9.126767933624986,7.987380705095892,9
2024-09-10,0.09903178396701098,-7.993991718211042,7.445319862638492,9
2024-09-11,0.21700810766407633,-8.243971495164152,7.526692094412986,9
2024-09-12,0.2505374227659293,-5.213030042285852,3.9153721554996097,9
2024-09-13,0.15457638278897398,-10.071140182290426,6.5511847039164115,9
2024-09-14,0.08649727761830667,-10.128710129748818,6.514360632356526,9
2024-09-15,0.1254159592026091,-10.269101495014628,6.828856444181426,9
2024-09-16,0.08361665859955132,-8.290750143200011,5.533253681540272,9
2024-09-17,0.07600088504049507,-7.646011122133721,5.541448157559856,9
2024-09-18,0.19954891792419543,-11.003295385778086,8.38848708418531,9
2024-09-19,0.09161554231391375,-8.62806319548703,5.962169443774831,9
2024-09-20,0.06464660565699543,-4.527923425922819,3.4351386116261566,9
2024-09-21,0.07598386300965768,-6.9285526671905115,6.164541210808713,9
2024-09-22,0.08189205575750631,-7.309640503489889,7.150573333261363,9
2024-09-24,0.009745288819368939,-4.257913912452978,4.957150183051777,9
2024-09-25,0.016857573253898202,-4.003259250477472,4.9020368225548765,9
2024-09-27,0.09625639024897,-6.534544881771736,4.117452608231909,9
2024-09-28,0.12232722706303242,-12.363684637495378,7.976211306588886,9
2024-09-29,0.09778090060978217,-8.408864436212506,5.7843247680394985,9
2024-09-30,0.24756532519805277,-5.529768333678019,3.63718997448389,9
2024-10-01,0.08079388576488887,-8.19466026240621,5.200752135084029,9
2024-10-02,0.07484113262281653,-6.6554004184557956,4.648069941473409,9
2024-10-03,0.08177182765409519,-7.669433607792092,5.92843852254738,9
2024-10-04,0.07229794248616384,-5.952928990628891,4.990313874070975,9
2024-10-05,0.07593474996508708,-9.482469593521765,8.370952826330837,9
2024-10-06,0.05548101951511714,-1.90510735457007,0.8560526183928884,9
2024-10-07,0.09730491894294957,-10.787451210335547,4.6979130395552415,9
2024-10-08,0.07392285755049556,-6.733650273228717,3.2171311187994194,9
2024-10-09,0.42739936242769055,-4.209562743854811,1.7511873196458145,9
2024-10-10,0.10902340248320275,-13.160127284401248,4.055684717114593,9
2024-10-11,0.14956956384992742,-13.863739475003909,4.367744807086957,9
2024-10-12,0.11374388217797204,-13.634556974228046,4.290486029723479,9
2024-10-13,0.08494793880413158,-12.59948690769295,4.066787582280202,9
2024-10-14,0.08176829505010566,-10.830303191156805,3.7406456131156425,9
2024-10-15,0.08312284055031813,-7.452986799470601,2.843897056620117,9
2024-10-16,0.07624479315238256,-6.428903844474013,2.805532851870182,9
2024-10-17,0.0714892711114549,-7.787046684317202,3.829370868160445,9
2024-10-18,0.08514200625858416,-9.195046150060291,4.973417925295903,9
2024-10-19,0.07347840575516852,-8.624182384200177,5.089430728307134,9
2024-10-20,0.07713620540223705,-8.202665091092424,5.22208117814432,9
2024-10-21,0.07164369835419619,-8.465249603560217,5.849931595375584,9
2024-10-22,0.07567813684327912,-8.269035118682712,6.163206304868654,9
2024-10-23,0.069403545959756,-7.002891793026347,5.6768032681329545,9
2024-10-24,0.07656011851691662,-6.424307796521629,5.763631798332318,9
2024-10-25,0.07554439147782588,-6.634242173544609,6.713943942137236,9
2024-10-27,0.01008180656928951,-3.072686777488067,3.8777341252188604,9
2024-10-28,0.012190866994251653,-3.885095547658007,5.2818546435763585,9
2024-10-29,0.0555954014048424,-3.0284015250224154,4.095201479512515,9
2024-10-30,0.00934988634889795,-2.7513355584500685,3.8210042415810714,9
2024-10-31,0.015485350366880752,-4.888572312467782,7.332450517947787,9
2024-11-01,0.016397737172604045,-3.555678468676083,5.639960190157236,9
2024-11-02,0.06603824212049281,-8.92700669107838,14.670510319847883,9
2024-11-03,0.024521677555918532,-5.305395724308196,8.96106689680735,9
2024-11-04,0.07379045633753416,-10.537954668449391,18.607598290457197,9
2024-11-05,0.029378295371481192,-5.396593782764118,10.03020493920249,9
2024-11-06,0.03088308572332088,-1.4738789182087746,2.4986469449845554,9
2024-11-07,0.04045858864024953,-1.5317091895688224,2.375257499016144,9
2024-11-08,0.05397700856544479,-9.263641623183904,14.42817397575335,9
2024-11-09,0.01785599019137372,-5.665720271863319,9.484679050233519,9
2024-11-10,0.03190839256083279,-2.1360064525894753,3.592531211322614,9
2024-11-11,0.04207746011835582,-10.57248373551806,17.422588522486844,9
2024-11-12,0.012984388630075786,-2.473816283505746,4.35054081406781,9
2024-11-13,0.014306034914494978,-3.272490811432493,6.155880484298844,9
2024-11-14,0.016233217840014278,-3.192099161382972,6.242946931853199,9
2024-11-15,0.012093010063528692,-1.2107476074636827,2.756167589637055,9
2024-11-16,0.021100147769071077,-2.571448242032918,6.6052067961376535,9
2024-11-17,0.05090133375094372,-4.51991214215742,12.615384240298129,9
2024-11-18,0.053637127129041104,-4.658927222684772,13.834520282819593,9
2024-11-19,0.09432041018822995,-4.820320347294957,14.535938101289815,9
2024-11-20,0.03228704450719187,-5.0200717362715155,14.664333911391775,9
2024-11-21,0.012146651055556894,-0.5208962511528422,2.1546487068590885,9
2024-11-22,0.013308530269840014,-1.6716530344351497,7.773214946790593,9
2024-11-23,0.02191847988030178,-2.7613255183307777,14.616629774883268,9
2024-11-24,0.032729690191667035,-2.632890745275353,15.114486828994467,9
2024-11-25,0.0459779035461522,-2.972545731387357,17.490705822437857,9
2024-11-26,0.024200533027898718,-1.3204272295490609,7.25295473006707,9
2024-11-27,0.025577553425704714,-1.3087346174615724,6.461490843118916,9
2024-11-28,0.030538352745569427,-2.2740188555526184,10.738971434195173,9
2024-11-29,0.015591105017213598,-0.9889274865319301,4.9215252555416935,9
2024-11-30,0.012081394784423107,-0.6114289448309912,4.43866239216623,9
2024-12-01,0.009888888326631826,-0.7650626504845771,6.884907893577971,9
2024-12-02,0.008699713692711861,-0.7795806959002051,7.947331641310242,9
2024-12-03,0.008613172598830522,-0.7033945382640835,8.147692210806968,9
2024-12-04,0.008486866379500212,-0.7282076478714468,8.855292384494698,9
2024-12-05,0.014244988831359837,-0.4934139150777854,4.471967842044174,9
2024-12-06,0.013171660463986355,-1.0274851482367726,8.86046434319843,9
2024-12-07,0.008744793249169302,-0.5014975538736738,5.365863649660555,9
2024-12-08,0.010150970541348177,-1.1315635823268455,12.298491559356343,9
2024-12-09,0.015416323071209777,-0.7366360184597287,6.3687401744727525,9
2024-12-10,0.019248502392742887,-1.0030402771455194,7.275705345511399,9
2024-12-11,0.006462648115874199,-0.39088226618413696,1.8114380683456077,9
2024-12-12,0.012886876200882993,-0.6290980968625174,3.748587053678846,9
2024-12-13,0.04233177445045924,-1.76932991892823,12.035104689591982,9
2024-12-14,0.0256700754907269,-0.7766770565859182,4.299523932932124,9
2024-12-15,0.028921163866129758,-2.0883657376743163,10.660439727110923,9
2024-12-16,0.030503993289076742,-1.5091347820014713,7.728572160272154,9
2024-12-17,0.037576731873687895,-1.9318562623551945,8.825290999651653,9
2024-12-18,0.03257657829127756,-3.0337694896025824,13.403793251626292,9
2024-12-19,0.025435613146425114,-1.8748664124519299,8.942932324987348,9
2024-12-20,0.013660496330378647,-0.7411828496655265,3.996516388943104,9
2024-12-21,0.013172878893092944,-0.4301604305444933,3.1426989570095922,9
2024-12-22,0.011620232141841186,-0.7052566972397504,6.1986625148195555,9
2024-12-23,0.018470255394767585,-1.427010381760759,12.263524187732374,9
2024-12-24,0.01969101472188769,-1.226426856415379,9.060348745491298,9
2024-12-25,0.025614899584414978,-1.3870176498944802,9.439319615134512,9
2024-12-26,0.02166587609429291,-1.0429405888029504,5.9691738685476405,9
2024-12-27,0.03404114145530237,-1.792901247852317,9.339565528309928,9
2024-12-28,0.03270937443511742,-1.3207703706096556,5.916648274091072,9
2024-12-29,0.04801675580192448,-0.43396639627708333,1.262902444808756,9
2024-12-30,0.017611601424213662,-1.303683217233026,3.856127504805359,9
2024-12-31,0.0665250108372404,-5.372311135340429,17.638425989424576,9
2025-01-01,0.012946318114824908,-0.5998144886917489,2.3867769122408196,9
2025-01-02,0.01267080130150783,-0.47019850615577896,2.675467591971947,9
2025-01-03,0.017533422812796948,-1.6062315989207354,10.392831641353297,9
2025-01-04,0.014419483938004666,-0.7682973482442228,5.4574388851159075,9
2025-01-05,0.0199865106731286,-1.5544296232189347,12.025696023559984,9
2025-01-06,0.03323243589217485,-0.7181335888177521,3.958111524137379,9
2025-01-07,0.013978875086250888,-0.47729765356305914,3.2953288550419013,9
2025-01-08,0.01209860057697926,-0.6675842715140545,5.5516253907880735,9
2025-01-09,0.012515169585784905,-0.7206135961807275,6.664354637224621,9
2025-01-10,0.02589711303733317,-1.190993328414922,10.106529058881309,9
2025-01-11,0.014817499916183419,-0.897225149956,4.827945628372328,9
2025-01-12,0.017484059568587493,-0.5190729938388323,3.5312220588877565,9
2025-01-13,0.030988260656561694,-1.3357483963733439,8.477411408831705,9
2025-01-14,0.016542718933536562,-0.8854363529167953,5.76100296512776,9
2025-01-15,0.02465707238880931,-0.8303544411392872,5.738392070044974,9
2025-01-16,0.022886510355786212,-1.7607110957879835,13.085150175018237,9
2025-01-17,0.014968745037043383,-1.4123924920112871,11.051935441726298,9
2025-01-18,0.028290642255689457,-0.25766542330137326,1.0929246398504262,9
2025-01-22,0.07393506730143946,-2.0758433454987273,2.6805001665857664,9
2025-01-23,0.10082584656134276,-6.526398195518733,9.079796028295506,9
2025-01-24,0.09795517027301637,-5.005394852157523,7.797776543421029,9
2025-01-25,0.11180018395519163,-6.220555748937115,10.95526395328106,9
2025-01-26,0.1603111673419633,-8.248887461724145,15.221135557778375,9
2025-01-31,0.002195694264182024,-0.2871961864264256,1.0978509545229755,9
2025-02-01,0.00241388932119147,-0.022390990960993236,0.9247616959374827,9
2025-02-03,0.003889622484129548,-0.25395850584873075,2.0193791362488547,9
2025-02-04,0.002807014637757414,-0.12526811052178285,1.2618781866947797,9
2025-02-05,0.0023539610448491365,-0.13945933907107688,1.092047730768185,9
2025-02-06,0.002911879687119373,-0.14129688947440963,1.4025363985513477,9
2025-02-07,0.0039410081860743774,-0.1116609447900767,1.7211468385771402,9
2025-02-08,0.0032022660869265194,-0.10890510634100567,1.4611198197021276,9
2025-02-09,0.0028925192080378184,-0.09344464783896204,1.2446007476302572,9
2025-02-10,0.003881938458268977,-0.14488500321039194,1.9204159977255626,9
2025-02-11,0.004483671950360632,-0.19057470102591043,2.245911998814121,9
2025-02-12,0.004577794604868527,-0.16382989993687583,1.88269777622599,9
2025-02-13,0.0027871656631587726,-0.4649810461440357,0.8526344634322742,9
2025-02-14,0.03617092280301347,-1.6907428512665275,4.16843501202709,9
2025-02-15,0.1622853053602209,-6.129418401400981,15.148777521712011,9
2025-02-16,0.03444801035540062,-2.3474119743363318,5.717935609991255,9
2025-02-17,0.019548491117891312,-0.9413826589202117,2.9163288519631734,9
2025-02-18,0.06647121405607845,-2.76371944977384,8.99460414960308,9
2025-02-19,0.027412585045630728,-0.47373022891135097,0.9079355409718812,9
2025-02-20,0.015721472194488138,-1.009003084097886,2.3897512157641954,9
2025-02-21,0.023285302449205132,-1.5150069339236711,4.5325055802740755,9
2025-02-22,0.08673778989208743,-3.261890310997799,10.040839697065183,9
2025-02-23,0.17649987005866127,-4.988013950008856,15.162830342995909,9
2025-02-24,0.035317876435101,-0.8106885835634864,1.8625606580029421,9
2025-02-25,0.14379889735550488,-7.29059599926714,15.965489281016396,9
2025-02-26,0.05002467590520652,-3.2390602479011714,7.797626137326113,9
2025-02-27,0.2072495505273279,-5.0066855976728375,12.69336092558894,9
2025-02-28,0.03481909786660929,-1.9852938585739583,5.62331000138288,9
2025-03-01,0.16059661526690122,-3.871559044234469,11.774549550407682,9
2025-03-02,0.04305318303897139,-1.675668947330513,5.580850168989544,9
2025-03-03,0.12106290317534472,-2.7196581022914863,10.352910835418582,9
2025-03-04,0.19042884979532587,-3.434762211926132,11.910996678073396,9
2025-03-05,0.06256218851245131,-3.034913063183266,9.190609519479072,9
2025-03-06,0.05880138944852325,-1.4928932348600936,5.2018438624356875,9
2025-03-07,0.12654613024153033,-3.0104483142525513,11.644375291802191,9
2025-03-08,0.05794394147248426,-1.3266860850070774,4.667078823435903,9
2025-03-09,0.04373691536920068,-0.4456204973325338,0.8087926755388432,9
2025-03-10,0.06857248800900295,-2.236778272617538,1.9664044409765336,9
2025-03-11,0.10876376978351351,-6.6732675909368115,6.576449931494505,9
2025-03-12,0.13417572159619204,-7.371532506642642,8.359768781790383,9
2025-03-13,0.1376878546537316,-7.358185403021959,9.397412735965844,9
2025-03-14,0.2021951903265746,-8.142034876530769,11.282412856114792,9
2025-03-15,0.24803125534052364,-9.047150550030254,12.792657905382875,9
2025-03-16,0.16112938713233096,-7.675429388583433,10.034407827250732,9
2025-03-17,0.11644631661667687,-3.5216558272605,5.358813152460214,9
2025-03-20,0.022272012373807652,-4.408880110791758,9.46239716267769,9
2025-03-21,0.030908352166807866,-1.969943492228376,5.2236881066059695,9
2025-03-22,0.07860401610729212,-3.330924579440125,9.639697338050086,9
2025-03-23,0.2179941788593553,-5.699077952245712,16.875551393774707,9
2025-03-24,0.09905144299404182,-3.837227137949303,11.032666529243928,9
2025-03-25,0.23638278067751892,-5.608032509238523,15.987376446529789,9
2025-03-26,0.15892153140835352,-5.100841844919123,15.383214150237677,9
2025-03-27,0.09519630425350473,-2.9573658088202537,9.692779709732305,9
2025-03-28,0.37284107526079385,-7.909950143152599,25.802565587259984,9
2025-03-29,0.22653574036192103,-4.444096033732819,14.226991783373187,9
2025-03-31,0.17641715486294002,-9.931961446724078,13.41566335751895,9
2025-04-02,0.17793444783118398,-9.986739934819864,12.415757836411528,9
2025-04-04,0.02182183666023742,-2.927227794545869,4.486611312987838,9
2025-04-05,0.04163535775256783,-3.704796452280991,6.396264796796179,9
2025-04-06,0.026409570616351265,-2.6875426812794516,5.121267185827155,9
2025-04-07,0.04452282813868176,-2.7889728531839584,5.692907259212797,9
2025-04-08,0.017672715567994098,-1.3079285142615147,3.189145371645689,9
2025-04-09,0.019084829787419405,-1.8034007230111995,5.283431614819354,9
2025-04-10,0.18167276795943257,-5.828723541852868,17.87356865623628,9
2025-04-11,0.09550179027014662,-2.6344395580843267,8.404733928744351,9
2025-04-12,0.05048249395988271,-3.243117256768718,11.060184868178684,9
2025-04-13,0.0585415995460334,-2.521013907836812,9.735175301969182,9
2025-04-14,0.18604398002816744,-4.177148751556034,16.94186925948442,9
2025-04-15,0.17394671199096423,-2.9703819381418413,11.61436006477834,9
2025-04-16,0.08112593796325929,-1.7539186522329435,7.564935681098348,9
2025-04-17,0.1546999934536642,-2.2357704900685165,10.591175396178095,9
2025-04-18,0.19939505027895016,-2.374781583498034,10.705319094312376,9
2025-04-19,0.09237146369334108,-1.4265901991799426,6.296933900136532,9
2025-04-20,0.07695681044683196,-0.8898581449275524,4.180568030863038,9
2025-04-21,0.05396586023982506,-0.76489902051141,3.615372027519145,9
2025-04-22,0.05598374652085571,-0.540908504651637,2.6945773611118686,9
2025-04-23,0.045739745745114135,-0.4237778500757024,2.303324397499838,9
2025-04-24,0.0355893468761592,-0.3374539002842687,2.011616068571261,9
2025-04-25,0.03365911487762194,-0.20798155362920048,1.515469531828045,9
2025-04-26,0.029024185582670007,-0.12457899336862892,1.2110474284513755,9
2025-05-12,0.14632679058955522,-4.068255363280804,12.043570511523301,9
2025-05-13,0.03140050540542181,-0.7516587046919336,2.540155026105664,9
2025-05-14,0.025728124353761882,-0.4812240008928715,2.0370196927243347,9
2025-05-15,0.0192580357666683,-0.1469980546936035,0.904033795166003,9
