Date,ID,GPP,K600,DO,DO_Saturation,depth,Q,NEP_corrected,ER_corrected,CO2_flux,CO2,internal,external,int.ext.ratio,Basin
2023-08-02T09:46:00Z,5,NA,NA,NA,NA,NA,NA,NA,NA,NA,5002.726190476191,NA,NA,NA,5
2023-08-03T00:00:00Z,5,NA,NA,NA,NA,NA,NA,NA,NA,NA,2033.7195238095237,NA,NA,NA,5
2023-08-04T00:00:00Z,5,NA,NA,NA,NA,NA,NA,NA,NA,NA,1791.8940476190476,NA,NA,NA,5
2023-08-05T00:00:00Z,5,NA,NA,NA,NA,NA,NA,NA,NA,NA,2032.6978571428572,NA,NA,NA,5
2023-08-06T00:00:00Z,5,NA,NA,NA,NA,NA,NA,NA,NA,NA,1738.4197619047618,NA,NA,NA,5
2023-08-07T00:00:00Z,5,NA,NA,NA,NA,NA,NA,NA,NA,NA,1748.297380952381,NA,NA,NA,5
2023-08-08T00:00:00Z,5,NA,NA,NA,NA,NA,NA,NA,NA,NA,1751.7033333333334,NA,NA,NA,5
2023-08-09T00:00:00Z,5,NA,NA,NA,NA,NA,NA,NA,NA,NA,1667.2345238095238,NA,NA,NA,5
2023-08-10T00:00:00Z,5,NA,NA,NA,NA,NA,NA,NA,NA,NA,1575.9538095238097,NA,NA,NA,5
2023-08-14T18:00:00Z,5,NA,NA,NA,NA,NA,NA,NA,NA,NA,1803.815,NA,NA,NA,5
2023-08-15T00:00:00Z,5,NA,NA,NA,NA,NA,NA,NA,NA,NA,2074.5914285714284,NA,NA,NA,5
2023-08-16T00:00:00Z,5,NA,NA,NA,NA,NA,NA,NA,NA,NA,2205.3819047619045,NA,NA,NA,5
2023-08-17T00:00:00Z,5,NA,NA,NA,NA,NA,NA,NA,NA,NA,1850.817857142857,NA,NA,NA,5
2023-08-18T00:00:00Z,5,NA,NA,NA,NA,NA,NA,NA,NA,NA,1848.092857142857,NA,NA,NA,5
2023-08-19T00:00:00Z,5,NA,NA,NA,NA,NA,NA,NA,NA,NA,1756.4716666666666,NA,NA,NA,5
2023-08-20T00:00:00Z,5,NA,NA,NA,NA,NA,NA,NA,NA,NA,1640.3271428571427,NA,NA,NA,5
2023-08-21T00:00:00Z,5,NA,NA,NA,NA,NA,NA,NA,NA,NA,1649.523333333333,NA,NA,NA,5
2023-08-22T00:00:00Z,5,NA,NA,NA,NA,NA,NA,NA,NA,NA,1530.313571428571,NA,NA,NA,5
2023-08-30T04:00:00Z,5,NA,NA,NA,NA,NA,NA,NA,NA,NA,1130.6426190476188,NA,NA,NA,5
2023-08-31T00:00:00Z,5,NA,NA,NA,NA,NA,NA,NA,NA,NA,2033.666428571428,NA,NA,NA,5
2023-09-01T00:00:00Z,5,NA,NA,NA,NA,NA,NA,NA,NA,NA,1821.6083333333331,NA,NA,NA,5
2023-09-02T00:00:00Z,5,NA,NA,NA,NA,NA,NA,NA,NA,NA,1934.695,NA,NA,NA,5
2023-09-03T00:00:00Z,5,NA,NA,NA,NA,NA,NA,NA,NA,NA,1724.7309523809522,NA,NA,NA,5
2023-09-04T00:00:00Z,5,NA,NA,NA,NA,NA,NA,NA,NA,NA,1650.6692857142857,NA,NA,NA,5
2023-09-05T00:00:00Z,5,NA,NA,NA,NA,NA,NA,NA,NA,NA,1561.9583333333333,NA,NA,NA,5
2023-09-06T00:00:00Z,5,NA,NA,NA,NA,NA,NA,NA,NA,NA,1467.5464285714284,NA,NA,NA,5
2023-09-12T01:00:00Z,5,NA,NA,NA,NA,NA,NA,NA,NA,NA,1272.9133333333332,NA,NA,NA,5
2023-09-13T00:00:00Z,5,NA,NA,NA,NA,NA,NA,NA,NA,NA,1789.6171428571429,NA,NA,NA,5
2024-02-08T11:00:00Z,5,0.17558815150622203,5.785229248492599,7.8845833333333335,5.211804023884677,0.2783946597763325,174.72751339675384,-1.7518135639482102,-1.9513800165996393,7.2496347614186725,1231.52,2.408743650428789,4.840891110989883,0.49758269607849953,5
2024-02-09T00:00:00Z,5,0.20881457737333575,7.070116079715526,7.37625,4.926513415163932,0.27022107741185153,169.54109927255894,-2.617700795521607,-2.852334675710518,9.923048975271481,3485.441,3.5993385938422096,6.3237103814292714,0.5691814420237087,5
2024-02-10T00:00:00Z,5,0.2426966057911823,8.452602381020153,6.9925,4.733707685910016,0.2626207781203439,164.72014403124473,-4.065873773983995,-4.33475733047554,12.411992556814909,3778.998,5.590576439227993,6.8214161175869155,0.8195624402408787,5
2024-02-11T00:00:00Z,5,0.18628364413961596,5.682773115156701,6.61375,4.568128206054758,0.2541574089208784,159.3533712561465,-2.4186876488964515,-2.6310653226976926,8.624255529357729,3978.043,3.325695517232621,5.298560012125108,0.6276602529030855,5
2024-02-12T00:00:00Z,5,0.17126476651615874,4.321796633716589,6.149583333333333,4.320526901546872,0.25345873328110297,158.91155650028284,-1.7713913090875892,-1.9562399786084401,7.145672975933965,4231.294,2.4356630499954353,4.71000992593853,0.5171248231520655,5
2024-02-13T00:00:00Z,5,0.1335068758376258,5.163519817573132,6.421250000000001,4.245595858209505,0.2745951391902781,172.3162430978494,-1.7322480252002466,-1.897332847588919,9.10827594909853,4750.668,2.381841034650339,6.726434914448191,0.3541015508132268,5
2024-02-14T00:00:00Z,5,0.22003993083688544,11.973813459658176,7.20375,4.763448727707584,0.2592771161299897,162.5998861596453,-5.2076144271932625,-5.472774812542548,17.24055171093349,3989.208,7.160469837390736,10.080081873542756,0.7103583013730136,5
2024-02-15T00:00:00Z,5,0.47437052219564785,19.488513467383832,7.308333333333334,4.967692104338695,0.2456940397214128,153.98870008002118,-9.861221080430305,-10.366602595195273,26.3484297726464,3738.744,13.559178985591668,12.789250787054733,1.060201196407553,5
2024-02-16T00:00:00Z,5,0.432822245314628,18.228975071115563,7.153333333333333,4.823625351059772,0.23970539138047955,150.1938949894624,-9.340123996045218,-9.801421267870985,24.708404399942125,3817.662,12.842670494562174,11.865733905379951,1.082332588693842,5
2024-02-17T00:00:00Z,5,0.1306220269280999,3.9025462986673296,7.01875,4.722544981568578,0.2466216930918711,154.57957567053305,0.01606560350424724,-0.12033729578325625,5.665949011955738,3965.154000000001,-0.022090204818339954,5.688039216774078,-0.0038836238599051403,5
2024-02-18T00:00:00Z,5,0.1458685668524115,1.1366479270135437,7.205416666666666,4.686908856502113,0.47210898118765926,298.116576814174,2.2504573617826367,2.0842404346088195,3.2234132652000094,4245.822,-3.0943788724511254,6.317792137651135,-0.4897880153432163,5
2024-02-19T00:00:00Z,5,0.06992750307051052,3.626803822130064,7.168333333333333,5.053635798931574,0.5046795955713123,318.86812414299914,-0.7305028227316344,-0.8518685004324436,9.374881701588235,3690.04,1.0044413812559974,8.370440320332238,0.11999863123283451,5
2024-02-20T00:00:00Z,5,0.3661859461361706,10.880712347876862,7.5112499999999995,5.085663009576896,0.4168607646306201,262.8177715222444,-7.0986882646373255,-7.545053252562307,21.66663436807096,3499.521,9.760696363876322,11.905938004194637,0.8198175028660056,5
2024-02-21T00:00:00Z,5,0.46338609402645065,13.873936716192848,7.70875,5.098280363386293,0.3655227831667783,230.11130830975765,-7.840092475832122,-8.374772385509598,23.37658547559918,3369.167,10.780127154269168,12.596458321330013,0.855806201971455,5
2024-02-22T00:00:00Z,5,0.3050540954637806,7.413019722219144,7.828333333333333,5.096395925390255,0.33219771651664515,208.9081380357952,-1.8415603437925347,-2.2226602982089507,11.165571137134272,3241.677,2.5321454727147352,8.633425664419537,0.29329556668916806,5
2024-02-23T00:00:00Z,5,0.16265159549072172,4.142509102920444,7.382916666666667,4.928206523475168,0.3132718263921377,196.8766802477412,0.023290205038201783,-0.17892621216820848,6.291094094979036,3301.841,-0.03202403192752745,6.3231181269065635,-0.005064594917380494,5
2024-02-24T00:00:00Z,5,0.3204847246363963,10.957998517631092,7.17375,4.67754715582467,0.3033641361222116,190.5819102279515,-5.26383137428707,-5.631592308522498,16.88649377874185,3634.367,7.2377681396447215,9.64872563909713,0.7501268468363237,5
2024-02-25T00:00:00Z,5,0.38780439613021106,13.257202589103812,7.422916666666667,4.7966232486780696,0.2834606872244047,177.9434912081865,-5.48228990747229,-5.932775151697561,18.60739456445156,3478.034,7.538148622774399,11.069245941677162,0.68099928960764,5
2024-02-26T00:00:00Z,5,0.5894767646084117,16.154166201327293,7.6025,4.8873672153043914,0.2635748519981889,165.32531754689538,-6.5121000720103925,-7.170012176596805,20.798049248930834,3453.683,8.95413759901429,11.843911649916544,0.756011853489078,5
2024-02-27T00:00:00Z,5,0.35096999540087487,8.342334030210072,7.3133333333333335,4.820471968078482,0.24966298705324697,156.5044079255377,-2.0851695106588903,-2.49739872081893,10.768241384065387,3525.306,2.867108077155974,7.901133306909413,0.3628730165391254,5
2024-02-28T00:00:00Z,5,0.37793432221790824,7.712964223046658,6.83125,4.620763926746867,0.23881296535320332,149.6286772584391,-2.3971149729978407,-2.832284286358291,10.335011387961114,3734.446,3.296033087872031,7.038978300089083,0.4682544749186565,5
2024-02-29T00:00:00Z,5,0.1870733836390594,4.71159796776391,6.535416666666666,4.346555683950575,0.23069306274976187,144.48507327479174,-0.06999733150255816,-0.2883828020239565,6.366571044046147,4050.569,0.09624633081601747,6.27032471323013,0.015349497070373665,5
2024-03-01T00:00:00Z,5,0.408505662307548,9.304498139032813,6.73625,4.650761791920089,0.2221328183565457,139.06502437223838,-3.2058040894464166,-3.6604690959990025,11.873241588194816,3767.671,4.4079806229888225,7.465260965205993,0.5904657109153304,5
2024-03-02T00:00:00Z,5,0.5322774989908443,17.595364624192825,6.239166666666667,4.340584320250721,0.2194467334389213,137.36465844241823,-10.164753247563837,-10.731499888107166,25.01587636809949,4207.161,13.976535715400276,11.039340652699215,1.266066167817993,5
2024-03-03T00:00:00Z,5,0.4902224150171202,14.73728901902924,6.0320833333333335,4.245238384118855,0.2205211674059712,138.04477657188053,-8.589265992231045,-9.121544548587998,21.905670545726675,4453.461,11.810240739317686,10.095429806408989,1.1698601214403042,5
2024-03-04T00:00:00Z,5,0.48258550944022655,12.20891614849609,6.004583333333334,4.1828860232442535,0.21945486282580948,137.36985865832824,-6.42288184685143,-6.956702140433475,18.296908439792674,4500.717,8.831462539420716,9.465445900371957,0.933021289474981,5
2024-03-05T00:00:00Z,5,0.26502315252127,6.452607869151877,5.913333333333333,4.165096907863776,0.21708063022186655,135.86715651813896,-2.2966367631585567,-2.5942258445370276,9.713761626609699,4476.373,3.1578755493430153,6.555886077266684,0.4816855436663741,5
2024-03-06T00:00:00Z,5,0.34879123997204325,10.283720091886565,5.76375,4.110855891936911,0.2568464294504347,161.0589622293383,-6.995685498669423,-7.380787385728553,20.64362799127607,4721.24,9.619067560670457,11.024560430605613,0.872512570566231,5
2024-03-07T00:00:00Z,5,0.5877208371196271,15.524421538856906,5.765833333333333,4.040648230816867,0.2550116719930411,159.8953147231829,-11.273469048737649,-11.927258801695594,29.31191208289138,4926.015,15.501019942014267,13.810892140877112,1.1223764391103135,5
2024-03-08T00:00:00Z,5,0.6150229483214152,14.160045503698358,5.70875,4.064357050434325,0.2391681743969546,149.85376712003193,-9.700064374668958,-10.378163794978425,24.465174969951057,4832.61,13.337588515169818,11.12758645478124,1.1986056966952612,5
2024-03-09T00:00:00Z,5,0.17594074114942357,3.620406057223595,5.25125,3.8965974482277996,0.2342979942020489,146.7688195075517,-1.028234841261658,-1.2422088230446393,6.683121694977187,4868.736,1.4138229067347798,5.269298788242407,0.26831329244215535,5
2024-03-10T00:00:00Z,5,0.12697960135287,4.794604767944322,5.48625,3.77846032483873,0.28016986624882323,175.85437363884017,-1.8041180476623655,-1.9801348754942492,10.79807836105871,5637.709,2.480662315535753,8.317416045522958,0.2982491559828881,5
2024-03-11T00:00:00Z,5,0.21230939439294635,7.101739766004259,6.455,4.284078211079881,0.26310221847716414,165.02643166558295,-1.7488800395033395,-2.0456237481332096,12.080018318024829,4697.03,2.404710054317092,9.675308263707738,0.24854092384190013,5
2024-03-12T00:00:00Z,5,0.7346225635770188,19.599773912577717,6.795,4.60592211146878,0.2392063373520686,149.87829064670726,-9.851314249697223,-10.664040079344195,28.32316269134014,4182.809,13.545557093333683,14.777605598006458,0.9166273252793414,5
2024-03-13T00:00:00Z,5,0.6804609778919811,22.004397908707407,6.5025,4.490150726831149,0.22581407571906056,141.39580564167335,-12.026337996980697,-12.772896994476877,31.104918206892393,4219.949,16.536214745848458,14.568703461043935,1.135050541049556,5
2024-03-14T00:00:00Z,5,0.9654479473138302,27.05554196073052,6.4904166666666665,4.4353485102774535,0.2134228577548066,133.55275513152876,-14.556807000822566,-15.609926720213034,35.80211943724511,4255.767,20.015609626131027,15.786509811114083,1.2678932750568817,5
2024-03-15T00:00:00Z,5,NA,NA,NA,NA,NA,NA,NA,NA,NA,4176.513,NA,NA,NA,5
2024-03-16T00:00:00Z,5,NA,NA,NA,NA,NA,NA,NA,NA,NA,4545.883,NA,NA,NA,5
2024-03-17T00:00:00Z,5,0.6629248960495548,21.116547611597944,5.337916666666667,3.8567980424811767,0.18940074531664208,118.36240699329248,-13.691229117272986,-14.417040254793893,28.48383607391464,4678.71,18.825440036250356,9.658396037664286,1.9491269526366368,5
2024-03-18T00:00:00Z,5,0.07486148032773705,4.820517476233769,5.300416666666667,3.8352744418957925,0.18692308884617767,116.79668565994908,-1.0124385607900002,-1.12128706772473,6.322610148819563,4710.697,1.3921030210862502,4.930507127733312,0.2823447943632195,5
2024-03-19T00:00:00Z,5,0.13115667342515686,5.7578587138299895,6.4191666666666665,4.192761830394855,0.1821262989495677,113.76676957314132,0.05030625975612191,-0.1796743299278667,5.9372994883357135,4404.773,-0.06917110716466762,6.006470595500381,-0.011516098524895083,5
2024-03-20T00:00:00Z,5,1.1240500879135946,36.45487371176801,7.218333333333334,4.83351860355778,0.173439823243283,108.2816452818427,-13.114447204657935,-14.33200834286488,30.95502191389222,3466.575,18.03236490640466,12.922657007487562,1.3954069117486028,5
2024-03-21T00:00:00Z,5,0.48212107718460434,12.334940240257794,7.128333333333333,4.788492397261009,0.164685828462566,102.7569392280222,-2.5952550003950012,-3.16625393002817,10.780033254539108,3513.846,3.568475625543127,7.211557628995981,0.4948273048800337,5
2024-03-22T00:00:00Z,5,NA,NA,NA,NA,NA,NA,NA,NA,NA,3792.451,NA,NA,NA,5
2024-03-23T00:00:00Z,5,0.313361571334231,17.71791504790814,6.185833333333333,4.306696807539249,0.23726883347706088,148.65018015186294,-11.18479166763307,-11.529687267693427,31.07837095198208,5137.857,15.37908854299547,15.69928240898661,0.9796045540394984,5
2024-03-24T00:00:00Z,5,0.13182142179931722,5.7911957856901655,6.4245833333333335,4.2484163992060875,0.22972431081225797,143.8717735772652,-0.7618653263337465,-0.9416197177476935,8.642025869026723,4655.482,1.0475648237089015,7.594461045317821,0.13793800737904263,5
2024-03-25T00:00:00Z,5,NA,NA,NA,NA,NA,NA,NA,NA,NA,3986.5610000000006,NA,NA,NA,5
2024-03-26T00:00:00Z,5,0.4746620974323049,15.353977621998892,6.28,4.335912111151477,0.17207182808304997,107.41831931073888,-7.538707913322812,-8.035478749046076,16.95354762324544,4067.8110000000006,10.365723380818865,6.587824242426576,1.5734668988377152,5
2024-03-27T00:00:00Z,5,0.1459600535658573,31.24154051985553,5.80375,4.035809883303624,0.1692829967478117,105.65756967596676,-18.022988888673662,-18.172922354212716,37.34008563911539,4575.428,24.781609721926287,12.5584759171891,1.9732975470380987,5
2024-03-28T00:00:00Z,5,NA,NA,NA,NA,NA,NA,NA,NA,NA,4719.827,NA,NA,NA,5
2024-03-29T00:00:00Z,5,NA,NA,NA,NA,NA,NA,NA,NA,NA,4871.827,NA,NA,NA,5
2024-03-30T00:00:00Z,5,0.3891452664441953,22.880539429804067,6.8308333333333335,4.509384944717169,0.17481075401544757,109.14788886917854,-9.521659463429334,-9.943293295183441,23.502997938959055,4112.618,13.092281762215334,10.41071617674372,1.2575774365515704,5
2024-03-31T00:00:00Z,5,0.2515641472499575,6.670254936469606,6.712916666666667,4.4837218294503405,0.16327673473528767,101.86845933773589,-1.883245761725162,-2.166526566973447,6.326004236672481,3934.992,2.5894629223720975,3.7365413143003834,0.693010649303349,5
2024-04-01T00:00:00Z,5,0.6833059280280244,28.250494665813303,6.3566666666666665,4.2955951287888805,0.16209074751482827,101.1201986768335,-13.164353744688613,-13.876301483691051,27.766215870804004,4030.959,18.100986398946844,9.66522947185716,1.8727942726711864,5
2024-04-02T00:00:00Z,5,0.38096628802867977,17.03910549324429,5.979166666666667,4.133171693006255,0.15302264225740575,95.40151960730536,-7.9629437876818745,-8.369739428698024,16.756138557468223,4142.7,10.949047708062578,5.807090849405645,1.8854617556367679,5
2024-04-03T00:00:00Z,5,NA,NA,NA,NA,NA,NA,NA,NA,NA,4466.057,NA,NA,NA,5
2024-04-04T00:00:00Z,5,0.07541551393856923,1.1814745399328404,5.42125,4.101537284812882,0.5038488173946044,318.356305525346,0.2756703948708481,0.16757044727292514,4.438476850583402,5311.595,-0.37904679294741617,4.8175236435308175,-0.07868083708450853,5
2024-04-05T00:00:00Z,5,0.06894413729561699,3.9412399283439807,6.272083333333334,4.437224786834287,0.3793935495446747,238.94670326395217,-2.4686996254013813,-2.579625649650863,9.697238093739351,4550.954,3.3944619849268993,6.302776108812452,0.5385661693076501,5
2024-04-06T00:00:00Z,5,0.0898282676111859,6.477512840647314,6.677083333333333,4.484642904709667,0.3174756226785181,199.5504696197396,-3.669553245725549,-3.795302331738032,12.310939508588048,4227.216,5.045635712872629,7.265303795715418,0.6944837896315088,5
2024-04-07T00:00:00Z,5,0.33247779841696595,18.20139375927515,7.000416666666666,4.54517294196989,0.2774103910329032,174.1043948714872,-11.149816975474735,-11.520837728010747,28.049123069966658,3952.182,15.33099834127776,12.718124728688897,1.205444880304946,5
2024-04-08T00:00:00Z,5,0.4525753852889839,23.64099541417286,6.9037500000000005,4.506468535019727,0.24878523908562972,155.9490835973427,-14.052827422583551,-14.533413416583118,32.43989482805426,3761.663,19.322637706052383,13.117257122001874,1.4730699815010933,5
2024-04-09T00:00:00Z,5,0.4112777841855251,25.15244964624105,6.626666666666667,4.352002253852957,0.22599314804690213,141.50993240084452,-14.86048542019709,-15.293430688348444,32.978727917563646,3844.747,20.433167452771,12.545560464792647,1.6287169879826264,5
2024-04-10T00:00:00Z,5,NA,NA,NA,NA,NA,NA,NA,NA,NA,3827.557,NA,NA,NA,5
2024-04-11T00:00:00Z,5,NA,NA,NA,NA,NA,NA,NA,NA,NA,3982.263,NA,NA,NA,5
2024-04-12T00:00:00Z,5,0.0839785301578807,3.6148111551678097,6.081666666666667,4.070577395985896,0.2804957191732566,176.0636331923671,-1.3223471029334715,-1.43155096059156,6.7689863844230285,4628.307,1.8182272665335233,4.950759117889505,0.3672623174016652,5
2024-04-13T00:00:00Z,5,0.15181214822064934,11.105415295408749,6.553333333333334,4.293776572364604,0.2385311466077476,149.45185302591642,-5.666339771174272,-5.853593718144236,15.628506001475376,4161.322,7.791217185364624,7.837288816110752,0.9941214836116004,5
2024-04-14T00:00:00Z,5,NA,NA,NA,NA,NA,NA,NA,NA,NA,3823.26,NA,NA,NA,5
2024-04-15T00:00:00Z,5,NA,NA,NA,NA,NA,NA,NA,NA,NA,3870.531,NA,NA,NA,5
2024-04-16T00:00:00Z,5,0.17524429943375175,24.42510373735553,6.2725,4.15256638372529,0.16718990544041684,104.3378991797991,-11.31669952064748,-11.513826023165416,23.14252695532332,3877.693,15.560461840890286,7.582065114433034,2.0522722511667397,5
2024-04-17T00:00:00Z,5,0.3258519155845882,27.954780056453945,6.0925,4.11585530679899,0.15118494918808006,94.243597256511,-12.723311982912236,-13.06849214684157,24.260495814229934,3833.287,17.494553976504324,6.7659418377256095,2.585679037167894,5
2024-04-18T00:00:00Z,5,0.04427966876592562,3.643506199382661,5.68625,3.951537593106776,0.147406816631815,91.8620219224756,-1.0083531836188633,-1.0682335098670273,3.351016893861757,4056.752,1.386485627475937,1.96453126638582,0.7057590027705066,5
2024-04-19T00:00:00Z,5,0.1288263751765607,16.702264275264856,5.395833333333333,3.8351449572118814,0.14472660293805434,90.1735013406969,-8.52850043517239,-8.673876906851518,15.944250430751238,4234.378,11.726688098362036,4.2175623323892015,2.780442154536931,5
2024-04-20T00:00:00Z,5,0.134445439482759,15.64451887617231,5.153333333333333,3.7763958340259247,0.13464864717608205,83.82663986086685,-7.920348658937807,-8.069845984499763,14.683492211008755,4460.708,10.890479406039486,3.793012804969269,2.87119500144364,5
2024-04-21T00:00:00Z,5,0.04866650931804717,12.33698365709524,5.213333333333333,3.778364536983058,0.13624268445506574,84.82978056540291,-5.972528836908794,-6.034073231883609,11.896894107773038,4648.361,8.212227150749593,3.6846669570234454,2.228756966785299,5
2024-04-22T00:00:00Z,5,0.04351465497115458,8.068041219952388,5.558333333333334,3.9436810206369626,0.1311082991862952,81.59808390221264,-3.020883574333669,-3.0841943080050624,6.881914350899061,4535.196,4.153714914708795,2.728199436190266,1.5225114629116552,5
2024-04-23T00:00:00Z,5,0.0646685894598667,8.502783525892518,6.10125,4.436621587490657,0.12429180828058614,77.30980473954209,-2.784135622786562,-2.872298900425248,6.367534503076994,4267.325,3.8281864813315227,2.5393480217454716,1.5075469957442629,5
2024-04-24T00:00:00Z,5,0.05481213907447065,5.800280524763476,6.042083333333333,4.4181315055227905,0.1197709659055682,74.46692258387607,-1.7610839003967684,-1.8353834491843017,4.162875037754616,4182.809,2.4214903630455566,1.7413846747090593,1.3905545387035898,5
2024-04-25T00:00:00Z,5,0.06120203597847955,4.3638205142467354,5.664166666666667,4.339020763382542,0.11487730081520768,71.39127253860597,-1.4391167829877642,-1.5248796587240379,3.1782405829832117,4179.944,1.9787855766081759,1.1994550063750358,1.6497372273999793,5
2024-04-26T00:00:00Z,5,0.4198320830636084,16.060713598423675,5.3875,4.081032977596251,0.1096988813674597,68.13789471817168,-6.647338014247952,-7.086971018378373,11.908478921229234,4605.388,9.140089769590933,2.768389151638301,3.3015913836325836,5
2024-04-27T00:00:00Z,5,0.4668909112773265,14.128573851723386,5.525833333333333,4.1109725801383545,0.1113075967061025,69.14776492035051,-5.551040191097492,-6.04290126155955,10.392518575367657,4477.898,7.6326802627590515,2.759838312608605,2.765625880287395,5
2024-04-28T00:00:00Z,5,0.3472420177339436,8.436494471810553,5.4125,4.043314535164702,0.10644622334699216,66.09593301579956,-3.179592789180505,-3.5456333147647103,5.948855819575346,4454.978,4.371940085123194,1.576915734452152,2.772462719222015,5
2024-04-29T00:00:00Z,5,0.2739907621808984,9.864803732831591,5.529166666666667,4.160480315341033,0.1017991496589052,63.17854207544645,-3.369073162419674,-3.6646663772811214,6.292324382186206,4466.438,4.632475598327051,1.6598487838591547,2.7909021854126546,5
2024-04-30T00:00:00Z,5,0.3580031970617959,5.593527257340731,5.441666666666666,3.9517500795851057,0.09800633904298103,60.79865564671117,-1.8678866358855064,-2.241197198515181,3.2894370237614003,4093.996,2.5683441243425715,0.7210928994188288,3.561738198244014,5
2024-05-01T00:00:00Z,5,0.18015719751129972,3.6498396127740578,5.130416666666667,3.807902224348828,0.09633597585376975,59.75147451483823,-1.1905318438635129,-1.376555970562496,2.2385781593475103,4136.97,1.6369812853123302,0.60159687403518,2.7210601583288865,5
2024-05-02T00:00:00Z,5,0.29792687319806244,2.0844219963310153,5.0975,3.789414413475207,0.09366456899580458,58.07670825541416,-0.5573226640325428,-0.8599561296734262,1.1725654269810872,4258.73,0.7663186630447464,0.40624676393634085,1.886337888871969,5
2024-05-03T00:00:00Z,5,0.3303708379514473,1.625746235383453,4.845416666666667,3.6748404413244233,0.09112526467477183,56.48486910237227,-0.49349932196517315,-0.8253383375956793,0.9235418428019612,3806.07,0.6785615677021131,0.2449802750998481,2.7698620528756757,5
2024-05-04T00:00:00Z,5,0.34545956135555417,1.7546500534474077,4.652916666666667,3.629419761721254,0.093036348042393,57.68188276030131,-0.5391526506719122,-0.8875273450664889,1.0682047910099657,3962.209,0.7413348946738793,0.32686989633608643,2.267981551631299,5
2024-05-05T00:00:00Z,5,0.3184212762276286,1.8979827833463907,4.803333333333334,3.7169645094139243,0.09730472779127392,60.35915482753606,-0.6164221223406933,-0.9373572511402124,1.150617787797988,3863.369,0.8475804182184532,0.30303736957953475,2.796950156327167,5
2024-05-06T00:00:00Z,5,0.4310752796082278,2.399245353561775,4.78875,3.6818079065621725,0.09642697982365672,59.80894401879112,-0.8608693156493251,-1.300838558597936,1.4047012946224886,3685.742,1.183695309017822,0.22100598560466667,5.3559423097942895,5
2024-05-07T00:00:00Z,5,0.14512981472723802,1.724012144825657,4.037916666666667,3.6136244033057854,0.09482120009694564,58.80253510247983,-0.7172412123124096,-0.8624682671200374,1.1422439862081304,3771.691,0.9862066669295632,0.15603731927856723,6.3203256213914285,5
2024-05-08T00:00:00Z,5,0.0901177366720232,1.7235184971723767,3.4566666666666666,3.6945233052576656,0.090934675715505,56.36625933033567,-0.6916420705557339,-0.7720341550865153,1.191401290952234,4294.542,0.9510078470141341,0.24039344393809992,3.956047350688207,5
2024-05-09T00:00:00Z,5,0.2317450075631885,1.1436163389310434,3.1225,3.6752471824166397,0.08809571316112344,54.586769679679726,-0.4187302968650513,-0.6134866736116427,0.8158561720481068,4715.688,0.5757541581894455,0.24010201385866126,2.3979563891886793,5
2024-05-10T00:00:00Z,5,0.38063633934203905,3.95696953384948,4.69125,3.5381162537369297,0.10355170998220782,64.27798298414515,-1.087925838679364,-1.5170438840338902,2.6130066121072355,5002.181,1.4958980281841254,1.11710858392311,1.3390802377784676,5
2024-05-11T00:00:00Z,5,0.26587086834045914,1.59203508431957,5.22625,3.534893709292512,0.09651798379354334,59.86646060973752,-0.2059400719262392,-0.480370030924817,0.811842017748077,3449.385,0.2831675988985789,0.5286744188494981,0.5356181211014684,5
2024-05-12T00:00:00Z,5,0.3205975758904375,1.6135302608819746,4.585833333333333,3.902415436532589,0.09410491078557924,58.35214693928554,-0.16011739810542552,-0.4729292821976538,0.9074968694787395,3548.225,0.2201614223949601,0.6873354470837795,0.3203114626621673,5
2024-05-13T00:00:00Z,5,0.21201068826407385,3.495250524383534,5.5495833333333335,3.9433031454769636,0.0981942182066181,60.927364195071185,-0.3066059822856533,-0.5492682429100775,1.5534677836039432,3462.277,0.4215832256427733,1.13188455796117,0.3724613280369852,5
2024-05-14T00:00:00Z,5,0.04338245536131022,5.0001324275404375,5.75375,3.8444517032719614,0.15319290774945202,95.5163899874306,-2.2303197719280083,-2.2772280526225535,5.879763121086469,2803.342,3.0666896864010114,2.813073434685458,1.0901562855019855,5
2024-05-15T00:00:00Z,5,NA,NA,NA,NA,NA,NA,NA,NA,NA,5516.438,NA,NA,NA,5
2024-05-16T00:00:00Z,5,NA,NA,NA,NA,NA,NA,NA,NA,NA,6597.952,NA,NA,NA,5
2024-05-17T00:00:00Z,5,0.1328314146158482,21.028984121232053,5.459583333333334,3.5270924972971733,0.16406054312108612,102.36298259096117,-11.902580768622183,-12.044853965125517,28.518510861046142,5520.735,16.366048556855503,12.152462304190639,1.3467269551794336,5
2024-05-18T00:00:00Z,5,0.1458636727668343,30.46307771608962,5.224166666666667,3.5441435382196396,0.1494177108051185,93.1292547544212,-17.239061213165414,-17.388686106407505,36.61386176498354,5357.434,23.703709168102442,12.910152596881098,1.8360518196995526,5
2024-05-19T00:00:00Z,5,0.08353189271329063,14.238800793253697,5.060833333333333,3.5662512615132353,0.13627497618631587,84.85130481965122,-7.437308820899839,-7.529175202630487,15.397593015592403,5079.535,10.226299628737278,5.171293386855124,1.9775129476759992,5
2024-05-20T00:00:00Z,5,0.2373330412336744,22.669869505145236,4.98625,3.5796795781661195,0.12432410001183632,77.32980049757619,-11.325669322395063,-11.571746764911872,22.298928309564356,5158.32,15.572795318293212,6.726132991271145,2.315267232822016,5
2024-05-21T00:00:00Z,5,0.3688650459301507,24.20086278445485,5.053333333333334,3.7638710155495954,0.11734615044987665,72.94299260063251,-11.465921037753628,-11.844841812128164,22.252029300755904,5125.374,15.765641426911237,6.4863878738446665,2.4305733381260923,5
2024-05-22T00:00:00Z,5,0.32439325624894266,12.768621970515008,4.81375,3.7070590830844714,0.10754707782142844,66.78748593227978,-5.9535827793461085,-6.288712748987467,11.23702911815529,5195.564,8.186176321600898,3.0508527965543912,2.683241987566985,5
2024-05-23T00:00:00Z,5,0.5520732593745282,18.98044805953394,4.274583333333333,3.5587572647593584,0.09657963164411174,59.90513620780566,-8.974725419168903,-9.540760819204623,16.234904358728517,5629.603,12.340247451357243,3.8946569073712745,3.168506942935412,5
2024-05-24T00:00:00Z,5,0.2523125039195128,2.7224096182243587,3.9875,3.472251042590954,0.085770708511114,53.1319397134579,-1.2079246627469378,-1.4650177048535324,2.120426720281668,6024.964,1.6608964112770395,0.4595303090046283,3.614334851763415,5
2024-05-25T00:00:00Z,5,0.14664848840219324,1.876995650243039,3.8020833333333335,3.4722476459768266,0.07702552056619248,47.65906033280257,-0.6747394730482273,-0.8237978054922538,1.3080562448542323,6047.884,0.9277667754413126,0.38028946941291975,2.4396330954774346,5
2024-05-26T00:00:00Z,5,0.103185140263431,1.6706556835104724,3.6770833333333335,3.457806079303838,0.07204672272980914,44.54486624161852,-0.45005333370795275,-0.5489298263437752,1.0675551305528244,5297.27,0.618823333848435,0.44873179670438934,1.379049441990171,5
2024-05-27T00:00:00Z,5,0.2218112357456672,0.9036924646483772,3.4158333333333335,3.573480162479504,0.06535646313716868,40.36521263562694,-0.24227812193912535,-0.4559316626162188,0.512278837134005,4519.439,0.33313241766629736,0.17914641946770765,1.859553870270607,5
2024-05-28T00:00:00Z,5,0.18572162739793668,1.3423067210402433,3.2391666666666667,3.3425338346668565,0.06112037511953806,37.72086507450384,-0.4661020648082999,-0.6465474741426349,0.7236118033543784,5159.753,0.6408903391114124,0.082721464242966,7.747570053027788,5
2024-05-29T00:00:00Z,5,0.03055189508065246,0.7555413107328052,2.7016666666666667,3.6173285865182416,0.05474129039167159,33.7410755354218,-0.01985201310184701,-0.04472565088330453,0.3712119918170876,5268.621,0.027296518015039642,0.34391547380204796,0.07936984548346046,5
2024-05-30T00:00:00Z,5,0.01954199224552022,2.051563570926238,4.493333333333333,3.9760483367279136,0.03865729843347802,23.73714893431973,-0.6108731772074589,-0.6261063027808818,0.5482544029407118,5254.296,0.839950618660256,-0.2916962157195442,-2.87953896346684,5
2024-05-31T00:00:00Z,5,0.05335393338202862,2.1807236844289437,3.819583333333333,3.8365320395853644,0.01529253725174097,9.314658400629144,-0.11269251620278013,-0.1660045864925408,0.29882465551044585,5853.068,0.15495220977882268,0.14387244573162317,1.0770110217481637,5
2024-06-01T00:00:00Z,5,NA,NA,NA,NA,NA,NA,NA,NA,NA,5303,NA,NA,NA,5
2024-06-02T00:00:00Z,5,NA,NA,NA,NA,NA,NA,NA,NA,NA,4018.075,NA,NA,NA,5
2024-06-06T02:00:00Z,5,0.07522747126941116,3.38302339185925,5.168333333333333,3.6811968580366736,0.04630937417718998,28.50839359289321,-0.8657208014707096,-0.9409185320492287,0.7895906609776016,1697.476,1.1903661020222258,-0.40077544104462426,-2.9701573003563477,5
2024-06-07T00:00:00Z,5,0.06378029427420642,2.5242473734422872,3.125,3.3077324171935896,0.032213404426809,19.74248099301129,-0.45265448693452076,-0.5164110753292811,0.652036227840523,4326.056,0.6223999195349661,0.029636308305556858,21.001263487944787,5
2024-06-08T00:00:00Z,5,NA,NA,NA,NA,NA,NA,NA,NA,NA,5827.284,NA,NA,NA,5
2024-06-29T21:00:00Z,5,NA,NA,NA,NA,NA,NA,NA,NA,NA,1290.654,NA,NA,NA,5
2024-06-30T00:00:00Z,5,0.03811607495663156,3.794358545210427,4.982083333333334,3.292899091337205,0.03802004482796837,23.348572860316413,-0.5707374450332645,-0.6079378803858084,0.6373732833691519,2142.973,0.7847639869207387,-0.1473907035515868,-5.324379136612718,5
2024-07-01T00:00:00Z,5,0.0572817195313673,2.7675729777922373,3.870416666666667,3.1788810391508164,0.02275779839438484,13.892883449170366,-0.36608020703242494,-0.419490793981521,0.41502656403922367,3326.193,0.5033602846695843,-0.0883337206303606,-5.698393332439092,5
2024-07-02T00:00:00Z,5,0.10317487852106408,9.947919618628603,5.1225,3.1656027685825707,0.08359542006962782,51.7790192343217,-2.818582586535552,-2.9208900797973474,4.4133608227772365,4579.603,3.8755510564863838,0.5378097662908528,7.2061745609700365,5
2024-07-03T00:00:00Z,5,NA,NA,NA,NA,NA,NA,NA,NA,NA,2681.582,NA,NA,NA,5
2024-07-04T00:00:00Z,5,0.0479898521930688,1.2965656978590934,4.554583333333333,3.1811171835879914,0.30909445061314367,194.26295034475388,-1.2794784129473988,-1.3270669389381384,4.823303097288707,5838.747,1.7592828178026734,3.0640202794860336,0.5741746650899385,5
2024-07-05T00:00:00Z,5,NA,NA,NA,NA,NA,NA,NA,NA,NA,7679.471,NA,NA,NA,5
2024-07-06T00:00:00Z,5,0.1018441178902503,15.50270179081661,4.78125,3.1342960298551468,0.23758881517763017,148.85306678381087,-15.250749846655191,-15.35307173464093,45.02101522972661,7943.045000000001,20.969781039150888,24.05123419057572,0.8718796246792078,5
2024-07-07T00:00:00Z,5,NA,NA,NA,NA,NA,NA,NA,NA,NA,7403.033,NA,NA,NA,5
2024-07-08T00:00:00Z,5,NA,NA,NA,NA,NA,NA,NA,NA,NA,7353.297,NA,NA,NA,5
2024-07-09T00:00:00Z,5,0.10923710689784435,0.43685586152231515,3.6633333333333336,3.1909053776821734,0.6090934407626394,385.6640564446199,-0.94908568172028,-1.0592212248652617,3.25136354461646,7474.874,1.304992812365385,1.946370732251075,0.6704749463921992,5
2024-07-10T00:00:00Z,5,0.077639665706054,1.057554510364941,4.445416666666667,3.1616327487732927,0.4149878442181123,261.63833000099874,-1.2132119058280957,-1.2931635008839673,5.243244041244626,7784.648,1.6681663705136316,3.5750776707309946,0.4666098261782778,5
2024-07-11T00:00:00Z,5,NA,NA,NA,NA,NA,NA,NA,NA,NA,7044.006,NA,NA,NA,5
2024-07-12T00:00:00Z,5,0.07372207896797583,5.278696769574471,5.69125,3.1602687965034133,0.25715173309134487,161.25569740850298,-4.004031529496164,-4.077910992774873,12.352731399030729,6107.5,5.5055433530572255,6.847188045973503,0.8040590262881369,5
2024-07-13T00:00:00Z,5,0.08449197214700105,16.32895024274582,5.737916666666667,3.1675119627249546,0.21738593386277671,136.0633750156236,-10.550796750052639,-10.635537877933766,29.644300170224888,5455.955,14.507345531322379,15.136954638902509,0.9584058271561433,5
2024-07-14T00:00:00Z,5,NA,NA,NA,NA,NA,NA,NA,NA,NA,5153.327,NA,NA,NA,5
2024-07-15T00:00:00Z,5,0.10296349695907062,23.110335837802747,5.53375,3.080277701916563,0.17298480339384922,107.99438158584316,-12.954589729403805,-13.057627993252234,33.50858381069714,5222.66,17.81256087793023,15.696022932766908,1.134845492659472,5
2024-07-16T00:00:00Z,5,0.07557545688911645,20.947722343360148,5.49625,3.249521445665994,0.16568980774325187,103.39225918861524,-11.479790745880045,-11.556088377178689,29.642516912422703,5450.569,15.784712275585061,13.857804636837642,1.1390485498421012,5
2024-07-17T00:00:00Z,5,0.1963868514772712,33.964577986635604,5.295416666666667,3.1308844304009016,0.14749782060170172,91.92083262529331,-17.720674492736702,-17.918138376122865,43.21454295094998,5414.98,24.365927427512965,18.84861552343702,1.2927170909298633,5
2024-07-18T00:00:00Z,5,0.3659105387992961,24.383827670431916,5.102916666666666,3.107539750534021,0.13375034992494225,83.26213054669378,-12.406911066765968,-12.774789385347225,29.698711161074478,5714.222,17.059502716803205,12.639208444271272,1.3497287264484854,5
2024-07-19T00:00:00Z,5,0.13158119114365494,2.356446989815571,4.97125,3.100860992938979,0.13501266305562892,84.06149080706156,-1.2394896782623273,-1.373313736885629,2.95974468115887,5965.202,1.7042983076107,1.25544637354817,1.3575237807999514,5
2024-07-20T00:00:00Z,5,NA,NA,NA,NA,NA,NA,NA,NA,NA,6561.178,NA,NA,NA,5
2024-07-21T00:00:00Z,5,NA,NA,NA,NA,NA,NA,NA,NA,NA,5483.601,NA,NA,NA,5
2024-07-22T00:00:00Z,5,0.09780577126488424,13.630897815330172,5.6525,3.232901081044842,0.22377969665030256,140.1079272629437,-9.318727594353234,-9.416695194800553,26.842488413935737,6104.354,12.813250442235697,14.02923797170004,0.9133247627620795,5
2024-07-23T00:00:00Z,5,0.2150058365393063,22.53932686333919,5.742083333333333,3.2713255603843026,0.22042135660028875,137.9832162741322,-14.955115175748245,-15.172717238169607,40.97279314532798,5462.423,20.563283366653838,20.40950977867414,1.0075344086970859,5
2024-07-24T00:00:00Z,5,0.06148435940367292,1.8716698741743745,5.337083333333333,3.207446185622778,0.2669508057197932,167.47321182150876,-1.7864332981397704,-1.8496644988449864,4.684127777644794,5051.182,2.4563457849421844,2.2277819927026097,1.1025970193619776,5
2024-07-25T00:00:00Z,5,1.1860195030866256,0.632240529228537,5.2629166666666665,3.160181225985861,0.3330167522456255,209.5058186513574,-1.2130375365137918,-2.4079201873210785,2.1705150291082065,6488.473,1.6679266127064636,0.5025884164017429,3.318673010110146,5
2024-07-26T00:00:00Z,5,4.576710404868999,17.652089528872015,4.303333333333334,3.2202138747926834,0.5543119865027609,350.6407688911537,-47.66510828709997,-52.22899114101827,116.77875578134838,7783.809,65.53952389476245,51.23923188658593,1.2790887271657216,5
2024-07-27T00:00:00Z,5,0.11250243107229133,1.7176533326791303,4.20375,3.1792275109296506,0.60997705995412,386.21118149532145,-4.4550544617913985,-4.571147431207089,11.138365469663096,7015.79,6.125699884963173,5.012665584699923,1.2220443956326443,5
2024-07-28T00:00:00Z,5,0.20780318104145412,3.73915226945427,4.270416666666667,3.240968518546617,0.5450178391265867,344.64395558193695,-9.156943495598522,-9.369969236099402,20.91339352565819,6449.901,12.590797306447968,8.322596219210222,1.5128449073842944,5
2024-07-29T00:00:00Z,5,0.07296952884256983,1.644008855089681,4.2995833333333335,3.2234621933287473,0.47694777291652474,301.1561657491221,-2.930656036127587,-3.0104362533796394,8.462478661635767,6669.244,4.029652049675432,4.432826611960335,0.9090479737698095,5
2024-07-30T00:00:00Z,5,0.06117664961452651,2.016357628141579,4.544583333333334,3.1501555633532745,0.3953603428418979,249.1155690710748,-2.6832607175080705,-2.7505934559104075,8.544039145857624,6849.729,3.689483486573597,4.854555659284028,0.7600043640487869,5
2024-07-31T00:00:00Z,5,0.03858079319695728,1.779110622144225,4.795833333333333,3.1766706854818163,0.3374436550388255,212.24643030849737,-1.61393598888327,-1.6530377347421767,6.16458955223008,6576.273,2.2191619847144963,3.9454275675155834,0.5624642568490724,5
2024-08-01T00:00:00Z,5,NA,NA,NA,NA,NA,NA,NA,NA,NA,6205.54,NA,NA,NA,5
2024-08-02T00:00:00Z,5,0.1635292720629398,0.18663761768052167,7.0304166666666665,3.111710521021402,0.3544261700644613,223.22574316833527,-0.9988982126003916,-1.234549166763627,0.6466923921165866,5662.325,1.3734850423255385,-0.7267926502089519,-1.8897893944451192,5
2024-08-03T00:00:00Z,5,0.3368358752656033,1.1662875079427264,3.68125,3.2517672535007645,0.6085562237791143,385.3188334772703,-2.8578213999358812,-3.1972960210829857,7.521531110850811,6997.529,3.929504424911837,3.592026685938974,1.0939519019426898,5
2024-08-04T00:00:00Z,5,0.4378241817062674,2.2103179835927858,3.85625,3.1400198225135845,0.5503547816186538,348.0788760617351,-5.121924871300687,-5.555950788589369,12.72444152824609,6769.577,7.042646698038444,5.681794830207645,1.2395109131001596,5
2024-08-05T00:00:00Z,5,NA,NA,NA,NA,NA,NA,NA,NA,NA,6062.047,NA,NA,NA,5
2024-08-06T14:00:00Z,5,0.21723729438510803,1.3058022575706605,4.24125,3.2506687639878686,1.2327906161872928,786.720916510577,-5.93334203827729,-6.165466455041075,14.79471012843656,4221.502,8.158345302631274,6.636364825805286,1.2293394828005562,5
2024-08-07T14:00:00Z,5,0.306401427387152,2.504122799683863,4.0125,3.1650482817482493,0.9670942514612306,615.48937396491,-11.105342861723628,-11.439808336277427,31.562282187028558,5652.042,15.269846434869988,16.292435752158568,0.9372353322213901,5
2024-08-08T00:00:00Z,5,0.14434975803478756,2.366166104306089,3.5016666666666665,2.9856847948175522,0.7877166199786946,500.17716067393434,-9.544196694141013,-9.70967561310089,19.340003895933588,6360.205,13.123270454443892,6.216733441489696,2.110959168180002,5
2024-08-09T00:00:00Z,5,0.10045085311113504,1.6643253953707264,3.10375,2.8657445562396475,0.6518447573258779,413.0264339859402,-5.58710758872597,-5.69938733641625,12.388010422273739,6886.279,7.682272934498209,4.70573748777553,1.6325332542359328,5
2024-08-10T00:00:00Z,5,0.08135355010560048,1.6952578354895542,3.047083333333333,2.874779281728071,0.5592262008766439,353.7332584444408,-4.775833265589247,-4.868283106605139,11.404836925189791,7396.586,6.5667707401852144,4.8380661850045765,1.357313126583241,5
2024-08-11T00:00:00Z,5,0.07668399804642435,1.763329909841452,3.08875,2.914617919850377,0.479603598449621,302.84951787877344,-4.161060320938242,-4.248945634392658,10.709034019884312,7743.48,5.721457941290083,4.987576078594229,1.1471419886396406,5
2024-08-12T00:00:00Z,5,0.49693455461040975,2.1238826483239257,3.2266666666666666,2.872050856990017,0.43995815931025783,277.5480362982977,-4.694564351494516,-5.217760401421255,12.085297082707257,8097.542,6.455025983304959,5.6302710994022975,1.1464858209030497,5
2024-08-13T00:00:00Z,5,0.0631563687392734,1.29324313924571,3.2070833333333333,2.928233379336174,0.41215204309196496,259.82144303756274,-2.12422075564497,-2.1976776280040324,7.0684327218037515,8152.013000000001,2.9208035390118336,4.147629182791918,0.7042103838814578,5
2024-08-14T00:00:00Z,5,0.05213036656256314,1.512720876504128,3.3070833333333334,2.877049737112133,0.32578046883366507,204.83276072121117,-1.8789307527284405,-1.9365391992504244,6.520657788856378,8200.75,2.5835297850016055,3.937128003854773,0.6561965428790013,5
2024-08-15T00:00:00Z,5,0.04925369098736651,1.6594943809694158,3.5429166666666667,2.9460886423441113,0.2718679557056082,170.58804674598267,-1.4335592145834872,-1.4775365441567914,5.696370396760201,7965.664999999999,1.9711439200522949,3.7252264767079057,0.5291339821556981,5
2024-08-16T00:00:00Z,5,NA,NA,NA,NA,NA,NA,NA,NA,NA,7504.095,NA,NA,NA,5
2024-08-17T00:00:00Z,5,NA,NA,NA,NA,NA,NA,NA,NA,NA,6902.047,NA,NA,NA,5
2024-08-18T00:00:00Z,5,0.01499751469254945,2.0487886358307157,8.289166666666667,3.531210229112788,0.1590347754937934,99.19517290104748,1.6793927129931474,1.697066993368764,3.4327933159847217,6707.099,-2.3091649803655776,5.741958296350299,-0.4021563482676856,5
2024-08-19T00:00:00Z,5,0.02342250968053774,3.3327084102856706,8.187083333333334,3.1683680754438086,0.1350126630556291,84.05657597131784,1.5602905377613738,1.554621515584862,4.634912408663465,6631.126,-2.145399489421889,6.780311898085354,-0.31641604717737454,5
2024-08-20T00:00:00Z,5,0.02162909141562884,3.1049217960732496,8.105416666666667,3.029200062702232,0.1144663151447516,71.13516204710781,1.492765571307765,1.486269183341407,3.573971295448808,6427.576,-2.052552660548177,5.626523955996985,-0.364799417295732,5
2024-08-21T00:00:00Z,5,0.02107877483143951,3.307004857461906,8.250416666666666,3.268300153884024,0.08954003423158344,55.49347471033297,1.3403547980172397,1.3445269784725213,2.742309631092001,6103.617,-1.8429878472737045,4.585297478365705,-0.40193419423042176,5
2024-08-22T00:00:00Z,5,NA,NA,NA,NA,NA,NA,NA,NA,NA,5616.245,NA,NA,NA,5
2024-08-23T00:00:00Z,5,0.01666963937487772,1.7536346911822285,6.745416666666666,3.5173966902921556,0.06375445776865592,39.37027111568881,0.23371184966523445,0.24906314836902943,1.0152013353296399,5654.948,-0.3213537932896974,1.3365551286193371,-0.24043437222200942,5
2024-09-13T08:14:20Z,5,0.5274859656505563,10.549643656321097,4.942916666666667,3.3300669223404658,0.2893101036851425,181.65715836333072,-11.280729444397902,-11.818417272384664,38.19249669867212,8974.813,15.511002986047115,22.681493712625006,0.6838616178710205,5
2024-09-14T00:00:00Z,5,0.06967373971749931,3.373266663880118,4.87125,3.294607718587311,0.2782558472692704,174.64168914479842,-2.437087882336942,-2.511544195472883,11.182829440721171,8081.775,3.3509958382132954,7.831833602507876,0.42786862033690987,5
2024-09-15T00:00:00Z,5,0.1172805811964463,5.203554856464355,4.9904166666666665,3.2475332858378305,0.2367081315980814,148.29661333467067,-3.5835539449564546,-3.704817461422344,13.304002669667351,6935.08,4.927386674315125,8.376615995352227,0.5882311755784305,5
2024-09-16T00:00:00Z,5,0.06355485543051961,4.729412796359092,5.007083333333333,3.287064651912925,0.26051007314135843,163.38214989431427,-3.5545867127830184,-3.6174570658145653,12.89563607623987,6626.457,4.887556730076651,8.008079346163218,0.6103282096497142,5
2024-09-17T00:00:00Z,5,NA,NA,NA,NA,NA,NA,NA,NA,NA,6466.257,NA,NA,NA,5
2024-09-18T00:00:00Z,5,NA,NA,NA,NA,NA,NA,NA,NA,NA,6312.973,NA,NA,NA,5
2024-09-19T00:00:00Z,5,0.13485494275269086,19.27041805510984,5.054166666666667,3.316536097178166,0.21403346503662693,133.9392077934431,-15.032316982857296,-15.174684793465335,41.14393389285562,6430.222,20.66943585142878,20.47449804142684,1.0095210055752044,5
2024-09-20T00:00:00Z,5,NA,NA,NA,NA,NA,NA,NA,NA,NA,6142.908,NA,NA,NA,5
2024-09-21T00:00:00Z,5,0.03429019551641878,3.2683202818958437,5.2091666666666665,3.2903237573167083,0.15236506518467602,94.98947625314987,-0.7603091235716193,-0.7996897743741702,4.442052682842283,5810.714,1.0454250449109765,3.396627637931306,0.3077832357119033,5
2024-09-22T00:00:00Z,5,0.03388102111638855,4.19030726391365,5.4870833333333335,3.3893157578262563,0.12025534187432002,74.7751734705944,-0.7077817717506907,-0.7485884225517712,4.121134650681518,5367.654,0.9731999361571997,3.147934714524318,0.3091550570178388,5
2024-09-23T00:00:00Z,5,0.03106125281611156,5.551539804220737,5.589583333333334,3.478575618452627,0.0903590699605643,56.006968009235166,-0.806567838681696,-0.8388426831113767,4.258784341621047,4988.884,1.109030778187332,3.1497535634337153,0.35210080911165575,5
2024-09-24T00:00:00Z,5,0.03130653320779701,6.502386546126051,5.664583333333334,3.4155178027245574,0.06692114429683405,41.342241926024215,-0.668151353983671,-0.7014822631241898,4.334255350762468,6440.516,0.9187081117275476,3.41554723903492,0.26897830638323517,5
2024-09-25T00:00:00Z,5,0.03364473152568333,13.575120226282474,5.509166666666666,3.34106323986346,0.05296524517291465,32.63232606200192,-1.8940184053399327,-1.923726863582707,10.387712353564988,7622.125,2.6042753073424074,7.783437046222581,0.3345919407938555,5
2024-10-04T10:00:00Z,5,0.03002348758151693,4.6406858149227395,4.435833333333333,3.3046673669552926,0.13001805807807423,80.91357687216633,-1.9501986657344252,-1.9849453018486192,6.978332490800335,8379.938,2.6815231653848346,4.2968093254155,0.6240731115350416,5
2024-10-05T00:00:00Z,5,0.03727600351850498,4.506516489040324,4.514583333333333,3.236750987688644,0.10956090760666327,68.05193097228538,-1.4600097365210807,-1.5000408466364632,5.07246611456038,6728.892,2.007513387716486,3.0649527268438943,0.6549900003787998,5
2024-10-06T00:00:00Z,5,0.12428712611547928,3.185210705423679,4.7683333333333335,3.2880718160332125,0.10786705952199796,66.99042226993146,-0.7890507784732006,-0.9176220273372298,3.288352912294171,6173.769,1.0849448204006509,2.20340809189352,0.4923939529823062,5
2024-10-07T00:00:00Z,5,0.10440263041641117,2.762885361014877,4.730416666666667,3.4321531635046063,0.1638433078381308,102.2300037425574,-1.1920144474673482,-1.2966430993283575,4.532782079834119,6279.917,1.6390198652676038,2.8937622145665154,0.5663975626667475,5
2024-10-08T00:00:00Z,5,0.04320956311095362,8.796875391777927,4.693333333333333,3.4577645483349704,0.18800926526095493,117.48368380098913,-6.2019154179496905,-6.25321189652722,16.335972708461593,6360.244,8.527633699680825,7.808339008780768,1.0921187835327313,5
2024-10-09T00:00:00Z,5,NA,NA,NA,NA,NA,NA,NA,NA,NA,6132.17,NA,NA,NA,5
2024-10-10T00:00:00Z,5,0.13129598595749695,0.9305296395848583,4.134166666666666,3.5543214045824705,0.6072117135143361,384.4468186716739,-1.433311787818974,-1.5532391419788423,7.468145767871368,6687.293,1.9708037082510894,5.497342059620278,0.35850119691973836,5
2024-10-11T00:00:00Z,5,0.07128780120316339,1.812025697753,4.394583333333333,3.680824348519476,0.48957000095818415,309.21803737066807,-2.3509707195877345,-2.4432173729770623,8.826898673236014,7404.506,3.232584739433135,5.59431393380288,0.5778339895980241,5
2024-10-12T00:00:00Z,5,0.0707139801876385,3.0151283300643104,4.745416666666666,3.844324201323388,0.402226739150448,253.4911947878204,-3.700719311246109,-3.7916463104418257,10.78400628166964,5779.302,5.0884890529634,5.69551722870624,0.8934200088653355,5
2024-10-13T00:00:00Z,5,0.05514761894267492,2.8418275410612317,4.8654166666666665,3.813775013656188,0.33966004204735717,213.6564801677276,-2.5710474873162132,-2.638944464711169,8.529939224892743,5690.367,3.535190295059793,4.99474892983295,0.7077813809508195,5
2024-10-14T00:00:00Z,5,0.08051352433589244,6.033493724487096,5.1154166666666665,3.8298115659342566,0.2848551028920237,178.83131624353192,-5.413032383167497,-5.512392800953863,14.703441757793481,5611.474,7.4429195268553086,7.2605222309381725,1.0251217874025527,5
2024-10-15T00:00:00Z,5,0.0705149408773812,4.316841049828749,5.087083333333333,3.767784241198028,0.2411966822418492,151.14088050181692,-2.905508266801286,-2.9824372041800307,8.977683945257128,5558.4,3.9950738668517687,4.98261007840536,0.8018034331376692,5
2024-10-16T00:00:00Z,5,NA,NA,NA,NA,NA,NA,NA,NA,NA,5423.564,NA,NA,NA,5
2024-10-17T00:00:00Z,5,0.0324459215610023,3.8299669452167713,6.320416666666667,4.332939050583571,0.17391539237623926,108.58385097734204,-0.5696370752159923,-0.6136922622786585,5.243133863078939,4736.474,0.7832509784219894,4.45988288465695,0.17562142295631972,5
2024-10-18T00:00:00Z,5,0.28465813127754097,38.18093542019547,6.58875,4.5850435688319635,0.1441981927903248,89.8412107329838,-13.6144433471167,-13.906239787437901,43.815174462151234,4537.089,18.71985960228546,25.095314859865773,0.7459503778621085,5
2024-10-19T13:00:00Z,5,0.0951748410627135,11.480839660781736,6.317083333333334,4.3856748962479735,0.12648177478173148,78.68752666076982,-3.5935734680817166,-3.6920921468769743,17.043542215589408,10158.6,4.941163518612361,12.102378696977048,0.4082803589551013,5
2024-10-20T00:00:00Z,5,0.0455456673372402,12.825772799216228,5.59125,4.217158908836563,0.11040636384303094,68.58247488329206,-4.613301348731817,-4.660007066598621,14.529896226547427,7011.474,6.343289354506248,8.186606872041178,0.7748374208818783,5
2024-10-21T00:00:00Z,5,0.04577028727256053,7.192135942904036,5.0575,4.098880771014065,0.09903967444298516,61.447211862829775,-2.535081899317913,-2.5832800566825704,6.334768220916848,6114.958,3.48573761156213,2.8490306093547177,1.223481980192421,5
2024-10-22T00:00:00Z,5,0.03701233157833173,1.7812019900907865,4.719166666666666,4.013313628931865,0.08800764480316846,54.53039069998521,-0.41215867730011546,-0.48055274277065263,1.457622899333841,5681.761,0.5667181812876587,0.8909047180461822,0.6361153665573938,5
2024-10-23T00:00:00Z,5,0.0514345934431905,4.29351517809632,2.5258333333333334,3.8692169720236986,0.07868707691960823,48.69468839884075,-2.3287058559542815,-2.387816789438914,5.300709909483165,6239.752,3.201970551937137,2.0987393575460276,1.5256637468699656,5
2024-10-24T00:00:00Z,5,0.08049692960130118,9.439896523304323,0.80625,3.9254726821240027,0.06778714981672374,41.88013011474249,-5.7069897074343485,-5.791412115327757,11.140337490119654,11848.36,7.847110847722229,3.293226642397425,2.3828031592777466,5
2024-10-25T00:00:00Z,5,0.35373153665505225,1.6958904896448317,3.5500000000000003,4.022913375254538,0.05697551688809674,35.132159403536896,0.1361744908956519,-0.27759546562157855,0.9026066383220206,9219.055,-0.18723992498152137,1.089846563303542,-0.17180393211862766,5
2024-10-26T00:00:00Z,5,0.3102140354414364,84.43911929289706,6.1258333333333335,4.041719966115834,0.05032319443426768,30.987260812599697,-12.530927592762346,-12.842948132734232,28.975555169768896,4564.343,17.230025440048227,11.745529729720669,1.4669432402397051,5
2024-10-27T00:00:00Z,5,0.05969024068361917,71.3917201132371,6.085416666666666,4.04108802651919,0.04635131149050178,28.515288596415154,-9.771902054009168,-9.831987686025894,22.355393424211936,4484.015,13.436365324262606,8.91902809994933,1.506483125032305,5
2024-10-28T00:00:00Z,5,0.03603272907694343,63.27491325467702,5.984166666666667,4.020868744289508,0.04399988633310617,27.052414503797184,-8.525368049672341,-8.561072390256411,18.776977402738655,4385.04,11.72238106829947,7.054596334439186,1.6616657442287739,5
2024-10-29T00:00:00Z,5,0.11180413471964726,14.127182615443791,6.093333333333334,4.025257121678711,0.0475020713677788,29.231633356789292,-1.7787885225628712,-1.8916410730906161,4.599955186037499,4420.9,2.445834218523948,2.154120967513551,1.1354210164655305,5
2024-10-30T00:00:00Z,5,0.04107693224530164,36.67393673097772,5.88625,3.9423274809902744,0.05070482398540553,31.224862586834124,-5.645492436414234,-5.68752968781828,13.12514031844071,4755.122,7.762552100069572,5.362588218371139,1.4475383497611551,5
2024-10-31T00:00:00Z,5,0.09473735853439308,54.77388184671275,5.761666666666667,3.889944089677671,0.04500093000185997,27.675402696307724,-7.996715142821931,-8.091529600568958,17.34178060883759,4633.195,10.995483321380155,6.346297287457434,1.7325824529385323,5
2024-11-01T00:00:00Z,5,0.04118554170291989,29.871074077689336,5.81625,3.970994329981394,0.04217687132343951,25.92018186758435,-3.7829509670107297,-3.825957208336798,8.86350944424038,4565.777,5.201557579639753,3.661951864600627,1.4204330837666639,5
2024-11-02T00:00:00Z,5,0.10058940940618126,57.15728895429052,5.739166666666667,3.9748213141267694,0.03754741130694364,23.044593300173855,-7.121055813331823,-7.222460094750035,15.234688710575236,4640.368,9.791451743331256,5.44323696724398,1.798828859050916,5
2024-11-03T00:00:00Z,5,0.07200057946653392,59.158530931242574,5.560416666666667,3.902657116143703,0.03713936124841945,22.791461416830572,-7.700931558025711,-7.773095300649274,15.995425233294288,4750.818,10.588780892285353,5.406644341008935,1.9584755764255393,5
2024-11-04T00:00:00Z,5,0.04687439852286712,65.69143247189892,5.452916666666667,3.7658238453790176,0.03566568405864088,21.877018505408905,-8.380330444778782,-8.426877630225666,9.156537574797328,4667.622,11.522954361570825,-2.366416786773497,-4.869368078343399,5
2024-11-05T03:00:00Z,5,0.19676554239048136,56.99222050624039,5.409166666666667,3.764859392209442,0.03496407280693343,21.442212870409627,-7.2818192567982,-7.480787887189479,2.479772092865699,1111.68,10.012501478097525,-7.532729385231825,-1.3291996786353932,5
2024-11-06T06:00:00Z,5,0.1374415144625086,8.199578412504529,5.194166666666667,3.5948811185821046,0.03897411870581314,23.933620747446785,-1.0666224225596728,-1.2043251368629944,1.509962970994656,1255.123,1.46660583101955,0.04335713997510604,33.82616639062487,5
2024-11-07T00:00:00Z,5,0.11767755234071646,74.81414210516175,5.2195833333333335,3.5172663436982945,0.05070482398540573,31.22420026987858,-14.38231317110962,-14.500677492921094,32.896747805347,5651.638,19.775680610275728,13.12106719507127,1.5071701345835775,5
2024-11-08T00:00:00Z,5,0.0699637781111735,65.82911013561052,5.174166666666666,3.4998231325912803,0.04784260235187166,29.4425642129624,-11.943624052006088,-12.014263445110927,27.29690799281996,5528.277,16.42248307150837,10.87442492131159,1.5101932461112266,5
2024-11-09T00:00:00Z,5,0.09560116405509517,70.27075127034097,5.327083333333333,3.6269711362003485,0.04596674632743206,28.27576541045357,-11.59806885273551,-11.694981924829749,27.021579521109597,5466.597,15.947344672511326,11.074234848598271,1.4400403179574859,5
2024-11-10T00:00:00Z,5,0.10639466371225288,12.814854945213336,5.29875,3.660236826561757,0.04665074390754836,28.701395448385888,-2.0708191527346953,-2.177469839682493,4.943178825674179,5333.195,2.847376335010206,2.0958024906639734,1.3586090997096418,5
2024-11-11T00:00:00Z,5,0.17533615426589955,24.906970882302826,5.232083333333334,3.6689497287660213,0.05275975233768654,32.50405631443682,-4.849748131972783,-5.03078625980558,10.757754029640576,5350.408,6.668403681462577,4.089350348178,1.6306755630350107,5
2024-11-12T00:00:00Z,5,0.05344232497451163,41.36814934467913,5.315416666666667,3.6235528667167687,0.0509220592683613,31.35947669813653,-7.351398543521256,-7.409240918658196,17.17517088282025,5305.941,10.108172997341727,7.066997885478523,1.4303347986154489,5
2024-11-13T00:00:00Z,5,0.2688690535700486,71.3358538251601,5.464166666666666,3.6790500063897373,0.04709108569732306,28.974921914278617,-11.879417159502173,-12.14939847556971,26.65702967022974,5204.097,16.334198594315488,10.322831075914252,1.582337100568008,5
2024-11-14T00:00:00Z,5,0.09191627696229492,11.402987440146468,5.02625,3.930440807824683,0.04418776549674294,27.169433155243457,-1.9545700845147986,-2.0507839840955957,4.267881225976855,4980.327,2.6875338662078483,1.5803473597690068,1.7005969286402165,5
2024-11-15T00:00:00Z,5,0.03081946669299123,8.513970994028188,4.708333333333333,3.870653236861641,0.04256730771037295,26.161992366719748,-1.201139322628197,-1.2336624114570296,3.4439236912732833,6070.49,1.6515665686137708,1.7923571226595125,0.9214494967181341,5
2024-11-16T00:00:00Z,5,0.04879401076047028,9.083490746309046,5.809583333333333,4.505990470693067,0.04025698112002275,24.727095062318295,-0.945946619768364,-1.0049392342295858,2.6382123467979834,6810.654,1.3006766021815006,1.3375357446164828,0.9724424991381811,5
2024-11-17T00:00:00Z,5,0.08737016338671752,4.0644929369686436,4.57125,4.546071589454536,0.03777638903762657,23.186882840155963,-0.6663114553861268,-0.7699834884642311,0.9090409326404828,4366.395,0.9161782511559243,-0.007137318515441526,-128.36448999351518,5
2024-11-18T11:00:00Z,5,0.03394105752997647,3.062842269436175,3.122916666666667,4.512208914671679,0.03743585805353427,22.97551887024687,-0.6364364306000535,-0.7030202346430205,0.1705363185458896,1318.238,0.8751000920750736,-0.704563773529184,-1.2420452554517065,5
2024-11-19T09:00:00Z,5,NA,NA,NA,NA,NA,NA,NA,NA,NA,2127.255,NA,NA,NA,5
2024-11-21T02:00:00Z,5,0.04413617759717971,5.374834593211868,3.493333333333333,4.094425054024682,0.03655223886205338,22.427065929941257,-1.0330710156428453,-1.0927925880867193,1.2878668531352804,1134.632,1.4204726465089124,-0.13260579337363199,-10.71199538399177,5
2024-11-22T10:00:00Z,5,0.06158469344007747,2.70916218584771,5.849583333333333,5.240490674883341,0.03451131112052436,21.161163358955115,0.21532071106304862,0.14509394799208827,0.4018772902004265,1523.804,-0.29606597771169185,0.6979432679121184,-0.42419776982356544,5
2024-11-23T00:00:00Z,5,0.02265046954937832,6.36331769981732,8.1345833333333335,5.813675606113951,0.03391605934727023,20.79210086646773,0.0545501780484402,0.041710929458674884,1.4168017370986146,3899.542,-0.07500649481660528,1.49180823191522,-0.050278912002188175,5
2024-11-24T00:00:00Z,5,0.02746914372035882,7.836907200912118,8.1675,5.7306321665775934,0.03310583045408519,20.290212899232326,-0.020523290405412675,-0.043417371237647884,1.9300027662910328,5054.72,0.02821952430744243,1.9017832419835905,0.014838454606429812,5
2024-11-25T00:00:00Z,5,0.02826343303623675,7.649285651290949,8.230833333333333,5.579060983519891,0.03275942824612914,20.075463530724058,-0.013128607098616518,-0.03756546046335757,1.7097705641465366,4693.61,0.018051834760597713,1.6917187293859388,0.010670706924874077,5
2024-11-26T00:00:00Z,5,0.03909156954560693,7.810847563602968,7.639583333333333,5.344740187698377,0.03370763090011022,20.66316021733237,-0.28175416903386674,-0.3167538906908071,1.7087122514592559,4283.224,0.38741198242156677,1.3213002690376892,0.2932051037147833,5
2024-11-27T00:00:00Z,5,0.0975758594468853,13.85002239323982,6.64375,4.780246822760673,0.03260677642567419,19.98062529437095,-1.1629410309059685,-1.2609746701276008,2.998035179963015,3930.465,1.5990439174957065,1.3989912624673084,1.1429977873311221,5
2024-11-28T00:00:00Z,5,0.05963187112847252,8.306956865769356,5.6379166666666665,4.452726580564264,0.03412742340636203,20.923066725358453,-0.939078433899892,-0.9935407728913137,2.3379464467731723,4967.42,1.2912328466123515,1.0467136001608208,1.2336066393079843,5
2024-12-09T11:00:00Z,5,0.05301806959184604,8.206992809331132,8.307083333333333,5.3794731405613385,0.03910915685467742,24.013776115401075,-0.2568209966463999,-0.3107995368880627,1.521723533380928,1279.588,0.35312887038879986,1.1685946629921282,0.3021825116714388,5
2024-12-10T00:00:00Z,5,0.08487550461302462,13.844100319833029,7.22,4.854651433013521,0.03945262345070124,24.227186999356533,-1.1940173291693084,-1.2814321294233653,3.2823623703716143,3817.153,1.6417738276077989,1.6405885427638154,1.000722475388001,5
2024-12-11T00:00:00Z,5,0.02822302129173638,3.0014870326198375,6.749583333333334,4.429320226015304,0.06641621904455941,41.04262575767871,-0.028757725973350856,-0.054703597260529035,1.4551458756098063,4350.616,0.03954187321335743,1.415604002396449,0.027932863390056645,5
2024-12-12T00:00:00Z,5,0.02872922690237165,8.827188246448383,8.391666666666667,5.017980895251825,0.06886745500763732,42.55586324497606,-0.02936691246358014,-0.06231735890225354,3.459391078770885,4423.588,0.040379504637422695,3.4190115741334624,0.011810286032054966,5
2024-12-13T00:00:00Z,5,0.04721170766866116,6.925375247748037,8.67,5.648604760083785,0.05573985008109855,34.361211783899144,-0.07031947242410741,-0.11849774280728642,2.019047362322196,3677.511,0.09668927458314769,1.922358087739048,0.0502972236025325,5
2024-12-14T00:00:00Z,5,0.06158243243459552,8.178264856934362,7.415,5.098349865697921,0.05234583105529852,32.2461672442639,-0.7376675804698563,-0.7989998405600091,2.6596963963638256,3839.841,1.0142929231460522,1.6454034732177734,0.6164402468183,5
2024-12-15T00:00:00Z,5,0.12334789370217222,18.70856747648636,6.51625,4.714006382165608,0.05520805268883265,34.02963702231347,-3.058618185713088,-3.183605004916089,7.529903403457599,4641.805,4.205600005355496,3.324303398102103,1.2651071523004005,5
2024-12-16T00:00:00Z,5,0.14363408866511854,21.552362087238468,6.215416666666667,4.6159190183414465,0.05885995393202927,36.306387956796215,-4.087749293763437,-4.2349216643125684,9.687866098553249,4987.502,5.620655278924726,4.067210819628523,1.3819434320441957,5
2024-12-17T00:00:00Z,5,0.11139197304233192,17.03858429889965,5.738333333333333,4.393175252924318,0.06328392111329671,39.066819480567595,-3.9062925818044185,-4.0204553094539435,8.763031556573727,5163.937,5.371152299981075,3.3918792565926523,1.5835328717970705,5
2024-12-18T00:00:00Z,5,0.13370181127258063,20.78389216599547,5.539166666666667,4.289703300871439,0.06685949644626558,41.29975621194688,-5.12999084599006,-5.265638947190517,11.872174996323539,5518.24,7.053737413236332,4.818437583087206,1.4639055277991073,5
2024-12-19T00:00:00Z,5,0.08877914810616429,18.396671607358,5.710833333333333,4.292736620129147,0.06975988103491357,43.111539187159856,-4.4035899647968915,-4.496381290554111,10.788114430767779,5555.535,6.0549362015957255,4.733178229172053,1.2792537927849972,5
2024-12-20T00:00:00Z,5,0.03786052094851296,9.313899887483869,6.154166666666667,4.4411674979551385,0.06837133659115797,42.24395830668303,-1.497948527561924,-1.5390345607221458,4.995213206260041,5419.911,2.0596792253976455,2.9355339808623953,0.7016369896670578,5
2024-12-21T00:00:00Z,5,0.04889760401419729,13.448453490847696,7.263333333333334,5.086994433236436,0.06452862057239264,39.844181414690674,-1.409354924180912,-1.4640501224755793,5.825594216925522,4899.042,1.937863020748754,3.8877311961767678,0.4984560204816802,5
2024-12-22T00:00:00Z,5,0.0514031314628008,9.541379028976657,7.975416666666667,5.504663722342817,0.05978760730248752,36.88516251716331,-0.5630044600566163,-0.6194090429899537,3.382754121319405,4194.258,0.7741311325778474,2.6086229887415575,0.2967585334940642,5
2024-12-23T00:00:00Z,5,0.10631104837357332,21.174943841299537,7.78125,5.3897988700520365,0.06002832748089731,37.035212615886486,-2.316730829635813,-2.426362586595922,7.945841720381302,4307.577,3.185504890749243,4.760336829632059,0.6691763639329406,5
2024-12-24T00:00:00Z,5,0.1517350785073188,29.45178034933148,7.575,5.133603340169455,0.06106459849283337,37.681727841375114,-3.8115229832542212,-3.9669707722993093,11.634445456002194,4481.246,5.240844101974554,6.3936013540276395,0.8197014189308335,5
2024-12-25T00:00:00Z,5,0.22869122573856193,40.6819891506318,7.459583333333334,4.996556724260792,0.0613258679547662,37.84485426608185,-5.681469357241394,-5.91408823653314,22.061149784915862,5116.914,7.812020366206916,14.249129418708947,0.5482454497149715,5
2024-12-26T00:00:00Z,5,0.04848074114707754,21.89126505330611,6.962083333333333,4.939527709229883,0.05994025912294248,36.98034842522985,-3.3385114693556295,-3.3846378947628892,9.913592755843057,6336.527,4.590453270363991,5.323139485479066,0.8623582535994478,5
2024-12-27T00:00:00Z,5,0.10167691249604996,9.50755892266084,6.828333333333333,4.8250712127811175,0.06070938944908169,37.4601394301078,-1.2612191073072625,-1.3678502473493537,4.478003506134726,4872.957,1.7341762725474859,2.7438272335872407,0.6320282309758434,5
2024-12-28T00:00:00Z,5,0.14422371963118885,17.697306898785143,6.115833333333334,4.4984739095848925,0.06252066201102097,38.59045003129482,-3.564273982721503,-3.712256922441552,9.333136901764751,5800.822,4.900876726242067,4.432260175522685,1.1057285746236951,5
2024-12-29T00:00:00Z,5,0.12183045126811252,2.1623147306333568,5.890416666666667,4.238087517360171,0.08758198107305301,54.29084855072215,-0.1607762644631472,-0.28380066216361766,1.691673943034334,5426.437,0.22106736363682739,1.4706065793975065,0.15032393213377065,5
2024-12-30T00:00:00Z,5,0.03672956169520058,6.928884252304982,6.19125,4.3290887083468155,0.10693059931574414,66.40047159523884,-1.68783392093644,-1.728978677859394,6.512670515345271,6193.855,2.320771641287605,4.191898874057666,0.5536325448235703,5
2024-12-31T00:00:00Z,5,0.07926087082537162,15.299613805114255,6.2,4.419944655402219,0.09013596345374526,55.863911615135194,-3.9970766269914217,-4.080871342566564,11.439485681065158,5317.559,5.495980362113205,5.943505318951953,0.9247035322048534,5
2025-01-01T00:00:00Z,5,0.03594008446361459,4.407605557595658,6.580416666666666,4.266922191174254,0.08076549016734397,49.99512278313899,-0.2035493969182336,-0.24515460926745736,2.661494696164312,5318.854,0.2798804207625712,2.3816142754017404,0.11751710747340051,5
2025-01-02T00:00:00Z,5,0.04575271128582211,16.678304702789895,7.870833333333334,4.992022799855136,0.06924321333491151,42.7891794754816,-1.227324670106295,-1.2793933381067613,7.406176549700475,4521.53,1.6875714213961557,5.718605128304319,0.29510193194551876,5
2025-01-03T00:00:00Z,5,0.02578796962910098,11.472700244050548,8.479166666666666,5.424154935230211,0.0592490354211477,36.550549878520634,-0.19043394640964106,-0.21737044870351485,4.325945342427362,4151.195,0.2618466763132565,4.064098666114106,0.06442921243435795,5
2025-01-04T00:00:00Z,5,0.02287417245639998,7.651337553730591,8.912916666666666,5.688904904905539,0.05255425950245844,32.37621440292677,0.3039649982012197,0.2835256428129942,2.8324519418336718,4316.267,-0.4179518725266771,3.250403814360349,-0.12858459945196882,5
2025-01-05T00:00:00Z,5,0.02535696038373661,6.200138382330744,8.879166666666666,5.923273403224204,0.04799231856039467,29.53570479244636,0.25965971417298983,0.2377121582558756,2.0627103387818515,4756.937,-0.35703210698786103,2.4197424457697125,-0.14754963182632863,5
2025-01-06T00:00:00Z,5,0.02593862172832244,5.963306736739268,7.927083333333333,5.501177039787982,0.04901391151267129,30.17187121988884,-0.06024776498045237,-0.0758725428597774,2.2013759985234462,4532.991,0.082840676848122,2.118535321675324,0.039102806547786105,5
2025-01-07T00:00:00Z,5,NA,NA,NA,NA,NA,NA,NA,NA,NA,7189.936,NA,NA,NA,5
2025-01-08T00:00:00Z,5,NA,NA,NA,NA,NA,NA,NA,NA,NA,4686.602,NA,NA,NA,5
2025-01-09T00:00:00Z,5,NA,NA,NA,NA,NA,NA,NA,NA,NA,3976.076000000001,NA,NA,NA,5
2025-01-10T00:00:00Z,5,NA,NA,NA,NA,NA,NA,NA,NA,NA,3877.033,NA,NA,NA,5
2025-01-11T00:00:00Z,5,0.04208285840680425,4.759174187199049,8.443333333333333,4.9763915410767,0.05382831508087247,33.17008540203788,0.37003359006305814,0.3269266891088005,1.6531778586428922,4354.92,-0.508796186336705,2.161974044979597,-0.23533871163634,5
2025-01-12T00:00:00Z,5,NA,NA,NA,NA,NA,NA,NA,NA,NA,4464.114,NA,NA,NA,5
2025-01-13T00:00:00Z,5,0.22762472983470883,44.67953417361098,9.059166666666666,5.596847017816458,0.05103067690983875,31.428077316907213,-2.578562797070834,-2.8076172299806768,18.790112829791333,6335.884,3.545523845972397,15.244588983818936,0.23257588969671286,5
2025-01-14T00:00:00Z,5,0.03347662641133178,16.432643427753742,9.092083333333333,5.552597788411123,0.06218306663886051,38.37983377074167,-0.43082613244262236,-0.4664364554248266,6.774410571149286,5299.521,0.5923859321086058,6.18202463904068,0.09582393579727493,5
2025-01-15T00:00:00Z,5,0.03365760685512902,22.915777288111354,9.281666666666666,5.603182817201949,0.05490862027178603,33.843134640953416,-0.6078502295096333,-0.6405335880013105,9.57367210622265,4797.128,0.8357940655757458,8.737878040646905,0.09565183465456885,5
2025-01-16T00:00:00Z,5,0.0288394200058839,9.169174713320777,9.127916666666668,5.74814884951531,0.05117158628256658,31.514876295015043,0.17788277074185987,0.1498505975210922,4.148080487281978,7469.855,-0.24458880977005731,4.392669297052035,-0.05568113446058945,5
2025-01-17T00:00:00Z,5,0.02817820332180224,6.9248057544307775,9.23375,5.750033250166878,0.04923995363142247,30.312179778250822,0.2681841206334867,0.24253123594883919,2.341389221252799,4418.181,-0.3687531658710442,2.7101423871238435,-0.136064129922851,5
2025-01-18T00:00:00Z,5,0.05913217759532388,2.9705376845287996,8.172083333333333,5.551255906316297,0.04893464999051201,30.12406469612764,0.2055828875098752,0.14963781228504747,0.9091033199710209,4538.755,-0.2826764703260784,1.1917797902970992,-0.23718850800080263,5
2025-01-19T00:00:00Z,5,NA,NA,NA,NA,NA,NA,NA,NA,NA,4682.011,NA,NA,NA,5
2025-01-20T00:00:00Z,5,0.10803646061425702,1.4425371366462565,6.858333333333333,4.83010512570757,0.32720717623253404,205.76424436943225,0.7435484213152456,0.6242593186165507,3.441421831454096,5373.536,-1.0223790793084626,4.463800910762559,-0.22903778635006547,5
2025-01-21T00:00:00Z,5,0.05571121965885227,4.323919315748103,8.254166666666666,5.4288252745213725,0.22003972704915103,137.74370169521904,0.17059387073062116,0.11039192143739651,5.947539551930187,4586.124,-0.2345665722546041,6.1821061241847906,-0.03794282523507075,5
2025-01-22T00:00:00Z,5,0.05591655565092082,2.1614828279456506,9.273333333333333,5.706595193263545,0.4605397345643178,290.70924446602083,0.9907780911275488,0.9329580720937767,5.002498025423604,4024.880000000001,-1.3623198753003796,6.364817900723983,-0.21403909688373315,5
2025-01-23T00:00:00Z,5,0.27681171840103486,20.611312225776636,9.00125,5.925843700341697,0.3731759234730588,234.9939479725598,-9.739664279366108,-10.026620900956779,37.878522518228024,3389.244,13.3920383841284,24.486484134099626,0.5469155273900178,5
2025-01-24T00:00:00Z,5,0.12008783502519749,8.825768391168557,9.080416666666666,5.75492478672236,0.29461307695342664,185.02639213621913,-1.6606264526595558,-1.7978298547777558,12.38846452581982,3498.085,2.283361372406889,10.105103153412932,0.2259612136305307,5
2025-01-25T00:00:00Z,5,0.512308328680839,22.15068022537996,9.47,5.913135930786054,0.2563121480788416,160.72022032652487,-5.396550518167702,-5.929805255659366,26.041437753379743,3345.992,7.4202569624805905,18.621180790899153,0.3984847709607728,5
2025-01-26T00:00:00Z,5,0.15091040090279448,6.066852564839998,9.194166666666668,5.819618344437149,0.2345592636639818,146.9342070918875,-0.4352091179419555,-0.6030913202412311,6.946664065723068,3383.253,0.5984125371701888,6.348251528552879,0.09426415044814716,5
2025-01-27T00:00:00Z,5,NA,NA,NA,NA,NA,NA,NA,NA,NA,3691.865,NA,NA,NA,5
2025-01-28T00:00:00Z,5,NA,NA,NA,NA,NA,NA,NA,NA,NA,3756.629,NA,NA,NA,5
2025-01-29T00:00:00Z,5,0.3423219303014994,23.45039035419958,7.590416666666667,5.145563889906416,0.1890426006609588,118.13643065847114,-9.604834504590503,-9.959893474294528,24.378772834338303,3854.027,13.206647443811942,11.172125390526361,1.182106983422402,5
2025-01-30T00:00:00Z,5,0.3691014404767234,31.13033591600633,7.565416666666667,5.126936259699775,0.1761141657131801,109.97008418409617,-12.306449905387511,-12.685220606460554,30.940514453496487,3868.687,16.921368619907827,14.01914583358866,1.2070185174453134,5
2025-01-31T00:00:00Z,5,0.08801368024004831,4.8336396274736595,7.267083333333334,5.031323934015318,0.16317105270574156,101.80130278325532,-0.9337723846862609,-1.030916764054512,4.88602895083197,4026.514,1.2839370289436087,3.6020919218883614,0.35644205000479756,5
2025-02-01T00:00:00Z,5,0.04719043466284607,4.7293647662197635,6.755,4.660047937136085,0.15371544667331766,95.83803464861548,-0.8660042924954527,-0.9191102402595512,4.843193979138295,4532.789,1.1907559021812475,3.652438076957048,0.32601672556576256,5
2025-02-02T00:00:00Z,5,0.4851791759690349,39.17973723644667,7.185833333333333,4.8132054885846935,0.1366888974687041,85.1110198169735,-12.683222518109133,-13.182685466484509,32.932596761543245,4241.708,17.43943096240006,15.493165799143185,1.125620882683932,5
2025-02-03T00:00:00Z,5,0.2350137994863739,23.66066788075646,6.980833333333333,4.827626180248213,0.12367239416297005,76.92000166369901,-7.1552749662183635,-7.396782776094373,18.980632210388215,4324.237,9.83850307855025,9.142129131837965,1.0761719657062296,5
2025-02-04T00:00:00Z,5,0.25116160945747695,26.356884715712784,6.720416666666667,4.662304143512537,0.11686177448112472,72.63798318132771,-8.129702105483616,-8.38813784603702,20.9675326126808,4475.89,11.178340395039973,9.789192217640826,1.1419063132600258,5
2025-02-05T00:00:00Z,5,0.600570096077471,44.65105895258661,6.796666666666667,4.620566552077476,0.10959026372598205,68.06930906415407,-13.06655614035321,-13.68124128917627,35.63527626703875,4629.036,17.966514692985665,17.668761574053082,1.016851951829484,5
2025-02-06T00:00:00Z,5,0.33385804973950767,31.045717702913095,6.570833333333334,4.5591876966540665,0.1032904405202749,64.11389502261136,-8.921121512918798,-9.263901482852775,26.096669688299443,5534.349,12.266542080263347,13.830127608036095,0.8869435212684361,5
2025-02-07T00:00:00Z,5,0.16970236275861053,29.132489491303055,6.386666666666667,4.47670231787774,0.09688199967309014,60.09304964693726,-8.066636858448218,-8.241331671970666,25.158083099220477,5372.39,11.0916256803663,14.066457418854176,0.7885159248055934,5
2025-02-08T00:00:00Z,5,NA,NA,NA,NA,NA,NA,NA,NA,NA,5972.577,NA,NA,NA,5
2025-02-09T00:00:00Z,5,NA,NA,NA,NA,NA,NA,NA,NA,NA,6121.154,NA,NA,NA,5
2025-02-10T00:00:00Z,5,NA,NA,NA,NA,NA,NA,NA,NA,NA,5757.949,NA,NA,NA,5
2025-02-11T00:00:00Z,5,NA,NA,NA,NA,NA,NA,NA,NA,NA,5983.457,NA,NA,NA,5
2025-02-12T00:00:00Z,5,NA,NA,NA,NA,NA,NA,NA,NA,NA,6047.037,NA,NA,NA,5
2025-02-13T00:00:00Z,5,NA,NA,NA,NA,NA,NA,NA,NA,NA,6417.625,NA,NA,NA,5
2025-02-14T00:00:00Z,5,NA,NA,NA,NA,NA,NA,NA,NA,NA,7281.783,NA,NA,NA,5
2025-02-15T00:00:00Z,5,0.19989993585276492,10.044813074867454,6.345416666666667,4.403080080758891,0.1347102950266506,83.8653707574338,-3.074261692019175,-3.294799960827987,23.544117524646012,9853.336,4.227109826526366,19.317007698119646,0.21882839685040043,5
2025-02-16T00:00:00Z,5,0.12962351456490337,6.219876115027995,6.15375,4.148759405788768,0.13893170498462185,86.52802280417009,-1.551522895488451,-1.6844856051443202,13.494454058036577,10481.49,2.13334398129662,11.361110076739958,0.18777601544978406,5
2025-02-17T00:00:00Z,5,0.07311541280209356,5.891698994821201,6.98375,4.5130322640570375,0.1559993527562814,97.27833419971536,-0.5396167366263485,-0.6419917834791395,16.35993844081392,10654.68,0.7419730128612292,15.61796542795269,0.04750766137138851,5
2025-02-18T11:00:00Z,5,0.4544514384235151,22.85431830236326,7.557083333333333,4.906609773331687,0.1356115278897224,84.4329048511554,-5.189812373838232,-5.673990691300907,47.22695015427548,12201.23,7.135992014027569,40.090958140247906,0.17799504788745973,5
2025-02-19T00:00:00Z,5,NA,NA,NA,NA,NA,NA,NA,NA,NA,7895.357,NA,NA,NA,5
2025-02-20T00:00:00Z,5,0.07196773794893997,2.5468355028995897,6.815833333333333,4.748954129940625,0.2553345893055422,160.10234621556677,0.4045251342914349,0.31744832128172096,4.807339709949733,5568.476,-0.556222059650723,5.363561769600455,-0.10370386014817116,5
2025-02-21T00:00:00Z,5,NA,NA,NA,NA,NA,NA,NA,NA,NA,4501.435,NA,NA,NA,5
2025-02-22T00:00:00Z,5,0.3407241473221886,13.74911792087823,8.3125,5.41176215922928,0.17023707062565646,106.26064620707132,-2.0814795777327038,-2.449431050571135,13.209381305355986,3769.377,2.862034419382468,10.347346885973518,0.27659596715194074,5
2025-02-23T00:00:00Z,5,0.1913922511721842,7.277147862311831,7.848333333333334,5.0986322819345435,0.1552360936540056,96.79704128249706,-0.6266502695053362,-0.8469378955733144,7.410336177077139,4082.2959999999994,0.8616441205698373,6.548692056507301,0.1315749943858849,5
2025-02-24T00:00:00Z,5,NA,NA,NA,NA,NA,NA,NA,NA,NA,4146.907,NA,NA,NA,5
2025-02-25T00:00:00Z,5,0.16876295824724805,5.775887260820365,7.029583333333333,4.835990265712383,0.22621331894178956,141.6483333764078,-1.723119342535361,-1.9160737848971636,8.959219658480267,4603.008,2.3692890959861215,6.589930562494145,0.35953172397151895,5
2025-02-26T00:00:00Z,5,NA,NA,NA,NA,NA,NA,NA,NA,NA,4682.502,NA,NA,NA,5
2025-02-27T00:00:00Z,5,0.7344003282308745,25.045158358935936,6.9925,4.602667159733866,0.17886212429767503,111.70549037844384,-9.64784255520274,-10.43242355537572,13.79247283769602,4524.502,13.265783513403766,0.5266893242922528,25.187112974484293,5
2025-04-27T02:00:00Z,5,NA,NA,NA,NA,NA,NA,NA,NA,NA,1108.1914285714286,NA,NA,NA,5
2025-04-28T04:00:00Z,5,NA,NA,NA,NA,NA,NA,NA,NA,NA,1120.4780952380952,NA,NA,NA,5
2025-04-29T06:00:00Z,5,NA,NA,NA,NA,NA,NA,NA,NA,NA,1107.850238095238,NA,NA,NA,5
2023-09-14T00:00:00Z,5,NA,NA,NA,NA,NA,NA,NA,NA,NA,1465.227619047619,NA,NA,NA,5
2023-09-15T00:00:00Z,5,NA,NA,NA,NA,NA,NA,NA,NA,NA,1722.85,NA,NA,NA,5
2023-09-16T00:00:00Z,5,NA,NA,NA,NA,NA,NA,NA,NA,NA,1797.5330952380953,NA,NA,NA,5
2023-09-17T00:00:00Z,5,NA,NA,NA,NA,NA,NA,NA,NA,NA,1953.4080952380953,NA,NA,NA,5
2023-09-18T00:00:00Z,5,NA,NA,NA,NA,NA,NA,NA,NA,NA,2073.655,NA,NA,NA,5
2023-09-19T00:00:00Z,5,NA,NA,NA,NA,NA,NA,NA,NA,NA,2264.8164285714283,NA,NA,NA,5
2023-09-20T00:00:00Z,5,NA,NA,NA,NA,NA,NA,NA,NA,NA,2477.559523809524,NA,NA,NA,5
2023-09-21T00:00:00Z,5,NA,NA,NA,NA,NA,NA,NA,NA,NA,2692.7023809523807,NA,NA,NA,5
2023-09-22T00:00:00Z,5,NA,NA,NA,NA,NA,NA,NA,NA,NA,2236.0392857142856,NA,NA,NA,5
2023-09-23T00:00:00Z,5,NA,NA,NA,NA,NA,NA,NA,NA,NA,2149.0230952380953,NA,NA,NA,5
2023-09-24T00:00:00Z,5,NA,NA,NA,NA,NA,NA,NA,NA,NA,2607.4,NA,NA,NA,5
2023-09-25T00:00:00Z,5,NA,NA,NA,NA,NA,NA,NA,NA,NA,2978.07380952381,NA,NA,NA,5
2023-09-26T00:00:00Z,5,NA,NA,NA,NA,NA,NA,NA,NA,NA,2260.362619047619,NA,NA,NA,5
2023-09-27T00:00:00Z,5,NA,NA,NA,NA,NA,NA,NA,NA,NA,1301.472857142857,NA,NA,NA,5
2023-09-28T00:00:00Z,5,NA,NA,NA,NA,NA,NA,NA,NA,NA,1485.782619047619,NA,NA,NA,5
2023-09-29T00:00:00Z,5,NA,NA,NA,NA,NA,NA,NA,NA,NA,1523.809761904762,NA,NA,NA,5
2023-09-30T00:00:00Z,5,NA,NA,NA,NA,NA,NA,NA,NA,NA,1632.408095238095,NA,NA,NA,5
2023-10-01T00:00:00Z,5,NA,NA,NA,NA,NA,NA,NA,NA,NA,1758.4785714285713,NA,NA,NA,5
2023-10-02T00:00:00Z,5,NA,NA,NA,NA,NA,NA,NA,NA,NA,1960.26,NA,NA,NA,5
2023-10-03T00:00:00Z,5,NA,NA,NA,NA,NA,NA,NA,NA,NA,2139.7735714285714,NA,NA,NA,5
2023-10-04T00:00:00Z,5,NA,NA,NA,NA,NA,NA,NA,NA,NA,2218.225,NA,NA,NA,5
2023-10-05T00:00:00Z,5,NA,NA,NA,NA,NA,NA,NA,NA,NA,2340.1842857142856,NA,NA,NA,5
2023-10-06T00:00:00Z,5,NA,NA,NA,NA,NA,NA,NA,NA,NA,2491.947619047619,NA,NA,NA,5
2023-10-07T00:00:00Z,5,NA,NA,NA,NA,NA,NA,NA,NA,NA,2743.747619047619,NA,NA,NA,5
2023-10-08T00:00:00Z,5,NA,NA,NA,NA,NA,NA,NA,NA,NA,3007.8785714285714,NA,NA,NA,5
2023-10-09T00:00:00Z,5,NA,NA,NA,NA,NA,NA,NA,NA,NA,3082.247619047619,NA,NA,NA,5
2023-10-10T00:00:00Z,5,NA,NA,NA,NA,NA,NA,NA,NA,NA,3108.12619047619,NA,NA,NA,5
2023-10-11T00:00:00Z,5,NA,NA,NA,NA,NA,NA,NA,NA,NA,3450.1547619047615,NA,NA,NA,5
2023-10-12T00:00:00Z,5,NA,NA,NA,NA,NA,NA,NA,NA,NA,3748.545238095238,NA,NA,NA,5
2023-10-13T00:00:00Z,5,NA,NA,NA,NA,NA,NA,NA,NA,NA,1344.2957142857142,NA,NA,NA,5
2023-10-14T00:00:00Z,5,NA,NA,NA,NA,NA,NA,NA,NA,NA,1521.7538095238094,NA,NA,NA,5
2023-10-15T00:00:00Z,5,NA,NA,NA,NA,NA,NA,NA,NA,NA,1569.715238095238,NA,NA,NA,5
2023-10-16T00:00:00Z,5,NA,NA,NA,NA,NA,NA,NA,NA,NA,1621.8169047619049,NA,NA,NA,5
2023-10-17T00:00:00Z,5,NA,NA,NA,NA,NA,NA,NA,NA,NA,1562.160476190476,NA,NA,NA,5
2023-10-18T00:00:00Z,5,NA,NA,NA,NA,NA,NA,NA,NA,NA,1593.0147619047618,NA,NA,NA,5
2023-10-19T00:00:00Z,5,NA,NA,NA,NA,NA,NA,NA,NA,NA,1654.9004761904762,NA,NA,NA,5
2023-10-20T00:00:00Z,5,NA,NA,NA,NA,NA,NA,NA,NA,NA,1747.9195238095238,NA,NA,NA,5
2023-10-21T00:00:00Z,5,NA,NA,NA,NA,NA,NA,NA,NA,NA,1903.734523809524,NA,NA,NA,5
2023-10-22T00:00:00Z,5,NA,NA,NA,NA,NA,NA,NA,NA,NA,2049.005476190476,NA,NA,NA,5
2023-10-23T00:00:00Z,5,NA,NA,NA,NA,NA,NA,NA,NA,NA,2315.8621428571428,NA,NA,NA,5
2023-10-24T00:00:00Z,5,NA,NA,NA,NA,NA,NA,NA,NA,NA,2527.9214285714284,NA,NA,NA,5
2023-10-25T00:00:00Z,5,NA,NA,NA,NA,NA,NA,NA,NA,NA,2810.5523809523806,NA,NA,NA,5
2023-10-26T00:00:00Z,5,NA,NA,NA,NA,NA,NA,NA,NA,NA,3155.530952380952,NA,NA,NA,5
2023-10-27T00:00:00Z,5,NA,NA,NA,NA,NA,NA,NA,NA,NA,3425.830952380952,NA,NA,NA,5
2023-10-28T00:00:00Z,5,NA,NA,NA,NA,NA,NA,NA,NA,NA,3771.495238095238,NA,NA,NA,5
2023-10-29T00:00:00Z,5,NA,NA,NA,NA,NA,NA,NA,NA,NA,4109.628571428571,NA,NA,NA,5
2023-10-30T00:00:00Z,5,NA,NA,NA,NA,NA,NA,NA,NA,NA,4295.990476190476,NA,NA,NA,5
2023-10-31T00:00:00Z,5,NA,NA,NA,NA,NA,NA,NA,NA,NA,4741.692857142857,NA,NA,NA,5
2023-11-01T00:00:00Z,5,NA,NA,NA,NA,NA,NA,NA,NA,NA,4572.457142857143,NA,NA,NA,5
2023-11-02T00:00:00Z,5,NA,NA,NA,NA,NA,NA,NA,NA,NA,3980.8023809523806,NA,NA,NA,5
2023-11-03T00:00:00Z,5,NA,NA,NA,NA,NA,NA,NA,NA,NA,3519.87619047619,NA,NA,NA,5
2023-11-04T00:00:00Z,5,NA,NA,NA,NA,NA,NA,NA,NA,NA,3828.588095238095,NA,NA,NA,5
2023-11-05T00:00:00Z,5,NA,NA,NA,NA,NA,NA,NA,NA,NA,3660.040476190476,NA,NA,NA,5
2023-11-06T00:00:00Z,5,NA,NA,NA,NA,NA,NA,NA,NA,NA,3493.7666666666664,NA,NA,NA,5
2023-11-07T00:00:00Z,5,NA,NA,NA,NA,NA,NA,NA,NA,NA,3397.873809523809,NA,NA,NA,5
2023-11-08T00:00:00Z,5,NA,NA,NA,NA,NA,NA,NA,NA,NA,3426.3190476190475,NA,NA,NA,5
2023-11-09T00:00:00Z,5,NA,NA,NA,NA,NA,NA,NA,NA,NA,3464.697619047619,NA,NA,NA,5
2023-11-10T00:00:00Z,5,NA,NA,NA,NA,NA,NA,NA,NA,NA,3767.7285714285713,NA,NA,NA,5
2023-11-11T00:00:00Z,5,NA,NA,NA,NA,NA,NA,NA,NA,NA,4067.830952380952,NA,NA,NA,5
2023-11-12T00:00:00Z,5,NA,NA,NA,NA,NA,NA,NA,NA,NA,4217.540476190476,NA,NA,NA,5
2023-11-13T00:00:00Z,5,NA,NA,NA,NA,NA,NA,NA,NA,NA,3698.4238095238097,NA,NA,NA,5
2023-11-14T00:00:00Z,5,NA,NA,NA,NA,NA,NA,NA,NA,NA,3575.0499999999997,NA,NA,NA,5
2023-11-15T00:00:00Z,5,NA,NA,NA,NA,NA,NA,NA,NA,NA,3220.235714285714,NA,NA,NA,5
2023-11-16T00:00:00Z,5,NA,NA,NA,NA,NA,NA,NA,NA,NA,3734.840476190476,NA,NA,NA,5
2023-11-17T00:00:00Z,5,NA,NA,NA,NA,NA,NA,NA,NA,NA,3348.0642857142857,NA,NA,NA,5
2023-11-18T00:00:00Z,5,NA,NA,NA,NA,NA,NA,NA,NA,NA,4755.740476190476,NA,NA,NA,5
2023-11-19T00:00:00Z,5,NA,NA,NA,NA,NA,NA,NA,NA,NA,5015.5999999999995,NA,NA,NA,5
2023-11-20T00:00:00Z,5,NA,NA,NA,NA,NA,NA,NA,NA,NA,4855.285714285715,NA,NA,NA,5
2023-11-21T00:00:00Z,5,NA,NA,NA,NA,NA,NA,NA,NA,NA,5026.378571428571,NA,NA,NA,5
2023-11-22T00:00:00Z,5,NA,NA,NA,NA,NA,NA,NA,NA,NA,5034.602380952381,NA,NA,NA,5
2023-11-23T00:00:00Z,5,NA,NA,NA,NA,NA,NA,NA,NA,NA,4897.719047619047,NA,NA,NA,5
2023-11-24T00:00:00Z,5,NA,NA,NA,NA,NA,NA,NA,NA,NA,4067.533333333333,NA,NA,NA,5
2023-11-25T00:00:00Z,5,NA,NA,NA,NA,NA,NA,NA,NA,NA,3527.595238095238,NA,NA,NA,5
2023-11-26T00:00:00Z,5,NA,NA,NA,NA,NA,NA,NA,NA,NA,3552.77619047619,NA,NA,NA,5
2023-11-27T00:00:00Z,5,NA,NA,NA,NA,NA,NA,NA,NA,NA,3349.211904761905,NA,NA,NA,5
2023-11-28T00:00:00Z,5,NA,NA,NA,NA,NA,NA,NA,NA,NA,2677.407142857143,NA,NA,NA,5
2023-11-29T00:00:00Z,5,NA,NA,NA,NA,NA,NA,NA,NA,NA,1855.2780952380951,NA,NA,NA,5
2023-11-30T00:00:00Z,5,NA,NA,NA,NA,NA,NA,NA,NA,NA,1772.290476190476,NA,NA,NA,5
2023-12-01T00:00:00Z,5,NA,NA,NA,NA,NA,NA,NA,NA,NA,1876.7966666666664,NA,NA,NA,5
2023-12-02T00:00:00Z,5,NA,NA,NA,NA,NA,NA,NA,NA,NA,2121.96,NA,NA,NA,5
2023-12-03T00:00:00Z,5,NA,NA,NA,NA,NA,NA,NA,NA,NA,2421.3785714285714,NA,NA,NA,5
2023-12-04T00:00:00Z,5,NA,NA,NA,NA,NA,NA,NA,NA,NA,2468.654761904762,NA,NA,NA,5
2023-12-05T00:00:00Z,5,NA,NA,NA,NA,NA,NA,NA,NA,NA,2468.5785714285716,NA,NA,NA,5
2023-12-06T00:00:00Z,5,NA,NA,NA,NA,NA,NA,NA,NA,NA,2612.2714285714287,NA,NA,NA,5
2023-12-07T00:00:00Z,5,0.07536565873490954,6.166802738720582,7.564583333333333,5.081366407386621,0.1875366317399301,117.18458631482108,0.7878102664225448,0.679528157467209,4.1449540952011255,2599.659523809524,-1.0832391163309991,5.228193211532124,-0.2071918677262418,5
2023-12-08T00:00:00Z,5,0.06519346417843622,2.9432933745920153,7.223333333333334,5.0835369805761506,0.18087866387853985,112.97850122531956,1.5586067825872525,1.466279895137682,2.0618001828485792,2644.154761904762,-2.143084326057472,4.204884508906051,-0.5096654430147524,5
2023-12-09T00:00:00Z,5,0.06141700735342362,3.2341619462103837,6.335,4.711757072702537,0.1782630336472795,111.32660845659488,0.5765659804326777,0.4912873464330745,2.680798549124172,3088.4166666666665,-0.7927782230949318,3.473576772219104,-0.2282310929285905,5
2023-12-10T00:00:00Z,5,NA,NA,NA,NA,NA,NA,NA,NA,NA,3668.983333333333,NA,NA,NA,5
2023-12-11T00:00:00Z,5,0.06528173693905362,2.9984462510382004,6.282916666666667,4.380950254003246,0.26099738472204204,163.69042659373974,1.1878991091114974,1.0952605997384355,2.6469965630755707,3232.0071428571428,-1.6333612750283089,4.28035783810388,-0.38159456213872484,5
2023-12-12T00:00:00Z,5,0.28070198178706673,16.413851991590484,7.347916666666666,5.062578655574805,0.2458349490941404,154.07855648901457,-5.52396903012801,-5.846275100281627,7.739047872058585,1687.354761904762,7.595457416426014,0.14359045563257045,52.89667327097154,5
2023-12-13T00:00:00Z,5,0.2296773077876785,27.13065481241034,7.339166666666666,5.071256006847963,0.2280744969065694,142.82706399875315,-11.399067083624692,-11.645785743605579,12.089610019955101,1571.4771428571428,15.67371723998395,-3.5841072200288497,-4.37311617029632,5
2023-12-14T00:00:00Z,5,0.1637497713463704,8.841578174072954,7.2575,5.031008016042407,0.21687807299857023,135.73902024775646,-1.4443074561122442,-1.6292747191227783,4.1059124013872035,1645.1830952380951,1.9859227521543357,2.119989649232868,0.9367605888420044,5
2023-12-15T00:00:00Z,5,0.24925371611153233,13.739322826065203,6.905833333333334,4.8809635447462645,0.21450316294571997,134.23600627054773,-5.158462760958208,-5.429428254431805,6.807091376529951,1779.171904761905,7.092886296317536,-0.28579491978758487,-24.81809789197539,5
2023-12-16T00:00:00Z,5,0.04796734512518871,0.7810724809894962,6.702916666666667,4.724920839890423,0.22375914736677957,140.10431576567072,2.9976005040868667,2.9442170309414544,0.4142459310374006,1856.065476190476,-4.1217006931194415,4.535946624156842,-0.9086748664917542,5
2023-12-17T00:00:00Z,5,0.01567633019070055,0.37526164919448024,6.5975,4.3607312111705765,1.116968983028875,712.1783468105494,3.8942917091471467,3.948180892947947,1.8103980321339617,1358.6847619047617,-5.3546511000773265,7.165049132211288,-0.7473292926917817,5
2023-12-18T00:00:00Z,5,0.09594950044150888,1.6828859645711196,6.145833333333333,4.435341041685479,0.8693119536239073,552.5920577150122,1.510251845144853,1.3759765442064538,10.747785549859094,4025.845,-2.0765962870741728,12.824381836933266,-0.16192564393971254,5
2023-12-19T00:00:00Z,5,0.09479851988514028,2.1923884298687457,6.840416666666667,4.761678099392196,0.7565873910535703,480.1893077592453,2.311127043313487,2.1692541930072755,13.427705814124641,5406.573,-3.1777996845560446,16.605505498680685,-0.19137024674187258,5
2023-12-20T00:00:00Z,5,0.46423665629570166,11.653531838735274,7.525416666666667,5.2655123834365885,0.6639658989924041,420.789962540225,-13.079202784662474,-13.607713420817799,56.000792474881884,5081.48,17.9839038289109,38.01688864597098,0.4730503854848424,5
2023-12-21T00:00:00Z,5,0.3668495760428675,9.557875047774884,7.3425,5.240300280940507,0.5905726650847241,373.7870206432265,-9.537337950668913,-9.953530173140589,39.009230900489314,4781.692,13.113839682169756,25.89539121831956,0.5064159707651931,5
2023-12-22T00:00:00Z,5,0.2133767647604074,4.8301976369663775,6.909583333333333,5.1216534420831055,0.5331609025339265,337.06357155033805,-2.9591806758854027,-3.203900078343473,17.717777306928298,4595.954,4.068873429342428,13.64890387758587,0.29810990434362294,5
2023-12-23T00:00:00Z,5,0.0883767584074359,6.84758124596245,6.4625,4.900618301370193,0.48781744063488103,308.09191748283763,-6.776849097161962,-6.890600557734005,23.753216644335488,4669.225,9.318167508597698,14.43504913573779,0.6455237818018994,5
2023-12-24T00:00:00Z,5,0.2305889162097261,8.75223656383329,6.327083333333333,4.791702526286352,0.4428086384960648,279.36322679653443,-9.440650106477769,-9.703290386257237,27.523737840948304,4732.749,12.980893896406933,14.54284394454137,0.8925966575663687,5
2023-12-25T00:00:00Z,5,0.2543115883206698,2.3260545897298837,5.952083333333333,4.570410432857305,0.4259406123357699,268.6049302901899,-0.4888522782947238,-0.7694500842637706,7.243951643196606,4741.008,0.6721718826552452,6.571779760541361,0.10228155950860318,5
2023-12-26T00:00:00Z,5,0.08454285275142909,5.768924515613343,5.56625,4.369311255655633,0.4386635544483212,276.71861854136614,-6.991743000539259,-7.089742887807773,21.08369831048467,5169.785,9.613646625741481,11.47005168474319,0.838151988323558,5
2023-12-27T00:00:00Z,5,0.07510452381491942,2.803297968738986,5.68375,4.286903239856079,0.4039323296828412,254.57502507547196,-1.1802955007201823,-1.2664253216046637,9.247111070545408,5470.692,1.6229063134902506,7.624204757055157,0.21286237256265622,5
2023-12-28T00:00:00Z,5,0.068946890330272,3.7733877322293385,6.1425,4.50869055694901,0.3753042421236358,236.33773933699695,-1.79745822818407,-1.8748723495694306,11.22521187388575,5270.089,2.471505063753096,8.753706810132654,0.28233811313993995,5
2023-12-29T00:00:00Z,5,0.06939634324866062,3.3751145721900495,6.845833333333333,4.742023335082557,0.35370400952923126,222.58829074200867,-0.24486077495456993,-0.3291716466926009,9.421244693479258,5193.484,0.33668356556253365,9.084561127916723,0.03706107106571279,5
2023-12-30T00:00:00Z,5,0.12254819167855088,11.663376881261597,7.730833333333333,5.2290587512669,0.32925623336095156,207.03754235535328,-6.223386024079375,-6.369862729504002,28.048702395540406,5988.887,8.55715578310914,19.491546612431264,0.43901881945333066,5
2023-12-31T00:00:00Z,5,0.2026709687833563,19.65051477170545,8.067083333333333,5.359111535167176,0.30961405392507757,194.55254241501405,-10.889222806560582,-11.112600315197694,18.52985382171251,2960.681,14.9726813590208,3.5571724626917103,4.209152498524342,5
2024-01-04T11:00:00Z,5,0.08345125960228118,15.024584981113478,7.8029166666666665,5.155009580875046,0.28987206368352114,182.0137481702232,-9.1358565924788,-9.221888643571132,5.5616733903031,1236.818,12.561802814658352,-7.000129424355252,-1.7945100801926044,5
2024-01-05T11:00:00Z,5,0.1526416993184363,5.569725777566687,7.957083333333333,5.261434614131281,0.28501236781694356,178.92796950513485,-1.7481122587310685,-1.9190707939446652,10.022770926204405,1786.837,2.403654355755219,7.6191165704491866,0.31547677916857375,5
2024-01-06T00:00:00Z,5,0.03175009986281957,1.4139405518575423,6.8875,4.970599745511532,0.32752715793310383,205.9515493194295,0.8404904185400079,0.8126727877442961,3.317406743099105,4985.88,-1.155674325492511,4.4730810685916165,-0.25836203452855905,5
2024-01-07T00:00:00Z,5,0.07822663396711475,2.7365648468880157,6.6674999999999995,4.6619296246948725,0.35559747922526136,223.7941996701612,0.12099106977137852,0.029231968093708094,7.133767251926635,4835.225,-0.16636272093564547,7.300129972862281,-0.022789008079868053,5
2024-01-08T00:00:00Z,5,0.18863443266832217,9.000761051567988,7.412083333333333,5.009589557827609,0.3222870906347874,202.6069194215528,-4.450010785883949,-4.656074534121466,22.371760223003736,4816.249,6.11876483059043,16.252995392413307,0.3764699787859776,5
2024-01-09T00:00:00Z,5,0.5092943071064631,0.6051554651086435,6.931666666666667,4.91732126577523,0.4175682471061911,263.4476983841696,1.813591310134245,1.3183834595354422,2.1015944777598627,6180.536,-2.493688051434587,4.595282529194449,-0.5426626188034904,5
2024-01-10T00:00:00Z,5,0.0985000653776877,1.996815695566452,6.7575,4.690772624332293,0.6579919287111302,416.9758367628715,0.8485475534689768,0.7156686169502788,7.365859117188546,4281.731,-1.166752886019843,8.532612003208389,-0.1367404126170423,5
2024-01-13T14:00:00Z,5,0.09502881083505749,1.2751489546851416,6.399583333333333,4.511148182616864,0.4462814674114197,281.57893127693166,2.0608247041651877,1.9635107988433032,3.323752809929684,4280.799,-2.833633968227133,6.157386778156817,-0.4602007426720995,5
2024-01-15T12:00:00Z,5,0.1458413472435212,3.977880999645132,7.738333333333333,5.282000518279527,0.3699614284077053,232.93608872316065,0.057340522894763435,-0.12346461550523813,7.589009706002935,3779.715,-0.07884321898029972,7.667852924983235,-0.010282307153207703,5
2024-01-16T00:00:00Z,5,0.04628633089349829,1.6147787765011872,6.962083333333333,4.931849626384095,0.4052709687237555,255.44308654606695,1.6003754589923171,1.5359828956886337,4.341150141968024,4322.343,-2.2005162561144362,6.5416663980824605,-0.33638466442731885,5
2024-01-17T00:00:00Z,5,0.08523970257544301,3.187544303649965,7.575833333333334,4.9595381674533385,0.4388778541193442,276.8582007714591,1.597489422653545,1.4698626030008874,9.130033743562459,4649.228,-2.1965479561486245,11.326581699711083,-0.19392858449117564,5
2024-01-18T00:00:00Z,5,0.31338341391318475,15.41702224067078,8.355,5.531978599161405,0.38638324155436177,243.3941069247209,-8.014286650082802,-8.360140524191937,36.06665773614102,4230.246,11.019644143863854,25.047013592277164,0.439958404752157,5
2024-01-19T00:00:00Z,5,0.09727849019257974,6.139770069716974,7.910833333333334,5.37167093878832,0.36413423872302286,229.2262427647064,-1.2619116367529202,-1.3754149452635414,14.580859888498686,4305.107,1.7351285005352652,12.845731387963422,0.13507432532499455,5
2024-01-20T00:00:00Z,5,0.07670557341413972,4.496441796039466,8.068333333333333,5.187973055714634,0.3426220744865733,215.53788601304996,1.2900054288540486,1.188044822861102,9.984320019857462,4509.563,-1.7737574646743168,11.758077484531778,-0.15085437793787002,5
2024-01-21T00:00:00Z,5,0.13169548369819392,9.938797129441047,8.987916666666667,5.637012357580128,0.31999144210409647,201.14765975144152,-0.4013787135071407,-0.5668380858851529,19.12645423933553,4293.62,0.5518957310723185,18.574558508263213,0.029712454851984673,5
2024-01-22T00:00:00Z,5,0.13539921822473697,3.045655799519563,9.0408333333333335,5.856951260763296,0.3055863943546069,191.9934213535505,2.730063927155828,2.5593694148752566,5.462699861290174,4019.958,-3.7538378998392634,9.216537761129437,-0.40729371453030866,5
2024-01-23T00:00:00Z,5,0.1308941741284121,4.183197204872196,7.967083333333333,5.323796501958436,0.2974048439005969,186.79639687563193,0.7777240002476331,0.6381713155938162,8.21037233173732,4256.134,-1.0693705003404954,9.279742832077815,-0.11523708357993948,5
2024-01-24T00:00:00Z,5,0.1096235493667804,3.897112939365931,7.06375,4.892168455089982,0.29269318675001,183.80428962956728,-0.09772858586432509,-0.22161228008300826,8.731649160406262,4732.375,0.134376805563447,8.597272354842815,0.015630167338801706,5
2024-01-25T00:00:00Z,5,0.09353886081333782,11.831240963320818,6.3429166666666665,4.460915264386802,0.28504298205566103,178.94732327630376,-8.10818413357142,-8.219436172619869,30.195932030991234,5512.231,11.148753183660702,19.04717884733053,0.5853230692598449,5
2024-01-26T00:00:00Z,5,0.02618576161996071,0.9695265620289172,6.023333333333333,4.250504121276733,0.776743302577514,493.32923874175174,0.46461545986377306,0.4567016245227631,5.594856636933972,6241.728,-0.638846257312688,6.23370289424666,-0.10248262840731556,5
2024-01-27T00:00:00Z,5,0.08951240777365436,4.2367622183149,5.335833333333333,4.1473241523077355,0.6916751400169464,438.554129409204,-8.05476195875896,-8.193580955681735,25.320833266808155,5438.85,11.07529769329357,14.245535573514585,0.7774574452563827,5
2024-01-28T00:00:00Z,5,0.05253522600659163,1.0045600795967429,5.310833333333333,4.062733903602421,0.5903730434733592,373.6607886544407,1.862259842587116,1.788352617559149,5.056795231314967,5686.332,-2.5606072835572844,7.617402514872252,-0.3361522879430282,5
2024-01-29T00:00:00Z,5,0.05928266156503403,2.9494934473684182,6.2975,4.549211177169086,0.509511612811104,321.9511224273095,-0.22858197838262484,-0.34493271383676216,11.772763431997967,5253.958,0.31430022027610915,11.458463211721858,0.027429526496588492,5
2024-01-30T00:00:00Z,5,0.12890600516204334,8.098241808927938,6.997916666666667,4.903984913977942,0.4477345953176755,282.5064792092995,-5.84700127879857,-6.03314979194901,26.68015814169435,4953.033,8.039626758348033,18.640531383346314,0.4312981530950742,5
2024-01-31T00:00:00Z,5,0.0968601991645648,7.700578507739874,7.1883333333333335,5.003082678882311,0.4030340324317012,254.0028756315937,-4.461119730171966,-4.594961312234751,22.00779241299491,4803.29,6.134039628986453,15.873752784008456,0.38642655662157027,5
2024-02-01T00:00:00Z,5,0.27687119871207844,13.52614335590876,7.527916666666667,5.077391047901239,0.3673663474599674,231.28429158882545,-8.773259134773499,-9.097344626569843,34.504325009393504,4656.427,12.06323131031356,22.441093699079943,0.5375509532678497,5
2024-02-02T00:00:00Z,5,0.2885376968045489,13.307083687916135,7.5075,5.066171103132808,0.3434411102155537,216.05869201516887,-8.52042518928101,-8.840897046791028,31.724431879068224,4683.784,11.715584635261388,20.008847243806834,0.5855202197561687,5
2024-02-03T00:00:00Z,5,0.37641214311900734,11.705242754845148,7.54,4.979459166864042,0.324019101674567,203.70780952948897,-6.781012987149081,-7.196319044432393,26.68978713326855,4693.862,9.323892857329987,17.36589427593856,0.5369083048172631,5
2024-02-04T00:00:00Z,5,0.14251476451252124,3.387651436585919,7.070416666666667,4.811563760278967,0.3189933340472741,200.51327010347111,-0.7834384631783395,-0.9417758729823453,7.613524593029292,4709.56,1.077227886870217,6.536296706159075,0.16480706664603487,5
2024-02-05T00:00:00Z,5,0.1282911366847022,9.199510694531156,6.96375,4.638439246777948,0.33103814980357227,208.1701624771717,-6.352006417088185,-6.49859373185182,22.76825044659252,4709.628,8.734008823496254,14.034241623096268,0.6223356457767282,5
2024-02-06T00:00:00Z,5,0.12180951530460592,8.608620630222342,7.239583333333333,4.8537344679274605,0.31293129540804543,196.66054684814395,-5.021481367887384,-5.1608432385268586,20.399241025778483,4958.792,6.9045368808451535,13.49470414493333,0.5116478884375916,5
2024-02-07T00:00:00Z,5,0.15803531569126486,10.954381281511989,7.7283333333333335,5.016658364666877,0.2941463146562658,184.727423610195,-5.464792001574759,-5.6432701781027195,24.42842461445954,5012.066,7.514089002165294,16.914335612294245,0.4442438162752105,5
2025-04-02T11:10:50Z,5,0.05995933959165397,2.618496010971172,4.696666666666666,3.868012411650205,0.339637008784507,213.6414028124417,-2.540627663481871,-2.6232548695964173,7.227771348469771,5253.5142857142855,3.4933630372875726,3.7344083111821984,0.9354528873629466,5
2025-04-14T11:00:00Z,5,0.2540640880210792,23.473821470657825,6.501666666666667,4.558009214202701,0.06625476038830841,40.9231470670722,-3.8354356223220623,-4.105829562317059,6.06640766410962,2767.7571428571428,5.273723980692836,0.7926836834167839,6.652999287131753,5
2025-05-07T20:00:00Z,5,NA,NA,NA,NA,NA,NA,NA,NA,NA,5476.519047619047,NA,NA,NA,5
2025-05-09T10:36:30Z,5,NA,NA,NA,NA,NA,NA,NA,NA,NA,5286.588095238095,NA,NA,NA,5
2025-05-10T22:00:00Z,5,0.07775020764461936,10.52387738299358,4.6866666666666665,3.6889157936667907,0.02059425240062592,12.573722340841975,-0.6958931800473487,-0.7738223805571561,0.8752743916563368,2839.523809523809,0.9568531225651045,-0.08157873090876766,-11.729198430840837,5
2025-05-11T00:00:00Z,5,0.12386334660522592,27.145907289657163,6.805,4.013415510858663,0.03124465248930505,19.139397148637656,-2.026845867611429,-2.1506708475914262,4.204932212050138,3404.602380952381,2.786913067965715,1.4180191440844228,1.9653564478250756,5
2025-05-12T00:00:00Z,5,0.04511001963018887,9.82372501319717,6.0075,3.8176436577925354,0.06261460159283941,38.651312603129504,-2.241523724417107,-2.28647989131936,3.086282865487402,3388.0190476190473,3.082095121073522,0.0041877444138798126,735.9797581863547,5
2025-05-13T00:00:00Z,5,0.03392463672796982,11.424324209925654,5.891666666666667,3.834854272697962,0.05484110119735384,33.80392224225278,-1.9321780682574192,-1.96610762466042,3.1828093461146043,3405.540476190476,2.6567448438539514,0.5260645022606529,5.05022641223109,5
2025-05-14T00:00:00Z,5,NA,NA,NA,NA,NA,NA,NA,NA,NA,3394.6880952380952,NA,NA,NA,5
2025-05-15T00:00:00Z,5,NA,NA,NA,NA,NA,NA,NA,NA,NA,3634.7285714285713,NA,NA,NA,5
2025-05-16T00:00:00Z,5,NA,NA,NA,NA,NA,NA,NA,NA,NA,3636.7071428571426,NA,NA,NA,5
2025-05-17T00:00:00Z,5,NA,NA,NA,NA,NA,NA,NA,NA,NA,3912.535714285714,NA,NA,NA,5
2025-05-18T00:00:00Z,5,NA,NA,NA,NA,NA,NA,NA,NA,NA,3588.9380952380952,NA,NA,NA,5
2025-05-19T00:00:00Z,5,NA,NA,NA,NA,NA,NA,NA,NA,NA,3979.75,NA,NA,NA,5
2025-05-20T00:00:00Z,5,NA,NA,NA,NA,NA,NA,NA,NA,NA,4148.428571428572,NA,NA,NA,5
2025-05-21T00:00:00Z,5,NA,NA,NA,NA,NA,NA,NA,NA,NA,5133.345238095238,NA,NA,NA,5
2025-05-22T00:00:00Z,5,NA,NA,NA,NA,NA,NA,NA,NA,NA,3676.290476190476,NA,NA,NA,5
2025-05-23T00:00:00Z,5,NA,NA,NA,NA,NA,NA,NA,NA,NA,3309.138095238095,NA,NA,NA,5
2025-05-24T00:00:00Z,5,NA,NA,NA,NA,NA,NA,NA,NA,NA,3524.990476190476,NA,NA,NA,5
2025-05-25T00:00:00Z,5,NA,NA,NA,NA,NA,NA,NA,NA,NA,3612.933333333333,NA,NA,NA,5
2025-05-26T00:00:00Z,5,NA,NA,NA,NA,NA,NA,NA,NA,NA,3547.347619047619,NA,NA,NA,5
2025-05-27T00:00:00Z,5,NA,NA,NA,NA,NA,NA,NA,NA,NA,3623.1642857142856,NA,NA,NA,5
2025-05-28T00:00:00Z,5,NA,NA,NA,NA,NA,NA,NA,NA,NA,3618.295238095238,NA,NA,NA,5
2025-05-29T00:00:00Z,5,NA,NA,NA,NA,NA,NA,NA,NA,NA,3589.378571428571,NA,NA,NA,5
2025-05-30T00:00:00Z,5,NA,NA,NA,NA,NA,NA,NA,NA,NA,3532.233333333333,NA,NA,NA,5
2025-05-31T00:00:00Z,5,NA,NA,NA,NA,NA,NA,NA,NA,NA,3532.042857142857,NA,NA,NA,5
2025-06-01T00:00:00Z,5,NA,NA,NA,NA,NA,NA,NA,NA,NA,3326.7023809523807,NA,NA,NA,5
2025-06-02T00:00:00Z,5,NA,NA,NA,NA,NA,NA,NA,NA,NA,4509.280952380952,NA,NA,NA,5
2025-06-03T00:00:00Z,5,NA,NA,NA,NA,NA,NA,NA,NA,NA,3492.990476190476,NA,NA,NA,5
2025-06-04T00:00:00Z,5,NA,NA,NA,NA,NA,NA,NA,NA,NA,3475.147619047619,NA,NA,NA,5
2025-06-05T00:00:00Z,5,NA,NA,NA,NA,NA,NA,NA,NA,NA,3550.2809523809524,NA,NA,NA,5
2025-06-06T00:00:00Z,5,NA,NA,NA,NA,NA,NA,NA,NA,NA,3583.52619047619,NA,NA,NA,5
2025-06-07T00:00:00Z,5,NA,NA,NA,NA,NA,NA,NA,NA,NA,3597.7190476190476,NA,NA,NA,5
2025-06-08T00:00:00Z,5,NA,NA,NA,NA,NA,NA,NA,NA,NA,3711.592857142857,NA,NA,NA,5
2025-06-09T00:00:00Z,5,NA,NA,NA,NA,NA,NA,NA,NA,NA,3695.252380952381,NA,NA,NA,5
2025-06-10T00:00:00Z,5,NA,NA,NA,NA,NA,NA,NA,NA,NA,3588.7595238095237,NA,NA,NA,5
2025-06-11T00:00:00Z,5,NA,NA,NA,NA,NA,NA,NA,NA,NA,3597.373809523809,NA,NA,NA,5
2025-06-12T00:00:00Z,5,NA,NA,NA,NA,NA,NA,NA,NA,NA,3593.6047619047617,NA,NA,NA,5
2025-06-13T00:00:00Z,5,NA,NA,NA,NA,NA,NA,NA,NA,NA,3580.245238095238,NA,NA,NA,5
2025-06-14T00:00:00Z,5,NA,NA,NA,NA,NA,NA,NA,NA,NA,3625.7857142857138,NA,NA,NA,5
2025-06-15T00:00:00Z,5,NA,NA,NA,NA,NA,NA,NA,NA,NA,3603.3119047619048,NA,NA,NA,5
2025-06-16T00:00:00Z,5,NA,NA,NA,NA,NA,NA,NA,NA,NA,3547.7023809523807,NA,NA,NA,5
2025-06-17T00:00:00Z,5,NA,NA,NA,NA,NA,NA,NA,NA,NA,3655.3476190476185,NA,NA,NA,5
2025-06-18T00:00:00Z,5,NA,NA,NA,NA,NA,NA,NA,NA,NA,3604.4571428571426,NA,NA,NA,5
2025-06-19T00:00:00Z,5,NA,NA,NA,NA,NA,NA,NA,NA,NA,3601.7595238095237,NA,NA,NA,5
2025-06-20T00:00:00Z,5,NA,NA,NA,NA,NA,NA,NA,NA,NA,3645.171428571429,NA,NA,NA,5
2025-06-21T00:00:00Z,5,NA,NA,NA,NA,NA,NA,NA,NA,NA,3604.75,NA,NA,NA,5
2025-06-22T00:00:00Z,5,NA,NA,NA,NA,NA,NA,NA,NA,NA,3636.9119047619047,NA,NA,NA,5
2025-06-23T00:00:00Z,5,NA,NA,NA,NA,NA,NA,NA,NA,NA,3629.992857142857,NA,NA,NA,5
2025-06-24T00:00:00Z,5,NA,NA,NA,NA,NA,NA,NA,NA,NA,3627.152380952381,NA,NA,NA,5
2025-06-25T00:00:00Z,5,NA,NA,NA,NA,NA,NA,NA,NA,NA,3602.402380952381,NA,NA,NA,5
2025-06-26T00:00:00Z,5,NA,NA,NA,NA,NA,NA,NA,NA,NA,3666.895238095238,NA,NA,NA,5
2024-01-11T00:00:00Z,5,0.1809633186576478,8.227384019347625,7.35625,5.097742579226805,0.5365779548225764,339.25058738111653,-7.528648118743324,-7.748930094834082,19.949959925875156,3263.485,10.35189116327207,9.598068762603086,1.078538966464389,5
2024-01-12T00:00:00Z,5,0.1885031486613984,1.6970052725523492,7.01,5.044458454469553,0.47620122422062994,300.674049029261,0.8166673677189591,0.602803868341097,3.941652724028276,3247.732,-1.1229176306135686,5.064570354641845,-0.22172021553306648,5
2024-01-14T00:00:00Z,5,0.09856957654868435,5.280814956871278,7.42875,5.054308700768194,0.3991648959055495,251.53715006633757,-1.2279903806319834,-1.3527151556134376,9.730525704199389,3396.658,1.6884867733689772,8.042038930830412,0.20995754781737,5
2023-08-02T13:00:00Z,5a,NA,NA,NA,NA,NA,NA,NA,NA,NA,6556.66,NA,NA,NA,5
2023-08-03T00:00:00Z,5a,NA,NA,NA,NA,NA,NA,NA,NA,NA,8068.646,NA,NA,NA,5
2023-08-04T00:00:00Z,5a,NA,NA,NA,NA,NA,NA,NA,NA,NA,9446.353,NA,NA,NA,5
2023-08-05T00:00:00Z,5a,NA,NA,NA,NA,NA,NA,NA,NA,NA,8158.813,NA,NA,NA,5
2023-08-06T00:00:00Z,5a,NA,NA,NA,NA,NA,NA,NA,NA,NA,8615.428,NA,NA,NA,5
2023-08-07T00:00:00Z,5a,NA,NA,NA,NA,NA,NA,NA,NA,NA,9594.717,NA,NA,NA,5
2023-08-08T12:00:00Z,5a,NA,NA,NA,NA,NA,NA,NA,NA,NA,9945.706,NA,NA,NA,5
2023-08-09T12:00:00Z,5a,NA,NA,NA,NA,NA,NA,NA,NA,NA,10525.17,NA,NA,NA,5
2023-08-10T12:00:00Z,5a,NA,NA,NA,NA,NA,NA,NA,NA,NA,11242.66,NA,NA,NA,5
2023-08-11T12:00:00Z,5a,NA,NA,NA,NA,NA,NA,NA,NA,NA,12125.51,NA,NA,NA,5
2023-08-12T12:00:00Z,5a,NA,NA,NA,NA,NA,NA,NA,NA,NA,13459.85,NA,NA,NA,5
2023-08-13T13:00:00Z,5a,NA,NA,NA,NA,NA,NA,NA,NA,NA,16179.38,NA,NA,NA,5
2023-08-14T13:00:00Z,5a,NA,NA,NA,NA,NA,NA,NA,NA,NA,18282.44,NA,NA,NA,5
2023-08-15T12:00:00Z,5a,NA,NA,NA,NA,NA,NA,NA,NA,NA,16442.38,NA,NA,NA,5
2023-08-17T13:00:00Z,5a,NA,NA,NA,NA,NA,NA,NA,NA,NA,6032.867,NA,NA,NA,5
2023-08-18T12:00:00Z,5a,NA,NA,NA,NA,NA,NA,NA,NA,NA,6676.23,NA,NA,NA,5
2023-08-19T13:00:00Z,5a,NA,NA,NA,NA,NA,NA,NA,NA,NA,7397.811,NA,NA,NA,5
2023-08-23T13:00:00Z,5a,NA,NA,NA,NA,NA,NA,NA,NA,NA,8538.216,NA,NA,NA,5
2023-08-25T12:00:00Z,5a,NA,NA,NA,NA,NA,NA,NA,NA,NA,11542.72,NA,NA,NA,5
2023-08-27T12:00:00Z,5a,NA,NA,NA,NA,NA,NA,NA,NA,NA,9764.766,NA,NA,NA,5
2023-08-28T12:00:00Z,5a,NA,NA,NA,NA,NA,NA,NA,NA,NA,12294.31,NA,NA,NA,5
2023-08-31T12:00:00Z,5a,NA,NA,NA,NA,NA,NA,NA,NA,NA,6253.637,NA,NA,NA,5
2023-09-13T12:00:00Z,5a,NA,NA,NA,NA,NA,NA,NA,NA,NA,5289.113,NA,NA,NA,5
2023-09-14T00:00:00Z,5a,NA,NA,NA,NA,NA,NA,NA,NA,NA,6153.956,NA,NA,NA,5
2023-09-15T00:00:00Z,5a,NA,NA,NA,NA,NA,NA,NA,NA,NA,7235.97,NA,NA,NA,5
2023-09-16T00:00:00Z,5a,NA,NA,NA,NA,NA,NA,NA,NA,NA,7549.639,NA,NA,NA,5
2023-09-17T00:00:00Z,5a,NA,NA,NA,NA,NA,NA,NA,NA,NA,8204.314,NA,NA,NA,5
2023-09-18T00:00:00Z,5a,NA,NA,NA,NA,NA,NA,NA,NA,NA,8709.351,NA,NA,NA,5
2023-09-19T00:00:00Z,5a,NA,NA,NA,NA,NA,NA,NA,NA,NA,9512.229,NA,NA,NA,5
2023-09-20T00:00:00Z,5a,NA,NA,NA,NA,NA,NA,NA,NA,NA,10405.75,NA,NA,NA,5
2023-09-21T00:00:00Z,5a,NA,NA,NA,NA,NA,NA,NA,NA,NA,11309.35,NA,NA,NA,5
2023-09-22T00:00:00Z,5a,NA,NA,NA,NA,NA,NA,NA,NA,NA,9391.365,NA,NA,NA,5
2023-09-23T00:00:00Z,5a,NA,NA,NA,NA,NA,NA,NA,NA,NA,9025.897,NA,NA,NA,5
2023-09-24T00:00:00Z,5a,NA,NA,NA,NA,NA,NA,NA,NA,NA,10951.08,NA,NA,NA,5
2023-09-25T00:00:00Z,5a,NA,NA,NA,NA,NA,NA,NA,NA,NA,12507.91,NA,NA,NA,5
2023-09-26T00:00:00Z,5a,NA,NA,NA,NA,NA,NA,NA,NA,NA,9493.523,NA,NA,NA,5
2023-09-27T00:00:00Z,5a,NA,NA,NA,NA,NA,NA,NA,NA,NA,5466.186,NA,NA,NA,5
2023-09-28T00:00:00Z,5a,NA,NA,NA,NA,NA,NA,NA,NA,NA,6240.287,NA,NA,NA,5
2023-09-29T00:00:00Z,5a,NA,NA,NA,NA,NA,NA,NA,NA,NA,6400.001,NA,NA,NA,5
2023-09-30T00:00:00Z,5a,NA,NA,NA,NA,NA,NA,NA,NA,NA,6856.114,NA,NA,NA,5
2023-10-01T00:00:00Z,5a,NA,NA,NA,NA,NA,NA,NA,NA,NA,7385.61,NA,NA,NA,5
2023-10-02T00:00:00Z,5a,NA,NA,NA,NA,NA,NA,NA,NA,NA,8233.092,NA,NA,NA,5
2023-10-03T00:00:00Z,5a,NA,NA,NA,NA,NA,NA,NA,NA,NA,8987.049,NA,NA,NA,5
2023-10-04T00:00:00Z,5a,NA,NA,NA,NA,NA,NA,NA,NA,NA,9316.545,NA,NA,NA,5
2023-10-05T00:00:00Z,5a,NA,NA,NA,NA,NA,NA,NA,NA,NA,9828.774,NA,NA,NA,5
2023-10-06T00:00:00Z,5a,0.3747527277679002,3.5122582312134556,1.8250833333333334,8.526664153417325,0.47358984475544713,16.410017676613418,-10.11719159206933,-10.492011545546736,26.71891515729412,10466.18,13.91113843909533,12.80777671819879,1.0861477948259946,5
2023-10-07T00:00:00Z,5a,0.5188364009707958,3.1476935006309783,1.0767083333333334,8.499657754081198,0.4689868052463376,15.862903169044488,-12.250550721275618,-12.954454387596085,26.163175485280586,11523.74,16.844507241753973,9.318668243526613,1.8076088558529084,5
2023-10-08T00:00:00Z,5a,0.2645842068916996,3.2574813994868417,0.1825,8.535360257836347,0.4637027037690438,15.25043574954562,-15.979069245534953,-16.13584109148672,28.497053499070464,12633.09,21.97122021261056,6.525833286459903,3.3668068502757267,5
2023-10-09T00:00:00Z,5a,NA,NA,NA,NA,NA,NA,NA,NA,NA,12945.44,NA,NA,NA,5
2023-10-10T00:00:00Z,5a,NA,NA,NA,NA,NA,NA,NA,NA,NA,13054.13,NA,NA,NA,5
2023-10-11T00:00:00Z,5a,NA,NA,NA,NA,NA,NA,NA,NA,NA,14490.65,NA,NA,NA,5
2023-10-12T00:00:00Z,5a,2.827160977981768,3.6445108870623177,4.277291666666667,8.976698543904629,0.5994953048997007,38.38288807435858,0.7130087876283362,-3.497361952064569,20.5369241923809,15743.89,-0.9803870829889623,21.517311275369863,-0.04556271322389513,5
2023-10-13T00:00:00Z,5a,0.4212653184285062,4.599126125156195,6.273208333333334,8.589536001078322,0.5930369586496751,35.94642843239549,0.5496853143842442,0.10331812613429747,23.882522949630165,5646.042,-0.7558173072783357,24.6383402569085,-0.03067647006240233,5
2023-10-14T00:00:00Z,5a,0.32603570956538336,4.6780523066417485,5.929,8.445116675569652,0.5601404913415885,29.44304299220282,0.6264237996019162,0.2964847310414491,24.300596190856723,6391.366,-0.8613327244526348,25.161928915309357,-0.03423158563684564,5
2023-10-15T00:00:00Z,5a,0.31889851419757587,4.508824593038267,5.671541666666666,8.563296515030308,0.5402693341750319,25.95538491166641,0.43517971744730133,0.14915114856091094,23.750198210426987,6592.804,-0.5983721114900393,24.348570321917027,-0.024575246249732494,5
2023-10-16T00:00:00Z,5a,0.3632431848619375,4.2753439760471625,5.347666666666667,8.860614512159408,0.5288233832528271,24.09023836577364,-0.28157321160624704,-0.5858455033997689,21.796455413152366,6811.631,0.3871631659585897,21.409292247193775,0.01808388439413905,5
2023-10-17T00:00:00Z,5a,0.3682489713409766,4.249825125377471,5.110375,9.301721273616172,0.5150729769641358,21.978972811668452,-0.9407443768872241,-1.3152109152519813,19.902839766389757,6561.074,1.2935235182199332,18.609316248169826,0.06950945972274224,5
2023-10-18T00:00:00Z,5a,0.30134069226015064,4.155169445207905,4.699125,9.668860043625022,0.5086527936692236,21.04184297102039,-2.3217994679460947,-2.586154324750064,20.671220332563436,6690.662,3.1924742684258804,17.478746064137557,0.18264893011839775,5
2023-10-19T00:00:00Z,5a,0.28998521888068113,4.014937268032972,4.325875,9.739759694469821,0.5034362112663617,20.298248958382377,-3.3991899181536054,-3.673644373018348,20.583395800236563,6950.582,4.673886137461207,15.909509662775356,0.2937793958789969,5
2023-10-20T00:00:00Z,5a,0.308127273860139,3.922786292562036,3.7696666666666667,9.572450886543969,0.4983722806839552,19.598931782328343,-5.393373661568399,-5.64379958625867,21.410197572009768,7341.262,7.415888784656548,13.99430878735322,0.5299217630068556,5
2023-10-21T00:00:00Z,5a,0.5355259684569474,3.498085430638731,3.2813333333333334,9.466013932682698,0.4943827840685984,19.05878002913285,-6.134659313668314,-6.72877723770212,20.73308668860744,7995.685,8.435156556293931,12.297930132313509,0.6859005105363283,5
2023-10-22T00:00:00Z,5a,0.27672019001523984,3.468189069378179,2.2292916666666667,9.308316804374147,0.49112425482426736,18.62195564709548,-9.951155709333605,-10.176266788734896,22.726735970146656,8605.823,13.682839100333707,9.043896869812949,1.5129362151402665,5
2023-10-23T00:00:00Z,5a,0.3699042530726685,3.127790800474722,1.4839583333333333,9.39947226869355,0.4834799213537819,17.646668988771,-11.32229640351284,-11.785782068196045,22.161155489877014,9726.621,15.568157554830156,6.592997935046858,2.3613169165537604,5
2023-10-24T00:00:00Z,5a,0.35787553492568963,3.3120469570652076,0.66675,9.37708413392494,0.47784941766853234,16.929647962585705,-14.330276399233203,-14.73623211965659,25.72890231168216,10617.27,19.704130048945654,6.024772262736505,3.2705186502760624,5
2023-10-25T00:00:00Z,5a,0.28368593866402464,3.2754289098406315,0.23520833333333332,9.300049237841776,0.4748169305429518,16.55795487398565,-15.75131275280053,-16.01131633409164,28.541976250021367,11804.32,21.65805503510073,6.883921214920637,3.14617996907892,5
2023-10-26T00:00:00Z,5a,0.3114516968930158,3.2857446802079275,0.07354166666666666,9.160490227398778,0.4704575468241844,16.038453743879717,-15.967855359644913,-16.27956462709435,31.752239894426438,13253.23,21.955801119511754,9.796438774914684,2.2412023005475237,5
2023-10-27T00:00:00Z,5a,0.30056971162252,3.2804355353813412,0.073375,9.12230904298939,0.4693478855139528,15.905294474148294,-15.902413904925497,-16.202798491959705,34.10783937446056,14388.49,21.865819119272558,12.242020255188002,1.7861283238774353,5
2023-10-28T00:00:00Z,5a,0.29720900333101374,3.2790875872794705,0.07304166666666666,9.09416441452584,0.46862572497872257,15.820655211302675,-15.822251510076622,-16.11942817514237,36.78629022685326,15840.28,21.755595826355357,15.030694400497904,1.4474112270977104,5
2023-10-29T00:00:00Z,5a,0.283634583136509,3.2618142345661747,0.07325,9.08641396131983,0.46698765352076155,15.628983410380767,-15.678842768404584,-15.962396193691413,38.72675993324749,17260.44,21.558408806556304,17.16835112669119,1.255706424424184,5
2023-10-30T00:00:00Z,5a,0.29270519648262877,3.2760752832016684,0.07325,8.997267417741298,0.46574295406166566,15.483982998950337,-15.680846250952737,-15.973601179991602,40.81806322878649,18043.16,21.561163595060012,19.25689963372648,1.119659135435169,5
2023-10-31T00:00:00Z,5a,0.2825477687375638,3.284560179798233,0.07341666666666666,9.007807983021735,0.46473603916904793,15.368291667053397,-15.65311124584481,-15.935803768192253,42.67443355667862,19915.11,21.523027963036615,21.151405593642007,1.0175696299590753,5
2023-11-01T00:00:00Z,5a,NA,NA,NA,NA,NA,NA,NA,NA,NA,19204.32,NA,NA,NA,5
2023-11-02T00:00:00Z,5a,NA,NA,NA,NA,NA,NA,NA,NA,NA,16719.37,NA,NA,NA,5
2023-11-03T00:00:00Z,5a,NA,NA,NA,NA,NA,NA,NA,NA,NA,14783.48,NA,NA,NA,5
2023-11-04T00:00:00Z,5a,NA,NA,NA,NA,NA,NA,NA,NA,NA,16080.07,NA,NA,NA,5
2023-11-05T00:00:00Z,5a,NA,NA,NA,NA,NA,NA,NA,NA,NA,15372.17,NA,NA,NA,5
2023-11-06T00:00:00Z,5a,NA,NA,NA,NA,NA,NA,NA,NA,NA,14673.82,NA,NA,NA,5
2023-11-07T00:00:00Z,5a,NA,NA,NA,NA,NA,NA,NA,NA,NA,14271.07,NA,NA,NA,5
2023-11-08T00:00:00Z,5a,NA,NA,NA,NA,NA,NA,NA,NA,NA,14390.54,NA,NA,NA,5
2023-11-09T00:00:00Z,5a,NA,NA,NA,NA,NA,NA,NA,NA,NA,14551.73,NA,NA,NA,5
2023-11-10T00:00:00Z,5a,NA,NA,NA,NA,NA,NA,NA,NA,NA,15824.46,NA,NA,NA,5
2023-11-11T00:00:00Z,5a,NA,NA,NA,NA,NA,NA,NA,NA,NA,17084.89,NA,NA,NA,5
2023-11-12T00:00:00Z,5a,NA,NA,NA,NA,NA,NA,NA,NA,NA,17713.67,NA,NA,NA,5
2023-11-13T00:00:00Z,5a,NA,NA,NA,NA,NA,NA,NA,NA,NA,15533.38,NA,NA,NA,5
2023-11-14T00:00:00Z,5a,NA,NA,NA,NA,NA,NA,NA,NA,NA,15015.21,NA,NA,NA,5
2023-11-15T00:00:00Z,5a,NA,NA,NA,NA,NA,NA,NA,NA,NA,13524.99,NA,NA,NA,5
2023-11-16T00:00:00Z,5a,NA,NA,NA,NA,NA,NA,NA,NA,NA,15686.33,NA,NA,NA,5
2023-11-17T00:00:00Z,5a,NA,NA,NA,NA,NA,NA,NA,NA,NA,14061.87,NA,NA,NA,5
2023-11-18T00:00:00Z,5a,NA,NA,NA,NA,NA,NA,NA,NA,NA,19974.11,NA,NA,NA,5
2023-11-19T00:00:00Z,5a,NA,NA,NA,NA,NA,NA,NA,NA,NA,21065.52,NA,NA,NA,5
2023-11-20T00:00:00Z,5a,NA,NA,NA,NA,NA,NA,NA,NA,NA,20392.2,NA,NA,NA,5
2023-11-21T00:00:00Z,5a,NA,NA,NA,NA,NA,NA,NA,NA,NA,21110.79,NA,NA,NA,5
2023-11-22T00:00:00Z,5a,NA,NA,NA,NA,NA,NA,NA,NA,NA,21145.33,NA,NA,NA,5
2023-11-23T00:00:00Z,5a,NA,NA,NA,NA,NA,NA,NA,NA,NA,20570.42,NA,NA,NA,5
2023-11-24T00:00:00Z,5a,NA,NA,NA,NA,NA,NA,NA,NA,NA,17083.64,NA,NA,NA,5
2023-11-25T00:00:00Z,5a,NA,NA,NA,NA,NA,NA,NA,NA,NA,14815.9,NA,NA,NA,5
2023-11-26T00:00:00Z,5a,NA,NA,NA,NA,NA,NA,NA,NA,NA,14921.66,NA,NA,NA,5
2023-11-27T00:00:00Z,5a,NA,NA,NA,NA,NA,NA,NA,NA,NA,14066.69,NA,NA,NA,5
2023-11-28T00:00:00Z,5a,NA,NA,NA,NA,NA,NA,NA,NA,NA,11245.11,NA,NA,NA,5
2023-11-29T00:00:00Z,5a,NA,NA,NA,NA,NA,NA,NA,NA,NA,7792.168,NA,NA,NA,5
2023-11-30T00:00:00Z,5a,NA,NA,NA,NA,NA,NA,NA,NA,NA,7443.62,NA,NA,NA,5
2023-12-01T00:00:00Z,5a,NA,NA,NA,NA,NA,NA,NA,NA,NA,7882.546,NA,NA,NA,5
2023-12-02T00:00:00Z,5a,NA,NA,NA,NA,NA,NA,NA,NA,NA,8912.232,NA,NA,NA,5
2023-12-03T00:00:00Z,5a,NA,NA,NA,NA,NA,NA,NA,NA,NA,10169.79,NA,NA,NA,5
2023-12-04T00:00:00Z,5a,NA,NA,NA,NA,NA,NA,NA,NA,NA,10368.35,NA,NA,NA,5
2023-12-05T00:00:00Z,5a,NA,NA,NA,NA,NA,NA,NA,NA,NA,10368.03,NA,NA,NA,5
2023-12-06T00:00:00Z,5a,NA,NA,NA,NA,NA,NA,NA,NA,NA,10971.54,NA,NA,NA,5
2023-12-07T00:00:00Z,5a,NA,NA,NA,NA,NA,NA,NA,NA,NA,10918.57,NA,NA,NA,5
2023-12-08T00:00:00Z,5a,NA,NA,NA,NA,NA,NA,NA,NA,NA,11105.45,NA,NA,NA,5
2023-12-09T00:00:00Z,5a,NA,NA,NA,NA,NA,NA,NA,NA,NA,12971.35,NA,NA,NA,5
2023-12-10T00:00:00Z,5a,NA,NA,NA,NA,NA,NA,NA,NA,NA,15409.73,NA,NA,NA,5
2023-12-11T00:00:00Z,5a,NA,NA,NA,NA,NA,NA,NA,NA,NA,13574.43,NA,NA,NA,5
2023-12-12T00:00:00Z,5a,NA,NA,NA,NA,NA,NA,NA,NA,NA,7086.89,NA,NA,NA,5
2023-12-13T00:00:00Z,5a,NA,NA,NA,NA,NA,NA,NA,NA,NA,6600.204,NA,NA,NA,5
2023-12-14T00:00:00Z,5a,NA,NA,NA,NA,NA,NA,NA,NA,NA,6909.769,NA,NA,NA,5
2023-12-15T00:00:00Z,5a,NA,NA,NA,NA,NA,NA,NA,NA,NA,7472.522,NA,NA,NA,5
2023-12-16T00:00:00Z,5a,NA,NA,NA,NA,NA,NA,NA,NA,NA,7795.475,NA,NA,NA,5
2023-12-17T00:00:00Z,5a,NA,NA,NA,NA,NA,NA,NA,NA,NA,5706.476,NA,NA,NA,5
2023-12-18T00:00:00Z,5a,NA,NA,NA,NA,NA,NA,NA,NA,NA,4025.845,NA,NA,NA,5
2023-12-19T00:00:00Z,5a,NA,NA,NA,NA,NA,NA,NA,NA,NA,5406.573,NA,NA,NA,5
2023-12-20T00:00:00Z,5a,NA,NA,NA,NA,NA,NA,NA,NA,NA,5081.48,NA,NA,NA,5
2023-12-21T00:00:00Z,5a,NA,NA,NA,NA,NA,NA,NA,NA,NA,4781.692,NA,NA,NA,5
2023-12-22T00:00:00Z,5a,NA,NA,NA,NA,NA,NA,NA,NA,NA,4595.954,NA,NA,NA,5
2023-12-23T00:00:00Z,5a,NA,NA,NA,NA,NA,NA,NA,NA,NA,4669.225,NA,NA,NA,5
2023-12-24T00:00:00Z,5a,NA,NA,NA,NA,NA,NA,NA,NA,NA,4732.749,NA,NA,NA,5
2023-12-25T00:00:00Z,5a,NA,NA,NA,NA,NA,NA,NA,NA,NA,4741.008,NA,NA,NA,5
2023-12-26T00:00:00Z,5a,NA,NA,NA,NA,NA,NA,NA,NA,NA,5169.785,NA,NA,NA,5
2023-12-27T00:00:00Z,5a,NA,NA,NA,NA,NA,NA,NA,NA,NA,5470.692,NA,NA,NA,5
2023-12-28T00:00:00Z,5a,NA,NA,NA,NA,NA,NA,NA,NA,NA,5270.089,NA,NA,NA,5
2023-12-29T00:00:00Z,5a,NA,NA,NA,NA,NA,NA,NA,NA,NA,5193.484,NA,NA,NA,5
2023-12-30T00:00:00Z,5a,NA,NA,NA,NA,NA,NA,NA,NA,NA,5988.887,NA,NA,NA,5
2023-12-31T00:00:00Z,5a,NA,NA,NA,NA,NA,NA,NA,NA,NA,2960.681,NA,NA,NA,5
2024-01-04T05:00:00Z,5a,NA,NA,NA,NA,NA,NA,NA,NA,NA,1019.403,NA,NA,NA,5
2024-01-05T11:00:00Z,5a,NA,NA,NA,NA,NA,NA,NA,NA,NA,1786.837,NA,NA,NA,5
2024-01-06T00:00:00Z,5a,0.2804453751493134,4.992868671116601,6.744166666666667,5.118346975326231,0.5435425414790225,26.54662409006438,1.0686126281903405,0.6346972465267573,19.350469917791322,4985.88,-1.4693423637617182,20.81981228155304,-0.0705742368803007,5
2024-01-07T00:00:00Z,5a,0.26856671957812217,4.570970307472945,6.955416666666666,4.658638332348729,0.5479077964216533,27.245592805419196,2.3143106440981764,2.0312490450700063,18.361478473384597,4835.225,-3.1821771356349924,21.543655609019588,-0.1477083180954083,5
2024-01-08T00:00:00Z,5a,0.3611717866694253,4.554097990708939,7.129583333333334,4.977078514663264,0.5422567434528809,26.279789382124218,2.710601970297809,2.3034565569421606,19.064642670420405,4816.249,-3.727077709159487,22.791720379579893,-0.16352770423152174,5
2024-01-09T00:00:00Z,5a,0.2283981513101639,3.4226633343758133,7.105,5.001135631361418,0.588463275259884,36.85135149942986,2.976853930833861,2.949828916037683,16.70707758699765,6180.536,-4.093174154896559,20.800251741894208,-0.1967848373033108,5
2024-01-10T00:00:00Z,5a,0.2114383895334424,4.715245319380624,7.825,4.702282916489097,0.6429335546549878,47.61963437266263,1.4841486562138604,1.2540928061515313,19.08383686714781,4281.731,-2.040704402294058,21.124541269441867,-0.09660348957475731,5
2024-01-13T14:00:00Z,5a,0.21245041012740132,3.9206603939336855,7.0325,4.561172744981847,0.5709758349819728,31.44904993291035,3.3494935431111355,3.1574087869153082,13.73157986950118,4280.799,-4.605553621777811,18.33713349127899,-0.25115995496069105,5
2024-01-15T12:00:00Z,5a,0.28729583151842664,4.565554153898548,7.755,5.245444194865589,0.548066319465972,27.272140098077145,4.735328197920225,4.401177371870985,14.818455073814842,3779.715,-6.5110762721403095,21.329531345955154,-0.3052611033282287,5
2024-01-16T00:00:00Z,5a,0.1573020204219018,3.9951578696382977,7.21875,4.955916988675793,0.5641476016285365,30.25014211965969,3.2657615906078057,3.103324150000054,14.939995352928518,4322.343,-4.490422187085732,19.43041754001425,-0.23110271191230608,5
2024-01-17T00:00:00Z,5a,0.2575702878466373,4.6508011010607015,7.774583333333333,4.87562651652591,0.5661085903989989,30.5332775423739,4.734061883596043,4.412560429988106,17.226950881613988,4649.228,-6.5093350899445594,23.736285971558548,-0.2742356195802586,5
2024-01-18T00:00:00Z,5a,0.28581873742919817,4.610489789159041,8.187916666666666,5.475300015923742,0.5539610282250867,28.306692476919043,5.586925781082715,5.251367622261224,15.490677180435954,4230.246,-7.682022948988733,23.172700129424687,-0.33151177489385897,5
2024-01-19T00:00:00Z,5a,0.23821142946478643,4.6338843263377125,7.722916666666666,5.387151295735867,0.5485741803301788,27.36077578159292,4.439394833765189,4.190716742454416,16.57066266445935,4305.107,-6.1041678964271355,22.674830560886484,-0.2692045649486207,5
2024-01-20T00:00:00Z,5a,0.26256787076292937,4.5837413578672,7.75,5.169396610205517,0.5415698102608327,26.166444010078443,5.459938281994538,5.1716896532136,16.097435313527807,4509.563,-7.50741513774249,23.6048504512703,-0.3180454438057445,5
2024-01-21T00:00:00Z,5a,0.28876495738239527,4.696757626391947,8.23875,5.589352382880635,0.5346623153852365,25.022486221847647,6.85336978351198,6.516834594511532,15.124126742617108,4293.62,-9.423383452328972,24.547510194946078,-0.38388347239668685,5
2024-01-22T00:00:00Z,5a,0.31448993091772126,4.505318076661772,8.360833333333334,5.867004986563895,0.5320613632136354,24.60046955366895,6.3931259487588825,6.041767180852014,14.065522328413664,4019.958,-8.790548179543464,22.856070507957128,-0.38460452668288353,5
2024-01-23T00:00:00Z,5a,0.30658907480631176,4.519550935557641,7.645833333333333,5.488487060896232,0.5303117385022649,24.320508874797323,3.9216333574160407,3.6128814808177356,15.736498759548152,4256.134,-5.392245866447056,21.128744625995207,-0.2552090037480431,5
2024-01-24T00:00:00Z,5a,0.3046565982173662,4.207909435760372,6.86625,5.008674871867539,0.5275405208386176,23.881730609277604,1.7047317926633658,1.3964888466160588,16.932020253454276,4732.375,-2.344006214912128,19.276026468366403,-0.12160214755664718,5
2024-01-25T00:00:00Z,5a,0.112544468787731,2.755400159709697,6.222916666666666,4.564571086014271,0.5242496998630362,23.368943919386137,3.9989698425777753,3.8599020661781998,12.897357229223765,5512.231,-5.498583533544441,18.395940762768205,-0.29890200259141403,5
2024-01-26T00:00:00Z,5a,0.14325303454590663,3.942380570610496,7.152083333333334,4.315589095145035,0.7111013993240105,69.4008692664161,-4.1935332364062825,-4.317571778617906,20.794065869002317,6241.728,5.766108200058638,15.027957668943678,0.38369207094419105,5
2024-01-27T00:00:00Z,5a,0.1920680363898476,4.351833103961162,6.913333333333333,4.171250235849102,0.6589091547880064,51.90922248039968,-3.0781262558944738,-3.278479497270668,24.762649562465615,5438.85,4.232423601854902,20.530225960610714,0.20615572424654402,5
2024-01-28T00:00:00Z,5a,0.2014459131939157,3.944424622037656,7.020416666666667,4.101554347025862,0.6114491166861123,39.95440044502409,-0.2994992965715211,-0.49397384547213363,20.546403577994404,5686.332,0.4118115327858415,20.134592045208564,0.02045293651151181,5
2024-01-29T00:00:00Z,5a,0.2465199708721265,4.842572498293643,7.501666666666667,4.519631544128874,0.5852223596871434,34.27497912150846,-0.057329986746436745,-0.3306565257126053,22.219317463399417,5253.958,0.07882873177635052,22.140488731623066,0.003560388062426108,5
2024-01-30T00:00:00Z,5a,0.25595563757321393,4.84262542626681,7.695416666666667,4.86834374670914,0.5671037628438893,30.720178599038753,0.09908869889251637,-0.18188502016775399,20.229937717209246,4953.033,-0.13624696097721,20.366184678186457,-0.006689861804265165,5
2024-01-31T00:00:00Z,5a,0.24019140570090183,4.756406322861764,7.62875,4.954810922766703,0.5549503294461133,28.486908042680156,-0.32046642793349545,-0.5726224036603504,18.745219190306926,4803.29,0.44064133840855624,18.30457785189837,0.024072739725207994,5
2024-02-01T00:00:00Z,5a,0.28242020021450354,4.804965330124513,7.633333333333333,5.023032276614082,0.5453039086381202,26.800991618568645,-0.7741890092123507,-1.08613382093011,18.224789011174664,4656.427,1.0645098876669823,17.16027912350768,0.0620333667072304,5
2024-02-02T00:00:00Z,5a,0.28306769966013845,4.702176285984037,7.500416666666666,5.053628486498092,0.5389747293130948,25.7310292277462,-1.650186641091846,-1.9551050488507205,17.59907949842439,4683.784,2.2690066315012882,15.330072866923103,0.14801016610932133,5
2024-02-03T00:00:00Z,5a,0.30153353682627626,4.650349182609176,7.297083333333333,4.987775411161518,0.5338579577159154,24.893472109628384,-2.675244979618756,-2.996921832727587,17.465596905732973,4693.862,3.6784618469757895,13.787135058757183,0.26680393216568504,5
2024-02-04T00:00:00Z,5a,0.3136245528426889,4.63278815890735,7.05375,4.879955465050284,0.5386547476125255,25.687451881433944,-3.8815852949941014,-4.197565769881411,17.54439370143767,4709.56,5.337179780616889,12.20721392082078,0.43721522496740445,5
2024-02-05T00:00:00Z,5a,0.4200003348384498,4.351379812087778,6.874583333333334,4.647437209129488,0.5402076863244634,25.936051084522894,-4.761495457952225,-5.203550482654091,17.569535385574287,4709.628,6.547056254684309,11.022479130889979,0.5939731141188095,5
2024-02-06T00:00:00Z,5a,0.2881097409455107,4.530666510428554,6.684166666666667,4.847128894566545,0.5325545460181829,24.68370630980368,-5.72669760775111,-6.020824120833266,18.274140951680536,4958.792,7.874209210657776,10.39993174102276,0.757140470412684,5
2024-02-07T00:00:00Z,5a,0.33567846307061094,4.2956513692003195,6.697916666666667,5.022502127564034,0.5293136304454427,24.161525776646712,-6.082413395741875,-6.419934672784351,17.234761779502232,5012.066,8.363318419145077,8.871443360357155,0.942723532059881,5
2024-02-08T14:00:00Z,5a,0.3687053875231251,4.473295572157241,6.892916666666666,5.211804023884677,0.5277053667394052,23.90743978414958,-3.670986086847766,-4.057784111248633,17.458786737318956,4929.498,5.047605869415678,12.411180867903278,0.40669827658940655,5
2024-02-09T00:00:00Z,5a,0.3345083554365683,4.503368439948571,6.676666666666667,5.02814189123928,0.5261519763948619,23.665211778795893,-0.59214509068903,-0.9499189385771833,18.560515004776345,5032.142,0.8141994996974162,17.74631550507893,0.045879917973079845,5
2024-02-10T00:00:00Z,5a,0.36495330677621696,4.253786939613408,6.18,4.837737588403762,0.5242144725198539,23.3635909085242,-1.399930481350367,-1.8162095261722557,19.31543197403704,5480.781,1.9249044118567546,17.390527562180285,0.11068694753360464,5
2024-02-11T00:00:00Z,5a,0.34615721523178783,4.113869392349181,5.69125,4.67735399630885,0.5215636149454116,22.955239821366103,-2.3162089542609605,-2.7023146554887836,20.538080519633272,6062.508,3.1847873121088206,17.35329320752445,0.18352639317636177,5
2024-02-12T00:00:00Z,5a,0.21552915256241856,4.1447778051823265,5.177083333333333,4.470373139846267,0.5207357723806356,22.83134116783335,-3.4732866325210683,-3.6901985854533983,22.902131183910274,6687.571,4.775769119716469,18.126362064193806,0.263470910644026,5
2024-02-13T00:00:00Z,5a,0.38656742738073013,4.1064389496127145,5.1925,4.343356960826534,0.5259171274403152,23.62662315725797,-3.4179882828696266,-3.8081319777051084,22.71952548503586,6838.596,4.699733888945737,18.019791596090123,0.2608095584171723,5
2024-02-14T00:00:00Z,5a,0.3583709526037301,4.0726838280663955,5.1175,4.657075417034337,0.520107551427224,22.73302963097811,-3.1091234841695545,-3.46904863979554,22.516853656142477,6744.188,4.275044790733137,18.24180886540934,0.2343542146656083,5
2024-02-15T00:00:00Z,5a,0.4556294791023862,3.993821818889468,5.12625,4.898710113593058,0.5164820706914142,22.185211675648308,-2.6284836157610076,-3.1004669767861337,22.201738074716488,6836.337,3.6141649716713857,18.587573103045102,0.19443985245600978,5
2024-02-16T00:00:00Z,5a,0.3397850404041379,4.098177852973595,5.012083333333333,4.888981665122551,0.5179586834931245,22.406046763238106,-3.0944317385664117,-3.4583958070273013,24.032399060481374,7164.619,4.254843640528816,19.77755541995256,0.21513496234404797,5
2024-02-17T00:00:00Z,5a,0.097200332976568,1.8447731607998448,5.224583333333333,4.832132908295462,0.5247370114437198,23.462670470406508,4.701910244834641,4.753691025557214,10.804566636620965,7518.988,-6.4651265866476315,17.269693223268597,-0.3743625612258555,5
2024-02-18T00:00:00Z,5a,0.4362661029909554,4.8604977365544935,7.908333333333333,4.80221323763757,0.5794362685695067,33.19575635544743,3.797613778001339,3.279412444094266,20.041322976341736,5694.337,-5.221718944751841,25.263041921093578,-0.20669399041735848,5
2024-02-19T00:00:00Z,5a,0.25585790223060106,4.874247011554392,7.929583333333333,5.0469466591295324,0.5829149687087254,33.81151988943872,3.3922653258240176,3.101284539700707,20.57593204936186,5043.742,-4.664364823008024,25.240296872369886,-0.18479833444883223,5
2024-02-20T00:00:00Z,5a,0.2738008888725287,4.82434518690848,7.910833333333334,5.0462970400108045,0.5626386970955756,29.889494345878845,4.51938397364928,4.175188299287504,19.062990360927998,4745.696,-6.214152963767759,25.277143324695757,-0.24584079316021976,5
2024-02-21T00:00:00Z,5a,0.27359642865377776,4.750348306133567,7.77625,5.068091442560816,0.5497836524460927,27.573129667393506,5.0574515514929175,4.715857046352116,18.163573482076007,4607.472,-6.9539958833027615,25.11756936537877,-0.276857835332105,5
2024-02-22T00:00:00Z,5a,0.3018170010324821,4.586329141701189,7.607916666666666,5.060378846156142,0.5410795630682171,26.085009983588513,5.185272440276919,4.814308408672555,17.199535351638033,4597.394,-7.129749605380764,24.329284957018796,-0.2930521640063199,5
2024-02-23T00:00:00Z,5a,0.3325311981702152,4.630527606158833,7.152916666666667,4.961377060743563,0.5352230172642163,25.114027207318397,4.054132681233564,3.7132864519626914,17.70204253873212,4688.103,-5.57443243669615,23.27647497542827,-0.23948782805733174,5
2024-02-24T00:00:00Z,5a,0.30541641792023166,4.636288822320821,6.83875,4.763098636409308,0.5303851288005608,24.336705281992327,3.6136381822406483,3.2538370233476304,18.752383266582214,4994.516,-4.968752500580892,23.721135767163105,-0.20946520222944293,5
2024-02-25T00:00:00Z,5a,0.31203510562883624,4.539799632010863,6.619583333333334,4.808191264114971,0.5239854947891711,23.33038323430454,3.601920473319825,3.230007773416629,18.621902579424138,5055.261,-4.952640650814759,23.574543230238895,-0.21008426769694707,5
2024-02-26T00:00:00Z,5a,0.3733107299594297,4.447428121135208,6.421666666666667,4.9197310675148795,0.5184283814022173,22.479267363215747,3.312227618392905,2.8517254176153894,18.844041615714957,5275.556,-4.5543129752902445,23.3983545910052,-0.19464244622743745,5
2024-02-27T00:00:00Z,5a,0.4050036869770901,4.261283322523264,6.0275,4.894971731576418,0.5140249635044724,21.822882545197057,2.506289163883947,1.9958593631948016,19.728587780971477,5612.355,-3.446147600340427,23.174735381311905,-0.14870278100864093,5
2024-02-28T00:00:00Z,5a,0.4993834067737662,3.747674160928429,5.470833333333333,4.742605634571195,0.5116060192726445,21.46943865490588,1.5346737138271092,0.8453329060681458,19.623196133564974,6476.71,-2.110176356512275,21.73337249007725,-0.0970938292009541,5
2024-02-29T00:00:00Z,5a,0.3745658496197085,4.027489117499035,4.70625,4.566455686331769,0.5109866051550285,21.374945885193075,-1.7137976772531847,-2.1531393744598706,24.020231695695394,7282.541,2.356471806223129,21.663759889472264,0.10877483032704226,5
2024-03-01T00:00:00Z,5a,1.0370320947406613,2.234462660647215,4.2575,4.6120557200405266,0.5112331965573017,21.413200918129377,0.3870197553018375,-0.7821236589384917,14.541982886529697,7770.79,-0.5321521635400266,15.074135050069723,-0.03530233487841581,5
2024-03-02T00:00:00Z,5a,0.07846657616904903,3.0760007041827087,3.0675,4.536271163418423,0.5110776091249152,21.387852028125376,-4.330140047652638,-4.367904487108268,22.057745293727013,8584.306,5.953942565522378,16.103802728204634,0.36972277082694777,5
2024-03-03T00:00:00Z,5a,0.23157930271603047,2.8282240110370753,2.8604166666666666,4.411411194287558,0.5113183293033251,21.42524151503657,-5.909225437797971,-6.245366556035395,21.86742359725434,9246.935,8.12518497697221,13.74223862028213,0.5912562866562565,5
2024-03-04T00:00:00Z,5a,0.6299414238308259,3.3569111584027245,2.6858333333333335,4.325380107894372,0.5157334896487973,22.074931628351752,-6.440236394344615,-7.433170086556253,28.0758402454177,10088.35,8.855325042223846,19.220515203193855,0.46072256381308474,5
2024-03-05T00:00:00Z,5a,0.14965481193512556,2.740427629407558,2.8291666666666666,4.295083498135694,0.5160564069612988,22.121437274530408,-3.7208057388990516,-3.80133841359918,23.753229294678157,10263.95,5.116107890986196,18.63712140369196,0.27451170060912466,5
2024-03-06T00:00:00Z,5a,0.30556904528647094,4.236584951955544,4.619166666666667,4.2439962919569005,0.5185428702675585,22.496113628303032,-1.2654275435211009,-1.968298491877185,29.295109335580683,10485.43,1.7399628723415137,27.55514646323917,0.0631447513684156,5
2024-03-07T00:00:00Z,5a,0.4037865395157997,3.9839468905978146,4.5495833333333335,4.118215412928053,0.5182346310147165,22.45103234438953,-1.5992204742904352,-2.109013431702106,26.90039397356912,7740.512,2.1989281521493487,24.70146582141977,0.08902014836069191,5
2024-03-08T00:00:00Z,5a,0.45201854250726525,3.670666631780389,4.165,4.127084029321139,0.5160505357374348,22.1206978607908,-2.344677012552822,-3.005937778407379,27.131308677871925,8831.801,3.22393089226013,23.907377785611793,0.13485087830085624,5
2024-03-09T00:00:00Z,5a,0.12799158767192964,3.0047325136385346,3.470833333333333,4.060375519361985,0.5161386040953899,22.14024771998052,-1.9301774670161036,-2.07022187549138,24.521393733026635,9430.218,2.6539940171471423,21.867399715879493,0.12136760893522636,5
2024-03-10T00:00:00Z,5a,0.377567611942292,4.219348811707225,4.807916666666666,3.9042305554089456,0.5349294560710331,25.06683672670405,-1.1269611596995972,-1.647462282284792,30.551834697594728,9664.75,1.5495715945869462,29.00226310300778,0.05342933374141559,5
2024-03-11T00:00:00Z,5a,0.3396834983171468,4.156442343629927,4.803333333333334,4.227996543284781,0.5218336912431399,23.0188294679602,-0.3727519010384004,-0.7190653274008145,28.25303971543402,8273.292,0.5125338639278005,27.74050585150622,0.018476010014791117,5
2024-03-12T00:00:00Z,5a,0.429403641904797,4.0124746170635515,4.804166666666666,4.57055434261682,0.5094189883834314,21.151879121099253,0.498413225170637,-0.08280261478701334,24.684602029485767,8100.512,-0.6853181846096259,25.369920214095394,-0.027013020885610303,5
2024-03-13T00:00:00Z,5a,0.4725124821739119,3.8080050919120567,4.267083333333334,4.560784659714369,0.5047719146953445,20.487581070665662,-1.2150378197753273,-1.7279326601739307,24.339976466417767,7856.742,1.670677002191075,22.669299464226693,0.07369777812620493,5
2024-03-14T00:00:00Z,5a,0.6643276058635711,3.445482809551994,3.4891666666666667,4.536418561202979,0.5007090277816921,19.91742716746222,-3.6371323948895142,-4.406525798291256,23.681611979373283,8430.895,5.001057042973082,18.6805549364002,0.2677145866383347,5
2024-03-15T00:00:00Z,5a,0.5451469253223548,3.076395602115782,2.44875,4.5026587691119815,0.4971334524487231,19.427766472705574,-6.823420214390886,-7.494154786029551,23.804755449181304,9184.439,9.382202794787467,14.422552654393836,0.6505230398260446,5
2024-03-16T00:00:00Z,5a,1.0514151227814337,3.3061038761609898,0.9495833333333333,4.343794993985707,0.4952311759168971,19.171284299267512,-14.267125719710654,-15.474981475106457,31.820975814507637,10953.96,19.61729786460215,12.203677949905487,1.6074906225097558,5
2024-03-17T00:00:00Z,5a,NA,NA,NA,NA,NA,NA,NA,NA,NA,13769.79,NA,NA,NA,5
2024-03-18T00:00:00Z,5a,NA,NA,NA,NA,NA,NA,NA,NA,NA,14576.98,NA,NA,NA,5
2024-03-19T00:00:00Z,5a,NA,NA,NA,NA,NA,NA,NA,NA,NA,15354.04,NA,NA,NA,5
2024-03-20T00:00:00Z,5a,NA,NA,NA,NA,NA,NA,NA,NA,NA,14752.55,NA,NA,NA,5
2024-03-21T00:00:00Z,5a,NA,NA,NA,NA,NA,NA,NA,NA,NA,14439.98,NA,NA,NA,5
2024-03-22T00:00:00Z,5a,NA,NA,NA,NA,NA,NA,NA,NA,NA,15851.47,NA,NA,NA,5
2024-03-23T00:00:00Z,5a,0.5134905709382181,3.243962502183656,2.3645833333333335,4.471908903884381,0.5091900106527485,21.117688255298233,-5.4455930745100884,-6.409342379561909,34.657092217760614,15026.94,7.4876904774513715,27.16940174030924,0.27559276236629227,5
2024-03-24T00:00:00Z,5a,0.46222285373291094,3.6589256432245665,3.2287500000000002,4.396201425948457,0.5072613136135362,20.843521670334844,-4.724815030120432,-5.216578488017615,30.17280552749069,10791.18,6.496620666415594,23.676184861075097,0.27439474326357294,5
2024-03-25T00:00:00Z,5a,0.35678381633720535,3.579624611143022,3.0441666666666665,4.536018342241421,0.49924438324401127,19.72107544359438,-5.455621920859781,-5.7925884189652646,27.643560069713377,9698.729,7.501480141182199,20.142079928531178,0.37242827790373234,5
2024-03-26T00:00:00Z,5a,0.3451365052081301,3.3224490732751266,2.8091666666666666,4.450726678645207,0.49172018404642853,18.703226438003583,-6.955453392499824,-7.288828295000844,27.062021991617648,9918.504,9.563748414687257,17.49827357693039,0.5465538284471698,5
2024-03-27T00:00:00Z,5a,0.22165879178402675,3.230622745143384,1.5845833333333332,4.299974468605121,0.49226620786574904,18.774358686640525,-10.40573978981595,-10.311530409556312,30.249181082088786,11191.37,14.30789221099693,15.941288871091855,0.8975367253361209,5
2024-03-28T00:00:00Z,5a,0.5055223239678505,3.677323041543146,2.607083333333333,4.274342595321755,0.5104435169476401,21.3087627566625,-8.547425270976792,-9.263028958487034,33.91602029194085,12437.35,11.752709747593089,22.163310544347766,0.5302777183975497,5
2024-03-29T00:00:00Z,5a,0.5424696205771021,3.489933728752846,2.4404166666666667,4.308109146401463,0.5033246580129522,20.29479102801137,-9.329764830197885,-9.925457649093785,27.168973560167355,9988.136,12.828426641522091,14.340546918645265,0.8945563034867835,5
2024-03-30T00:00:00Z,5a,0.3136553254127372,3.362253382174993,1.64,4.483080614037207,0.4926742579242734,18.828923198686336,-11.29379237299624,-11.497312025202117,27.91336648425192,10127.8,15.52896451286983,12.38440197138209,1.253913152104898,5
2024-03-31T00:00:00Z,5a,0.21260943511639857,3.2656341098520385,0.8916666666666667,4.501799604888393,0.48973864599244354,18.442157058918813,-13.503050980169759,-13.696357298161601,29.340976739822036,11163.04,18.56669509773342,10.774281642088617,1.723242041975638,5
2024-04-01T00:00:00Z,5a,NA,NA,NA,NA,NA,NA,NA,NA,NA,12174.24,NA,NA,NA,5
2024-04-02T00:00:00Z,5a,NA,NA,NA,NA,NA,NA,NA,NA,NA,14041.73,NA,NA,NA,5
2024-04-03T00:00:00Z,5a,NA,NA,NA,NA,NA,NA,NA,NA,NA,15178.42,NA,NA,NA,5
2024-04-04T00:00:00Z,5a,0.28363375223743365,4.811709790736802,7.0175,4.133638713528636,0.5863026648780568,34.53153085492131,1.389387717753948,1.0705288176886292,24.139677367553485,5304.315,-1.9104081119116785,26.050085479465164,-0.0733359632703555,5
2024-04-06T12:00:00Z,5a,0.3502732957516347,4.5909983102168175,6.627083333333333,4.4641197813165325,0.5400051291011674,25.90916597542639,1.3420944670307104,0.9385530160608688,20.338709991679295,5367.406,-1.8453798921672269,22.18408988384652,-0.08318483660269296,5
2024-04-07T00:00:00Z,5a,0.4068257420301503,4.523038648741969,6.33625,4.530383664605312,0.5278076615244138,23.933602343489632,0.5046443792721824,0.026814532522831058,20.221566235665637,5433.938,-0.6938860214992508,20.915452257164887,-0.03317575986249832,5
2024-04-08T00:00:00Z,5a,0.5343410486984091,4.058484556190624,5.747916666666667,4.536074569280094,0.516740404541415,22.232279556406574,-0.7878515015693033,-1.4268880886549145,18.260629611395725,5681.589,1.083295814657792,17.177333796737933,0.06306542257818357,5
2024-04-09T12:00:00Z,5a,0.5611456178624477,3.489178454769134,4.789583333333334,4.402160961118764,0.5064422778845556,20.72791285036972,-2.848070182336401,-3.546063634541981,20.202652256774808,6663.311,3.9160965007125514,16.286555756062256,0.24044964198491656,5
2024-04-10T00:00:00Z,5a,0.708694463324727,3.0435862265754583,3.475416666666667,4.2827852548873,0.4962057990782648,19.30639636452293,-5.83071675198273,-6.732128304894287,18.81289632362745,7913.501,8.017235533976255,10.795660789651194,0.7426349984673138,5
2024-04-11T14:00:00Z,5a,2.521020470849236,1.8351924417154464,3.7704166666666667,4.1087742460452725,0.5107664342601411,21.43130646146321,1.3886686548927551,-1.2724479242057765,9.221212523456416,7103.599,-1.9094194004775384,11.130631923933954,-0.1715463608469305,5
2024-04-12T00:00:00Z,5a,0.4856953441999218,4.308836995660476,5.4175,4.0018467819088395,0.518639745461309,22.52053806101604,-3.0242169508385244,-3.5790499390957127,21.4749200011513,5877.697,4.158298307402971,17.31662169374833,0.24013334592302174,5
2024-04-14T12:00:00Z,5a,0.6044215335675499,3.4881305678729926,3.6591666666666667,4.392887073205617,0.4999721891868028,19.82378424001487,-7.116215839184725,-7.804094834905272,22.058486554519128,7253.241,9.784796778878997,12.27368977564013,0.7972172148508352,5
2024-04-15T00:00:00Z,5a,0.3674343617825571,2.892740952185477,2.2754166666666666,4.370009648289115,0.4933699979521171,18.924950691391587,-9.434006015765329,-9.95121578563063,19.600304052368983,8696.091,12.971758271677327,6.628545780691656,1.9569538630121355,5
2024-04-16T12:00:00Z,5a,NA,NA,NA,NA,NA,NA,NA,NA,NA,10640.29,NA,NA,NA,5
2024-04-17T00:00:00Z,5a,NA,NA,NA,NA,NA,NA,NA,NA,NA,11999.12,NA,NA,NA,5
2024-04-18T13:00:00Z,5a,NA,NA,NA,NA,NA,NA,NA,NA,NA,14313.67,NA,NA,NA,5
2024-04-19T00:00:00Z,5a,NA,NA,NA,NA,NA,NA,NA,NA,NA,15838.56,NA,NA,NA,5
2024-04-20T00:00:00Z,5a,NA,NA,NA,NA,NA,NA,NA,NA,NA,17619.27,NA,NA,NA,5
2024-04-21T00:00:00Z,5a,NA,NA,NA,NA,NA,NA,NA,NA,NA,18280.97,NA,NA,NA,5
2024-04-22T00:00:00Z,5a,NA,NA,NA,NA,NA,NA,NA,NA,NA,17936.03,NA,NA,NA,5
2024-04-23T00:00:00Z,5a,NA,NA,NA,NA,NA,NA,NA,NA,NA,17157.07,NA,NA,NA,5
2024-04-24T00:00:00Z,5a,NA,NA,NA,NA,NA,NA,NA,NA,NA,17711.41,NA,NA,NA,5
2024-04-25T00:00:00Z,5a,NA,NA,NA,NA,NA,NA,NA,NA,NA,18065.61,NA,NA,NA,5
2024-04-26T00:00:00Z,5a,NA,NA,NA,NA,NA,NA,NA,NA,NA,20415.57,NA,NA,NA,5
2024-04-27T00:00:00Z,5a,NA,NA,NA,NA,NA,NA,NA,NA,NA,19117.09,NA,NA,NA,5
2024-04-28T00:00:00Z,5a,NA,NA,NA,NA,NA,NA,NA,NA,NA,19443.83,NA,NA,NA,5
2024-04-29T00:00:00Z,5a,NA,NA,NA,NA,NA,NA,NA,NA,NA,16533.51,NA,NA,NA,5
2024-04-30T00:00:00Z,5a,NA,NA,NA,NA,NA,NA,NA,NA,NA,18612.51,NA,NA,NA,5
2024-05-01T00:00:00Z,5a,NA,NA,NA,NA,NA,NA,NA,NA,NA,17163.12,NA,NA,NA,5
2024-05-02T00:00:00Z,5a,NA,NA,NA,NA,NA,NA,NA,NA,NA,16145,NA,NA,NA,5
2024-05-03T00:00:00Z,5a,NA,NA,NA,NA,NA,NA,NA,NA,NA,2587.302,NA,NA,NA,5
2024-05-13T23:00:00Z,5a,3.2105947017398933,1.8355318870563797,7.483333333333333,4.047599538304499,0.22978140259310809,1.532978987818682,-1.470699450389525,-4.886538861006903,1.9269260337711454,3140.28,2.0222117442855967,-0.09528571051445134,-21.22261284895285,5
2024-05-14T00:00:00Z,5a,NA,NA,NA,NA,NA,NA,NA,NA,NA,6066.025,NA,NA,NA,5
2024-05-15T12:00:00Z,5a,NA,NA,NA,NA,NA,NA,NA,NA,NA,6600.261,NA,NA,NA,5
2024-05-16T00:00:00Z,5a,NA,NA,NA,NA,NA,NA,NA,NA,NA,14728.56,NA,NA,NA,5
2024-07-25T17:00:00Z,5a,NA,NA,NA,NA,NA,NA,NA,NA,NA,4015.191,NA,NA,NA,5
2024-07-26T00:00:00Z,5a,NA,NA,NA,NA,NA,NA,NA,NA,NA,7241.844,NA,NA,NA,5
2024-07-27T00:00:00Z,5a,1.1599989570134193,1.7232873495914884,3.6254166666666667,2.8538403274624544,0.5089610329220658,21.202311370280484,-3.2874356614465023,-4.446599315423488,14.051033284845625,7839.726,4.52022403448894,9.530809250356684,0.4742749451542925,5
2024-07-28T00:00:00Z,5a,0.4750691797022714,4.140173406893678,4.906666666666666,3.1424703698763583,0.5254268802476998,23.555855072098677,-9.473252827642282,-9.94839968537398,30.53443312780494,8155.394,13.025722638008139,17.508710489796805,0.7439567091819169,5
2024-07-29T00:00:00Z,5a,0.5183175499652188,3.3215272314721145,3.9008333333333334,3.158364284508216,0.5087286679468463,21.064623976568143,-9.994063061634021,-10.512888031483142,31.038886210822355,9528.896,13.74183670974678,17.297049501075577,0.7944613160118594,5
2024-07-30T00:00:00Z,5a,0.6041537046330483,3.1328026861076648,2.600833333333333,3.140718948132504,0.4970659333742909,19.421028728314173,-11.59743904396111,-12.203455066470092,38.08922346418045,13583.93,15.946478685446525,22.142744778733924,0.7201672080311224,5
2024-07-31T00:00:00Z,5a,0.29575426456218373,3.13501527056607,0.9379166666666667,3.1518089356001497,0.4858254752873143,17.93464564380158,-14.206076772543192,-14.498972621891662,48.37097818463469,16484.96,19.53335556224689,28.837622622387798,0.6773566537722275,5
2024-08-01T00:00:00Z,5a,0.2667717263857017,3.235227127448176,0.16916666666666666,3.1355008668818276,0.4709595364645275,16.104135550828886,-14.984058225487182,-15.247864857104645,53.514055493483454,21123.84,20.603080060044874,32.91097543343858,0.6260245947955557,5
2024-08-02T00:00:00Z,5a,3.80553289126335,0.9458104400734298,2.3520833333333333,3.0653080343968067,0.5492640491341588,32.51989166746195,1.2995567573396718,-2.4597599934663923,13.440984889411647,21140.36,-1.7868905413420486,15.227875430753695,-0.11734339103755116,5
2024-08-03T00:00:00Z,5a,0.3094348600608193,4.6060311962395755,6.0225,3.211567769498171,0.5898048499127303,35.33193291965642,-7.459574253418039,-7.769526119447169,31.021811486993702,6811.796,10.256914598449804,20.7648968885439,0.49395451629276316,5
2024-08-04T00:00:00Z,5a,0.1839230161765168,3.864842962003418,5.9591666666666665,3.006689141717693,0.5789166652575729,33.242953735449966,-5.002977276589742,-5.180339730777832,26.378229677245706,7340.537,6.879093755310895,19.499135921934812,0.3527896714424417,5
2024-08-05T00:00:00Z,5a,NA,NA,NA,NA,NA,NA,NA,NA,NA,6284.637,NA,NA,NA,5
2024-08-06T00:00:00Z,5a,NA,NA,NA,NA,NA,NA,NA,NA,NA,4990.876,NA,NA,NA,5
2024-08-07T00:00:00Z,5a,NA,NA,NA,NA,NA,NA,NA,NA,NA,8743.096,NA,NA,NA,5
2024-08-08T00:00:00Z,5a,NA,NA,NA,NA,NA,NA,NA,NA,NA,13029.06,NA,NA,NA,5
2024-08-09T00:00:00Z,5a,NA,NA,NA,NA,NA,NA,NA,NA,NA,17755.42,NA,NA,NA,5
2024-08-10T00:00:00Z,5a,0.02622700517435951,1.8785434814354385,1.9175,3.141751001131615,1.3941196337728643,735.5049059148844,-12.651121776037416,-12.688042630053053,62.854252654234585,16662.84,17.395292442051446,45.45896021218314,0.3826592680707522,5
2024-08-11T00:00:00Z,5a,0.16150130972778484,1.707909556551911,4.162083333333333,2.976717227545311,0.8276040944506128,137.1179523178113,-5.2027050190177535,-5.374392330954763,29.479994563313962,12906.4,7.153719401149411,22.32627516216455,0.3204170578920632,5
2024-08-12T00:00:00Z,5a,0.4530749144866613,4.364398671597186,4.60875,2.881551404055358,0.5300739539357866,24.285995174980588,-9.040685974835203,-9.500397448385936,41.06760302711779,11416.66,12.430943215398404,28.636659811719387,0.4340919400911105,5
2024-08-13T00:00:00Z,5a,0.34936742651876196,3.838973478305321,4.175416666666667,2.9472169624463973,0.5194881373096079,22.647943761704976,-9.101617545489821,-9.459166876970148,33.770983216848805,10618.51,12.514724125048504,21.256259091800302,0.5887547790512262,5
2024-08-14T13:00:00Z,5a,0.3855432332654717,3.830525198925432,3.5416666666666665,2.8554409594008208,0.5111832911544612,21.40788606732804,-10.281670992341727,-10.692524523044986,40.58224806123141,12079.64,14.137297614469874,26.44495044676154,0.5345934621027484,5
2024-08-16T13:00:00Z,5a,0.5001101165767973,3.118209198966899,2.3925,3.012288375748753,0.4970512553146319,19.42214014657299,-10.90177866059451,-11.436150279654163,34.00387828485981,14261.87,14.989945658317453,19.013932626542356,0.7883664022976683,5
2024-08-18T12:00:00Z,5a,0.2569768462985572,3.209243191891836,0.20083333333333334,3.194391965076318,0.4797546298122899,17.170714311527917,-15.378012354921308,-15.622629854392224,2.4152355065715154,830.216,21.144766988016798,-18.72953148144528,-1.1289533328137016,5
2024-08-19T00:00:00Z,5a,0.3165430513172848,3.196629534663698,4.166666666666667e-4,3.140060385796913,0.4779316148026234,16.93971839426532,-15.525516429997863,-15.841882030162994,3.8035217866763604,1869.831,21.347585091247062,-17.544063304570702,-1.2167982251685925,5
2024-08-20T19:00:00Z,5a,0.31057753061467686,3.206823702320331,0,3.1092216712354084,0.47084504759918616,16.085814315264038,-15.349288865352209,-15.659866395966885,8.741047181083244,3816.279,21.10527218985929,-12.364225008776044,-1.7069628039670022,5
2024-08-22T15:00:00Z,5a,0.32846893178494746,2.4338651338362927,8.333333333333334e-4,3.1294043138422145,0.44508369799956377,13.225183482215783,-11.299289404494676,-11.627284502457837,35.60559090344511,14220.4,15.53652293118018,20.069067972264932,0.7741526887372825,5
2024-08-23T00:00:00Z,5a,0.3294298191127397,2.4548263978769627,0,3.228972609891551,0.44025890688145,12.731184876670712,-11.329254303114698,-11.658684122227438,32.85065956190093,20555.09,15.57772466678271,17.272934895118222,0.9018574296360822,5
2024-08-24T00:00:00Z,5a,0.31907795835087416,2.4487198451744745,0,3.281974292773434,0.4383654371854197,12.542967299206843,-11.274096543391918,-11.593174501742793,28.584930714899148,15031.88,15.501882747163888,13.08304796773526,1.1848831239779778,5
2024-08-25T00:00:00Z,5a,0.3212857073933694,2.449861736364519,0.0016666666666666668,3.242491206421638,0.4370502830399599,12.412301198534582,-11.266515536064821,-11.586720731731933,34.54848749140002,17570.31,15.491458862089129,19.05702862931089,0.8129000151819212,5
2024-08-26T00:00:00Z,5a,NA,NA,NA,NA,NA,NA,NA,NA,NA,21137.98,NA,NA,NA,5
2024-08-27T00:00:00Z,5a,0.31797037470941825,2.459722948052367,0,3.222022148850274,0.4394897765553106,12.655969688467197,-11.400087471368233,-11.71805784607765,29.17805608410913,16838.87,15.67512027313132,13.50293581097781,1.1608675692872312,5
2024-08-28T00:00:00Z,5a,0.31883627679026444,2.4810995770014688,0,3.1921652437849204,0.4397892089723572,12.684719891660382,-11.505448844336144,-11.824285121126408,27.601229180794455,15239.21,15.819992160962197,11.781237019832258,1.3428124851686791,5
2024-08-29T00:00:00Z,5a,0.30666083296112095,2.4515491589088234,0,3.180493108192064,0.4390054005865586,12.606859242071954,-11.370904830316343,-11.677565663277464,27.353944876410353,16458.75,15.634994141684972,11.71895073472538,1.334163313389111,5
2024-08-30T00:00:00Z,5a,0.31838046612915477,2.4594262851875253,0,3.190303709950397,0.43610501599791074,12.322462048062832,-11.334655116046935,-11.65303558217609,27.369798625918172,14847.58,15.585150784564537,11.784647841353635,1.3224960978362472,5
2024-08-31T00:00:00Z,5a,0.2955201262401392,2.431006576792987,0,3.17856759685955,0.4282082199012881,11.57475326871878,-11.028873371742641,-11.324393497982781,27.680614669027662,15737.4,15.164700886146132,12.51591378288153,1.211633537048445,5
2024-09-01T00:00:00Z,5a,0.2924092187341079,2.4535546048842942,0,3.1676259474061395,0.4125320521853165,10.169369180267594,-10.839371838658407,-11.131781057392514,27.925944171246538,15249.29,14.90413627815531,13.021807893091228,1.14455200080649,5
2024-09-02T00:00:00Z,5a,0.289603711133909,2.4768631704221855,0,3.1462129533868457,0.39638912217218375,8.850311748657255,-10.644154904592797,-10.933758615726706,27.577316038930487,16343.57,14.635712993815096,12.941603045115391,1.1309041810967244,5
2024-09-03T00:00:00Z,5a,0.2858111041544394,2.4651753452428404,0,3.1821937982578077,0.3777802781363138,7.486887361044132,-10.280402588507684,-10.566213692662123,27.862847196685713,17715.73,14.135553559198065,13.727293637487648,1.0297407436958663,5
2024-09-04T00:00:00Z,5a,0.3409771223577319,2.488635480027916,0,3.223103176863925,0.36939029923514377,6.922611484685054,-10.329153117644458,-10.67013024000219,27.496576352292646,18163.52,14.202585536761129,13.293990815531517,1.068346272675929,5
2024-09-05T00:00:00Z,5a,0.2864554981912164,2.453459536478804,0,3.247941797074412,0.366730634824906,6.750553345097761,-10.089500581906448,-10.375956080097664,25.838475706528452,17777.33,13.873063300121366,11.965412406407086,1.1594304340645036,5
2024-09-06T00:00:00Z,5a,0.3725320853235764,2.476001938497636,0.014166666666666668,3.1991677052483514,0.35645012183963753,6.126880705174111,-10.07093863852199,-10.425969915162579,26.29737904792869,18817.21,13.847540627967737,12.449838419960953,1.112266694623589,5
2024-09-07T00:00:00Z,5a,0.28903098713548475,2.4824639515425395,0,3.2239888904858165,0.363293033252733,6.531922015890332,-10.168449400583526,-10.457480387719013,24.42341783139778,17786.28,13.981617925802349,10.441799905595433,1.3390045827549366,5
2024-09-08T00:00:00Z,5a,NA,NA,NA,NA,NA,NA,NA,NA,NA,11927.59,NA,NA,NA,5
2024-09-09T00:00:00Z,5a,0.3929252089500345,4.542401625033271,5.1875,3.2148317419700905,0.5202895593669976,22.765228902009675,-5.030802387160529,-5.488576107626237,37.14616200987451,17839.56,6.9173532823457275,30.22880872752878,0.22883314207636077,5
2024-09-10T00:00:00Z,5a,0.3750956475743603,4.341666708881654,4.84625,3.18737543543081,0.5089522260862701,21.084881600293663,-5.697529029759264,-6.095191828506865,20.239115648749113,6395.748,7.834102415918988,12.405013232830125,0.6315271309171903,5
2024-09-11T00:00:00Z,5a,0.19389609686467352,3.64728169052827,4.579166666666667,3.2198114824845865,0.505039055381141,20.5279094350337,-4.1069482053316,-4.207254653176198,14.943628838603793,5264.037,5.64705378233095,9.296575056272843,0.6074337858995301,5
2024-09-12T00:00:00Z,5a,0.2058385903176023,3.971236437306384,5.050416666666667,3.216235174093747,0.5111392569754836,21.403304637943897,-3.491354881478223,-3.635691849369268,28.738276753806414,4274.87,4.800612962032557,23.937663791773858,0.200546427746315,5
2024-09-13T00:00:00Z,5a,0.2878022648194411,4.354508522420842,5.465833333333333,3.29341397622654,0.5166656593453046,22.21331026245244,-3.0371680850363783,-3.2853135393406028,27.503643181985353,8145.032,4.17610611692502,23.327537065060334,0.17902044717699472,5
2024-09-14T00:00:00Z,5a,0.40116569264917745,4.450982228767774,5.439166666666667,3.2920488032752577,0.515516254365842,22.042544839357443,-3.8427459682859695,-4.266883995477286,24.78223392108086,7668.562,5.283775706393208,19.498458214687652,0.2709842823579295,5
2024-09-15T00:00:00Z,5a,0.2047186467030292,4.179680925605612,5.085,3.207332093766447,0.5093309200254764,21.139272745780495,-3.517933645213424,-3.7182692105707353,17.22903667374879,5765.1,4.837158762168459,12.391877911580332,0.3903491300255699,5
2024-09-16T00:00:00Z,5a,0.37266756510176496,4.629472443740826,5.3654166666666665,3.2443604208311925,0.5116295041680993,21.47300565787844,-3.9533591061688282,-4.350650872912422,13.538072977583246,4234.549,5.435868770982139,8.102204206601108,0.6709123384662872,5
2024-09-17T00:00:00Z,5a,0.4730233222785674,4.007910127321629,4.875416666666666,3.343039460135035,0.5007824180799876,19.93434070167158,-4.418238871346582,-4.93224582339027,9.102150630194842,3082.631,6.07507844810155,3.027072182093292,2.006915620988096,5
2024-09-18T00:00:00Z,5a,0.18786089087649063,3.0972553423273137,4.406666666666666,3.3211869631776,0.49700134991179057,19.42660491640312,-2.382741312525777,-2.3723231096176622,22.13843845877075,8873.381,3.2762693047229434,18.862169154047805,0.1736952562542288,5
2024-09-19T00:00:00Z,5a,0.5987575162962814,4.038164125655014,5.0725,3.239729441718136,0.5022179323146525,20.13034377974587,-3.3819058489268308,-4.130041545961392,22.309634702584926,7461.159,4.650120542274392,17.659514160310536,0.26332097814590283,5
2024-09-20T00:00:00Z,5a,0.48274606436738543,3.810159563436897,4.208333333333333,3.194606722031694,0.49152349804699613,18.67966878387226,-5.626451861158337,-6.151779648115848,19.78745862210363,7550.494,7.736371309092713,12.051087313010918,0.6419645886010771,5
2024-09-21T00:00:00Z,5a,0.4837470577757699,3.114797943828595,3.0420833333333333,3.247627148220304,0.48075273786911227,17.297649163425223,-7.446105717148859,-8.003097591208004,19.039476097876783,6466.286,10.23839536107968,8.801080736797102,1.1633111508991392,5
2024-09-22T00:00:00Z,5a,0.4237021527622322,3.276316155476098,1.7974999999999999,3.3280669922345654,0.472450827325897,16.276025396567857,-11.186508681323337,-11.65347920441214,32.2323839393159,10948.51,15.381449436819588,16.850934502496315,0.9127950402122188,5
2024-09-23T00:00:00Z,5a,0.24570163828523295,3.0999757974265916,0.74625,3.392947679725071,0.4658956058821209,15.503390307248424,-13.222968511820284,-13.673609869924945,37.74892847224631,13162.97,18.18158170375289,19.567346768493422,0.9291797155160639,5
2024-09-24T00:00:00Z,5a,0.2957666680621351,3.3150112687141564,0.12583333333333332,3.382397310259768,0.4589822397826613,14.71771720935269,-15.853684535906092,-16.074018762847874,42.3203211734615,16480.29,21.798816236870877,20.521504936590624,1.0622425745200956,5
2024-09-25T00:00:00Z,5a,0.3222992725396676,3.292234116255933,0.0037500000000000003,3.3316989233360217,0.4584332803514092,14.654917614792073,-15.913023238049114,-16.232306230992386,45.039614278386374,17735.88,21.880406952317532,23.15920732606884,0.9447822045138892,5
2024-09-26T00:00:00Z,5a,0.16247148173901155,3.312736466057881,0,3.2677227007690113,0.4632829112627921,15.20431062748118,-15.27215205374123,-15.434623535480242,48.75449368252418,18522.03,20.999209073894193,27.755284608629985,0.7565841737888316,5
2024-09-27T00:00:00Z,5a,0.33600932786163074,4.816192412186229,3.88375,3.23938814485648,0.5113476854226434,21.471299501946586,-6.989003934874443,-7.933381122491142,48.970398829838125,19374.42,9.609880410452359,39.36051841938577,0.24415024995502393,5
2024-09-28T00:00:00Z,5a,0.6914774053010754,4.13196782315549,4.275,3.1608232003861616,0.5128419118959447,21.662607797250796,-5.556832879909512,-6.32881292442361,29.292809162096077,9066.642,7.640645209875579,21.652163952220498,0.35288136681100674,5
2024-09-29T00:00:00Z,5a,0.5988106961391835,3.6594236185972937,3.9079166666666665,3.213141144992492,0.5116060192726446,21.47328843694014,-6.369017678890234,-7.037313649029572,24.339741607973902,9135.754,8.757399308474072,15.58234229949983,0.5620078894528695,5
2024-09-30T00:00:00Z,5a,0.08090428789172678,1.894709689011764,2.9558333333333335,3.2338813682046323,0.5079952165964938,20.999427578246863,-1.929087417760765,-1.5429030783158937,15.323807707260077,8823.31,2.652495199421052,12.671312507839025,0.20933073805733252,5
2024-10-01T00:00:00Z,5a,0.6236048492888207,3.9707382562208857,4.619166666666667,3.2163091619773287,0.5232545274181458,23.22523208929131,-4.695523893038072,-5.439526949416621,25.287393582796234,9101.197,6.4563453529273485,18.831048229868884,0.34285639727089706,5
2024-10-02T00:00:00Z,5a,0.6770940597456694,3.749383008538975,3.8475,3.1480517427092782,0.5071879233152403,20.836939598378702,-6.411777232155685,-7.182370784438384,24.509935517471828,6948.644,8.816193694214066,15.693741823257762,0.5617649247388963,5
2024-10-03T00:00:00Z,5a,0.448676282457703,3.526101222878925,2.966666666666667,3.2116364367511574,0.4955863849606486,19.223669123024305,-8.340920018494565,-8.881607657415316,24.701354676790384,9019.127,11.468765025430027,13.232589651360357,0.866706013531599,5
2024-10-04T00:00:00Z,5a,0.6394473583608313,3.547324708891788,2.0441666666666665,3.270523443596955,0.4869093935390668,18.078880049837156,-11.463448574338875,-12.188010264398233,30.672929286793416,7763.591,15.762241789715953,14.910687497077463,1.05711033061389,5
2024-10-05T00:00:00Z,5a,0.4930541794148461,3.248010001752178,1.2508333333333335,3.2641027563554763,0.48253465431173254,17.512964926814423,-12.762481967448469,-13.300316440516555,33.85129403667681,12641.75,17.548412705241645,16.302881331435167,1.0763994626768736,5
2024-10-06T00:00:00Z,5a,0.3120802267848185,1.8684988188372784,2.357083333333333,3.2692907358509085,0.5068268430476254,20.860124184647656,-1.4469989496803493,-1.7349100962047097,17.17575595586573,13367.43,1.9896235558104802,15.186132400055248,0.13101581781304908,5
2024-10-07T00:00:00Z,5a,0.28147092549455416,4.320662977010947,4.831666666666667,3.3710558318536794,0.5356633590539908,25.188056999858713,-4.097432931159517,-4.378006635734769,20.043407781641527,6653.478,5.633970280344336,14.409437501297191,0.39099168720757804,5
2024-10-08T00:00:00Z,5a,0.42710647741372704,4.204106461356895,4.845,3.421359002328994,0.5315065325585197,24.52604579433221,-4.371880212880161,-4.8435506022447585,17.2664047375499,4803.29,6.011335292710221,11.25506944483968,0.5341002400892648,5
2024-10-09T00:00:00Z,5a,0.5812861205780483,1.861772681593706,5.255833333333333,3.4134217552611994,0.5482600698534733,27.62321450954061,3.711868634424033,3.3088500966737224,7.891252826506408,6060.266,-5.103819372333045,12.995072198839452,-0.3927503667727872,5
2024-10-10T00:00:00Z,5a,0.24408372963175107,4.704475867076758,6.567916666666667,3.5846125879251227,0.6252846557208264,43.24424232792942,-1.7950832262413083,-1.9974260062683467,25.593076519340105,4415.974,2.4682394360817987,23.124837083258306,0.10673543027331123,5
2024-10-11T00:00:00Z,5a,0.2806633913558897,4.961025929410758,6.5475,3.6505671652587943,0.5770290667854063,32.69853636195184,-0.23399343101201442,-0.5429301008449068,30.062676807543937,6449.021,0.3217409676415198,29.740935839902416,0.010818118480651532,5
2024-10-14T13:00:00Z,5a,0.3834149740293334,4.6339866763131345,5.74875,3.7303534556246616,0.5115619850936669,21.46725943795021,-0.6440586022480117,-1.0814297386728073,22.436055413276655,895.5778,0.8855805780910161,21.55047483518564,0.04109332090655939,5
2024-10-17T15:00:00Z,5a,0.360189037651464,4.160281789106188,4.41,4.109997280613772,0.48711127331345566,18.100054116005868,-4.33783527842807,-4.7491708459458915,19.873802580104304,1431.197,5.964523507838596,13.909279072265708,0.428816150488454,5
2024-10-20T16:00:00Z,5a,0.3558009367816595,3.5789219687780824,2.2129166666666666,4.3037976931287405,0.4685229785611089,15.809945060105353,-10.4122957358787,-10.757146181678202,21.862359082977914,1022.274,14.316906636833213,7.545452446144701,1.8974218894121242,5
2024-10-25T10:00:00Z,5a,NA,NA,NA,NA,NA,NA,NA,NA,NA,4210.08,NA,NA,NA,5
2024-10-26T00:00:00Z,5a,NA,NA,NA,NA,NA,NA,NA,NA,NA,16055.6,NA,NA,NA,5
2024-10-27T00:00:00Z,5a,0.2818328849474969,2.437827249823601,0,3.9871359716953916,0.4455342015229485,13.272187211139968,-11.300901226704351,-11.582734111651847,25.218386522197182,16242.78,15.538739186718482,9.6796473354787,1.6053001362729942,5
2024-10-28T04:00:00Z,5a,0.2718641247962351,2.442881478752252,0,4.002593369055563,0.44623581277465585,13.34264939415536,-11.28392947923874,-11.555793604034974,2.058698180033812,1115.873,15.515403033953268,-13.456704853919456,-1.152986797465071,5
2024-10-29T00:00:00Z,5a,0.28280675376762043,2.469441287189572,0,4.013628674378936,0.4470108143246589,13.4230370366189,-11.384948059595466,-11.667754813363086,2.1115236511008457,1501.749,15.654303581943765,-13.542779930842919,-1.155915082566761,5
2024-10-30T03:00:00Z,5a,0.28751253322770093,2.452170790795017,0,4.00473685354906,0.4461360019689737,13.332928617571088,-11.234956737278518,-11.52246927050622,2.5535145568727677,1796.915,15.448065513757962,-12.894550956885194,-1.1980305142389849,5
2024-11-22T11:00:00Z,5a,0.2727779573276364,2.527516606314454,0,4.780827132308834,0.24806529696975485,1.7321125681594327,-6.525728335892028,-6.798506293219664,14.309168691410925,3286.945,8.972876461851538,5.336292229559387,1.6814814623809349,5
2024-11-23T00:00:00Z,5a,NA,NA,NA,NA,NA,NA,NA,NA,NA,14424.07,NA,NA,NA,5
2024-11-24T00:00:00Z,5a,NA,NA,NA,NA,NA,NA,NA,NA,NA,13045.42,NA,NA,NA,5
2024-11-25T00:00:00Z,5a,NA,NA,NA,NA,NA,NA,NA,NA,NA,13176.46,NA,NA,NA,5
2024-11-26T00:00:00Z,5a,NA,NA,NA,NA,NA,NA,NA,NA,NA,12534.2,NA,NA,NA,5
2024-11-27T00:00:00Z,5a,NA,NA,NA,NA,NA,NA,NA,NA,NA,13061.71,NA,NA,NA,5
2024-11-28T00:00:00Z,5a,NA,NA,NA,NA,NA,NA,NA,NA,NA,14682.01,NA,NA,NA,5
2024-11-29T00:00:00Z,5a,NA,NA,NA,NA,NA,NA,NA,NA,NA,16035.46,NA,NA,NA,5
2024-11-30T00:00:00Z,5a,0.19786851921755327,2.508625468240485,0.3754166666666667,5.0104521316852875,0.22951426190731175,1.3233224998161872,-5.235300299585535,-5.4234144296202045,8.163763300537493,11022.9,7.19853791193011,0.9652253886073829,7.4578828912862365,5
2024-12-01T00:00:00Z,5a,NA,NA,NA,NA,NA,NA,NA,NA,NA,7712.491,NA,NA,NA,5
2024-12-02T00:00:00Z,5a,0.15427080130074608,2.4843929965069456,0.6925,5.874436557202312,0.2157961473498703,1.0675258380635513,-4.65627166199528,-4.819035951109022,6.6717099182507615,7847.975,6.402373535243511,0.2693363830072508,23.770919709243856,5
2024-12-03T00:00:00Z,5a,0.17642181152052636,2.507380164827507,0.9920833333333333,6.012210273629071,0.20971649503905057,0.9663663158722996,-4.19409158555777,-4.386660338904633,6.619972942154561,8374.056,5.766875930141933,0.8530970120126282,6.759929819161724,5
2024-12-04T00:00:00Z,5a,0.16213171076417332,2.503232630663019,0.8520833333333333,6.344326830121912,0.20479053821744,0.8896101408356232,-4.211097270478614,-4.4253855561327295,6.000908059166651,8111.736,5.790258746908094,0.21064931225855688,27.48766983772996,5
2024-12-05T00:00:00Z,5a,NA,NA,NA,NA,NA,NA,NA,NA,NA,7368.016,NA,NA,NA,5
2024-12-13T12:00:00Z,5a,NA,NA,NA,NA,NA,NA,NA,NA,NA,5480.453,NA,NA,NA,5
2024-12-14T00:00:00Z,5a,NA,NA,NA,NA,NA,NA,NA,NA,NA,9619.956,NA,NA,NA,5
2024-12-15T00:00:00Z,5a,NA,NA,NA,NA,NA,NA,NA,NA,NA,12909.67,NA,NA,NA,5
2024-12-16T00:00:00Z,5a,NA,NA,NA,NA,NA,NA,NA,NA,NA,13805.55,NA,NA,NA,5
2024-12-17T00:00:00Z,5a,NA,NA,NA,NA,NA,NA,NA,NA,NA,13893.44,NA,NA,NA,5
2024-12-18T00:00:00Z,5a,NA,NA,NA,NA,NA,NA,NA,NA,NA,12673.44,NA,NA,NA,5
2024-12-19T00:00:00Z,5a,NA,NA,NA,NA,NA,NA,NA,NA,NA,13020.53,NA,NA,NA,5
2024-12-20T00:00:00Z,5a,NA,NA,NA,NA,NA,NA,NA,NA,NA,10047.73,NA,NA,NA,5
2024-12-21T00:00:00Z,5a,NA,NA,NA,NA,NA,NA,NA,NA,NA,9290.428,NA,NA,NA,5
2024-12-22T00:00:00Z,5a,NA,NA,NA,NA,NA,NA,NA,NA,NA,20238.98,NA,NA,NA,5
2024-12-23T00:00:00Z,5a,NA,NA,NA,NA,NA,NA,NA,NA,NA,10513.69,NA,NA,NA,5
2024-12-24T00:00:00Z,5a,NA,NA,NA,NA,NA,NA,NA,NA,NA,10913.74,NA,NA,NA,5
2024-12-25T08:00:00Z,5a,NA,NA,NA,NA,NA,NA,NA,NA,NA,23260.65,NA,NA,NA,5
2024-12-26T00:00:00Z,5a,NA,NA,NA,NA,NA,NA,NA,NA,NA,16602.68,NA,NA,NA,5
2024-12-27T00:00:00Z,5a,NA,NA,NA,NA,NA,NA,NA,NA,NA,23004.79,NA,NA,NA,5
2024-12-28T00:00:00Z,5a,0.19081696595515743,2.4927281110543285,9.275,4.38588288207443,0.14124041111718574,0.2450439286822745,4.240287509948257,4.073189747925607,11.186129509609533,21777.31,-5.830395326178854,17.01652483578839,-0.34263137640869124,5
2024-12-30T23:00:00Z,5a,0.20227140327537307,2.5085743796352076,0.1425,4.390623022375535,0.20972236626291427,0.9672109862590148,-5.0305275463275025,-5.2341428819647815,18.0037314531799,21099.38,6.916975376200316,11.086756076979583,0.6238953331500318,5
2025-01-03T10:38:00Z,5a,NA,NA,NA,NA,NA,NA,NA,NA,NA,19352.57,NA,NA,NA,5
2025-01-04T00:00:00Z,5a,NA,NA,NA,NA,NA,NA,NA,NA,NA,14645.22,NA,NA,NA,5
2025-01-05T00:00:00Z,5a,NA,NA,NA,NA,NA,NA,NA,NA,NA,9583.321,NA,NA,NA,5
2025-01-06T00:00:00Z,5a,NA,NA,NA,NA,NA,NA,NA,NA,NA,11823.38,NA,NA,NA,5
2025-01-07T00:00:00Z,5a,NA,NA,NA,NA,NA,NA,NA,NA,NA,12280.14,NA,NA,NA,5
2025-01-08T00:00:00Z,5a,NA,NA,NA,NA,NA,NA,NA,NA,NA,7857.668,NA,NA,NA,5
2025-01-16T18:00:00Z,5a,NA,NA,NA,NA,NA,NA,NA,NA,NA,22815.81,NA,NA,NA,5
2025-01-20T12:00:00Z,5a,0.29647809033447,4.623332577258279,7.479166666666667,4.651577174630878,0.5205625712766575,22.802419196546452,-5.46347235629759,-5.760696093333252,68.44740273630839,14204.19,7.512274489909187,60.9351282463992,0.12328314891752286,5
2025-01-27T11:00:00Z,5a,NA,NA,NA,NA,NA,NA,NA,NA,NA,12143.25,NA,NA,NA,5
2025-01-28T00:00:00Z,5a,NA,NA,NA,NA,NA,NA,NA,NA,NA,19696.94,NA,NA,NA,5
2025-01-29T00:00:00Z,5a,NA,NA,NA,NA,NA,NA,NA,NA,NA,6806.449,NA,NA,NA,5
2025-01-30T00:00:00Z,5a,NA,NA,NA,NA,NA,NA,NA,NA,NA,10879.94,NA,NA,NA,5
2025-01-31T00:00:00Z,5a,NA,NA,NA,NA,NA,NA,NA,NA,NA,19571.31,NA,NA,NA,5
2025-02-01T00:00:00Z,5a,NA,NA,NA,NA,NA,NA,NA,NA,NA,13066.66,NA,NA,NA,5
2025-02-02T00:00:00Z,5a,NA,NA,NA,NA,NA,NA,NA,NA,NA,15010.5,NA,NA,NA,5
2025-02-03T00:00:00Z,5a,NA,NA,NA,NA,NA,NA,NA,NA,NA,10030.58,NA,NA,NA,5
2025-02-04T00:00:00Z,5a,NA,NA,NA,NA,NA,NA,NA,NA,NA,9301.839,NA,NA,NA,5
2025-02-05T00:00:00Z,5a,NA,NA,NA,NA,NA,NA,NA,NA,NA,9158.894,NA,NA,NA,5
2025-02-06T00:00:00Z,5a,NA,NA,NA,NA,NA,NA,NA,NA,NA,9518.47,NA,NA,NA,5
2025-02-08T12:00:00Z,5a,NA,NA,NA,NA,NA,NA,NA,NA,NA,1676.566,NA,NA,NA,5
2025-02-27T11:00:00Z,5a,NA,NA,NA,NA,NA,NA,NA,NA,NA,1146.885,NA,NA,NA,5
2025-02-28T00:00:00Z,5a,NA,NA,NA,NA,NA,NA,NA,NA,NA,17187.58,NA,NA,NA,5
2025-03-01T00:00:00Z,5a,NA,NA,NA,NA,NA,NA,NA,NA,NA,20884.68,NA,NA,NA,5
2025-03-02T00:00:00Z,5a,NA,NA,NA,NA,NA,NA,NA,NA,NA,21828.47,NA,NA,NA,5
2025-03-05T16:00:00Z,5a,NA,NA,NA,NA,NA,NA,NA,NA,NA,18680.58,NA,NA,NA,5
2025-03-07T15:00:00Z,5a,NA,NA,NA,NA,NA,NA,NA,NA,NA,22605.31,NA,NA,NA,5
2025-03-08T04:00:00Z,5a,NA,NA,NA,NA,NA,NA,NA,NA,NA,20661.17,NA,NA,NA,5
2025-03-10T11:00:00Z,5a,NA,NA,NA,NA,NA,NA,NA,NA,NA,20165.75,NA,NA,NA,5
2025-04-02T11:10:50Z,5a,NA,NA,NA,NA,NA,NA,NA,NA,NA,22064.76,NA,NA,NA,5
2025-04-08T12:00:00Z,5a,NA,NA,NA,NA,NA,NA,NA,NA,NA,20549.07,NA,NA,NA,5
2025-04-14T11:00:00Z,5a,NA,NA,NA,NA,NA,NA,NA,NA,NA,11624.58,NA,NA,NA,5
2024-02-08T15:00:00Z,15,NA,NA,NA,NA,NA,NA,NA,NA,NA,1052.144,NA,NA,NA,15
2024-02-09T00:00:00Z,15,0.14598085451934145,10.012939151192024,5.826666666666667,5.02814189123928,0.20111873587383525,27.025941014392377,-8.145378264861273,-8.29307173282113,3.9711320163126698,1349.949,11.199895114184251,-7.228763097871582,-1.5493515228742134,15
2024-02-10T00:00:00Z,15,0.14895133127129212,9.543862132967313,5.435,4.867530571513321,0.19386777440221536,23.753498733380944,-7.9381927580100635,-8.089427752853144,3.602091536853357,1601.634,10.915015042263837,-7.31292350541048,-1.492565187395758,15
2024-02-11T00:00:00Z,15,NA,NA,NA,NA,NA,NA,NA,NA,NA,1530.133,NA,NA,NA,15
2024-02-12T00:00:00Z,15,NA,NA,NA,NA,NA,NA,NA,NA,NA,1381.409,NA,NA,NA,15
2024-02-13T00:00:00Z,15,NA,NA,NA,NA,NA,NA,NA,NA,NA,1881.92,NA,NA,NA,15
2024-02-14T00:00:00Z,15,0.1781328338150628,10.510301771700195,5.312916666666667,4.897507198726014,0.1773461504498765,17.35732776934145,-7.790484966513986,-7.977643890525478,13.932483668008523,4486.103,10.711916828956731,3.2205668390517914,3.3260967290188472,15
2024-02-15T00:00:00Z,15,0.2893011063256398,11.836126406417078,5.474166666666666,5.046122348497408,0.17149254025780775,15.416424590701892,-8.408424140531356,-8.707342121931921,16.394380178517242,5189.917,11.561583193230614,4.8327969852866275,2.392317167145582,15
2024-02-16T00:00:00Z,15,0.31893153493275456,12.460980971856436,5.35375,4.894781581655652,0.16918514927938946,14.696088182309138,-8.94892265411194,-9.279076541139244,17.40074965384325,5394.366,12.304768649403917,5.0959810044393326,2.414602534562961,15
2024-02-17T00:00:00Z,15,NA,NA,NA,NA,NA,NA,NA,NA,NA,5554.238,NA,NA,NA,15
2024-02-18T00:00:00Z,15,0.2258390461032832,8.750339535142134,5.685,4.757692264287064,0.2328908638120308,45.83973769812587,-8.471686616746403,-8.698510582286499,20.15076690068687,5834.526,11.648569098026304,8.502197802660568,1.3700656428366265,15
2024-02-19T00:00:00Z,15,0.1588588035969369,8.844154110835161,6.0408333333333335,5.0770709331497486,0.2689460495587658,75.30879926627462,-9.10141877385092,-9.261479516774218,24.902658582622035,6995.229,12.514450814045015,12.38820776857702,1.0101905818683645,15
2024-02-20T00:00:00Z,15,0.13021605110514034,8.589572283112071,6.3254166666666665,5.136910359484203,0.2840174812167804,90.87471639237404,-8.837831362831494,-8.969870564576858,22.035640443656884,6343.117,12.152018123893304,9.88362231976358,1.2295105711995666,15
2024-02-21T00:00:00Z,15,0.1227428862983134,8.186375228367986,6.47,5.155475808753565,0.27592693473265717,82.1872331082715,-7.842000994933827,-7.966532504332127,17.661672916407742,5461.715,10.782751368034013,6.878921548373729,1.5675060824880613,15
2024-02-22T00:00:00Z,15,0.15280101466775384,9.62448905630939,6.51875,5.162811501121844,0.26013627815134427,66.85075100483648,-8.71179763053221,-8.8672633049601135,18.435095351423726,4949.59,11.97872174198179,6.456373609441936,1.8553328023743632,15
2024-02-23T00:00:00Z,15,0.17420806472753916,10.086731695866856,6.0775,5.021251097556232,0.24538482819389884,54.37915054140596,-9.519274753266188,-9.694027735988241,17.023833590241892,4760.659,13.089002785741009,3.9348308045008835,3.326446151323473,15
2024-02-24T00:00:00Z,15,0.1382997611930973,7.513163245691646,5.889166666666666,4.783695895911627,0.2336717365858974,45.864509605387966,-6.522888168191541,-6.664030451514953,11.614296062542413,4435.955,8.96897123126337,2.6453248312790443,3.3904990136605533,15
2024-02-25T00:00:00Z,15,0.1628716179376618,9.16370310860739,6.085416666666666,4.90340462859436,0.22132748841255245,37.875840876852365,-7.21179704350946,-7.380806127827248,12.178871890858495,4301.833,9.916220934825507,2.2626509560329886,4.382567672837706,15
2024-02-26T00:00:00Z,15,0.31931276938804,12.232935365475957,6.189166666666667,5.037182229391379,0.20885700892613904,30.86957727761815,-9.234265016600082,-9.562667901619267,13.328860130945422,3750.816,12.697114397825112,0.6317457331203098,20.098456914163393,15
2024-02-27T00:00:00Z,15,0.402950154306064,10.705315944101102,5.879166666666666,4.9547498944851585,0.19913132659598665,26.105279789649913,-8.284328231497744,-8.698083751697553,9.507606570732765,3232.351,11.390951318309398,-1.8833447475766327,-6.048256078960872,15
2024-02-28T00:00:00Z,15,0.5511820435079099,10.584108525900293,5.4225,4.751675059688626,0.19263188177891508,23.230125883619145,-8.752588728545787,-9.314635095038586,7.824575056057321,2860.061,12.034809501750457,-4.210234445693136,-2.858465403051718,15
2024-02-29T00:00:00Z,15,NA,NA,NA,NA,NA,NA,NA,NA,NA,2419.612,NA,NA,NA,15
2024-03-01T00:00:00Z,15,NA,NA,NA,NA,NA,NA,NA,NA,NA,2806.675,NA,NA,NA,15
2024-03-02T00:00:00Z,15,0.528246637080529,11.43915019046806,4.557916666666666,4.399807403284516,0.17623061791578123,16.962226477748025,-10.089393011218077,-10.624976897247512,5.079528615333647,2202.248,13.872915390424856,-8.793386775091209,-1.5776532689000207,15
2024-03-03T00:00:00Z,15,NA,NA,NA,NA,NA,NA,NA,NA,NA,1927.682,NA,NA,NA,15
2024-03-04T00:00:00Z,15,NA,NA,NA,NA,NA,NA,NA,NA,NA,2840.454,NA,NA,NA,15
2024-03-05T00:00:00Z,15,NA,NA,NA,NA,NA,NA,NA,NA,NA,4770.815,NA,NA,NA,15
2024-03-06T00:00:00Z,15,NA,NA,NA,NA,NA,NA,NA,NA,NA,5019.409,NA,NA,NA,15
2024-03-07T00:00:00Z,15,NA,NA,NA,NA,NA,NA,NA,NA,NA,5831.745,NA,NA,NA,15
2024-03-08T00:00:00Z,15,NA,NA,NA,NA,NA,NA,NA,NA,NA,6179.41,NA,NA,NA,15
2024-03-09T00:00:00Z,15,NA,NA,NA,NA,NA,NA,NA,NA,NA,5811.646,NA,NA,NA,15
2024-03-10T00:00:00Z,15,NA,NA,NA,NA,NA,NA,NA,NA,NA,5239.781,NA,NA,NA,15
2024-03-11T00:00:00Z,15,NA,NA,NA,NA,NA,NA,NA,NA,NA,6683.377,NA,NA,NA,15
2024-03-12T00:00:00Z,15,NA,NA,NA,NA,NA,NA,NA,NA,NA,6340.823,NA,NA,NA,15
2024-03-13T00:00:00Z,15,NA,NA,NA,NA,NA,NA,NA,NA,NA,6002.451,NA,NA,NA,15
2024-03-14T00:00:00Z,15,NA,NA,NA,NA,NA,NA,NA,NA,NA,5790.734,NA,NA,NA,15
2024-03-15T00:00:00Z,15,NA,NA,NA,NA,NA,NA,NA,NA,NA,5716.347,NA,NA,NA,15
2024-03-16T00:00:00Z,15,NA,NA,NA,NA,NA,NA,NA,NA,NA,5387.328,NA,NA,NA,15
2024-03-17T00:00:00Z,15,NA,NA,NA,NA,NA,NA,NA,NA,NA,4769.345,NA,NA,NA,15
2024-03-18T00:00:00Z,15,NA,NA,NA,NA,NA,NA,NA,NA,NA,4551.906,NA,NA,NA,15
2024-03-19T00:00:00Z,15,NA,NA,NA,NA,NA,NA,NA,NA,NA,4889.508,NA,NA,NA,15
2024-03-20T00:00:00Z,15,NA,NA,NA,NA,NA,NA,NA,NA,NA,5111.549,NA,NA,NA,15
2024-03-21T00:00:00Z,15,NA,NA,NA,NA,NA,NA,NA,NA,NA,4429.466,NA,NA,NA,15
2024-03-22T00:00:00Z,15,NA,NA,NA,NA,NA,NA,NA,NA,NA,3624.931,NA,NA,NA,15
2024-03-23T00:00:00Z,15,NA,NA,NA,NA,NA,NA,NA,NA,NA,4079.835,NA,NA,NA,15
2024-03-24T00:00:00Z,15,NA,NA,NA,NA,NA,NA,NA,NA,NA,6520.298,NA,NA,NA,15
2024-03-25T00:00:00Z,15,NA,NA,NA,NA,NA,NA,NA,NA,NA,7856.217,NA,NA,NA,15
2024-03-26T00:00:00Z,15,0.40720375902915473,8.633978001725795,3.9591666666666665,4.338373680733881,0.16207509718049726,12.660164697421662,-7.533908707562042,-7.9598636472802635,15.577692726645813,7407.219,10.359124472897808,5.218568253748005,1.9850510655787295,15
2024-03-27T00:00:00Z,15,0.17340885134388864,7.35827139669099,3.6054166666666667,4.026722334273554,0.1656066383344887,13.671496238082792,-6.733363368041188,-6.923315068103743,12.244226961643955,6737.736,9.258374631056634,2.9858523305873206,3.100747661300283,15
2024-03-28T00:00:00Z,15,0.15495731109562824,8.503464342953972,3.7729166666666667,4.141131504478958,0.17367076431122555,16.118337507951185,-7.9784358594353755,-8.14645659029811,15.453091494754986,6205.584,10.97034930672364,4.482742188031345,2.4472407393880067,15
2024-03-29T00:00:00Z,15,0.21733295105294825,6.798818152541978,4.16375,4.3591312312312365,0.16683078851006186,14.039531391563257,-5.401600098831454,-5.64299953628454,13.541746866128936,7384.766,7.42720013589325,6.114546730235686,1.214677140198578,15
2024-03-30T00:00:00Z,15,0.4041843689521561,9.928464022365098,4.420416666666667,4.580911647372144,0.1590015114878715,11.844608026811796,-7.574096885936562,-8.006493572757217,18.33814070751401,7521.252,10.414383218162772,7.923757489351239,1.314323820757853,15
2024-03-31T00:00:00Z,15,0.42237748269642106,8.057842183982553,4.315833333333333,4.510016890304673,0.15266352532705077,10.27572514624902,-5.921118976785325,-6.377665487365538,13.828226041340915,7201.626,8.141538593079822,5.686687448261093,1.4316838523575597,15
2024-04-01T00:00:00Z,15,0.48045769937165167,10.109120367065229,3.8875,4.313690127012003,0.14758491668498477,9.111154276787742,-7.937782031553717,-8.448819682613191,16.181030676973368,6998.094,10.914450293386361,5.266580383587007,2.072397931568768,15
2024-04-02T00:00:00Z,15,0.1437739270847667,6.224658413907578,3.3970833333333332,4.133171693006255,0.14264721741564698,8.097628196613021,-4.9994796572255265,-5.152615511176305,9.030739728267939,6697.685,6.874284528685099,2.1564551995828403,3.1877706200503995,15
2024-04-03T00:00:00Z,15,NA,NA,NA,NA,NA,NA,NA,NA,NA,6076.84,NA,NA,NA,15
2024-04-04T00:00:00Z,15,0.19643661976328383,6.604169635894804,4.419583333333334,4.1722873349830385,0.22990534647735947,43.302727239268,-7.12902109710073,-7.330957232864379,17.562650774277024,6563.613,9.802404008513504,7.760246765763521,1.2631562248457775,15
2024-04-05T00:00:00Z,15,0.19339309916785985,8.405007045897795,5.02125,4.442966697431447,0.2453496008507166,54.31463003871879,-9.143705914775662,-9.340091796937616,24.602405837432354,7424.053,12.572595632816535,12.029810204615819,1.0451200325664698,15
2024-04-06T00:00:00Z,15,0.14427052490038186,7.54683757068457,5.130833333333333,4.455089439009058,0.24067610665524353,50.845095942421246,-7.768780220721709,-7.915791679956761,19.101535804148543,7237.642,10.68207280349235,8.419463000656194,1.2687356429572543,15
2024-04-07T00:00:00Z,15,0.15046452497114807,8.921282650411355,5.225,4.548459610536878,0.22620941105518583,40.973977982706074,-8.565959128971437,-8.720179841428955,19.33512610412063,6362.248,11.778193802335727,7.556932301784903,1.5585945899705609,15
2024-04-09T07:00:00Z,15,0.31686168586207736,11.048504006492315,4.6066666666666665,4.346244576470865,0.19427288884880797,23.97772964025329,-10.459667059654905,-10.782198418398076,17.318290931925784,5280.408,14.382042207025494,2.93624872490029,4.898100792709202,15
2024-04-10T00:00:00Z,15,NA,NA,NA,NA,NA,NA,NA,NA,NA,5055.45,NA,NA,NA,15
2024-04-11T00:00:00Z,15,NA,NA,NA,NA,NA,NA,NA,NA,NA,4786.513,NA,NA,NA,15
2024-04-12T00:00:00Z,15,NA,NA,NA,NA,NA,NA,NA,NA,NA,5513.33,NA,NA,NA,15
2024-04-13T00:00:00Z,15,NA,NA,NA,NA,NA,NA,NA,NA,NA,6811.109,NA,NA,NA,15
2024-04-14T00:00:00Z,15,0.400198771259998,10.0238085674855,4.180416666666667,4.45210353767618,0.17129291864644344,15.40355010104371,-9.15414258948817,-9.559596503839769,18.450830209343525,7009.062,12.586946060546234,5.8638841487972915,2.14652024855025,15
2024-04-15T00:00:00Z,15,0.28802115630391173,9.139177366542706,3.879583333333333,4.221858757080827,0.16280312893959112,12.903504381462485,-8.28411937651369,-8.575859611130511,15.309819791240496,6700.849,11.390664142706324,3.919155648534172,2.906407697016733,15
2024-04-16T00:00:00Z,15,0.2784570071261905,9.304089632468504,3.663333333333333,4.150088609254735,0.15377025102535044,10.544555187792165,-8.311642950767231,-8.592888788421517,14.518069810374326,6523.443,11.428509057304943,3.0895607530693834,3.6990724477423114,15
2024-04-17T00:00:00Z,15,0.2284699783747266,8.699206599874083,3.3645833333333335,4.071186136186519,0.14525991203497543,8.64362261128038,-7.721582667198959,-7.951770990850345,11.933825500443586,6277.175,10.617176167398569,1.3166493330450173,8.063784259734675,15
2024-04-18T00:00:00Z,15,0.2825551642820316,9.68530726213864,2.9870833333333335,3.9124731087864726,0.1361608699441173,6.878443690605015,-8.607035897450169,-8.891384855713074,10.999585427415761,5630.863,11.834674358993983,-0.8350889315782215,-14.171753344434606,15
2024-04-19T00:00:00Z,15,0.1853264325828531,7.890595754475616,2.44625,3.8134518437329517,0.12533004262978217,5.201586292637184,-6.929169104391959,-7.118572702792331,7.225943323586337,4950.006,9.527607518538943,-2.3016641949526058,-4.13944290371825,15
2024-04-20T00:00:00Z,15,0.27082774748802546,7.9205208824181215,2,3.791438264409825,0.11286836997916398,3.6085999696450513,-6.778884321497938,-7.05513597789807,5.6321805660204936,4452.386,9.320965942059665,-3.6887853760391716,-2.526838780755534,15
2024-04-21T00:00:00Z,15,0.2267389169684306,5.767665378990509,1.5966666666666667,3.8142383313295505,0.1079952541723265,3.0781261218727116,-4.864009178342272,-5.097750652998607,3.552133944812491,3846.127,6.688012620220624,-3.135878675408133,-2.132739596295186,15
2024-04-22T00:00:00Z,15,0.21228214524446987,6.055979928953665,2.075833333333333,3.988491527895984,0.10872035031948848,3.144282825152672,-4.687093646607393,-4.9049031525835884,5.2139194711449885,4175.672,6.444753764085166,-1.2308342929401777,-5.236085638051361,15
2024-04-23T00:00:00Z,15,0.562347739071464,8.515070935002795,2.51375,4.4991271744940295,0.10162204066832356,2.4945626871308098,-6.085507050706766,-6.653789738473713,7.531096563933691,5633.23,8.367572194721802,-0.8364756307881116,-10.00336637044409,15
2024-04-24T00:00:00Z,15,0.30194037006778324,6.381864708035496,2.1125,4.394285517415483,0.09530460379102582,1.993532317206726,-4.507309078362108,-4.813178046322679,5.361033761679147,5626.711,6.197549982747899,-0.8365162210687513,-7.408762468263644,15
2024-04-25T15:00:00Z,15,NA,NA,NA,NA,NA,NA,NA,NA,NA,5746.456,NA,NA,NA,15
2024-04-28T15:00:00Z,15,NA,NA,NA,NA,NA,NA,NA,NA,NA,4061.157,NA,NA,NA,15
2024-05-14T07:00:00Z,15,NA,NA,NA,NA,NA,NA,NA,NA,NA,1004.816,NA,NA,NA,15
2024-05-15T00:00:00Z,15,0.3209563130644344,2.4436936615477194,2.7908333333333335,3.483848730619551,0.1335614984866336,6.704809169611692,-2.252840854656192,-2.5785036491716644,1.3624189353782918,2296.114,3.097656175152264,-1.7352372397739722,-1.7851485111947905,15
2024-05-16T00:00:00Z,15,0.05879352162820966,7.198742564685507,2.2783333333333333,3.619193332054664,0.1366879251940321,7.032455281015333,-7.00283905098611,-7.062635941269808,6.0859924615142145,3547.238,9.628903695105901,-3.5429112335916866,-2.7177942263443153,15
2024-05-17T00:00:00Z,15,0.15200154929232468,7.9926153915999585,2.142916666666667,3.532999694273448,0.12655125719342322,5.3132504850593945,-7.486355129517922,-7.640444938258395,9.931984873740836,5345.195,10.293738303087142,-0.3617534293463063,-28.455122931904413,15
2024-05-18T01:00:00Z,15,0.10366635390535146,5.764004936748151,1.6279166666666667,3.5373929967513402,0.11627074420815538,3.9868379042710247,-5.297021457476235,-5.401794570839693,6.791970533099799,6355.829,7.283404504029822,-0.4914339709300233,-14.820718417666994,15
2024-05-19T00:00:00Z,15,0.02887550446819758,3.795156153866301,1.3995833333333334,3.604968500925247,0.10766940124789336,3.1362909696750254,-3.307076172642515,-3.3363927101323947,4.3475682348381754,6942.741,4.547229737383458,-0.1996615025452826,-22.774694567632842,15
2024-05-20T00:00:00Z,15,0.05412117349895254,5.004775048581978,1.75375,3.6167028533436203,0.11144166258029505,3.477581019514257,-4.340465414201809,-4.395858988766245,6.21770849824611,6799.591,5.968139944527487,0.24956855371862297,23.913829910062667,15
2024-05-21T01:00:00Z,15,NA,NA,NA,NA,NA,NA,NA,NA,NA,7280.573,NA,NA,NA,15
2024-05-22T01:00:00Z,15,NA,NA,NA,NA,NA,NA,NA,NA,NA,8093.661,NA,NA,NA,15
2024-05-23T00:00:00Z,15,NA,NA,NA,NA,NA,NA,NA,NA,NA,7941.923,NA,NA,NA,15
2024-05-24T00:00:00Z,15,NA,NA,NA,NA,NA,NA,NA,NA,NA,7263.395,NA,NA,NA,15
2024-05-25T00:00:00Z,15,NA,NA,NA,NA,NA,NA,NA,NA,NA,6650.716,NA,NA,NA,15
2024-05-26T00:00:00Z,15,NA,NA,NA,NA,NA,NA,NA,NA,NA,6161.201,NA,NA,NA,15
2024-07-04T02:00:00Z,15,NA,NA,NA,NA,NA,NA,NA,NA,NA,1088.305,NA,NA,NA,15
2024-07-05T00:00:00Z,15,0.17503053341462074,3.9381918305449912,3.02125,3.0582623132821873,0.12087671932919616,4.564663065442484,-3.1204568427741726,-3.295466634366224,2.435001982190731,2809.547,4.290628158814488,-1.8556261766237565,-2.3122265749781175,15
2024-07-06T00:00:00Z,15,0.05599433492407293,8.501002877201211,2.464166666666667,3.0818870438129844,0.11875427190248318,4.293869673373199,-6.961421168073587,-7.017405295752496,7.3497540381966004,4164.201,9.571954106101181,-2.2222000679045806,-4.307422290346268,15
2024-07-07T00:00:00Z,15,0.03070507142062257,7.105895424178407,2.0679166666666666,3.044632832332451,0.10904913885585334,3.2221846366827114,-5.782159663663019,-5.812843086172918,6.814590687370732,5183.786,7.950469537536651,-1.135878850165919,-6.999399219710199,15
2024-07-08T00:00:00Z,15,NA,NA,NA,NA,NA,NA,NA,NA,NA,5914.314,NA,NA,NA,15
2024-07-09T00:00:00Z,15,0.1134636387907236,2.6425708867356232,2.325833333333333,3.1994701451925827,0.22611840708529896,41.518912904631165,-4.255771117897278,-4.369310390793185,7.690914133184553,8336.994,5.851685287108757,1.8392288460757964,3.1815971675270274,15
2024-07-10T01:00:00Z,15,NA,NA,NA,NA,NA,NA,NA,NA,NA,7320.286,NA,NA,NA,15
2024-07-11T00:00:00Z,15,NA,NA,NA,NA,NA,NA,NA,NA,NA,8253.938,NA,NA,NA,15
2024-07-12T01:00:00Z,15,0.1395806491030195,8.710442685400796,2.9941666666666666,3.076983629636462,0.2052491418619201,29.21517631910345,-11.207856983837138,-11.347453270579324,22.355925394610516,7916.002,15.410803352776064,6.945122041834452,2.218939171975375,15
2024-07-13T00:00:00Z,15,NA,NA,NA,NA,NA,NA,NA,NA,NA,7352.951,NA,NA,NA,15
2024-07-14T00:00:00Z,15,0.05510565405466178,6.0216258922746135,2.533333333333333,2.9847572377589073,0.16690124319642594,14.124782405736193,-6.777785913333055,-6.833011005031339,11.787322856689652,7302.663,9.319455630832952,2.4678672258567005,3.776319703584449,15
2024-07-15T00:00:00Z,15,0.36790709540413713,6.0426048480394225,2.6125,3.006297175758553,0.16302623544641032,13.118246436463576,-6.703150352196849,-7.071118710410809,11.917998812271476,7562.371,9.216831734270668,2.7011670780008075,3.4121664703141006,15
2024-07-16T00:00:00Z,15,0.06685339359012953,5.8500075894229795,2.6620833333333334,3.1879071108811097,0.16792870737256652,14.439530951609488,-6.523815271483966,-6.590892302080049,11.775763398661152,7738.426,8.970245998290453,2.8055174003706984,3.1973588889896734,15
2024-07-17T00:00:00Z,15,0.44545104454392925,15.284199580948268,2.5829166666666667,3.0604384045722264,0.15817073331116377,11.613646875487245,-16.492894942558394,-16.939274681862777,41.890659064282836,7301.679,22.67773054601779,19.212928518265045,1.1803370071594699,15
2024-07-23T18:00:00Z,15,0.02936254942088284,5.149257606827816,1.4925,3.222594774437076,0.10894345682630752,3.1996313997917496,-4.317225012528699,-4.353011136232178,10.650825567537998,11688.95,5.936184392226961,4.714641175311037,1.2590956918021095,15
2024-08-23T14:00:00Z,15,NA,NA,NA,NA,NA,NA,NA,NA,NA,13061.48,NA,NA,NA,15
2024-08-28T00:00:00Z,15,0.04676572614094718,4.555666912019724,1.3375,3.1364436153172637,0.143956500337243,8.434303392506912,-5.316075619183439,-5.363731335347151,6.698673746384516,4010.916,7.309603976377229,-0.6109302299927126,-11.964711545644779,15
2024-09-17T18:00:00Z,15,0.08580761708360372,7.519111366744768,2.819166666666667,3.324302592926183,0.23498395511942524,46.768322088876,-11.476625830698605,-11.562484764574378,7.543985953417552,14141.86,15.780360517210582,-8.23637456379303,-1.9159352692118683,15
2024-09-18T02:00:00Z,15,0.308424734084562,8.264306715577053,2.79,3.2478013092381075,0.2275157583648501,41.73558059883543,-12.403624120912857,-12.712255991712084,11.054317289897025,16277.2,17.05498316625518,-6.0006658763581555,-2.8421817707680743,15
2024-10-04T18:00:00Z,15,0.17059092812570453,7.293788665988739,2.0166666666666666,3.243176801282302,0.22996315545078636,43.2799942703929,-12.488494496892644,-12.659204984366122,5.799976365866885,9109.314,17.171679933227384,-11.371703567360498,-1.5100358386507895,15
2024-10-05T12:00:00Z,15,0.0994348398582618,7.437572670193533,1.9358333333333333,3.211939325749109,0.2239460542557447,39.46708924244086,-12.51276160064506,-12.612954389810556,11.784219059373811,13627.43,17.20504720088696,-5.420828141513148,-3.1738780038292105,15
2024-10-07T00:00:00Z,15,0.15350237213267795,7.408892195436065,2.3275,3.398231656362874,0.24684382732401813,55.52134648435156,-12.88417358669392,-13.037589676665473,6.463014094249333,6043.901,17.715738681704142,-11.252724587454809,-1.574351042187123,15
2024-10-09T02:00:00Z,15,0.4281661083755203,3.320723907489971,2.8266666666666667,3.404095703943725,0.2726126288616214,81.53242521170127,-5.910051318327344,-6.339581317224667,3.9451634856589486,3353.122,8.126320562700098,-4.181157077041149,-1.9435578269283285,15
2024-10-10T00:00:00Z,15,0.11452041448463744,4.575232906308265,2.8554166666666667,3.5661065784056647,0.3552119417875199,199.8174268204292,-10.79174751004784,-10.904491341332662,5.492901612307806,1431.525,14.83865282631578,-9.345751214007974,-1.587743187949912,15
2024-10-11T00:00:00Z,15,0.09732914272882244,5.921917469216991,2.9470833333333335,3.638789825502091,0.3684280667046184,227.0136975535506,-13.997311159144973,-14.09459865886677,6.5410475026012564,1857.114,19.24630284382434,-12.705255341223083,-1.51483007046528,15
2024-10-12T00:00:00Z,15,0.07229073843708723,4.880476076687495,3.0741666666666667,3.77163944780821,0.36189926576822856,213.5191689711637,-10.953655582718904,-11.026116089193534,5.544416193142064,2304.196,15.061276426238493,-9.516860233096429,-1.5825888010691231,15
2024-10-13T00:00:00Z,15,0.0651706178425282,4.751765269329391,3.1625,3.756922595188004,0.3337379405061841,160.94266082343586,-9.611320763580217,-9.676534234127244,4.865530366803184,2275.537,13.2155660499228,-8.350035683119614,-1.5826957574132663,15
2024-10-14T00:00:00Z,15,0.07911323033481805,6.355845581933033,3.2904166666666668,3.7813884872304686,0.3050100421412963,117.23143030220425,-11.560875814930975,-11.640703416531105,5.8987900432328075,2327.125,15.896204245530091,-9.997414202297284,-1.5900315745522815,15
2024-10-15T00:00:00Z,15,0.0847929023685419,5.742650914871673,3.2266666666666666,3.725113580330721,0.2826171943252977,89.58696144769033,-9.740973503375972,-9.825951560743349,3.7985258238922985,1900.103,13.393838567141962,-9.595312743249664,-1.3958730606841945,15
2024-10-16T00:00:00Z,15,0.0761729096326022,4.565858902395949,3.4629166666666666,3.8069112087275294,0.26210313814567016,68.7048701150159,-6.6427124711548435,-6.720151367948997,2.4593669743746025,1601.16,9.13372964783791,-6.674362673463308,-1.3684796728461932,15
2024-10-17T00:00:00Z,15,0.0828249931280616,6.85794687599084,3.970833333333333,4.327171413728813,0.24180338163706627,51.76720341320324,-8.663136571441516,-8.749129596634976,3.484632878279272,1619.448,11.911812785732085,-8.427179907452814,-1.413499286421729,15
2024-10-18T00:00:00Z,15,0.13645350612339988,9.677024921765462,4.0441666666666665,4.561148816539241,0.22270135479664913,38.745401270844546,-11.543811900461527,-11.683967770558269,4.184168049808025,1742.478,15.872741363134601,-11.688573313326575,-1.3579708094090064,15
2024-10-19T00:00:00Z,15,0.1303452982116479,9.840833102887716,3.63375,4.3741321242740385,0.20726590725908736,30.083690492216913,-11.735618556102521,-11.8678201171931,3.408646595199036,1447.287,16.136475514640967,-12.727828919441931,-1.2678105289420005,15
2024-10-24T04:00:00Z,15,0.06260294536996686,6.688088822165991,2.412916666666667,3.853071359095048,0.1553789663639931,10.951523890769998,-7.162538598982022,-7.227345775586297,2.4875298812872186,4681.949,9.84849057360028,-7.3609606923130615,-1.3379354931055274,15
2024-10-25T00:00:00Z,15,0.06433774927380286,7.932530129516672,2.3408333333333333,3.906557805024838,0.14324969531057943,8.224422994668446,-7.902104858980152,-7.968899330632351,2.0228315839416404,1561.925,10.86539418109771,-8.84256259715607,-1.228760787578956,15
2024-10-26T00:00:00Z,15,0.08579599368616188,9.027063472520505,2.16625,3.8953569578145943,0.13150950574628414,6.107697076301235,-8.614098129570369,-8.701709275563951,2.027726664539811,1725.282,11.844384928159258,-9.816658263619447,-1.206559769127807,15
2024-10-28T14:00:00Z,15,0.05968211035560268,9.71281951099951,1.46375,3.8885235179356337,0.118707302111574,4.22977144624842,-9.325818633401871,-9.386548602209201,1.2493088833880226,1028.864,12.823000620927573,-11.57369173753955,-1.1079438533286539,15
2024-11-05T20:00:00Z,15,0.03852330098670403,5.403659457719378,0.017083333333333332,3.73221059119323,0.10173946514559702,2.4633428953141414,-5.39127935162724,-5.4294882443734505,1.2065153901838443,1890.1,7.413009108487455,-6.20649371830361,-1.194395651545687,15
2024-11-06T00:00:00Z,15,0.12303210097253264,2.2583984831171966,0.04875,3.5822412086922606,0.11979054291441908,4.762945674205894,-2.7498336822047476,-2.872175285308453,0.40354409620572534,1176.459,3.7810213130315278,-3.3774772168258025,-1.1194809232747338,15
2024-11-07T00:00:00Z,15,0.08584555167007421,7.576545450879853,0.31708333333333333,3.4715693394250695,0.13988187097586338,7.535943477816704,-10.039640975683477,-10.126289307754627,1.6813661373685787,1526.101,13.804506341564782,-12.123140204196202,-1.1386906452493724,15
2024-11-08T00:00:00Z,15,0.0727648759019073,4.975155752295733,0.15625,3.4320392679128955,0.1369022248650557,6.9803554163001325,-6.572293318481687,-6.644949413605706,0.9986026776342161,1278.199,9.03690331291232,-8.038300635278105,-1.124230570980587,15
2024-11-09T00:00:00Z,15,0.06074115568823399,5.438893166390165,0.07375,3.5688270517192566,0.13602447689743863,6.82737395882112,-7.135213186583548,-7.196127225305263,1.0287492694801066,1318.322,9.810918131552379,-8.782168862072272,-1.117140684224712,15
2024-11-10T00:00:00Z,15,0.23633520366653277,5.266808633729391,0.18041666666666667,3.614810234781055,0.14034569766109223,7.697492383597803,-7.19915527482701,-7.435203972938661,0.8698813446907755,1031.73,9.89883850288714,-9.028957158196365,-1.0963435011873004,15
2024-11-21T06:00:00Z,15,0.04213785774419054,1.9942896199296336,1.1441666666666668,4.109272098299627,0.05768473688462541,0.37988324556419273,-0.7127397347271869,-0.7548779677043835,0.37004338143159005,2450.383,0.980017135249882,-0.6099737538182919,-1.6066545963907557,15
2024-11-22T00:00:00Z,15,NA,NA,NA,NA,NA,NA,NA,NA,NA,2411.881,NA,NA,NA,15
2024-11-23T00:00:00Z,15,NA,NA,NA,NA,NA,NA,NA,NA,NA,2334.448,NA,NA,NA,15
2024-11-24T00:00:00Z,15,NA,NA,NA,NA,NA,NA,NA,NA,NA,2555.275,NA,NA,NA,15
2024-11-25T00:00:00Z,15,NA,NA,NA,NA,NA,NA,NA,NA,NA,2717.309,NA,NA,NA,15
2024-11-26T00:00:00Z,15,NA,NA,NA,NA,NA,NA,NA,NA,NA,2542.913,NA,NA,NA,15
2024-11-27T00:00:00Z,15,NA,NA,NA,NA,NA,NA,NA,NA,NA,2473.937,NA,NA,NA,15
2024-12-13T12:00:00Z,15,0.08276769760785367,7.078944449408725,2.7516666666666665,5.630003678127257,0.08027404488375386,1.0689026077952626,-4.083479853599025,-4.166251607447877,3.2881004640650424,4022.262,5.614784798698659,-2.326684334633617,-2.4132129636669513,15
2023-08-02T15:00:00Z,15,NA,NA,NA,NA,NA,NA,NA,NA,NA,13989.47,NA,NA,NA,15
2023-08-03T00:00:00Z,15,NA,NA,NA,NA,NA,NA,NA,NA,NA,15131.17,NA,NA,NA,15
2023-08-04T00:00:00Z,15,NA,NA,NA,NA,NA,NA,NA,NA,NA,16028.05,NA,NA,NA,15
2023-08-05T00:00:00Z,15,NA,NA,NA,NA,NA,NA,NA,NA,NA,16111.89,NA,NA,NA,15
2023-08-06T00:00:00Z,15,NA,NA,NA,NA,NA,NA,NA,NA,NA,16770.69,NA,NA,NA,15
2023-08-07T00:00:00Z,15,NA,NA,NA,NA,NA,NA,NA,NA,NA,17625.2,NA,NA,NA,15
2023-08-08T00:00:00Z,15,NA,NA,NA,NA,NA,NA,NA,NA,NA,17515.81,NA,NA,NA,15
2023-08-09T00:00:00Z,15,NA,NA,NA,NA,NA,NA,NA,NA,NA,17535.93,NA,NA,NA,15
2023-08-10T00:00:00Z,15,NA,NA,NA,NA,NA,NA,NA,NA,NA,17293.02,NA,NA,NA,15
2023-08-11T00:00:00Z,15,NA,NA,NA,NA,NA,NA,NA,NA,NA,17202.46,NA,NA,NA,15
2023-08-12T00:00:00Z,15,NA,NA,NA,NA,NA,NA,NA,NA,NA,17837.78,NA,NA,NA,15
2023-08-13T00:00:00Z,15,NA,NA,NA,NA,NA,NA,NA,NA,NA,18509.04,NA,NA,NA,15
2023-08-14T00:00:00Z,15,NA,NA,NA,NA,NA,NA,NA,NA,NA,15928.95,NA,NA,NA,15
2023-08-15T00:00:00Z,15,NA,NA,NA,NA,NA,NA,NA,NA,NA,16003.7,NA,NA,NA,15
2023-08-16T09:00:00Z,15,NA,NA,NA,NA,NA,NA,NA,NA,NA,15460.28,NA,NA,NA,15
2023-09-08T10:00:00Z,15,NA,NA,NA,NA,NA,NA,NA,NA,NA,15903.22,NA,NA,NA,15
2023-09-09T00:00:00Z,15,NA,NA,NA,NA,NA,NA,NA,NA,NA,15245.64,NA,NA,NA,15
2023-09-10T00:00:00Z,15,NA,NA,NA,NA,NA,NA,NA,NA,NA,16541.18,NA,NA,NA,15
2023-09-11T00:00:00Z,15,NA,NA,NA,NA,NA,NA,NA,NA,NA,17327.72,NA,NA,NA,15
2023-09-12T00:00:00Z,15,NA,NA,NA,NA,NA,NA,NA,NA,NA,10401.5,NA,NA,NA,15
2023-09-13T00:00:00Z,15,NA,NA,NA,NA,NA,NA,NA,NA,NA,14116.94,NA,NA,NA,15
2023-09-14T00:00:00Z,15,NA,NA,NA,NA,NA,NA,NA,NA,NA,13859.83,NA,NA,NA,15
2023-09-15T00:00:00Z,15,NA,NA,NA,NA,NA,NA,NA,NA,NA,13550.43,NA,NA,NA,15
2023-09-16T00:00:00Z,15,NA,NA,NA,NA,NA,NA,NA,NA,NA,12884.7,NA,NA,NA,15
2023-09-17T00:00:00Z,15,NA,NA,NA,NA,NA,NA,NA,NA,NA,13303.11,NA,NA,NA,15
2023-09-18T00:00:00Z,15,NA,NA,NA,NA,NA,NA,NA,NA,NA,13444.02,NA,NA,NA,15
2023-09-19T00:00:00Z,15,NA,NA,NA,NA,NA,NA,NA,NA,NA,12628.76,NA,NA,NA,15
2023-09-20T00:00:00Z,15,NA,NA,NA,NA,NA,NA,NA,NA,NA,12912.01,NA,NA,NA,15
2023-09-21T00:00:00Z,15,NA,NA,NA,NA,NA,NA,NA,NA,NA,13544.67,NA,NA,NA,15
2023-09-22T00:00:00Z,15,NA,NA,NA,NA,NA,NA,NA,NA,NA,13179.46,NA,NA,NA,15
2023-09-23T00:00:00Z,15,NA,NA,NA,NA,NA,NA,NA,NA,NA,12566.93,NA,NA,NA,15
2023-09-24T00:00:00Z,15,NA,NA,NA,NA,NA,NA,NA,NA,NA,12032.04,NA,NA,NA,15
2023-09-25T00:00:00Z,15,NA,NA,NA,NA,NA,NA,NA,NA,NA,8100.923,NA,NA,NA,15
2023-09-26T00:00:00Z,15,NA,NA,NA,NA,NA,NA,NA,NA,NA,10177.2,NA,NA,NA,15
2023-09-27T00:00:00Z,15,NA,NA,NA,NA,NA,NA,NA,NA,NA,9396.438,NA,NA,NA,15
2023-09-28T00:00:00Z,15,NA,NA,NA,NA,NA,NA,NA,NA,NA,12837.25,NA,NA,NA,15
2023-09-29T00:00:00Z,15,NA,NA,NA,NA,NA,NA,NA,NA,NA,12802.74,NA,NA,NA,15
2023-09-30T00:00:00Z,15,NA,NA,NA,NA,NA,NA,NA,NA,NA,13126.26,NA,NA,NA,15
2023-10-01T00:00:00Z,15,NA,NA,NA,NA,NA,NA,NA,NA,NA,13267.17,NA,NA,NA,15
2023-10-02T00:00:00Z,15,NA,NA,NA,NA,NA,NA,NA,NA,NA,12884.7,NA,NA,NA,15
2023-10-03T00:00:00Z,15,NA,NA,NA,NA,NA,NA,NA,NA,NA,12807.05,NA,NA,NA,15
2023-10-04T00:00:00Z,15,NA,NA,NA,NA,NA,NA,NA,NA,NA,12407.33,NA,NA,NA,15
2023-10-05T00:00:00Z,15,NA,NA,NA,NA,NA,NA,NA,NA,NA,12331.12,NA,NA,NA,15
2023-10-06T00:00:00Z,15,NA,NA,NA,NA,NA,NA,NA,NA,NA,12361.31,NA,NA,NA,15
2023-10-07T00:00:00Z,15,0.04167778996750369,6.047042240045309,2.79625,3.4637673747159905,0.17234093210610668,15.719327964648112,-6.665994429077755,-6.707802972092598,20.998948133800855,12201.71,9.165742339981913,11.833205793818943,0.7745781236027878,15
2023-10-08T00:00:00Z,15,0.04974161764728881,5.743476131244463,3.20125,3.6941507348266986,0.16154962264469985,12.51314866447492,-5.4153529330750905,-5.467128796119847,17.600193050053026,11750.34,7.44611028297825,10.154082767074776,0.7333119547855873,15
2023-10-09T00:00:00Z,15,0.04798068689567131,7.326881230456391,3.6158333333333332,4.245241497122241,0.15081702542192954,9.857357937272734,-6.131363752911988,-6.18167982265032,17.607514808106526,11012.87,8.430625160253983,9.176889647852542,0.9186800194580971,15
2023-10-10T00:00:00Z,15,0.05863025349821354,9.141460571255134,3.752083333333333,4.420123557207549,0.1374394418485806,7.161127172453555,-6.901971779597593,-6.964070055470622,13.702783685220984,8232.88,9.49021119694669,4.212572488274294,2.2528303603944426,15
2023-10-12T01:00:00Z,15,0.18036020017200813,6.133101029751423,4.067916666666667,3.912989003566111,0.24066436420751644,53.55789788720112,-9.317658058396763,-9.492648637356597,21.99826343208142,5802.283,12.81177983029555,9.18648360178587,1.394633723376474,15
2023-10-13T00:00:00Z,15,0.165613325520002,5.39707573114181,3.412916666666667,3.629180493165634,0.2909455253758993,99.34116914244592,-9.555197223730824,-9.72101041543815,32.42316621439135,11806.3,13.138396182629883,19.284770031761468,0.6812835289708572,15
2023-10-14T00:00:00Z,15,0.0917121000980166,6.73117037529425,3.41125,3.443014931452858,0.30294043572935647,114.06145839852071,-11.92012236566404,-12.012102674781296,44.19733693017171,13248.48,16.390168252788055,27.807168677383654,0.5894224055295005,15
2023-10-15T00:00:00Z,15,0.07135450519124459,4.493413630194204,3.5625,3.5660136650740397,0.28576710592815097,93.13084438528612,-7.133136940901643,-7.204583861148771,27.45600750228582,13182.19,9.80806329373976,17.64794420854606,0.5557623697036724,15
2023-10-16T00:00:00Z,15,0.06280036425446191,4.321588138448694,3.9679166666666665,3.8795731123516743,0.2607410142093011,67.48547505667759,-5.725272070765658,-5.788220217496111,22.317904049030293,12528.08,7.872249097302779,14.445654951727514,0.544956190882945,15
2023-10-17T00:00:00Z,15,0.06820832466487972,6.4536898416962485,4.5,4.279919523679005,0.23639892007056745,47.851864877630426,-7.239220578621831,-7.308183249413928,27.588818526546,11685.69,9.953928295605017,17.634890230940982,0.5644451519261815,15
2023-10-18T00:00:00Z,15,0.09188941120388634,10.488484214105066,4.71875,4.492667198428268,0.2164426301579876,35.102366397405,-10.688958172707267,-10.782266102659603,39.19478971519262,11012.95,14.697317487472493,24.497472227720127,0.5999524094098874,15
2023-10-19T00:00:00Z,15,0.11348715215553484,11.03135889164418,4.5575,4.445796599263021,0.20152385032042777,27.27117724121025,-10.859144616856065,-10.973809867981846,38.54701028516257,10828.86,14.93132384817709,23.61568643698548,0.6322629616555435,15
2023-10-20T00:00:00Z,15,NA,NA,NA,NA,NA,NA,NA,NA,NA,10989.04,NA,NA,NA,15
2023-10-21T00:00:00Z,15,NA,NA,NA,NA,NA,NA,NA,NA,NA,10955.09,NA,NA,NA,15
2023-10-22T00:00:00Z,15,0.08442882361260715,9.428668019511289,3.9175,4.291393672707362,0.16962549106916397,14.906600040108442,-8.730594926422615,-8.81656217731811,27.437868887199674,10668.3,12.004568023831096,15.433300863368578,0.7778354177183388,15
2023-10-23T00:00:00Z,15,0.08610179856883714,10.36467539065162,3.714583333333333,4.18636922314577,0.157991660983322,11.596433320788954,-9.324371766913863,-9.411508107798884,27.77628282188161,10586.3,12.821011179506563,14.955271642375045,0.8572904248144074,15
2023-10-24T00:00:00Z,15,0.06776768740411976,7.402510441159812,3.392916666666667,4.174941257879079,0.14585877686906887,8.797595932375932,-6.493176493855669,-6.561134879301376,17.517535468059155,10347.53,8.928117679051546,8.589417789007609,1.039432229094432,15
2023-10-25T00:00:00Z,15,0.04490954491329083,5.297943935984478,2.955416666666667,4.105883258044692,0.13115723231446444,6.09104293705417,-4.471144682247257,-4.516304709845214,9.74322582204175,8716.438,6.147823938089978,3.595401883951771,1.7099128655216684,15
2023-10-26T00:00:00Z,15,0.03903608859936598,4.142167729093547,2.589166666666667,3.977328749899617,0.11309147648598313,3.669427716258899,-3.1690248737846423,-3.2081945901541773,5.804865616506725,8300.753,4.357409201453883,1.4474564150528417,3.0103906108252727,15
2023-10-27T00:00:00Z,15,0.08680728794222005,8.873104366914593,2.2104166666666667,4.047665462354584,0.09452960224102253,1.9249940625022253,-6.161019856224546,-6.248244647843152,3.6887062999316615,2650.89,8.47140230230875,-4.782696002377088,-1.771260874222051,15
2023-10-28T00:00:00Z,15,0.04306778071965399,6.364314797053877,1.285,3.98197187836633,0.08446632453870959,1.283454710112936,-4.436805155867102,-4.479813886779398,3.5018424002071673,3380.137,6.100607089317265,-2.5987646891100975,-2.34750268651923,15
2023-10-29T00:00:00Z,15,0.02302703345680172,2.2094608240653923,0.7404166666666666,3.9691667761029046,0.07318770349661914,0.8073397279466524,-1.389220343272463,-1.4117918508395628,0.905632247286859,4011.575,1.9101779719996366,-1.0045457247127776,-1.901534121352017,15
2023-10-30T00:00:00Z,15,NA,NA,NA,NA,NA,NA,NA,NA,NA,3313.973,NA,NA,NA,15
2023-10-31T00:00:00Z,15,NA,NA,NA,NA,NA,NA,NA,NA,NA,5057.26,NA,NA,NA,15
2023-11-01T00:00:00Z,15,NA,NA,NA,NA,NA,NA,NA,NA,NA,4592.671,NA,NA,NA,15
2023-11-02T00:00:00Z,15,NA,NA,NA,NA,NA,NA,NA,NA,NA,8965.853,NA,NA,NA,15
2023-11-03T00:00:00Z,15,NA,NA,NA,NA,NA,NA,NA,NA,NA,9148.199,NA,NA,NA,15
2023-11-04T00:00:00Z,15,NA,NA,NA,NA,NA,NA,NA,NA,NA,9808.577,NA,NA,NA,15
2023-11-05T00:00:00Z,15,NA,NA,NA,NA,NA,NA,NA,NA,NA,9418.349,NA,NA,NA,15
2023-11-06T00:00:00Z,15,NA,NA,NA,NA,NA,NA,NA,NA,NA,9109.351,NA,NA,NA,15
2023-11-07T00:00:00Z,15,NA,NA,NA,NA,NA,NA,NA,NA,NA,9227.336,NA,NA,NA,15
2023-11-08T00:00:00Z,15,NA,NA,NA,NA,NA,NA,NA,NA,NA,9785.609,NA,NA,NA,15
2023-11-09T00:00:00Z,15,NA,NA,NA,NA,NA,NA,NA,NA,NA,10293.68,NA,NA,NA,15
2023-11-10T00:00:00Z,15,NA,NA,NA,NA,NA,NA,NA,NA,NA,9245.753,NA,NA,NA,15
2023-11-11T00:00:00Z,15,NA,NA,NA,NA,NA,NA,NA,NA,NA,2396.301,NA,NA,NA,15
2023-11-12T00:00:00Z,15,NA,NA,NA,NA,NA,NA,NA,NA,NA,1438.533,NA,NA,NA,15
2023-11-13T00:00:00Z,15,NA,NA,NA,NA,NA,NA,NA,NA,NA,1299.28,NA,NA,NA,15
2023-11-14T00:00:00Z,15,NA,NA,NA,NA,NA,NA,NA,NA,NA,1778.417,NA,NA,NA,15
2023-11-15T00:00:00Z,15,NA,NA,NA,NA,NA,NA,NA,NA,NA,1664.705,NA,NA,NA,15
2023-11-16T00:00:00Z,15,NA,NA,NA,NA,NA,NA,NA,NA,NA,11532.74,NA,NA,NA,15
2023-11-17T00:00:00Z,15,NA,NA,NA,NA,NA,NA,NA,NA,NA,9372.515,NA,NA,NA,15
2023-11-18T00:00:00Z,15,NA,NA,NA,NA,NA,NA,NA,NA,NA,10383.5,NA,NA,NA,15
2023-11-19T10:00:00Z,15,NA,NA,NA,NA,NA,NA,NA,NA,NA,10255.57,NA,NA,NA,15
2023-11-20T00:00:00Z,15,NA,NA,NA,NA,NA,NA,NA,NA,NA,10707.69,NA,NA,NA,15
2023-11-21T13:00:00Z,15,NA,NA,NA,NA,NA,NA,NA,NA,NA,9375.206,NA,NA,NA,15
2023-11-23T10:00:00Z,15,NA,NA,NA,NA,NA,NA,NA,NA,NA,12626.56,NA,NA,NA,15
2023-11-25T11:00:00Z,15,NA,NA,NA,NA,NA,NA,NA,NA,NA,14859,NA,NA,NA,15
2023-11-27T11:00:00Z,15,0.28925525424260123,14.813908165424037,2.9591666666666665,4.534723544881495,0.09950546446547422,2.8180568926945213,-9.180724798580119,-9.469973782104804,22.180375393923093,9369.786,12.623496598047664,9.556878795875429,1.3208806837118967,15
2023-11-29T10:00:00Z,15,0.09263556487397435,9.496817150176229,6.49375,5.328338413017849,0.15073776389977023,9.787154698941514,-5.136480732592765,-5.229140147116731,17.545933047164063,7985.329,7.062661007315052,10.48327203984901,0.6737076916890515,15
2023-11-30T00:00:00Z,15,NA,NA,NA,NA,NA,NA,NA,NA,NA,7873.018,NA,NA,NA,15
2023-12-01T10:00:00Z,15,NA,NA,NA,NA,NA,NA,NA,NA,NA,8615.906,NA,NA,NA,15
2023-12-02T00:00:00Z,15,NA,NA,NA,NA,NA,NA,NA,NA,NA,9252.038,NA,NA,NA,15
2023-12-05T12:00:00Z,15,NA,NA,NA,NA,NA,NA,NA,NA,NA,11004.32,NA,NA,NA,15
2023-12-06T10:00:00Z,15,NA,NA,NA,NA,NA,NA,NA,NA,NA,9542.383,NA,NA,NA,15
2023-12-07T00:00:00Z,15,NA,NA,NA,NA,NA,NA,NA,NA,NA,8875.144,NA,NA,NA,15
2023-12-08T00:00:00Z,15,NA,NA,NA,NA,NA,NA,NA,NA,NA,8251.694,NA,NA,NA,15
2023-12-09T00:00:00Z,15,0.1035911073041713,7.915459228820257,2.7020833333333334,4.765369523215649,0.11802330453145776,4.164340492488806,-6.535645420902882,-6.641142195708203,12.83967248647622,8307.912,8.986512453741463,3.853160032734756,2.33224480099347,15
2023-12-10T00:00:00Z,15,0.3051542616708577,1.908397633651158,2.288333333333333,4.448923485068954,0.11728940154850004,5.2315386796067065,-1.4747754894951808,-1.7744623841033293,3.146260717356712,9038.847,2.0278162980558734,1.1184444193008387,1.8130684574594245,15
2023-12-11T00:00:00Z,15,NA,NA,NA,NA,NA,NA,NA,NA,NA,8412.195,NA,NA,NA,15
2023-12-12T00:00:00Z,15,NA,NA,NA,NA,NA,NA,NA,NA,NA,9584.982,NA,NA,NA,15
2023-12-13T00:00:00Z,15,NA,NA,NA,NA,NA,NA,NA,NA,NA,9735.941,NA,NA,NA,15
2023-12-14T00:00:00Z,15,0.09503043345778446,7.731760904819602,4.90375,5.103116232853094,0.18020837208341067,18.343186994882792,-6.839421306614894,-6.9350576790832905,20.805066082849095,9702.393,9.404204296595479,11.400861786253616,0.8248678453355542,15
2023-12-15T00:00:00Z,15,0.09735264920714592,6.6572051653103,4.517083333333333,4.94746523833018,0.17986784109931864,18.216661466330667,-6.331380224601602,-6.429244426637417,18.077918818935608,9544.251,8.705647808827203,9.372271010108404,0.9288728206256287,15
2023-12-16T00:00:00Z,15,NA,NA,NA,NA,NA,NA,NA,NA,NA,9892.084,NA,NA,NA,15
2023-12-17T00:00:00Z,15,0.05212851033546098,1.9337367875614109,5.74375,4.454612025705465,0.46403801171238696,557.3183275284325,-5.4308248224682965,-5.482734279543691,5.908742624364266,6710.79,7.467384130893907,-1.558641506529641,-4.790956804121204,15
2023-12-18T00:00:00Z,15,0.03696218578229198,1.909783819866772,3.8558333333333334,4.446811077533243,0.5325023531865245,829.757958202323,-6.214625202621028,-6.250185526726778,12.176209824886511,5889.208,8.545109653603914,3.631100171282597,2.353311462235305,15
2023-12-19T00:00:00Z,15,0.07008818622356802,3.5612633997206644,4.166666666666667,4.752595461696551,0.5082600698534728,705.2384302166541,-9.648594334444951,-9.718787963808532,27.06972298356404,9096.878,13.266817209861808,13.802905773702234,0.9611611806506859,15
2023-12-20T00:00:00Z,15,0.08313702860708158,4.731668421049436,4.589166666666666,5.22899175166237,0.470249766560139,536.9309676311312,-11.505853560288761,-11.589246883640778,34.59334673674842,9931.982,15.820548645397047,18.772798091351376,0.8427379109076749,15
2023-12-21T00:00:00Z,15,0.06787860086422394,4.836617634629502,4.6625,5.252189460804827,0.4261363260605306,380.6239251294588,-10.477595096946652,-10.545832504642776,33.98450003927284,10412.89,14.406693258301647,19.57780678097119,0.735868599556532,15
2023-12-22T00:00:00Z,15,0.07037697943236083,5.614607549786894,4.570833333333334,5.176419676070818,0.3828125651705848,260.7090628108604,-11.184818542838862,-11.255246286472643,37.75874750679758,11041.19,15.379125496403436,22.379622010394147,0.6871932639997516,15
2023-12-23T00:00:00Z,15,0.12131119735394412,3.5861177109967675,4.379166666666666,4.963812303181099,0.34261229537610577,176.54950739708875,-6.436981071552966,-6.55885539260759,22.938427777605547,11725.18,8.850848973385327,14.08757880422022,0.628273253792474,15
2023-12-24T00:00:00Z,15,0.03568549377810195,5.439974822484385,4.422916666666667,4.872794695284659,0.30823040843051397,121.69928392774844,-8.57020288545269,-8.607793259758004,31.696400284286558,11901.45,11.78402896749745,19.912371316789105,0.5917943563839507,15
2023-12-25T00:00:00Z,15,0.16683042163406067,2.3447789966084347,3.7408333333333332,4.670647978723807,0.2889992146650958,96.6244496161038,-4.619272784246783,-4.788360413837445,13.100163095804435,12161.15,6.351500078339326,6.748663017465109,0.9411493894275131,15
2023-12-26T00:00:00Z,15,0.18908707182434817,3.485571825665008,1.7962500000000001,4.469332786454382,0.27953480179687634,85.95288459228445,-7.59606176191931,-7.792676785478015,19.645466215408046,12215.12,10.44458492263905,9.200881292768996,1.1351722286480845,15
2023-12-27T00:00:00Z,15,0.4578864003594686,5.457684968446134,1.6883333333333332,4.364056854407178,0.27099804229911495,77.0967929691507,-12.206605996450524,-12.663900426715621,29.85564652645871,12887.77,16.78408324511947,13.071563281339241,1.2840149937597871,15
2023-12-28T00:00:00Z,15,0.06162215932909908,3.808339273521237,1.35375,4.556245899708119,0.2610844808053252,67.59593685930442,-7.765735644190453,-7.822279234537479,19.141235732579215,12290.67,10.677886510761873,8.463349221817342,1.2616620478374874,15
2023-12-29T00:00:00Z,15,0.06280566970634294,5.529158022608336,0.9616666666666667,4.783233870782229,0.25039591776153264,58.35410359127188,-12.188923190744658,-12.247646776658442,24.231076681699424,11751.93,16.759769387273906,7.471307294425518,2.2432177832892353,15
2023-12-30T00:00:00Z,15,0.17172264996611974,5.8276401617678015,1.2504166666666667,5.277474451019253,0.23768178248477712,48.607382083762744,-11.134569661304116,-11.31874059817536,21.583853758169774,10382.65,15.31003328429316,6.273820473876613,2.4403046513750564,15
2023-12-31T00:00:00Z,15,0.09121094537133605,5.716116644820743,0.48,5.421091685752802,0.22587181568302528,40.62923753244265,-11.392007878027213,-11.481128080023181,19.124304438928625,9919.023,15.664010832287419,3.4602936066412067,4.526786629384308,15
2024-01-01T00:00:00Z,15,0.22715897166875684,6.250147832484624,0.68125,5.448898003649773,0.2178282389898112,35.75484616149978,-11.893338108317032,-12.125090491480522,19.969423936954286,9593.621,16.353339898935918,3.616084038018368,4.522389338024796,15
2024-01-02T00:00:00Z,15,0.17892573787507207,6.864053852813723,0.6358333333333334,5.225787488789624,0.21196582196194683,32.49417860600157,-12.564686170913598,-12.75067701896419,21.365893851266286,9847.609,17.276443485006197,4.089450366260088,4.224637038645848,15
2024-01-03T00:00:00Z,15,0.16750718173309204,6.774084748156629,1.1958333333333333,5.428595025713651,0.20376665783634576,28.26838253639335,-11.22883174722853,-11.405545425390581,19.009504546494547,9191.907,15.439643652439228,3.569860894055319,4.3249986794023165,15
2024-01-04T00:00:00Z,15,NA,NA,NA,NA,NA,NA,NA,NA,NA,9276.557,NA,NA,NA,15
2024-01-05T00:00:00Z,15,NA,NA,NA,NA,NA,NA,NA,NA,NA,8782.994,NA,NA,NA,15
2024-01-06T00:00:00Z,15,0.03770746136044636,3.58529154125055,5.36625,5.0455371258736585,0.2090566305375036,31.180839195321767,-3.6331462429682673,-3.670688825196239,10.669522469565974,9133.811,4.995576084081367,5.673946385484607,0.8804411858492913,15
2024-01-07T00:00:00Z,15,0.05564678411561024,5.722087268919734,5.284583333333333,4.756654397684541,0.21618723191991815,34.791062863200366,-5.2879876795789835,-5.343583055542726,18.127187490324637,9439.203,7.270983059421102,10.856204430903535,0.6697536975928111,15
2024-01-08T00:00:00Z,15,0.11373566775987852,10.39073097627631,5.940416666666667,5.12431356633519,0.2152302224301419,34.26110959094761,-9.018197017169317,-9.13208296970682,30.38165447229687,8929.857,12.400020898607812,17.98163357368906,0.6895936816748213,15
2024-01-09T00:00:00Z,15,0.7060230173269231,2.0251203738987624,5.758333333333334,4.9919866728671245,0.2553306814189386,75.79887759381026,-2.5623547002464817,-3.267708786048917,6.778748920168443,9093.527,3.5232377128389123,3.2555112073295307,1.0822379308375951,15
2024-01-10T00:00:00Z,15,0.17776386625980214,4.029879394770408,5.3149999999999995,4.717086673999474,0.35382046173183224,198.88602750600043,-6.658648691628384,-6.836459601035927,17.029191814032636,6812.939,9.155641950989029,7.873549863043607,1.1628353297110912,15
2024-01-11T00:00:00Z,15,0.09722595558603972,6.56297563542153,5.350416666666667,5.131329610400734,0.388040890021174,272.41339244222,-11.721908049545922,-11.819198974481882,32.66138301223421,8250.255,16.117623568125644,16.543759444108566,0.9742418960199113,15
2024-01-12T00:00:00Z,15,0.15392728888006352,6.800459655570626,5.1925,5.104687930833622,0.3719566722466777,235.2246877544392,-12.186084879590881,-12.340139009458879,34.270111432774556,8493.587,16.755866709437463,17.514244723337093,0.9566993595282405,15
2024-01-13T00:00:00Z,15,0.0932572749517138,2.9965341473676848,4.966666666666667,4.691705854089402,0.34796685153976353,186.1595337968752,-4.5263901004822396,-4.61943418747931,15.141138022606771,9407.773,6.223786388163079,8.917351634443692,0.6979411201105281,15
2024-01-14T00:00:00Z,15,0.07504662846554071,4.380159521529989,5.674166666666666,5.108789113269362,0.31939454060726313,137.71300109840402,-5.617242612136283,-5.692276214667699,18.739057413925575,8790.193,7.723708591687389,11.015348822238186,0.7011769410419837,15
2024-01-15T00:00:00Z,15,NA,NA,NA,NA,NA,NA,NA,NA,NA,8457.591,NA,NA,NA,15
2024-01-16T00:00:00Z,15,NA,NA,NA,NA,NA,NA,NA,NA,NA,9007.481,NA,NA,NA,15
2024-01-17T00:00:00Z,15,NA,NA,NA,NA,NA,NA,NA,NA,NA,8934.177,NA,NA,NA,15
2024-01-18T00:00:00Z,15,NA,NA,NA,NA,NA,NA,NA,NA,NA,7825.49,NA,NA,NA,15
2024-01-19T00:00:00Z,15,NA,NA,NA,NA,NA,NA,NA,NA,NA,8097.632,NA,NA,NA,15
2024-01-20T00:00:00Z,15,NA,NA,NA,NA,NA,NA,NA,NA,NA,8209.939,NA,NA,NA,15
2024-01-21T00:00:00Z,15,NA,NA,NA,NA,NA,NA,NA,NA,NA,7435.5,NA,NA,NA,15
2024-01-22T00:00:00Z,15,NA,NA,NA,NA,NA,NA,NA,NA,NA,6974.152,NA,NA,NA,15
2024-01-23T00:00:00Z,15,NA,NA,NA,NA,NA,NA,NA,NA,NA,7727.771,NA,NA,NA,15
2024-01-24T00:00:00Z,15,NA,NA,NA,NA,NA,NA,NA,NA,NA,7880.577,NA,NA,NA,15
2024-01-25T00:00:00Z,15,NA,NA,NA,NA,NA,NA,NA,NA,NA,5950.434,NA,NA,NA,15
2024-01-26T00:00:00Z,15,NA,NA,NA,NA,NA,NA,NA,NA,NA,5065.044,NA,NA,NA,15
2024-01-27T00:00:00Z,15,NA,NA,NA,NA,NA,NA,NA,NA,NA,6023.609,NA,NA,NA,15
2024-01-28T00:00:00Z,15,NA,NA,NA,NA,NA,NA,NA,NA,NA,6679.985,NA,NA,NA,15
2024-01-29T00:00:00Z,15,NA,NA,NA,NA,NA,NA,NA,NA,NA,5927.801,NA,NA,NA,15
2024-04-26T00:00:00Z,15,0.03407605281886797,1.4686019621523363,0.5695454545454546,4.042103735966266,0.07317889666082354,0.921664702776354,-0.8789409909699313,-0.9131016539557555,0.31999705378627863,1750,1.2085438625836555,-0.8885468087973769,-1.360135280007798,15
2024-04-27T00:00:00Z,15,NA,NA,NA,NA,NA,NA,NA,NA,NA,1026.955,NA,NA,NA,15
2024-04-29T01:00:00Z,15,NA,NA,NA,NA,NA,NA,NA,NA,NA,1371.421,NA,NA,NA,15
2024-04-30T13:00:00Z,15,NA,NA,NA,NA,NA,NA,NA,NA,NA,1489.301,NA,NA,NA,15
2024-05-01T06:00:00Z,15,NA,NA,NA,NA,NA,NA,NA,NA,NA,1407.202,NA,NA,NA,15
2024-05-02T03:00:00Z,15,NA,NA,NA,NA,NA,NA,NA,NA,NA,1028.395,NA,NA,NA,15
2024-05-03T04:00:00Z,15,NA,NA,NA,NA,NA,NA,NA,NA,NA,1172.428,NA,NA,NA,15
2024-05-04T00:00:00Z,15,NA,NA,NA,NA,NA,NA,NA,NA,NA,1133.539,NA,NA,NA,15
2024-05-05T00:00:00Z,15,NA,NA,NA,NA,NA,NA,NA,NA,NA,11819.34,NA,NA,NA,15
2024-05-06T00:00:00Z,15,NA,NA,NA,NA,NA,NA,NA,NA,NA,3219.136,NA,NA,NA,15
2024-07-18T00:00:00Z,15,0.07100596692206163,6.332306996146362,2.3858333333333333,3.064570567569921,0.14893823378555837,9.51254669179048,-6.538584506004688,-6.610160558531256,16.314231199915472,11985.18,8.990553695756446,7.323677504159026,1.2276009819726255,15
2024-07-19T00:00:00Z,15,0.07003182757633049,7.153766129236815,2.1991666666666667,3.03035900851511,0.13294795559288064,6.35604807034891,-6.758740426710847,-6.829812464037443,10.60547088951454,8664.801,9.293268086727414,1.3122028027871266,7.082188871254091,15
2024-07-24T12:00:00Z,15,0.09158762718612756,9.854276209241307,2.127083333333333,3.17661697024973,0.11841667653032284,4.219490027988146,-8.722387089080716,-8.815437197811928,15.869359268285862,3100.631,11.993282247485984,3.876077020799878,3.094180580810806,15
2024-07-25T00:00:00Z,15,NA,NA,NA,NA,NA,NA,NA,NA,NA,8986.94,NA,NA,NA,15
2024-07-26T00:00:00Z,15,0.08956322616426497,5.633831503173391,2.8091666666666666,3.232191377307645,0.23931398271887452,50.12649701979214,-8.567638796555766,-8.657486043447241,16.616374657970212,5871.935,11.780503345264178,4.835871312706034,2.436066343269192,15
2024-07-27T00:00:00Z,15,0.735929290135755,3.300610688650813,3.0058333333333334,3.141498574148833,0.24679979314504075,59.85150451566886,-5.331204345811926,-6.067138474851479,9.996036417883174,7975.746,7.330405975491399,2.665630442391775,2.7499708357599966,15
2024-07-28T00:00:00Z,15,0.34388533778584474,6.62599052439729,3.0175,3.2255725857654407,0.28946597696225684,97.36535332573806,-12.121420699453711,-12.465507746502757,17.966541870165756,6001.388,16.666953461748854,1.299588408416902,12.824793876125565,15
2024-07-29T01:00:00Z,15,NA,NA,NA,NA,NA,NA,NA,NA,NA,2263.202,NA,NA,NA,15
2024-07-30T01:00:00Z,15,NA,NA,NA,NA,NA,NA,NA,NA,NA,4161.552,NA,NA,NA,15
2024-07-31T06:00:00Z,15,NA,NA,NA,NA,NA,NA,NA,NA,NA,3881.1,NA,NA,NA,15
2024-08-01T00:00:00Z,15,NA,NA,NA,NA,NA,NA,NA,NA,NA,3691.881,NA,NA,NA,15
2024-08-02T15:00:00Z,15,NA,NA,NA,NA,NA,NA,NA,NA,NA,3478.913,NA,NA,NA,15
2024-08-03T00:00:00Z,15,NA,NA,NA,NA,NA,NA,NA,NA,NA,3124.917,NA,NA,NA,15
2024-08-04T01:00:00Z,15,NA,NA,NA,NA,NA,NA,NA,NA,NA,2934.539,NA,NA,NA,15
2024-08-07T00:00:00Z,15,NA,NA,NA,NA,NA,NA,NA,NA,NA,2804.922,NA,NA,NA,15
2024-08-08T00:00:00Z,15,NA,NA,NA,NA,NA,NA,NA,NA,NA,1051.48,NA,NA,NA,15
2024-08-11T21:00:00Z,15,NA,NA,NA,NA,NA,NA,NA,NA,NA,1682.898,NA,NA,NA,15
2024-08-12T00:00:00Z,15,NA,NA,NA,NA,NA,NA,NA,NA,NA,1593.102,NA,NA,NA,15
2024-08-13T00:00:00Z,15,NA,NA,NA,NA,NA,NA,NA,NA,NA,2018.063,NA,NA,NA,15
2024-08-14T00:00:00Z,15,NA,NA,NA,NA,NA,NA,NA,NA,NA,1961.955,NA,NA,NA,15
2024-08-15T00:00:00Z,15,NA,NA,NA,NA,NA,NA,NA,NA,NA,2252.788,NA,NA,NA,15
2024-09-13T13:00:00Z,15,0.12150707332932692,6.888753901602285,2.7758333333333334,3.290001498261164,0.28236518333176525,89.04881612025574,-12.695463983382586,-12.817142333541357,8.731886468631956,4139.506,17.456262977151056,-8.7243765085191,-2.000860801927281,15
2024-09-14T00:00:00Z,15,0.08527478322432099,6.829208688189831,2.794583333333333,3.273274871512244,0.26946565287069973,75.5787422420232,-11.970377189096645,-12.055652915456855,7.070157401928953,2915.226,16.459268635007888,-9.389111233078935,-1.753016683519518,15
2024-09-15T00:00:00Z,15,0.11498350689167164,7.059554310216574,2.85,3.1764959612498247,0.2581929030524726,65.04110461685788,-11.77303770401863,-11.888031886929843,8.817665995202713,2690.535,16.18792684302562,-7.370260847822905,-2.1963845211540045,15
2024-09-16T00:00:00Z,15,0.09571294515294249,7.066766624721071,2.8429166666666665,3.222980718703594,0.24797403791777284,56.45597130405889,-11.272404326900617,-11.368153989002474,6.0057172267492405,2522.023,15.499555949488348,-9.493838722739108,-1.6325910311036447,15
2024-09-19T01:00:00Z,15,0.07606266153751616,7.499553672478937,2.71375,3.2730437848137384,0.2317753312779352,44.478567018154706,-11.605018854499393,-11.68105428400915,4.848738451378891,2016.651,15.956900924936665,-11.108162473557774,-1.4365022984603424,15
2024-09-20T00:00:00Z,15,0.09804774626729754,7.402837294518648,2.69625,3.1577531490647788,0.22431007013529164,39.670702932522936,-10.950094601367637,-11.048349297280138,4.523176379477455,1953.181,15.056380076880501,-10.533203697403046,-1.4294207640352232,15
2024-09-21T00:00:00Z,15,0.09439501585979952,7.848926999108397,2.763333333333333,3.198006294266631,0.21465190687957147,34.00833664055782,-10.965679933796563,-11.060328249626185,4.130225567437197,1771.796,15.077809908970275,-10.947584341533078,-1.3772727789607335,15
2024-09-22T00:00:00Z,15,0.08862033932055734,7.43224709773639,2.8,3.318695180187036,0.2011803837244037,27.1356559109986,-9.65354459105864,-9.74259794662016,3.7120709470109112,1852.715,13.27362381270563,-9.561552865694718,-1.3882288786300825,15
2024-09-23T00:00:00Z,15,NA,NA,NA,NA,NA,NA,NA,NA,NA,1892.801,NA,NA,NA,15
2024-09-24T00:00:00Z,15,0.08283739503958934,8.074029912397824,2.640416666666667,3.3151600043915703,0.17311886926804165,16.022917358328268,-9.373420542089466,-9.457704166430268,4.6017560536706545,2362.453,12.888453245373016,-8.286697191702363,-1.5553184757708396,15
2024-09-25T00:00:00Z,15,0.08916217047465183,7.404425539963647,2.4295833333333334,3.2515197136731486,0.1648052162770993,13.405517475056383,-8.49264956978744,-8.5809371680233415,3.74063501557112,2123.28,11.67739315845773,-7.93675814288661,-1.471305153593939,15
2024-09-26T00:00:00Z,15,NA,NA,NA,NA,NA,NA,NA,NA,NA,3376.132,NA,NA,NA,15
2024-09-27T00:00:00Z,15,0.14547365706408583,5.307530901891418,2.1574999999999998,3.159804262388754,0.23475791300067456,46.68536230077904,-9.293196824113853,-9.437119271717622,2.641915572291119,1819.137,12.778145633156548,-10.13623006086543,-1.2606408454057476,15
2024-09-28T00:00:00Z,15,0.081692002318173,4.751547464111518,2.2729166666666667,3.2319019163009117,0.2509536840285801,59.083835825696966,-8.613133958122152,-8.696463038164781,2.302328915442515,1607.667,11.84305919241796,-9.540730276975445,-1.2413157953955267,15
2024-09-29T00:00:00Z,15,0.12209636766582652,7.491199406483623,2.23875,3.209717556998388,0.25617320204337374,63.24497261735895,-13.820143325872836,-13.942590238684039,3.279347089992008,1362.564,19.00269707307515,-15.723349983083143,-1.2085654198068656,15
2024-09-30T00:00:00Z,15,0.17036129686210208,4.611268041774977,2.22625,3.218483566544963,0.25358399231949985,61.33321578209107,-8.531087848383688,-8.700896506587725,1.9816593101419597,1492.253,11.73024579152757,-9.748586481385612,-1.2032765790123345,15
2024-10-01T00:00:00Z,15,0.10181919824018151,6.738836265613233,2.1291666666666664,3.206894133203152,0.2658871419257992,72.13628064662205,-13.102953726837976,-13.204838020619967,2.770525047185781,1333.747,18.016561374402215,-15.246036327216434,-1.1817210052320277,15
2024-10-02T00:00:00Z,15,0.09060928508532852,7.028300479362593,2.085,3.172922166007704,0.25349592396154486,61.026873211878154,-13.06376499504072,-13.154812794513111,2.5458316576413695,1253.087,17.962676868180992,-15.416845210539623,-1.1651331139979877,15
2024-10-03T00:00:00Z,15,0.11445328530651896,7.303009699253059,2.0170833333333333,3.2082123798448245,0.23969854788194409,50.17135850410232,-13.01039180258548,-13.125330003936902,2.222727288230535,1290.589,17.889288728555034,-15.666561440324498,-1.1418771628156648,15
2024-10-06T01:00:00Z,15,0.10309293702516524,5.424244042567946,2.12125,3.241947472143964,0.22876339343587765,42.657074291456304,-9.06334836342944,-9.168622100981118,1.4742173091727833,1060.082,12.462103999715481,-10.987886690542698,-1.1341675019675663,15
2024-10-08T01:00:00Z,15,0.11821463150961962,7.325936798133361,2.6141666666666667,3.439993097510522,0.25030197817971395,58.26701195969934,-12.284893380848818,-12.404030079756758,2.5361701826556042,1241.599,16.891728398667123,-14.355558216011518,-1.1766681688369929,15
2025-01-10T10:00:00Z,15,0.08901452881131633,4.007468431301119,3.4279166666666665,6.509505535846473,0.07866555536141363,0.995513494041119,-2.1538873869289503,-2.2432231364507778,1.23017667579294,2906.705,2.9615951570273067,-1.7314184812343667,-1.7105022206508502,15
2025-01-16T16:00:00Z,15,0.14990701151351615,6.611883377613869,3.5741666666666667,5.73196323751906,0.0972597213376245,2.0965591500258336,-3.873665679561453,-4.024353822003514,9.946184932341755,10123.38,5.326290309396998,4.619894622944757,1.152902986778945,15
2025-01-24T14:00:00Z,15,0.242902863312062,9.982758607676736,7.467083333333333,5.732447021258432,0.2976798191475169,107.19370133057448,-9.167924050618389,-9.411583832020574,53.56657116040618,11726.73,12.605895569600285,40.96067559080589,0.3077560462022708,15
2025-01-27T12:00:00Z,15,0.41818291238857935,3.432905680051133,7.169583333333334,5.47415057191185,0.27402714218015845,80.15759003284457,-2.565567553351579,-2.9852651659866343,5.362872241352808,3957.748,3.527655385858421,1.8352168554943873,1.9222008425310093,15
2023-08-16T00:00:00Z,6,NA,NA,NA,NA,NA,NA,NA,NA,NA,19659.83,NA,NA,NA,6
2023-08-17T00:00:00Z,6,NA,NA,NA,NA,NA,NA,NA,NA,NA,18485.66,NA,NA,NA,6
2023-08-18T00:00:00Z,6,NA,NA,NA,NA,NA,NA,NA,NA,NA,18153.69,NA,NA,NA,6
2023-08-19T00:00:00Z,6,NA,NA,NA,NA,NA,NA,NA,NA,NA,18801.23,NA,NA,NA,6
2023-08-20T00:00:00Z,6,NA,NA,NA,NA,NA,NA,NA,NA,NA,18739.76,NA,NA,NA,6
2023-08-21T00:00:00Z,6,NA,NA,NA,NA,NA,NA,NA,NA,NA,17733.61,NA,NA,NA,6
2023-08-22T00:00:00Z,6,NA,NA,NA,NA,NA,NA,NA,NA,NA,18032.79,NA,NA,NA,6
2023-08-23T00:00:00Z,6,NA,NA,NA,NA,NA,NA,NA,NA,NA,18334.02,NA,NA,NA,6
2023-08-24T00:00:00Z,6,NA,NA,NA,NA,NA,NA,NA,NA,NA,18395.49,NA,NA,NA,6
2023-08-25T00:00:00Z,6,NA,NA,NA,NA,NA,NA,NA,NA,NA,18047.13,NA,NA,NA,6
2023-08-26T00:00:00Z,6,NA,NA,NA,NA,NA,NA,NA,NA,NA,16905.74,NA,NA,NA,6
2023-08-27T00:00:00Z,6,NA,NA,NA,NA,NA,NA,NA,NA,NA,17581.97,NA,NA,NA,6
2023-08-28T00:00:00Z,6,NA,NA,NA,NA,NA,NA,NA,NA,NA,17594.26,NA,NA,NA,6
2023-08-29T00:00:00Z,6,NA,NA,NA,NA,NA,NA,NA,NA,NA,17911.89,NA,NA,NA,6
2023-08-30T00:00:00Z,6,NA,NA,NA,NA,NA,NA,NA,NA,NA,16362.71,NA,NA,NA,6
2023-08-31T00:00:00Z,6,NA,NA,NA,NA,NA,NA,NA,NA,NA,17143.44,NA,NA,NA,6
2023-09-01T00:00:00Z,6,NA,NA,NA,NA,NA,NA,NA,NA,NA,17807.38,NA,NA,NA,6
2023-09-02T00:00:00Z,6,NA,NA,NA,NA,NA,NA,NA,NA,NA,17036.89,NA,NA,NA,6
2023-09-03T00:00:00Z,6,NA,NA,NA,NA,NA,NA,NA,NA,NA,17149.59,NA,NA,NA,6
2023-09-04T00:00:00Z,6,NA,NA,NA,NA,NA,NA,NA,NA,NA,17202.88,NA,NA,NA,6
2023-09-05T00:00:00Z,6,NA,NA,NA,NA,NA,NA,NA,NA,NA,16838.12,NA,NA,NA,6
2023-09-06T00:00:00Z,6,NA,NA,NA,NA,NA,NA,NA,NA,NA,16422.14,NA,NA,NA,6
2023-09-07T00:00:00Z,6,NA,NA,NA,NA,NA,NA,NA,NA,NA,16315.58,NA,NA,NA,6
2023-09-08T00:00:00Z,6,NA,NA,NA,NA,NA,NA,NA,NA,NA,16256.15,NA,NA,NA,6
2024-07-29T16:00:00Z,6,NA,NA,NA,NA,NA,NA,NA,NA,NA,1573.128,NA,NA,NA,6
2024-07-30T00:00:00Z,6,0.4794250687249812,3.4189834735428044,3.11375,3.2564836447235366,0.32054139259793674,71.0397665788927,-6.8386674468507165,-7.318237071123806,4.177388833460198,3014.354,9.403167739419736,-5.225778905959538,-1.7993810891418036,6
2024-07-31T00:00:00Z,6,NA,NA,NA,NA,NA,NA,NA,NA,NA,2913.875,NA,NA,NA,6
2024-08-01T00:00:00Z,6,NA,NA,NA,NA,NA,NA,NA,NA,NA,3249.76,NA,NA,NA,6
2024-08-02T00:00:00Z,6,NA,NA,NA,NA,NA,NA,NA,NA,NA,20997.126,NA,NA,NA,6
2024-08-03T00:00:00Z,6,0.44211057564728246,2.9585261273588213,2.23875,3.270112109436436,0.4865238268355328,239.786988941286,-10.091320141789467,-10.533918329114794,53.57812010091008,20738.754,13.875565194960517,39.70255490594956,0.3494879669036417,6
2024-08-04T00:00:00Z,6,0.6475771464148631,3.297311489212337,2.372916666666667,3.164071822924236,0.4741619649905968,222.79549634450845,-10.851942441945585,-11.499880371305148,57.80665769898635,23684.208,14.92142085767518,42.88523684131117,0.34793840390550057,6
2024-08-05T00:00:00Z,6,NA,NA,NA,NA,NA,NA,NA,NA,NA,18826.794,NA,NA,NA,6
2024-08-06T00:00:00Z,6,NA,NA,NA,NA,NA,NA,NA,NA,NA,13452.63,NA,NA,NA,6
2024-08-07T00:00:00Z,6,NA,NA,NA,NA,NA,NA,NA,NA,NA,15519.612,NA,NA,NA,6
2024-08-08T00:00:00Z,6,NA,NA,NA,NA,NA,NA,NA,NA,NA,16777.032,NA,NA,NA,6
2024-08-09T00:00:00Z,6,NA,NA,NA,NA,NA,NA,NA,NA,NA,17776.074,NA,NA,NA,6
2024-08-10T00:00:00Z,6,NA,NA,NA,NA,NA,NA,NA,NA,NA,21651.672,NA,NA,NA,6
2024-08-11T00:00:00Z,6,NA,NA,NA,NA,NA,NA,NA,NA,NA,24269.85,NA,NA,NA,6
2024-08-23T16:00:00Z,6,0.0722327665416861,1.1698283217998904,5.252083333333333,3.214950362937202,0.4131287863974326,148.7660172851814,-3.077400620422898,-3.3229468379599347,4.184915872325662,4822.966200000001,4.231425853081484,-0.04650998075582269,-90.97887774446654,6
2024-08-24T00:00:00Z,6,0.3768880240534204,3.034381915119571,0.8383333333333334,3.2454480184185903,0.3894284621902572,124.99059707729508,-10.340680887499497,-10.716241947391119,15.800244866027636,6459.33,14.218436220311808,1.581808645715828,8.988720765195609,6
2024-08-25T00:00:00Z,6,0.38743319692644496,3.095078931936161,0.7358333333333333,3.2004789774467515,0.36950446400892817,107.20251094611108,-10.225511516560312,-10.608593236610488,19.342864233066,10111.002,14.060078335270429,5.28278589779557,2.661489336741339,6
2024-08-26T00:00:00Z,6,0.7661574943379693,2.6116190210252337,0.9308333333333333,3.1800227013753575,0.3819720078834095,121.69299034887936,-8.76307223817778,-9.4203835763501,18.446764111641404,11265.072,12.049224327494448,6.3975397841469555,1.8834153024499065,6
2024-08-27T00:00:00Z,6,1.0237907281573184,2.8117009698902296,1.12875,3.161597500255723,0.4943971380367002,251.54557432929136,-11.956980699248067,-12.981407219730164,26.052192404654914,11575.122,16.440848461466093,9.611343943188821,1.7105670714361514,6
2024-08-28T00:00:00Z,6,0.40189487007038827,2.7765294753781795,0.9108333333333334,3.1299037421767117,0.5173125247765649,285.3989026145739,-12.542906505281843,-12.945166494031712,27.10739070816702,11402.874,17.246496444762535,9.860894263404486,1.7489789449185476,6
2024-08-29T00:00:00Z,6,0.3855555387115747,2.787676770200808,0.81125,3.1241945972174836,0.5014983832997972,260.6910762398076,-12.304033012390416,-12.681639912237618,25.950174552931763,11868.468,16.918045392036824,9.03212916089494,1.8730960430996002,6
2024-08-30T00:00:00Z,6,0.3777661142311138,2.8462836251636356,0.7641666666666667,3.099527228913876,0.4870404945355345,239.4686836632476,-12.344231205819582,-12.7186647131944,24.542774942623332,11455.578,16.973317908001924,7.569457034621408,2.2423428563460837,6
2024-08-31T00:00:00Z,6,0.3902046810805412,2.878259444942616,0.7158333333333333,3.0917900929479343,0.46651469590818,211.3125618438457,-11.991802177611108,-12.380029828613987,26.895422471774147,10421.574,16.488727994215274,10.406694477558872,1.5844347145745248,6
2024-09-01T00:00:00Z,6,0.3964652854225487,2.913143281011017,0.7295833333333334,3.0774261187135696,0.44801740512572,187.81624208422,-11.640671726387891,-12.038531795105335,26.783257728605545,12747.066,16.00592362378335,10.777334104822195,1.485146833911522,6
2024-09-02T00:00:00Z,6,0.3603806197667494,2.9300470689324887,0.65375,3.0591193946714745,0.430453638937581,167.1689585223165,-11.389245020017995,-11.7476448055451,25.739167293976738,12437.525999999998,15.660211902524743,10.078955391451995,1.5537534689166534,6
2024-09-03T00:00:00Z,6,0.428092357781396,2.9474402005617963,0.69875,3.0703212292708266,0.41228220107955355,147.4360234282352,-10.960710992265367,-11.392846541124579,24.67823431666199,13093.056,15.07097761436488,9.607256702297109,1.5687077051622227,6
2024-09-04T00:00:00Z,6,0.33167560533631285,3.0384382703796984,0.70875,3.1351872897759643,0.4026944925101971,137.84575258076654,-10.71543073757483,-11.036033497119394,26.975412462946466,12834.294,14.73371726416539,12.241695198781075,1.2035683804341453,6
2024-09-05T00:00:00Z,6,0.39132728936882494,2.9841140648325855,1.105,3.188017421826433,0.4252399921466508,161.51371580667288,-10.571684271052039,-10.937956810627677,30.125865770912476,14160.69,14.536065872696554,15.589799898215922,0.932408752363784,6
2024-09-06T00:00:00Z,6,0.4107400470899122,3.0588276570432966,1.0362500000000001,3.1144607331798704,0.40624364733577994,141.48532587626232,-10.379318479788779,-10.739144096373927,30.8591190206926,15177.246,14.271562909709571,16.58755611098303,0.8603776719260059,6
2024-09-07T00:00:00Z,6,0.38989531436029234,3.002858969599529,1.1770833333333335,3.1365921165618995,0.4313754210841754,168.26216275935718,-10.542401005793137,-10.897939013204544,31.563518374636757,15332.376,14.495801382965563,17.067716991671194,0.8493110935715251,6
2024-09-08T00:00:00Z,6,0.37308103497763967,3.0180807497582185,1.20875,3.166627269674069,0.44373728292911147,182.56286668802147,-10.84376219692918,-11.192510085846425,29.066455572770465,14608.644,14.910173020777624,14.156282551992842,1.053254833394001,6
2024-09-09T00:00:00Z,6,0.4076055000677164,3.010551528136809,1.195,3.1929134409141917,0.4458685371916201,185.10132367946147,-10.992918228624324,-11.38013951121156,23.091500239969132,10803.03,15.115262564358446,7.976237675610687,1.8950366299360772,6
2024-09-10T00:00:00Z,6,0.4055385690774431,2.9877425889328286,1.0066666666666666,3.2200997665700632,0.4396244906126177,177.7007842009372,-11.224749954764395,-11.619206037244233,20.824909051366873,9855.732,15.434031187801043,5.39087786356583,2.862990328924296,6
2024-09-11T00:00:00Z,6,1.402759791582433,2.873796775644584,1.175,3.233958253124429,0.4588586199899674,204.48782355919184,-10.76935344287972,-12.186577601052157,20.62197890445361,9098.544,14.807860983959614,5.814117920493995,2.5468800575516135,6
2024-09-13T14:00:00Z,6,0.5234785290142111,2.4795042595327472,1.0720833333333333,3.328791463338828,0.6451116804331511,542.8599966893465,-14.05952263942334,-14.582350701306579,18.641976258714585,4497.969,19.331843629207093,-0.6898673704925073,-28.02255108167499,6
2024-09-14T00:00:00Z,6,0.5158096340637071,2.4584196354262065,0.7875,3.296369426343777,0.6824817945090428,638.9605817464336,-15.085244028768088,-15.596529840811552,28.686424658789313,10220.658,20.74221053955612,7.9442141192331945,2.610983317951938,6
2024-09-15T00:00:00Z,6,0.3750267575289371,2.404717220992998,0.6841666666666667,3.255562927185377,0.6817713764215396,637.0957122660875,-14.774895141934305,-15.139551077946471,30.68898223198369,12134.37,20.31548082015967,10.37350141182402,1.9584015091571196,6
2024-09-16T00:00:00Z,6,0.4083819893695259,2.447887208099257,0.5858333333333333,3.279245518479769,0.6559790899884824,569.6934835724658,-14.787571854095125,-15.194770935776708,30.677790842063665,9859.086,20.332911299380797,10.344879542682868,1.965504887271757,6
2024-09-17T00:00:00Z,6,0.38598244870945186,2.5156108816753315,0.46791666666666665,3.359599450983163,0.623866431066196,492.43706296136617,-14.634397073343884,-15.022497926136614,35.106709092057116,13634.094,20.12229597584784,14.984413116209275,1.3428818212493554,6
2024-09-18T00:00:00Z,6,0.4653018761501519,2.541378488072384,0.4816666666666667,3.297581588637859,0.5886156029887821,415.5922554008228,-13.757132094510828,-14.197874857623495,28.800675623212832,11686.458,18.91605662995239,9.884618993260442,1.9136859643097814,6
2024-09-19T00:00:00Z,6,0.2985428861016492,2.622384867392636,0.76875,3.32004648136975,0.5830819744972826,404.1694178579883,-13.56805433773042,-13.888804135696102,27.066829901855932,11600.274,18.656074714379326,8.410755187476607,2.2181212386442697,6
2024-09-20T00:00:00Z,6,0.3433718485856175,2.615573234809708,0.5054166666666666,3.2581790187731006,0.5572515251091111,354.55768381091656,-13.568289062469614,-13.905034463575587,26.571125062297185,10944.906,18.656397460895718,7.9147276014014665,2.357174927611181,6
2024-09-21T00:00:00Z,6,0.35240089207779096,2.6887943757618964,0.5804166666666667,3.2863426790303394,0.527598908985697,302.3467183202746,-12.785839239895177,-13.131479986948156,26.561442432250818,11565.798,17.58052895485587,8.98091347739495,1.957543517049378,6
2024-09-22T00:00:00Z,6,0.2294623607543705,2.395475845536282,0.7025,3.3610586782576513,0.49886513939694543,256.91879923720677,-9.94267728520773,-10.159349065004605,21.95307153618335,11583.018,13.671181267160627,8.281890269022725,1.6507319975363361,6
2024-09-23T00:00:00Z,6,1.1947080498969818,2.913866606236145,5.975833333333333,3.4321154654774944,0.4737803354394589,221.04702999049175,6.043688972430218,4.2716402886551785,22.481081976145283,9962.79,-8.31007233709155,30.79115431323683,-0.26988505375776467,6
2024-09-24T00:00:00Z,6,0.4025283547553196,3.6690158658519345,8.534583333333334,3.3655712357024368,0.45487499459847464,196.3170117376968,8.247333383327753,7.792060207249218,27.934403888916695,9928.284,-11.34008340207566,39.274487290992354,-0.2887391837366269,6
2024-09-25T00:00:00Z,6,0.3763318016022851,3.638677706052448,8.499166666666667,3.3067258132837165,0.4404934317444395,178.6801984387791,8.584830986317305,8.171018457835103,29.154037376405622,11186.556,-11.804142606186295,40.958179982591915,-0.2881998812252718,6
2024-09-26T00:00:00Z,6,2.8822036170821743,1.221171365044293,7.484166666666667,3.2608424237614773,0.44595073432571114,185.4092618490458,2.7397001581936875,-0.6451935607815225,9.802090617523039,10635.018,-3.76708771751632,13.569178335039359,-0.2776209159097468,6
2024-09-27T00:00:00Z,6,0.4012744136054171,2.8203543684283954,1.4045833333333333,3.2051278766863343,0.5000540622293368,258.8900289413187,-11.9714416869041,-12.18814721581349,28.216917188736552,10669.2,16.46073231949314,11.756184869243413,1.4001763754632497,6
2024-09-28T00:00:00Z,6,0.360012647163445,2.8204584280501592,0.6520833333333333,3.266672744892483,0.4956770648389782,251.87985804072216,-12.884246860240124,-13.290155241607382,35.47645027148583,15288.852,17.71583943283017,17.760610838655662,0.9974791742112805,6
2024-09-29T00:00:00Z,6,NA,NA,NA,NA,NA,NA,NA,NA,NA,15668.124,NA,NA,NA,6
2024-09-30T00:00:00Z,6,4.353742331387337,1.4918907141567574,6.583333333333333,3.2850830841770877,0.485839829255416,237.8724990358824,-0.7991558657500617,-6.000430199005794,18.459929950265803,17322.846,1.0988393154063347,17.36109063485947,0.06329321921745899,6
2024-10-01T00:00:00Z,6,0.21556399005915255,2.4203685217018345,0.4870833333333333,3.2612243585543594,0.4969834121486424,254.0916844531116,-10.861072425897007,-10.969479868367003,24.36804166556885,12186.288,14.933974585608384,9.434067079960466,1.582983718372179,6
2024-10-02T00:00:00Z,6,1.3247916169303982,1.509584158950704,4.86875,3.2223051036023196,0.4751718154951462,222.93600000977077,5.631508828934587,4.3708697117633335,15.154564523938047,11910.534,-7.743324639785057,22.897889163723104,-0.338167618177344,6
2024-10-03T00:00:00Z,6,0.392728144695266,3.741236988838456,8.4375,3.2726069713451604,0.45364497319903735,194.68021879034984,8.605201687626439,8.154735314095833,33.174227546511084,13186.044,-11.832152320486353,45.006379866997435,-0.2628994457108671,6
2024-10-04T00:00:00Z,6,0.05426532649013754,1.2375037324208875,5.065416666666667,3.300131641615853,0.42756115791951943,164.58582373578838,-0.7435800191301629,-0.9320101771095741,9.835441795330981,10996.992,1.022422526303974,8.813019269027007,0.11601274150134173,6
2024-10-05T00:00:00Z,6,0.4011610812649616,2.9703009032713403,0.7808333333333334,3.2723242906490637,0.42388080382221394,159.7566868915821,-11.337700222325815,-11.764170252160463,25.80187785119871,12772.362,15.589337805697994,10.212540045500717,1.526489760259604,6
2024-10-06T00:00:00Z,6,0.15758563735063605,2.1854611765825682,1.16125,3.29059339604469,0.4974531100577354,259.97263043633666,-8.799816162618969,-9.018781248910754,19.50961436273479,11168.898,12.099747223601081,7.409867139133709,1.632923640384687,6
2024-10-07T00:00:00Z,6,0.42560371820097176,2.767281603433094,0.9658333333333333,3.3954803650173053,0.5388951436993786,321.26159318030693,-12.868099350468553,-13.285024716713538,26.659295088162164,11617.512,17.69363660689426,8.965658481267905,1.9734899164251973,6
2024-10-08T00:00:00Z,6,0.38980347178913566,2.7946170850659366,0.7820833333333334,3.448809037716142,0.5286850854004738,304.0113223691693,-13.129380853780676,-13.522544735319038,31.38129455390585,12393.162,18.05289867394843,13.32839587995742,1.354468972601233,6
2024-10-09T00:00:00Z,6,1.1388976031927818,2.6889393964017483,1.16875,3.4229064575004413,0.561179373873899,367.5651718723736,-11.902622664958294,-13.132407517942225,33.2833820342924,14168.538,16.366106164317653,16.91727586997475,0.9674197128489624,6
2024-10-10T00:00:00Z,6,0.5005208504570876,2.422649854776211,1.0295833333333333,3.532438079394356,0.6986628874772894,685.623581119566,-15.731735294432083,-16.18709660452057,37.21131779180453,11548.566,21.631136029844114,15.580181761960418,1.3883750754857893,6
2024-10-11T00:00:00Z,6,0.4035930092043522,2.3459039099476,0.45541666666666664,3.662833308756449,0.7231429553768189,756.0860638873676,-15.91028538231424,-16.309043791755084,44.142177426976374,15254.448,21.87664240068208,22.265535026294295,0.9825338746563711,6
2024-10-12T00:00:00Z,6,0.4154853426598518,2.373868666215497,0.36416666666666664,3.795913200689746,0.7058169737551588,704.975717843576,-15.835816317724547,-16.25681928741388,39.57834583632774,15599.178,21.774247436871253,17.80409839945649,1.2229907377694544,6
2024-10-13T00:00:00Z,6,0.3657059690852804,2.3837343160282805,0.26625,3.7956828332683186,0.6712442720339975,609.2943438795324,-15.0532044806611,-15.421298147014529,34.85030712193061,13754.856,20.69815616090901,14.1521509610216,1.4625448963847736,6
2024-10-14T00:00:00Z,6,0.3795721674053487,2.450601733137822,0.40166666666666667,3.816851321621478,0.6335744997247562,515.0452737338616,-14.290548527493483,-14.671678717563145,31.794925427898537,12617.238,19.649504225303538,12.145421202595,1.617852843267816,6
2024-10-15T00:00:00Z,6,0.388770790539723,2.5656881516926044,0.605,3.757859143083593,0.5958166590575606,430.8143881752048,-13.532138592123912,-13.934307342900699,30.2432039054847,12255.264,18.60669056417038,11.636513341314323,1.5989918988971645,6
2024-10-16T00:00:00Z,6,0.37395386441536954,2.5730700771950494,0.8316666666666667,3.83648070660007,0.560260527339237,360.00818263274164,-12.1675695091594,-12.54618426134467,25.195432767620602,11703.696,16.730408075094175,8.465024692526427,1.976415743933395,6
2024-10-17T00:00:00Z,6,0.3410962763280519,2.7360327069941204,1.1066666666666667,4.261096657084776,0.5283797817595637,303.60241791425386,-11.712131495403698,-12.05570941602118,20.79508862501701,10019.07,16.104180806180086,4.690907818836923,3.43306273073876,6
2024-10-18T00:00:00Z,6,0.35481834895739905,2.864333411228179,1.2783333333333333,4.450962778130499,0.49836021414467113,256.0766266400876,-11.302013628642941,-11.664288594710277,20.256499142874297,7949.676,15.540268739384043,4.716230403490254,3.2950613964668567,6
2024-10-19T00:00:00Z,6,0.35766887645522144,2.9508340959128203,1.3487500000000001,4.322941369487225,0.4725855413832042,219.35783942111783,-10.951327027605847,-11.314543598524057,22.988007245200993,10979.76,15.05807466295804,7.929932582242953,1.898890628235192,6
2024-10-20T00:00:00Z,6,0.36832054281726273,2.960394493666961,1.36875,4.252526042747703,0.45015159500016017,190.4020089527063,-10.472582600327653,-10.847577147809357,22.35437062053825,10686.732,14.399801075450524,7.954569545087727,1.810255224224294,6
2024-10-21T00:00:00Z,6,0.36528903945013064,3.059270288411435,1.3758333333333332,4.157320092495553,0.4311258940699704,167.90916654489365,-10.407936455956738,-10.782191653553719,19.354168962307888,9049.248,14.310912626940516,5.0432563353673725,2.837633400979617,6
2024-10-22T00:00:00Z,6,0.3487732572230629,3.0815218492886953,1.2525,4.116667473611719,0.41521487739945234,150.467997615273,-10.30894989018822,-10.66169177919005,22.2765645075909,8428.728,14.174806099008803,8.101758408582098,1.7495962461672019,6
2024-10-23T00:00:00Z,6,0.3847029221824356,3.0209148463462037,1.30625,3.9876132787094307,0.4014615354988289,136.42482000446535,-9.612330499898254,-10.000671528669294,23.08650496155039,10876.332,13.2169544373601,9.86955052419029,1.3391647780681923,6
2024-10-24T00:00:00Z,6,0.3619058635642563,3.1257450841754086,1.3904166666666666,3.992835767377531,0.38674237727263383,122.4042619804751,-9.521053032520284,-9.888180251719813,23.739327289940114,12048.426,13.09144791971539,10.647879370224723,1.2294887521287814,6
2024-10-25T00:00:00Z,6,0.3179795583556316,3.026883482918765,1.35625,4.043074306963633,0.3700213575252328,107.69843741173813,-8.663639632625284,-8.968965038312522,20.972090741817258,11634.75,11.912504494859764,9.059586246957494,1.3149060200028864,6
2024-10-26T00:00:00Z,6,0.3368423354187994,3.1972782890833584,1.71125,4.038176991970846,0.3512684426884008,92.50675245518896,-8.210610836005253,-8.54503789923129,22.007714068187617,12186.318,11.289589899507224,10.718124168680394,1.0533177001715206,6
2024-10-27T00:00:00Z,6,0.35860891905465153,3.2479051730966457,1.835,4.028421772407642,0.3367606485212974,81.84822895407386,-7.79195798577284,-8.15582727396007,21.065951317845855,12151.848,10.713942230437656,10.352009087408199,1.0349625990446336,6
2024-10-28T00:00:00Z,6,0.3876184386826363,3.388061958168962,1.87125,4.014713632290687,0.3249917802865913,73.74951356602729,-7.892102955725886,-8.282687163549292,21.120247920611316,12255.264,10.851641564123094,10.268606356488222,1.0567784164076444,6
2024-10-29T00:00:00Z,6,0.4183738563417917,3.321453026456319,1.9212500000000001,4.028212099063824,0.3233830649479482,72.7269912260309,-7.676939198510608,-8.091319895051237,19.476785742931476,11479.62,10.555791397952087,8.92099434497939,1.1832527843594856,6
2024-10-30T00:00:00Z,6,0.3591465303751193,3.3534559307015215,1.895,3.998610374337074,0.32541744401670636,74.06324140726801,-7.845924057187879,-8.208841704371432,18.09460220846755,10273.05,10.788145578633333,7.306456629834216,1.476522222082651,6
2024-10-31T00:00:00Z,6,0.35556109314863404,3.3449162569592104,1.83,3.9704465930160264,0.3135399581405224,66.46644355337507,-7.611418398156704,-7.968508635598947,18.659063688727542,11272.776,10.465700297465467,8.193363391262075,1.2773387188741998,6
2024-11-01T00:00:00Z,6,NA,NA,NA,NA,NA,NA,NA,NA,NA,11514.09,NA,NA,NA,6
2024-11-22T16:00:00Z,6,NA,NA,NA,NA,NA,NA,NA,NA,NA,2223.882,NA,NA,NA,6
2024-11-23T00:00:00Z,6,NA,NA,NA,NA,NA,NA,NA,NA,NA,3622.3776,NA,NA,NA,6
2024-11-24T00:00:00Z,6,NA,NA,NA,NA,NA,NA,NA,NA,NA,5243.5314,NA,NA,NA,6
2024-11-25T00:00:00Z,6,NA,NA,NA,NA,NA,NA,NA,NA,NA,5795.4821999999995,NA,NA,NA,6
2024-11-26T00:00:00Z,6,NA,NA,NA,NA,NA,NA,NA,NA,NA,6552.719999999999,NA,NA,NA,6
2024-11-27T00:00:00Z,6,NA,NA,NA,NA,NA,NA,NA,NA,NA,6983.214,NA,NA,NA,6
2024-11-28T00:00:00Z,6,NA,NA,NA,NA,NA,NA,NA,NA,NA,6534.468,NA,NA,NA,6
2024-11-29T00:00:00Z,6,NA,NA,NA,NA,NA,NA,NA,NA,NA,7793.286,NA,NA,NA,6
2024-12-13T18:00:00Z,6,NA,NA,NA,NA,NA,NA,NA,NA,NA,6449.802000000001,NA,NA,NA,6
2024-12-14T00:00:00Z,6,NA,NA,NA,NA,NA,NA,NA,NA,NA,7261.602000000001,NA,NA,NA,6
2024-12-15T00:00:00Z,6,NA,NA,NA,NA,NA,NA,NA,NA,NA,9312.642,NA,NA,NA,6
2024-12-16T00:00:00Z,6,NA,NA,NA,NA,NA,NA,NA,NA,NA,10504.302,NA,NA,NA,6
2024-12-17T00:00:00Z,6,NA,NA,NA,NA,NA,NA,NA,NA,NA,11707.818,NA,NA,NA,6
2024-12-18T00:00:00Z,6,NA,NA,NA,NA,NA,NA,NA,NA,NA,13106.262,NA,NA,NA,6
2024-12-19T00:00:00Z,6,NA,NA,NA,NA,NA,NA,NA,NA,NA,14072.106,NA,NA,NA,6
2024-12-20T00:00:00Z,6,NA,NA,NA,NA,NA,NA,NA,NA,NA,14868.174,NA,NA,NA,6
2024-12-21T00:00:00Z,6,NA,NA,NA,NA,NA,NA,NA,NA,NA,15147.042,NA,NA,NA,6
2024-12-22T00:00:00Z,6,NA,NA,NA,NA,NA,NA,NA,NA,NA,15603.132,NA,NA,NA,6
2024-12-23T00:00:00Z,6,NA,NA,NA,NA,NA,NA,NA,NA,NA,14561.208,NA,NA,NA,6
2024-12-24T00:00:00Z,6,NA,NA,NA,NA,NA,NA,NA,NA,NA,14764.686,NA,NA,NA,6
2024-12-25T00:00:00Z,6,NA,NA,NA,NA,NA,NA,NA,NA,NA,15109.65,NA,NA,NA,6
2024-12-26T00:00:00Z,6,NA,NA,NA,NA,NA,NA,NA,NA,NA,14316.221999999998,NA,NA,NA,6
2024-12-27T00:00:00Z,6,NA,NA,NA,NA,NA,NA,NA,NA,NA,15368.376,NA,NA,NA,6
2024-12-28T04:00:00Z,6,NA,NA,NA,NA,NA,NA,NA,NA,NA,4983.755999999999,NA,NA,NA,6
2024-12-29T18:00:00Z,6,NA,NA,NA,NA,NA,NA,NA,NA,NA,13141.074,NA,NA,NA,6
2024-12-30T00:00:00Z,6,NA,NA,NA,NA,NA,NA,NA,NA,NA,14813.916,NA,NA,NA,6
2025-01-03T16:00:00Z,6,NA,NA,NA,NA,NA,NA,NA,NA,NA,12349.883999999998,NA,NA,NA,6
2025-01-04T00:00:00Z,6,NA,NA,NA,NA,NA,NA,NA,NA,NA,15201.917999999998,NA,NA,NA,6
2025-01-05T00:00:00Z,6,NA,NA,NA,NA,NA,NA,NA,NA,NA,16846.025999999998,NA,NA,NA,6
2025-01-06T00:00:00Z,6,NA,NA,NA,NA,NA,NA,NA,NA,NA,16851.744,NA,NA,NA,6
2025-01-07T00:00:00Z,6,NA,NA,NA,NA,NA,NA,NA,NA,NA,17840.316,NA,NA,NA,6
2025-01-08T00:00:00Z,6,NA,NA,NA,NA,NA,NA,NA,NA,NA,18572.057999999997,NA,NA,NA,6
2025-01-09T00:00:00Z,6,NA,NA,NA,NA,NA,NA,NA,NA,NA,18295.89,NA,NA,NA,6
2025-01-10T00:00:00Z,6,NA,NA,NA,NA,NA,NA,NA,NA,NA,18520.272,NA,NA,NA,6
2025-01-11T00:00:00Z,6,NA,NA,NA,NA,NA,NA,NA,NA,NA,16506.773999999998,NA,NA,NA,6
2025-01-12T00:00:00Z,6,NA,NA,NA,NA,NA,NA,NA,NA,NA,18399.449999999997,NA,NA,NA,6
2025-01-13T00:00:00Z,6,NA,NA,NA,NA,NA,NA,NA,NA,NA,17254.392,NA,NA,NA,6
2025-01-14T00:00:00Z,6,NA,NA,NA,NA,NA,NA,NA,NA,NA,17547.69,NA,NA,NA,6
2025-01-15T00:00:00Z,6,NA,NA,NA,NA,NA,NA,NA,NA,NA,18379.038,NA,NA,NA,6
2025-01-16T00:00:00Z,6,NA,NA,NA,NA,NA,NA,NA,NA,NA,17967.468,NA,NA,NA,6
2025-01-27T18:00:00Z,6,0.40492787876267544,3.2586786483045587,4.014583333333333,5.587064169168212,0.3912959630115067,126.74199103937408,-7.176263517887587,-7.58493705314322,12.481619290455022,5726.2146,9.867362337095432,2.6142569533595896,3.7744424182997216,6
2025-01-28T00:00:00Z,6,0.4587014893730407,3.2871870663451044,3.7816666666666667,5.385075058998281,0.377398324493619,113.91677289570148,-7.131382628792078,-7.592986221389907,16.541083940907797,7261.602000000001,9.805651114589107,6.735432826318689,1.4558308823560004,6
2025-01-29T00:00:00Z,6,0.4457921013065748,3.2598268527213055,3.7691666666666666,5.331364309611502,0.3721905489265526,109.4174108901396,-6.9135761271983505,-7.365425990665763,20.67488964437892,10866.528,9.506167174897731,11.168722469481187,0.8511418562752876,6
2025-01-30T00:00:00Z,6,1.9338331469466084,3.1995081150579336,4.079583333333334,5.269831875393075,0.366198964973688,104.36653554510048,-6.282765002476735,-8.284482553892808,20.620889795798043,11280.492,8.638801878405511,11.982087917392532,0.7209763388454117,6
2025-01-31T00:00:00Z,6,0.46534169415370225,3.301381480092509,3.555,5.169748825410051,0.35991088421570777,99.23673020294817,-6.951777017118566,-7.42678962671879,20.933628695470304,11590.962,9.55869339853803,11.374935296932275,0.840329474323773,6
2025-02-01T00:00:00Z,6,0.44918357387252417,3.393419292715101,3.3670833333333334,4.9252186148309045,0.3526070817293151,93.49447701834978,-7.054946952509653,-7.5210769944895635,20.926552065285517,11056.254,9.700552059700772,11.226000005584744,0.8641147385422157,6
2025-02-02T00:00:00Z,6,0.4639599927106136,3.414597823109609,3.3975,5.04925365908316,0.3439059279633712,86.93680635265808,-6.819536762369582,-7.296541348350198,20.02063143603718,11573.718,9.376863048258175,10.643768387779007,0.8809721056148242,6
2025-02-03T00:00:00Z,6,0.5653710549959434,3.3846521202341564,3.3054166666666664,4.973673544460601,0.3362821437764088,81.45816737871839,-6.797784273548974,-7.379980633229236,19.556609910792236,11108.01,9.34695337612984,10.209656534662397,0.9155012555413957,6
2025-02-04T00:00:00Z,6,0.5960023742716696,3.3426855492497114,3.1237500000000002,4.881993217263003,0.3295537212286546,76.78324057975912,-6.406477970506842,-7.028531549964478,19.643385007233533,11452.974,8.808907209446907,10.834477797786626,0.8130440039525004,6
2025-02-05T00:00:00Z,6,0.4824811508068253,3.331036352368492,3.3266666666666667,4.858178843810401,0.3230219846803333,72.45031932131326,-6.06550045010408,-6.568288913476648,20.18184485640592,12142.914,8.340063118893111,11.84178173751281,0.7042912379032598,6
2025-02-06T00:00:00Z,6,0.4134707191307934,3.4500397149100483,3.21125,4.778268839794928,0.31538352243371176,67.57925027989299,-6.249260277728074,-6.689351324443638,20.46574343888171,12039.426,8.5927328818761,11.873010557005609,0.7237198047302336,6
2025-02-07T00:00:00Z,6,0.5200077528492898,3.462958618821431,3.2891666666666666,4.726084962791807,0.310736448745625,64.70821774621038,-5.912246479769166,-6.469797012151482,20.935498404340645,12073.92,8.129338909682604,12.806159494658042,0.6347991302992653,6
2025-02-08T00:00:00Z,6,0.5007908208729226,3.4848806355332385,3.2983333333333333,4.695347913234441,0.3051176875081023,61.37378280766274,-5.773241955559914,-6.322251197315326,21.54315822928133,13264.062000000002,7.938207688894883,13.604950540386449,0.5834793493243672,6
2025-02-09T00:00:00Z,6,NA,NA,NA,NA,NA,NA,NA,NA,NA,13126.079999999998,NA,NA,NA,6
2025-02-10T00:00:00Z,6,NA,NA,NA,NA,NA,NA,NA,NA,NA,12453.39,NA,NA,NA,6
2025-02-11T00:00:00Z,6,NA,NA,NA,NA,NA,NA,NA,NA,NA,13419.18,NA,NA,NA,6
2025-02-12T00:00:00Z,6,NA,NA,NA,NA,NA,NA,NA,NA,NA,12694.866000000002,NA,NA,NA,6
2025-02-13T00:00:00Z,6,NA,NA,NA,NA,NA,NA,NA,NA,NA,13694.988,NA,NA,NA,6
2025-02-14T00:00:00Z,6,0.6191211638214352,3.4286916954107625,3.1475,4.4627202882495745,0.3285379995002416,76.13222582030554,-6.2261376089671785,-6.88731479282454,25.777263214675155,15178.644,8.56093921232987,17.216324002345285,0.49725709223198056,6
2025-02-15T00:00:00Z,6,0.5061751136919811,3.5549608117650817,3.1391666666666667,4.539574470223678,0.3172447003984922,68.75848911141932,-6.246358171768088,-6.794265786444872,25.226924022732053,14592.198,8.58874248618112,16.63818153655093,0.5162068022465846,6
2025-02-16T00:00:00Z,6,0.5216377157333522,3.407279220412768,3.09875,4.391870643050993,0.3187624117672481,69.85237583335285,-6.0078756505251905,-6.561995990548129,20.36576143984842,13712.525999999998,8.260829019472137,12.104932420376283,0.682434955652181,6
2025-02-17T00:00:00Z,6,0.5866740802288439,3.415075384864622,3.3408333333333333,4.592786341802035,0.32345645524624456,72.74156270781421,-5.636385313926769,-6.2795772408433574,11.828149434159684,9072.69,7.750029806649307,4.078119627510377,1.9003929542352755,6
2025-02-18T00:00:00Z,6,0.6164145608908527,3.6356980423770873,3.4695833333333335,4.8651624274428755,0.31220719032347155,65.61419421055682,-5.669774465138778,-6.355837430278951,10.81461491022359,9526.974,7.795939889565819,3.0186750206577706,2.5825701131177348,6
2025-02-19T00:00:00Z,6,0.28182739899368475,2.7662318048901477,3.6358333333333333,4.780609215532197,0.34927222657475654,92.71749738954564,-4.770040510105266,-5.13775152993631,9.32079400969675,6019.71,6.558805701394741,2.7619883083020085,2.3746681626711545,6
2025-02-20T00:00:00Z,6,0.6352689017570387,3.3297218960056756,3.609583333333333,4.811709127307587,0.35482346873784654,95.29751467860277,-5.677533743633052,-6.3535708164199,18.625859012461763,8848.457999999999,7.8066088974954475,10.819250114966316,0.7215480568931973,6
2025-02-21T00:00:00Z,6,0.6186714960727523,3.4572496200483314,3.9304166666666664,5.135825376778821,0.3362381095974314,81.42271368972209,-5.065198456871406,-5.735170734675879,16.284582061940714,10183.56,6.964647878198184,9.31993418374253,0.7472850924577502,6
2025-02-22T12:00:00Z,6,0.6132054932469956,3.4263552300983227,4.0275,5.315614902654772,0.3264272945212562,74.68816527317843,-4.773717003526764,-5.443878461473005,14.610044617457497,7830.804,6.563860879849301,8.046183737608196,0.8157731781800537,6
2025-02-23T14:00:00Z,6,0.5915430522616884,3.508299758874042,3.91375,5.110385281126607,0.31917046182577297,69.96445895623475,-4.69522685209,-5.3619225343446715,11.662034283326614,6825.719999999999,6.45593692162375,5.206097361702864,1.2400722600992764,6
2025-02-27T16:00:00Z,6,NA,NA,NA,NA,NA,NA,NA,NA,NA,5776.287,NA,NA,NA,6
2025-02-28T00:00:00Z,6,NA,NA,NA,NA,NA,NA,NA,NA,NA,10159.344,NA,NA,NA,6
2025-03-01T00:00:00Z,6,NA,NA,NA,NA,NA,NA,NA,NA,NA,12436.14,NA,NA,NA,6
2025-03-02T00:00:00Z,6,NA,NA,NA,NA,NA,NA,NA,NA,NA,11401.23,NA,NA,NA,6
2025-03-03T00:00:00Z,6,NA,NA,NA,NA,NA,NA,NA,NA,NA,11370.582,NA,NA,NA,6
2025-03-04T00:00:00Z,6,NA,NA,NA,NA,NA,NA,NA,NA,NA,6330.186,NA,NA,NA,6
2025-03-05T00:00:00Z,6,NA,NA,NA,NA,NA,NA,NA,NA,NA,5329.7442,NA,NA,NA,6
2025-03-06T00:00:00Z,6,NA,NA,NA,NA,NA,NA,NA,NA,NA,2639.0141999999996,NA,NA,NA,6
2025-03-07T00:00:00Z,6,NA,NA,NA,NA,NA,NA,NA,NA,NA,8385.545999999998,NA,NA,NA,6
2025-03-08T00:00:00Z,6,NA,NA,NA,NA,NA,NA,NA,NA,NA,8606.982,NA,NA,NA,6
2025-03-09T00:00:00Z,6,NA,NA,NA,NA,NA,NA,NA,NA,NA,6502.668,NA,NA,NA,6
2025-03-10T00:00:00Z,6,0.4463068616101771,3.135012393471119,3.80875,4.58830498133433,0.41970342804322,157.074539591865,-7.509402786886776,-7.947903222783987,15.649877619930148,8969.196,10.325428831969317,5.324448787960831,1.9392484073311507,6
2025-03-11T00:00:00Z,6,0.8905294615190517,3.391361870726871,3.515416666666667,4.6435995594901405,0.4176514353028705,153.05210636512354,-7.399654359282277,-8.346844345238459,18.80535743991263,9297.126,10.17452474401313,8.6308326958995,1.1788578347541179,6
2025-03-12T00:00:00Z,6,0.8722897069061526,3.3663710192941965,3.5529166666666665,4.702962678733122,0.398957458520978,134.04466180245765,-6.87699191840509,-7.80682330642091,24.91235274265991,13609.032,9.455863887806998,15.45648885485291,0.6117730861519768,6
2025-03-13T00:00:00Z,6,0.8541442566648983,3.406166087203126,3.470416666666667,4.660805739021951,0.3804924594697678,116.72304880286752,-6.676045703258389,-7.59096132659705,26.335466858316966,13022.586,9.179562841980285,17.15590401633668,0.5350672767368634,6
2025-03-14T00:00:00Z,6,0.8741621706102383,3.387552166635176,3.41375,4.573866393052159,0.3702941436185905,107.81835167833918,-6.530119532949942,-7.491730083719295,26.414122406993844,14005.752,8.97891435780617,17.435208049187672,0.5149875087509787,6
2025-03-15T00:00:00Z,6,0.8090862828507163,3.351226561818452,3.2495833333333333,4.482593534436674,0.36023086591627757,99.51869757093162,-6.480533058236068,-7.3696065893689156,24.94317117123399,13540.038,8.910732955074593,16.032438216159395,0.5557939993240266,6
2025-03-16T00:00:00Z,6,0.6228166773586141,3.255181728665491,3.006666666666667,4.309335585974107,0.3626938443270826,101.6683129577645,-6.725081097803805,-7.379771863092243,26.95789837608232,13988.436,9.246986509480232,17.71091186660209,0.5221067429575722,6
2025-03-26T16:00:00Z,6,NA,NA,NA,NA,NA,NA,NA,NA,NA,3396.2328,NA,NA,NA,6
2025-03-27T00:00:00Z,6,NA,NA,NA,NA,NA,NA,NA,NA,NA,8762.22,NA,NA,NA,6
2025-03-28T00:00:00Z,6,NA,NA,NA,NA,NA,NA,NA,NA,NA,10400.82,NA,NA,NA,6
2025-03-29T00:00:00Z,6,NA,NA,NA,NA,NA,NA,NA,NA,NA,11125.128,NA,NA,NA,6
2025-03-30T00:00:00Z,6,NA,NA,NA,NA,NA,NA,NA,NA,NA,11262.834,NA,NA,NA,6
2025-03-31T00:00:00Z,6,0.6196908783555608,3.453471030094554,3.20375,4.353289221906726,0.32163637584850985,71.62795023819291,-6.09964657286092,-6.764727522009418,20.22553747909355,11953.098,8.387014037683766,11.838523441409784,0.7084510225613916,6
2025-04-01T00:00:00Z,6,0.6220960033916901,3.497294030099468,3.1533333333333333,4.260846670212733,0.3057106811183322,61.747343970830855,-5.837386077304713,-6.513492164205268,19.027206262497476,11918.682,8.02640585629398,11.000800406203496,0.7296201694349245,6
2025-04-02T00:00:00Z,6,NA,NA,NA,NA,NA,NA,NA,NA,NA,13005.336,NA,NA,NA,6
2025-04-03T00:00:00Z,6,NA,NA,NA,NA,NA,NA,NA,NA,NA,8725.86,NA,NA,NA,6
2025-04-16T16:00:00Z,6,NA,NA,NA,NA,NA,NA,NA,NA,NA,3724.0872,NA,NA,NA,6
2025-05-09T16:00:00Z,6,NA,NA,NA,NA,NA,NA,NA,NA,NA,5518.338,NA,NA,NA,6
2025-05-10T00:00:00Z,6,NA,NA,NA,NA,NA,NA,NA,NA,NA,7796.304,NA,NA,NA,6
2025-05-11T00:00:00Z,6,NA,NA,NA,NA,NA,NA,NA,NA,NA,13005.336,NA,NA,NA,6
2025-05-12T00:00:00Z,6,NA,NA,NA,NA,NA,NA,NA,NA,NA,10124.454000000002,NA,NA,NA,6
2025-05-13T00:00:00Z,6,NA,NA,NA,NA,NA,NA,NA,NA,NA,16075.542,NA,NA,NA,6
2025-05-14T00:00:00Z,6,NA,NA,NA,NA,NA,NA,NA,NA,NA,16265.286,NA,NA,NA,6
2025-05-15T00:00:00Z,6,NA,NA,NA,NA,NA,NA,NA,NA,NA,13591.775999999998,NA,NA,NA,6
2023-08-02T17:00:00Z,6,NA,NA,NA,NA,NA,NA,NA,NA,NA,23487.6,NA,NA,NA,6
2023-08-03T00:00:00Z,6,NA,NA,NA,NA,NA,NA,NA,NA,NA,23157.78,NA,NA,NA,6
2023-08-04T00:00:00Z,6,NA,NA,NA,NA,NA,NA,NA,NA,NA,24026.63,NA,NA,NA,6
2023-08-05T00:00:00Z,6,NA,NA,NA,NA,NA,NA,NA,NA,NA,23829.91,NA,NA,NA,6
2023-08-06T00:00:00Z,6,NA,NA,NA,NA,NA,NA,NA,NA,NA,22909.83,NA,NA,NA,6
2023-08-07T00:00:00Z,6,NA,NA,NA,NA,NA,NA,NA,NA,NA,23094.26,NA,NA,NA,6
2023-08-08T00:00:00Z,6,NA,NA,NA,NA,NA,NA,NA,NA,NA,23032.78,NA,NA,NA,6
2023-08-09T00:00:00Z,6,NA,NA,NA,NA,NA,NA,NA,NA,NA,22926.22,NA,NA,NA,6
2023-08-10T00:00:00Z,6,NA,NA,NA,NA,NA,NA,NA,NA,NA,22764.34,NA,NA,NA,6
2023-08-11T00:00:00Z,6,NA,NA,NA,NA,NA,NA,NA,NA,NA,22803.27,NA,NA,NA,6
2023-08-12T00:00:00Z,6,NA,NA,NA,NA,NA,NA,NA,NA,NA,22668.03,NA,NA,NA,6
2023-08-13T00:00:00Z,6,NA,NA,NA,NA,NA,NA,NA,NA,NA,22426.22,NA,NA,NA,6
2023-08-14T00:00:00Z,6,NA,NA,NA,NA,NA,NA,NA,NA,NA,22202.86,NA,NA,NA,6
2023-08-15T00:00:00Z,6,NA,NA,NA,NA,NA,NA,NA,NA,NA,20051.22,NA,NA,NA,6
2023-09-09T00:00:00Z,6,NA,NA,NA,NA,NA,NA,NA,NA,NA,15760.25,NA,NA,NA,6
2023-09-10T00:00:00Z,6,NA,NA,NA,NA,NA,NA,NA,NA,NA,15805.33,NA,NA,NA,6
2023-09-11T00:00:00Z,6,NA,NA,NA,NA,NA,NA,NA,NA,NA,15805.33,NA,NA,NA,6
2023-09-12T00:00:00Z,6,NA,NA,NA,NA,NA,NA,NA,NA,NA,14547.97,NA,NA,NA,6
2023-09-13T00:00:00Z,6,NA,NA,NA,NA,NA,NA,NA,NA,NA,15267.92,NA,NA,NA,6
2023-09-14T00:00:00Z,6,NA,NA,NA,NA,NA,NA,NA,NA,NA,16059.9,NA,NA,NA,6
2023-09-15T00:00:00Z,6,NA,NA,NA,NA,NA,NA,NA,NA,NA,16029.16,NA,NA,NA,6
2023-09-16T00:00:00Z,6,NA,NA,NA,NA,NA,NA,NA,NA,NA,15225.79,NA,NA,NA,6
2023-09-17T00:00:00Z,6,NA,NA,NA,NA,NA,NA,NA,NA,NA,15554.93,NA,NA,NA,6
2023-09-18T00:00:00Z,6,NA,NA,NA,NA,NA,NA,NA,NA,NA,15406.67,NA,NA,NA,6
2023-09-19T00:00:00Z,6,NA,NA,NA,NA,NA,NA,NA,NA,NA,14653.21,NA,NA,NA,6
2023-09-20T00:00:00Z,6,NA,NA,NA,NA,NA,NA,NA,NA,NA,14399.04,NA,NA,NA,6
2023-09-21T00:00:00Z,6,NA,NA,NA,NA,NA,NA,NA,NA,NA,14592.96,NA,NA,NA,6
2023-09-22T00:00:00Z,6,NA,NA,NA,NA,NA,NA,NA,NA,NA,14128.5,NA,NA,NA,6
2023-09-23T00:00:00Z,6,NA,NA,NA,NA,NA,NA,NA,NA,NA,13732.74,NA,NA,NA,6
2023-09-24T00:00:00Z,6,NA,NA,NA,NA,NA,NA,NA,NA,NA,13613.81,NA,NA,NA,6
2023-09-25T00:00:00Z,6,NA,NA,NA,NA,NA,NA,NA,NA,NA,13570.59,NA,NA,NA,6
2023-09-26T00:00:00Z,6,NA,NA,NA,NA,NA,NA,NA,NA,NA,13902.62,NA,NA,NA,6
2023-09-27T00:00:00Z,6,NA,NA,NA,NA,NA,NA,NA,NA,NA,14322.37,NA,NA,NA,6
2023-09-28T00:00:00Z,6,NA,NA,NA,NA,NA,NA,NA,NA,NA,14218.58,NA,NA,NA,6
2023-09-29T00:00:00Z,6,NA,NA,NA,NA,NA,NA,NA,NA,NA,13720.41,NA,NA,NA,6
2023-09-30T00:00:00Z,6,NA,NA,NA,NA,NA,NA,NA,NA,NA,13797.85,NA,NA,NA,6
2023-10-01T00:00:00Z,6,NA,NA,NA,NA,NA,NA,NA,NA,NA,13872,NA,NA,NA,6
2023-10-02T00:00:00Z,6,NA,NA,NA,NA,NA,NA,NA,NA,NA,13599.45,NA,NA,NA,6
2023-10-03T00:00:00Z,6,NA,NA,NA,NA,NA,NA,NA,NA,NA,13691.63,NA,NA,NA,6
2023-10-04T00:00:00Z,6,NA,NA,NA,NA,NA,NA,NA,NA,NA,13675.32,NA,NA,NA,6
2023-10-05T00:00:00Z,6,NA,NA,NA,NA,NA,NA,NA,NA,NA,13751.19,NA,NA,NA,6
2023-10-06T00:00:00Z,6,NA,NA,NA,NA,NA,NA,NA,NA,NA,13898.83,NA,NA,NA,6
2023-10-07T00:00:00Z,6,NA,NA,NA,NA,NA,NA,NA,NA,NA,13962.4,NA,NA,NA,6
2023-10-08T00:00:00Z,6,NA,NA,NA,NA,NA,NA,NA,NA,NA,13447.71,NA,NA,NA,6
2023-10-09T00:00:00Z,6,NA,NA,NA,NA,NA,NA,NA,NA,NA,12577.43,NA,NA,NA,6
2023-10-10T00:00:00Z,6,NA,NA,NA,NA,NA,NA,NA,NA,NA,12365.09,NA,NA,NA,6
2023-10-11T00:00:00Z,6,NA,NA,NA,NA,NA,NA,NA,NA,NA,12756.66,NA,NA,NA,6
2023-10-12T00:00:00Z,6,0.12137414412661288,2.029288684496772,2.80925,8.806104135273518,0.4630213177093021,214.32169503919957,-6.638729659741707,-6.757161475817156,16.82340445438991,12650.03,9.128253282144847,7.695151172245062,1.186234432283632,6
2023-10-13T00:00:00Z,6,0.3561835706172289,2.9598834121918003,1.7274583333333333,8.742237808206507,0.48331520299404246,234.05985563383223,-10.811260547178431,-11.160180053542444,31.64763968233191,13929.59,14.865483252370343,16.782156429961567,0.8857910075150208,6
2023-10-14T00:00:00Z,6,0.3628477700946436,2.9549607320949085,1.7478333333333333,8.579842243599176,0.469068678288872,214.60538650583575,-10.32385397947535,-10.682441586506314,31.33439602392505,15315.79,14.195299221778606,17.13909680214644,0.8282407985466794,6
2023-10-15T00:00:00Z,6,0.34061059701399304,3.005233831877839,1.7802083333333334,8.623335997672012,0.4542056750780169,195.4162280412428,-10.071462021401729,-10.403204692864556,29.311936072867788,14969.24,13.848260279427377,15.46367579344041,0.8955348304250997,6
2023-10-16T00:00:00Z,6,0.3448251131212444,2.990943721957818,1.913625,8.875044438842618,0.43880251927170577,176.7225319602012,-9.37066991889663,-9.705756268110543,25.842445042976298,13839.37,12.884671138482865,12.957773904493433,0.9943583854333793,6
2023-10-17T00:00:00Z,6,0.3539132766938659,3.1303916220087085,2.162333333333333,9.246307631890701,0.4239101599415323,159.85882997498425,-8.98686497943188,-9.342122529685872,24.031777437169648,12713.19,12.356939346718836,11.674838090450812,1.0584249007124076,6
2023-10-18T00:00:00Z,6,0.3513752466069103,3.2164434786600493,2.3353333333333333,9.42843479101776,0.40766448351078555,142.69077108126828,-8.640869429799547,-8.99287274444757,22.646844500464685,11918.82,11.881195465974377,10.765649034490307,1.103620917597272,6
2023-10-19T00:00:00Z,6,0.3604614248565014,3.156059378258736,2.43,9.423339933244371,0.3906790328732173,126.07633846613166,-7.92118753961655,-8.280834521298429,20.809304121081848,11554.01,10.891632866972756,9.917671254109091,1.098204668002091,6
2023-10-20T00:00:00Z,6,1.2569542738952673,2.6888686560259893,2.8319583333333336,9.301236499876543,0.3772985136879368,113.88475614842676,-5.809532797097458,-7.090883821212723,17.0285226276486,11448.39,7.988107596009005,9.040415031639593,0.8835996542251956,6
2023-10-21T00:00:00Z,6,0.35868398247980215,3.2774534197295626,2.5704583333333333,9.214319082194374,0.3638622178759512,102.52466512999234,-7.438713383688508,-7.789446808332607,20.189428725598454,11657.55,10.228230902571699,9.961197823026755,1.0268073262160962,6
2023-10-22T00:00:00Z,6,0.35635270030501837,3.2422657174608904,2.629166666666667,9.229117492361352,0.34810678863781996,90.14119232039592,-6.906376569416118,-7.2557034318009626,18.180489801073342,11054.1,9.496267782947161,8.684222018126182,1.093508176452195,6
2023-10-23T00:00:00Z,6,0.36564008114653856,3.340711159917923,2.6994583333333333,9.254085774468944,0.33526348643606413,80.78785457719711,-6.6961034554812,-7.057739839900299,17.89340156224604,10995.21,9.207142251286651,8.68625931095939,1.0599663125034808,6
2023-10-24T00:00:00Z,6,0.3506542416896012,3.3871013779493313,2.7317916666666666,9.26680753013553,0.3227724576661276,72.32739256880785,-6.516707188530905,-6.861158793532964,17.69432059282418,10950.1,8.960472384229995,8.733848208594186,1.0259478033305878,6
2023-10-25T00:00:00Z,6,0.4897387406600709,3.256967773580283,2.6394166666666665,9.20930879566874,0.3137219660802959,66.55590850417772,-6.244514545092926,-6.757361144059829,16.887899926993008,11042.38,8.586207499502773,8.301692427490234,1.034271936053713,6
2023-10-26T00:00:00Z,6,0.34461311637762165,3.401280557690788,2.6641666666666666,9.12029891092756,0.30444836798764496,61.01411308119477,-6.273478158260584,-6.603096989237844,17.40682084922878,11403.28,8.626032467608303,8.780788381620477,0.9823756242279905,6
2023-10-27T00:00:00Z,6,NA,NA,NA,NA,NA,NA,NA,NA,NA,11341.76,NA,NA,NA,6
2023-10-28T00:00:00Z,6,NA,NA,NA,NA,NA,NA,NA,NA,NA,11403.28,NA,NA,NA,6
2023-10-29T00:00:00Z,6,NA,NA,NA,NA,NA,NA,NA,NA,NA,11403.28,NA,NA,NA,6
2023-10-30T00:00:00Z,6,NA,NA,NA,NA,NA,NA,NA,NA,NA,11669.86,NA,NA,NA,6
2023-10-31T00:00:00Z,6,NA,NA,NA,NA,NA,NA,NA,NA,NA,11792.89,NA,NA,NA,6
2023-11-01T00:00:00Z,6,NA,NA,NA,NA,NA,NA,NA,NA,NA,11792.89,NA,NA,NA,6
2023-11-02T00:00:00Z,6,NA,NA,NA,NA,NA,NA,NA,NA,NA,10653.9,NA,NA,NA,6
2023-11-03T00:00:00Z,6,NA,NA,NA,NA,NA,NA,NA,NA,NA,10774.38,NA,NA,NA,6
2023-11-04T00:00:00Z,6,NA,NA,NA,NA,NA,NA,NA,NA,NA,11044.34,NA,NA,NA,6
2023-11-05T00:00:00Z,6,NA,NA,NA,NA,NA,NA,NA,NA,NA,10668.85,NA,NA,NA,6
2023-11-06T00:00:00Z,6,NA,NA,NA,NA,NA,NA,NA,NA,NA,10713.4,NA,NA,NA,6
2023-11-07T00:00:00Z,6,NA,NA,NA,NA,NA,NA,NA,NA,NA,10952.84,NA,NA,NA,6
2023-11-08T00:00:00Z,6,NA,NA,NA,NA,NA,NA,NA,NA,NA,11225.04,NA,NA,NA,6
2023-11-09T00:00:00Z,6,NA,NA,NA,NA,NA,NA,NA,NA,NA,11313.41,NA,NA,NA,6
2023-11-10T00:00:00Z,6,NA,NA,NA,NA,NA,NA,NA,NA,NA,11714.97,NA,NA,NA,6
2023-11-11T00:00:00Z,6,NA,NA,NA,NA,NA,NA,NA,NA,NA,12578.27,NA,NA,NA,6
2023-11-12T00:00:00Z,6,NA,NA,NA,NA,NA,NA,NA,NA,NA,12635.68,NA,NA,NA,6
2023-11-13T00:00:00Z,6,NA,NA,NA,NA,NA,NA,NA,NA,NA,12562.05,NA,NA,NA,6
2023-11-14T00:00:00Z,6,NA,NA,NA,NA,NA,NA,NA,NA,NA,12637.71,NA,NA,NA,6
2023-11-15T00:00:00Z,6,NA,NA,NA,NA,NA,NA,NA,NA,NA,13400.57,NA,NA,NA,6
2023-11-16T00:00:00Z,6,NA,NA,NA,NA,NA,NA,NA,NA,NA,13431.31,NA,NA,NA,6
2023-11-17T00:00:00Z,6,NA,NA,NA,NA,NA,NA,NA,NA,NA,12635.68,NA,NA,NA,6
2023-11-18T00:00:00Z,6,NA,NA,NA,NA,NA,NA,NA,NA,NA,13012.99,NA,NA,NA,6
2023-11-19T00:00:00Z,6,NA,NA,NA,NA,NA,NA,NA,NA,NA,12573.42,NA,NA,NA,6
2023-11-20T00:00:00Z,6,NA,NA,NA,NA,NA,NA,NA,NA,NA,12243.97,NA,NA,NA,6
2023-11-21T00:00:00Z,6,NA,NA,NA,NA,NA,NA,NA,NA,NA,12604.92,NA,NA,NA,6
2023-11-22T00:00:00Z,6,NA,NA,NA,NA,NA,NA,NA,NA,NA,13160.63,NA,NA,NA,6
2023-11-23T00:00:00Z,6,NA,NA,NA,NA,NA,NA,NA,NA,NA,12562.24,NA,NA,NA,6
2023-11-24T00:00:00Z,6,NA,NA,NA,NA,NA,NA,NA,NA,NA,12053.35,NA,NA,NA,6
2023-11-25T00:00:00Z,6,NA,NA,NA,NA,NA,NA,NA,NA,NA,11915.87,NA,NA,NA,6
2023-11-26T00:00:00Z,6,NA,NA,NA,NA,NA,NA,NA,NA,NA,12051.29,NA,NA,NA,6
2023-11-27T00:00:00Z,6,NA,NA,NA,NA,NA,NA,NA,NA,NA,12098.16,NA,NA,NA,6
2023-11-28T00:00:00Z,6,NA,NA,NA,NA,NA,NA,NA,NA,NA,11267.44,NA,NA,NA,6
2023-11-29T00:00:00Z,6,NA,NA,NA,NA,NA,NA,NA,NA,NA,10261.12,NA,NA,NA,6
2023-11-30T00:00:00Z,6,NA,NA,NA,NA,NA,NA,NA,NA,NA,9782.335,NA,NA,NA,6
2023-12-01T00:00:00Z,6,NA,NA,NA,NA,NA,NA,NA,NA,NA,10036.25,NA,NA,NA,6
2023-12-02T00:00:00Z,6,NA,NA,NA,NA,NA,NA,NA,NA,NA,10679.43,NA,NA,NA,6
2023-12-03T00:00:00Z,6,NA,NA,NA,NA,NA,NA,NA,NA,NA,11028.03,NA,NA,NA,6
2023-12-04T00:00:00Z,6,NA,NA,NA,NA,NA,NA,NA,NA,NA,11298.7,NA,NA,NA,6
2023-12-05T00:00:00Z,6,NA,NA,NA,NA,NA,NA,NA,NA,NA,10924.76,NA,NA,NA,6
2023-12-06T00:00:00Z,6,NA,NA,NA,NA,NA,NA,NA,NA,NA,10471.27,NA,NA,NA,6
2023-12-07T00:00:00Z,6,NA,NA,NA,NA,NA,NA,NA,NA,NA,10334.63,NA,NA,NA,6
2023-12-08T00:00:00Z,6,NA,NA,NA,NA,NA,NA,NA,NA,NA,10183.99,NA,NA,NA,6
2023-12-09T00:00:00Z,6,NA,NA,NA,NA,NA,NA,NA,NA,NA,10850.14,NA,NA,NA,6
2023-12-10T00:00:00Z,6,NA,NA,NA,NA,NA,NA,NA,NA,NA,11302.23,NA,NA,NA,6
2023-12-11T00:00:00Z,6,NA,NA,NA,NA,NA,NA,NA,NA,NA,11453.78,NA,NA,NA,6
2023-12-12T00:00:00Z,6,NA,NA,NA,NA,NA,NA,NA,NA,NA,10188.91,NA,NA,NA,6
2023-12-13T00:00:00Z,6,NA,NA,NA,NA,NA,NA,NA,NA,NA,10003.42,NA,NA,NA,6
2023-12-14T00:00:00Z,6,NA,NA,NA,NA,NA,NA,NA,NA,NA,10095.76,NA,NA,NA,6
2023-12-15T00:00:00Z,6,NA,NA,NA,NA,NA,NA,NA,NA,NA,10200.41,NA,NA,NA,6
2023-12-16T00:00:00Z,6,NA,NA,NA,NA,NA,NA,NA,NA,NA,10190.15,NA,NA,NA,6
2023-12-17T00:00:00Z,6,0.08916397261128854,0.9963558789464524,4.328916666666666,9.731056764312568,0.7204862265785132,816.3589016989107,-6.775044901779809,-6.869292326774687,8.530961352523258,9279.458,9.315686739947237,-0.784725387423979,-11.871269732368258,6
2023-12-18T00:00:00Z,6,0.4089242385929064,2.15658274181283,1.9575833333333335,9.727638181617808,0.9652223221113096,1763.158889773786,-16.61829318252615,-17.026800330968875,36.205313962475635,11181.26,22.850153125973453,13.355160836502183,1.7109605347110204,6
2023-12-19T00:00:00Z,6,0.28946433355915197,2.0418956453314805,1.8397083333333333,10.071304947984732,1.0300699896854326,2117.163832703696,-15.785634497963906,-16.07457498413927,36.154368287491494,12067.72,21.70524743470037,14.449120852791122,1.5021846419470974,6
2023-12-20T00:00:00Z,6,0.30569461044605284,2.1230575205787607,2.0905833333333335,10.679309925395092,0.9910586427233448,1893.4053066274091,-15.245600387948018,-15.55075469542513,33.950335384754794,11168.38,20.962700533428524,12.98763485132627,1.6140506545953484,6
2023-12-21T00:00:00Z,6,0.30595644633153846,2.180703647366109,2.2106250000000003,10.8296905584233,0.928899995678778,1568.9322282836747,-14.501194876317948,-14.805918464772214,32.466845062531014,11013,19.93914295493718,12.527702107593836,1.591604173190772,6
2023-12-22T00:00:00Z,6,0.29874446060070886,2.2845734677187837,2.2832083333333335,10.732683128570807,0.8636090507029486,1269.1070893244846,-14.025956548952488,-14.323053932738569,31.067142870823183,10834.47,19.28569025480967,11.781452616013514,1.6369535135757616,6
2023-12-23T00:00:00Z,6,0.34666812618580956,2.3822904038694412,2.297041666666667,10.540162720458003,0.8052608279458974,1035.232657949232,-13.656344599136096,-14.001116068348761,29.4884793661737,10658,18.777473823812134,10.711005542361566,1.7531009343191948,6
2023-12-24T00:00:00Z,6,0.37301237394009834,2.4529850714739085,2.3345000000000002,10.360549252187525,0.7498805088519256,841.1556210499737,-12.81664480334778,-13.187163241592751,27.09787779607723,10206.57,17.622886604603195,9.474991191474036,1.8599369908080707,6
2023-12-25T00:00:00Z,6,0.3875514426817645,2.535835969612957,2.461625,10.205389754462866,0.7134759852853026,727.1743877040198,-12.524801355206876,-12.906098675549226,26.11037011047691,10079.13,17.221601863409454,8.888768247067457,1.9374565051902584,6
2023-12-26T00:00:00Z,6,0.3317924935997761,2.572675275220092,2.3305833333333332,9.97688879184071,0.6879097409709962,654.2523445885643,-12.424084978112385,-12.751749638828137,26.169801618279294,9941.219,17.083116844904527,9.086684773374767,1.8800164494492428,6
2023-12-27T00:00:00Z,6,0.31958204893182357,2.628233878201367,2.3509583333333333,9.832521634297853,0.6525091966850592,561.0408466805105,-11.74545843263308,-12.060975057526132,24.663236769925508,10124.56,16.150005344870486,8.513231425055022,1.8970476119490793,6
2023-12-28T00:00:00Z,6,0.3003826742286609,2.710345310320803,2.4789166666666667,9.937014499179185,0.6178924607849221,478.61627965923657,-11.172654240290463,-11.469229627714592,22.87509521796404,9568.399,15.362399580399387,7.512695637564654,2.0448585063908333,6
2023-12-29T00:00:00Z,6,0.32968703328632065,2.7822958057506555,2.7195,10.121542172502501,0.5861320752944539,410.5706368343026,-10.2827274471614,-10.607964156442057,20.457114171324122,9026.676,14.138750239846926,6.3183639314771955,2.23772330830924,6
2023-12-30T00:00:00Z,6,0.3498488391178255,2.862036856303783,3.0256666666666665,10.592596315941957,0.5529009482261392,346.4377659722726,-9.439448620161288,-9.787446410006226,18.400636221839225,8215.605,12.97924185272177,5.421394369117454,2.394078159422786,6
2023-12-31T00:00:00Z,6,0.350965891933536,2.976516376525191,3.21475,10.840001057632419,0.5264569559442153,300.2705984976962,-8.986995386723724,-9.336415293793722,17.50312517459187,7856.804,12.35711865674512,5.1460065178467485,2.4013025661529337,6
2024-01-01T00:00:00Z,6,0.36214314380456575,3.0036881673308056,3.311583333333333,10.920712109431499,0.5047862686634467,265.6724444576604,-8.588910283699361,-8.950510459428324,16.730905307193613,7612.238,11.809751640086622,4.92115366710699,2.3997933084315264,6
2024-01-02T00:00:00Z,6,0.354327846512672,2.992260077390444,3.301625,10.796738013463628,0.4855638817338244,237.30135424069996,-7.990185461767615,-8.338838984206177,15.726823395783407,7733.926,10.98650500993047,4.740318385852937,2.3176723830869097,6
2024-01-03T00:00:00Z,6,0.3690293217337165,3.130639020473634,3.470875,10.94707105677661,0.4683817450968236,213.61903969999636,-7.782553016131429,-8.147996641864824,15.27016672302134,7264.74,10.701010397180715,4.569156325840625,2.3420101292358306,6
2024-01-04T00:00:00Z,6,0.33776490138009513,3.078668461756432,3.5096249999999998,10.899016643998332,0.4616063527581602,204.77981690221185,-7.4820110160678155,-7.821890536301715,14.669679623195025,7298.906,10.287765147093246,4.3819144761017785,2.347778625804082,6
2024-01-05T00:00:00Z,6,NA,NA,NA,NA,NA,NA,NA,NA,NA,7024.208,NA,NA,NA,6
2024-01-06T00:00:00Z,6,0.5889269380153711,3.145704991941736,3.511625,10.742031824069867,0.46691393913090873,211.998224429253,-8.062307693145732,-8.691467425874757,15.644644085642808,7297.793,11.08567307807538,4.558971007567427,2.431617367093209,6
2024-01-07T00:00:00Z,6,0.3348456976450914,2.998789386529483,3.2553333333333336,10.367406153683197,0.46408107361669326,207.9860754815463,-7.565560052289141,-7.885296673074354,15.019070633560943,7612.859,10.402645071897568,4.616425561663375,2.253398204508105,6
2024-01-08T00:00:00Z,6,0.3507269235395537,3.093089073274072,3.3725833333333335,10.65433484615657,0.4488129559592453,188.67763094759715,-7.500580817351728,-7.845636491265466,14.645992677258153,7327.211,10.313298623858627,4.332694053399527,2.3803431529550503,6
2024-01-09T00:00:00Z,6,0.3843219828049635,2.90043246057693,3.462125,10.614662508971598,0.48515583167529974,244.11460926309223,-7.867082627162722,-8.222179184137845,14.973239339101283,7536.938,10.817238612348742,4.156000726752541,2.602799980932926,6
2024-01-10T00:00:00Z,6,0.3687474952483656,2.883738244651101,3.34575,10.274431906885658,0.5655798561597124,369.797201723416,-9.712899112009506,-10.065744480763355,17.956347272020757,7403.557,13.35523627901307,4.601110993007687,2.9026111952763225,6
2024-01-11T00:00:00Z,6,0.4205276938267395,2.9245586468396105,3.4847083333333333,10.691599207814505,0.5663812782171015,371.3517858546721,-9.588128555599521,-10.00223202249692,18.67481200353794,7837.705,13.183676763949341,5.4911352395885995,2.400901851569963,6
2024-01-12T00:00:00Z,6,0.37009714417488915,2.8724460495469617,3.3429583333333333,10.672081546610082,0.5742222976870199,386.4675961544007,-10.307241904098936,-10.673028115249137,19.21355366703385,7836.528,14.172457618136036,5.041096048897813,2.811384167384533,6
2024-01-13T00:00:00Z,6,0.3180440578700708,2.6960127770547584,3.113375,10.455033336270391,0.5745129232682707,387.1092787897165,-9.603816303727422,-9.91424675509377,18.437148802244437,8466.851,13.205247417625205,5.231901384619231,2.523986299979976,6
2024-01-14T00:00:00Z,6,0.3654655286769697,2.8235180846035046,3.358,10.621630400004086,0.5539929958647798,348.2253449508706,-9.447933232983575,-9.810237938248278,17.09425341269472,7807.284,12.990908195352414,4.103345217342305,3.165931089699173,6
2024-01-15T00:00:00Z,6,0.3301569183035539,2.6293291714693487,3.5019583333333335,10.87169258976995,0.514821996776861,284.3058585003474,-7.367180373731775,-7.687012244419146,14.496965431392903,7375.636,10.12987301388119,4.367092417511714,2.319592086776354,6
2024-01-16T00:00:00Z,6,0.5282294961897456,2.971524591125823,3.413625,10.669883966509232,0.4875483553997411,240.7847803251651,-7.217235899277329,-7.705270006119225,16.027360991586743,7731.874,9.923699361506326,6.103661630080417,1.6258600104238707,6
2024-01-17T00:00:00Z,6,0.37327974262373265,2.832809021171067,3.511375,10.594088299075413,0.48844958826281304,241.45155001433176,-6.2134674912269485,-6.5532489675267485,14.058651798881522,7534.884,8.543517800437055,5.515133998444467,1.5491043015177397,6
2024-01-18T00:00:00Z,6,0.41323830386636345,3.0623901007126677,3.80975,11.213404505937817,0.4669873294292049,211.79001852231323,-6.327781105056511,-6.720758439075088,13.965916945824068,6767.967,8.700699019452703,5.265217926371365,1.6524860207351324,6
2024-01-19T00:00:00Z,6,0.3581685813570213,3.0409765816209076,3.7199583333333335,11.198268191672794,0.4525793460677833,193.31344662509767,-6.1522290054705024,-6.468230824872866,13.88465009784623,6980.851,8.45931488252194,5.425335215324289,1.5592243698837145,6
2024-01-20T00:00:00Z,6,0.3382004338861487,3.0165357213688573,3.7439583333333335,11.000555409855044,0.4368063031580609,174.4119132585915,-5.567429058590962,-5.8698336928626045,12.696790966101432,7040.356,7.655214955562573,5.041576010538859,1.5184170464870885,6
2024-01-21T00:00:00Z,6,0.3547422314311259,3.0882473693916443,4.086708333333333,11.488847237548013,0.41942454490969655,154.9310768806427,-4.893025948899889,-5.219827994480629,11.479759597009503,6422.998,6.727910679737348,4.751848917272155,1.4158511343411082,6
2024-01-22T00:00:00Z,6,0.3846217558113046,3.11302722568581,4.2307500000000005,11.814114600382293,0.4054627745619126,140.40342193029494,-4.732935537219161,-5.085233685013863,11.067574884630764,6092.402,6.507786363676346,4.559788520954418,1.4272123221877382,6
2024-02-09T10:52:30Z,6,NA,NA,NA,NA,NA,NA,NA,NA,NA,2060.191,NA,NA,NA,6
2024-02-10T00:00:00Z,6,0.41490272851053206,3.2051963738905043,3.651875,10.500808019417372,0.3304373404201353,77.40959513576124,-4.7876101234054245,-5.170612027901669,11.637705299629276,7524.624,6.5829639196824585,5.054741379946818,1.3023344667638999,6
2024-02-11T00:00:00Z,6,0.4439928438642762,3.160894382678788,3.5774166666666667,10.312965688635853,0.3204768091354363,70.81131549698362,-4.521379092406335,-4.931487721269245,11.582911747137837,7885.773,6.21689625205871,5.366015495079127,1.158568449487311,6
2024-02-12T00:00:00Z,6,0.4485859030062372,3.2535562487383984,3.3940833333333336,10.062935273986268,0.31292641524677006,66.11539903707413,-4.708578522307051,-5.123988894175876,12.184714875461532,8230.506,6.474295468172195,5.710419407289337,1.1337688191357314,6
2024-02-13T00:00:00Z,6,0.4147745234725784,3.1228034740477306,3.495416666666667,9.916259702118055,0.312374520203586,65.73974497004276,-4.168231508456583,-4.5338591339217444,11.22598315663504,8365.938,5.731318324127802,5.4946648325072385,1.0430696864748668,6
2024-02-14T00:00:00Z,6,NA,NA,NA,NA,NA,NA,NA,NA,NA,7761.075,NA,NA,NA,6
2024-02-15T00:00:00Z,6,NA,NA,NA,NA,NA,NA,NA,NA,NA,7433.179,NA,NA,NA,6
2024-02-16T00:00:00Z,6,NA,NA,NA,NA,NA,NA,NA,NA,NA,7567.715,NA,NA,NA,6
2024-02-17T00:00:00Z,6,NA,NA,NA,NA,NA,NA,NA,NA,NA,7805.746,NA,NA,NA,6
2024-02-18T00:00:00Z,6,0.45282281964708226,3.0433311091823754,4.287333333333334,10.312233770413878,0.37816451920782657,115.45018871406712,-4.938580692987763,-5.359529645613366,11.617501960633803,7206.566,6.790548452858174,4.826953507775628,1.406797981774516,6
2024-02-19T00:00:00Z,6,0.4271319665260885,3.0183215042815754,3.9372083333333334,10.598832828217136,0.4036603088357695,138.55889089132816,-5.480032374651678,-5.866311441818536,12.920105435828024,7266.828,7.5350445151460574,5.385060920681966,1.3992496326655885,6
2024-02-20T00:00:00Z,6,0.4374842358980275,3.023703510999719,4.045875,10.596815420795059,0.40028435511416466,135.22704812656883,-5.214432127386797,-5.616500932874242,12.796271129035748,7494.867,7.169844175156845,5.626426953878903,1.2743156951880266,6
2024-02-21T00:00:00Z,6,0.44498674918844655,3.006190019459068,4.058,10.676363860040686,0.39189437621299533,127.14481507838842,-5.02118925770649,-5.4248982970646615,12.182143440223351,7369.902,6.904135229346423,5.278008210876928,1.3080948254529747,6
2024-02-22T00:00:00Z,6,0.4536139720963224,3.076648539491755,4.022833333333333,10.655766265826111,0.3830963472533006,119.03754041813691,-5.031456037771173,-5.443653659432005,11.932707251864409,7170.365,6.918252051935363,5.014455199929046,1.3796617530919921,6
2024-02-23T00:00:00Z,6,0.4386706259773347,3.1511093255647324,3.798,10.50596585846652,0.3719175370168922,109.18706426375792,-5.345162446049304,-5.735407605349639,12.111760657078145,7149.111,7.349598363317794,4.762162293760351,1.5433321902841584,6
2024-03-04T14:00:00Z,6,0.453889828674224,3.1859641499582287,3.364,9.76223223218516,0.33160458488749156,78.17839320855578,-4.752727629542035,-5.140131537161399,13.642919309007864,5096.275,6.535000490620297,7.107918818387566,0.9193971762472611,6
2024-03-05T00:00:00Z,6,0.4939711887580041,3.153910998727577,3.2129166666666666,9.663450886709267,0.32910457260308473,76.49475415980086,-4.868470655583202,-5.311776919083645,13.651373624958481,8967.168,6.694147151426903,6.957226473531578,0.9621861781982307,6
2024-03-06T00:00:00Z,6,0.3999771676958788,2.996005833310446,3.3739166666666667,9.615625650799506,0.3615518912856008,100.56947355349092,-5.29552898110881,-5.615116790068138,14.21017494991571,8606.015,7.281352349024614,6.928822600891097,1.0508787377653714,6
2024-03-07T00:00:00Z,6,0.48375132821885064,2.971741665302128,3.1241666666666665,9.421253527346083,0.35726296225319754,97.1295765214357,-5.287987800268752,-5.710060833999108,14.207842734279788,9381.669,7.270983225369534,6.9368595089102545,1.048166424017973,6
2024-03-08T00:00:00Z,6,0.5441453953040052,3.017961524454737,3.080208333333333,9.401308699544863,0.3541042438145487,94.637938806924,-5.406101833937688,-5.8939177350215335,14.283740050599661,9324.214,7.433390021664321,6.85035002893534,1.085110978310052,6
2024-03-09T00:00:00Z,6,0.4576488210196484,3.0118172108353325,2.8909583333333333,9.306381340565652,0.3594323794708195,99.15017378804085,-5.720766139999255,-6.124256756012568,15.135736822569665,9549.932,7.866053442498976,7.269683380070689,1.082035218213656,6
2024-03-10T00:00:00Z,6,0.5293456322631525,2.881067725475858,3.010625,9.156830218652427,0.4062818102908935,141.1867419711384,-6.559889955223932,-7.01807763123032,16.003233375590398,9383.721,9.019848688432907,6.983384687157491,1.2916156122718676,6
2024-03-11T00:00:00Z,6,0.5059414875435235,2.865119364036111,3.1242083333333333,9.434351488933698,0.40078047353064455,135.73061021462985,-5.856202271739192,-6.31330065751293,14.631473605774596,9264.706,8.052278123641388,6.579195482133208,1.223900117500469,6
2024-03-12T00:00:00Z,6,0.5094214601832202,2.9509275600720763,3.228625,9.713838409103436,0.39082874908174103,126.14811402080184,-5.832884179976111,-6.296858619862248,14.412498352400519,8747.606,8.020215747467153,6.392282604933365,1.254671647539081,6
2024-03-13T00:00:00Z,6,0.5173377754682248,3.0043036861726895,3.179708333333333,9.669196516270837,0.38164028373511305,117.70270631269108,-5.819841693886858,-6.294555405762091,14.502016465963486,8819.426,8.00228232909443,6.499734136869057,1.2311707156916352,6
2024-03-14T00:00:00Z,6,0.48386028250624213,3.016351266015336,3.200458333333333,9.65919364364772,0.37009452200722626,107.68788924206196,-5.488882240210492,-5.929312181759758,13.973790369064648,8817.373,7.547213080289426,6.426577288775222,1.1743752142328587,6
2024-03-15T00:00:00Z,6,0.5057762490113106,3.051235170593896,3.1188333333333333,9.60752730632936,0.3553841706168262,95.67778153053486,-5.426962766317978,-5.883375771843173,13.983470397746629,8825.581,7.462073803687219,6.52139659405941,1.1442447482008238,6
2024-03-16T00:00:00Z,6,0.48542829333293186,3.1465634446675677,2.9528333333333334,9.394239594325901,0.3445781830957604,87.46558268070157,-5.59961964147979,-6.041945918435026,13.675236585125118,9324.214,7.699477007034711,5.975759578090407,1.2884516029165836,6
2024-03-17T00:00:00Z,6,0.4833531186299376,3.08044550324801,2.877,9.252677845179576,0.334394545304242,80.14737843227299,-5.305913054297086,-5.7421548389765285,11.558594547291385,8125.855,7.295630449658494,4.262964097632891,1.7113985205058517,6
2024-03-18T00:00:00Z,6,0.3874147632550291,3.1839643674789073,2.7917916666666667,9.148621161616324,0.32705257986273567,75.11297130269249,-5.472612458239608,-5.812102000931603,14.307442621029319,7436.389,7.524842130079461,6.782600490949858,1.1094331945571596,6
2024-03-19T00:00:00Z,6,0.4659620134419864,3.0732766422198505,3.0737083333333333,9.307766551307635,0.3156330494479177,67.75434413998856,-4.3293427786293845,-4.763501959640678,12.550553572645079,9664.843,5.952846320615404,6.597707252029675,0.902259844703493,6
2024-03-20T00:00:00Z,6,0.4519922173688275,3.1651713936426,3.3630416666666667,9.793154927205624,0.30460689103196414,61.08630211820023,-3.8870738462653103,-4.310762221442291,11.71807216963561,8571.2,5.344726538614801,6.3733456310208085,0.838606102358636,6
2024-03-21T00:00:00Z,6,NA,NA,NA,NA,NA,NA,NA,NA,NA,8443.912,NA,NA,NA,6
2024-03-22T00:00:00Z,6,NA,NA,NA,NA,NA,NA,NA,NA,NA,8708.618,NA,NA,NA,6
2024-03-23T00:00:00Z,6,0.5204077380921879,3.2917133556718623,3.198125,9.615026384168466,0.3364201175372049,81.71392410052532,-5.55472293174093,-6.027671671296316,13.636475410041948,9012.312,7.637744031143779,5.998731378898169,1.2732265455344758,6
2024-03-24T00:00:00Z,6,0.46117154321129256,3.1339427037012957,3.1546666666666665,9.521095337103585,0.3397637795275596,83.9409224296043,-5.2465643074623225,-5.665581230856173,11.747846645427849,7859.097,7.214025922760693,4.533820722667156,1.5911581785079552,6
2024-03-25T00:00:00Z,6,NA,NA,NA,NA,NA,NA,NA,NA,NA,7430.232,NA,NA,NA,6
2024-03-26T00:00:00Z,6,0.4744976947595743,3.1706425545114194,3.1010833333333334,9.58046780992681,0.3129528357541563,66.10160325955142,-5.559891353890561,-6.012128175160449,10.394399872656942,7136.799,7.644850611599521,2.749549261057421,2.780401398831264,6
2024-03-27T00:00:00Z,6,0.46359384821465,3.3021297361239967,2.890833333333333,9.388125176055272,0.3103929821496007,64.52547516217341,-6.088804125012639,-6.544284640637491,11.114142117880938,7434.336,8.37210567189238,2.7420364459885587,3.0532437612710392,6
2024-03-28T00:00:00Z,6,0.47764127394582995,3.2134526289684584,3.078875,9.451995861806665,0.3333700167400338,79.55234965644256,-6.2370562743614135,-6.718631315716236,12.596165892018135,7637.483,8.575952377246944,4.020213514771191,2.1332081855197287,6
2024-03-29T00:00:00Z,6,0.4822924304031096,3.13693919230655,3.031791666666667,9.403262369725333,0.325851914582617,74.32957774423215,-5.74931237906797,-6.211910628746865,12.661802170382959,8961.013,7.905304521218458,4.756497649164501,1.662001141240353,6
2024-03-30T00:00:00Z,6,0.45962485934082375,3.1875188001092374,3.1382083333333335,9.592863405686131,0.31440889927234417,66.98724581462437,-5.5083842057596755,-5.945139060963609,11.255745309042727,7926.813,7.574028282919554,3.681717026123173,2.0572000045573744,6
2024-04-18T14:00:00Z,6,NA,NA,NA,NA,NA,NA,NA,NA,NA,4399.362,NA,NA,NA,6
2024-04-19T00:00:00Z,6,NA,NA,NA,NA,NA,NA,NA,NA,NA,10233.24,NA,NA,NA,6
2024-04-20T00:00:00Z,6,NA,NA,NA,NA,NA,NA,NA,NA,NA,10518.47,NA,NA,NA,6
2024-04-21T00:00:00Z,6,NA,NA,NA,NA,NA,NA,NA,NA,NA,10707.25,NA,NA,NA,6
2024-04-22T00:00:00Z,6,NA,NA,NA,NA,NA,NA,NA,NA,NA,10438.44,NA,NA,NA,6
2024-04-23T00:00:00Z,6,NA,NA,NA,NA,NA,NA,NA,NA,NA,9623.803,NA,NA,NA,6
2024-04-24T00:00:00Z,6,NA,NA,NA,NA,NA,NA,NA,NA,NA,9619.699,NA,NA,NA,6
2024-04-25T00:00:00Z,6,NA,NA,NA,NA,NA,NA,NA,NA,NA,9787.962,NA,NA,NA,6
2024-04-26T00:00:00Z,6,NA,NA,NA,NA,NA,NA,NA,NA,NA,10081.4,NA,NA,NA,6
2024-04-27T00:00:00Z,6,NA,NA,NA,NA,NA,NA,NA,NA,NA,10108.07,NA,NA,NA,6
2024-04-28T00:00:00Z,6,NA,NA,NA,NA,NA,NA,NA,NA,NA,10502.05,NA,NA,NA,6
2024-04-29T00:00:00Z,6,NA,NA,NA,NA,NA,NA,NA,NA,NA,10300.96,NA,NA,NA,6
2024-04-30T00:00:00Z,6,NA,NA,NA,NA,NA,NA,NA,NA,NA,10543.02,NA,NA,NA,6
2024-05-01T00:00:00Z,6,NA,NA,NA,NA,NA,NA,NA,NA,NA,10948.65,NA,NA,NA,6
2024-05-02T00:00:00Z,6,NA,NA,NA,NA,NA,NA,NA,NA,NA,11191.26,NA,NA,NA,6
2024-05-03T00:00:00Z,6,NA,NA,NA,NA,NA,NA,NA,NA,NA,11434.42,NA,NA,NA,6
2024-05-04T00:00:00Z,6,NA,NA,NA,NA,NA,NA,NA,NA,NA,11661.77,NA,NA,NA,6
2024-05-05T00:00:00Z,6,NA,NA,NA,NA,NA,NA,NA,NA,NA,11871.87,NA,NA,NA,6
2024-05-06T00:00:00Z,6,NA,NA,NA,NA,NA,NA,NA,NA,NA,13181.37,NA,NA,NA,6
2024-05-07T00:00:00Z,6,NA,NA,NA,NA,NA,NA,NA,NA,NA,12700.6,NA,NA,NA,6
2024-05-08T00:00:00Z,6,NA,NA,NA,NA,NA,NA,NA,NA,NA,12504.42,NA,NA,NA,6
2024-05-09T00:00:00Z,6,NA,NA,NA,NA,NA,NA,NA,NA,NA,12426.89,NA,NA,NA,6
2024-05-10T00:00:00Z,6,NA,NA,NA,NA,NA,NA,NA,NA,NA,12411.44,NA,NA,NA,6
2024-05-11T00:00:00Z,6,NA,NA,NA,NA,NA,NA,NA,NA,NA,13399.85,NA,NA,NA,6
2024-05-12T00:00:00Z,6,NA,NA,NA,NA,NA,NA,NA,NA,NA,12389.86,NA,NA,NA,6
2024-05-13T00:00:00Z,6,NA,NA,NA,NA,NA,NA,NA,NA,NA,12560.96,NA,NA,NA,6
2024-05-14T00:00:00Z,6,NA,NA,NA,NA,NA,NA,NA,NA,NA,14778,NA,NA,NA,6
2024-05-15T00:00:00Z,6,NA,NA,NA,NA,NA,NA,NA,NA,NA,14321.26,NA,NA,NA,6
2024-05-16T00:00:00Z,6,NA,NA,NA,NA,NA,NA,NA,NA,NA,14425.01,NA,NA,NA,6
2024-05-17T00:00:00Z,6,NA,NA,NA,NA,NA,NA,NA,NA,NA,13701.27,NA,NA,NA,6
2024-05-18T00:00:00Z,6,NA,NA,NA,NA,NA,NA,NA,NA,NA,13761.45,NA,NA,NA,6
2024-05-19T00:00:00Z,6,NA,NA,NA,NA,NA,NA,NA,NA,NA,13457.97,NA,NA,NA,6
2024-05-20T00:00:00Z,6,NA,NA,NA,NA,NA,NA,NA,NA,NA,13359.18,NA,NA,NA,6
2024-05-21T00:00:00Z,6,NA,NA,NA,NA,NA,NA,NA,NA,NA,13438.35,NA,NA,NA,6
2024-05-22T00:00:00Z,6,NA,NA,NA,NA,NA,NA,NA,NA,NA,13188.21,NA,NA,NA,6
2024-05-23T00:00:00Z,6,NA,NA,NA,NA,NA,NA,NA,NA,NA,13488.72,NA,NA,NA,6
2024-05-24T00:00:00Z,6,NA,NA,NA,NA,NA,NA,NA,NA,NA,13628.16,NA,NA,NA,6
2024-05-25T00:00:00Z,6,NA,NA,NA,NA,NA,NA,NA,NA,NA,13701.99,NA,NA,NA,6
2024-05-26T00:00:00Z,6,NA,NA,NA,NA,NA,NA,NA,NA,NA,13701.99,NA,NA,NA,6
2024-05-27T00:00:00Z,6,NA,NA,NA,NA,NA,NA,NA,NA,NA,13505.13,NA,NA,NA,6
2024-05-28T00:00:00Z,6,NA,NA,NA,NA,NA,NA,NA,NA,NA,13265.21,NA,NA,NA,6
2024-05-29T00:00:00Z,6,NA,NA,NA,NA,NA,NA,NA,NA,NA,13023.24,NA,NA,NA,6
2024-05-30T00:00:00Z,6,NA,NA,NA,NA,NA,NA,NA,NA,NA,11835.96,NA,NA,NA,6
2024-05-31T00:00:00Z,6,NA,NA,NA,NA,NA,NA,NA,NA,NA,11202.33,NA,NA,NA,6
2024-06-01T00:00:00Z,6,NA,NA,NA,NA,NA,NA,NA,NA,NA,10328.78,NA,NA,NA,6
2024-06-02T00:00:00Z,6,NA,NA,NA,NA,NA,NA,NA,NA,NA,10029.39,NA,NA,NA,6
2024-06-03T00:00:00Z,6,NA,NA,NA,NA,NA,NA,NA,NA,NA,11175.67,NA,NA,NA,6
2024-06-04T04:00:00Z,6,NA,NA,NA,NA,NA,NA,NA,NA,NA,9399.865,NA,NA,NA,6
2024-06-05T04:00:00Z,6,NA,NA,NA,NA,NA,NA,NA,NA,NA,1318.524,NA,NA,NA,6
2024-06-06T00:00:00Z,6,NA,NA,NA,NA,NA,NA,NA,NA,NA,16078.61,NA,NA,NA,6
2024-06-07T00:00:00Z,6,NA,NA,NA,NA,NA,NA,NA,NA,NA,12826.39,NA,NA,NA,6
2024-06-08T03:00:00Z,6,NA,NA,NA,NA,NA,NA,NA,NA,NA,926.8628,NA,NA,NA,6
2025-07-14T18:00:00Z,6,NA,NA,NA,NA,NA,NA,NA,NA,NA,4070.6364,NA,NA,NA,6
2025-07-15T00:00:00Z,6,NA,NA,NA,NA,NA,NA,NA,NA,NA,8951.849999999999,NA,NA,NA,6
2025-07-16T00:00:00Z,6,NA,NA,NA,NA,NA,NA,NA,NA,NA,3173.6358,NA,NA,NA,6
2025-07-23T20:00:00Z,6,NA,NA,NA,NA,NA,NA,NA,NA,NA,8468.706,NA,NA,NA,6
2025-07-24T00:00:00Z,6,NA,NA,NA,NA,NA,NA,NA,NA,NA,18956.057999999997,NA,NA,NA,6
2025-07-25T00:00:00Z,6,NA,NA,NA,NA,NA,NA,NA,NA,NA,19318.272,NA,NA,NA,6
2025-07-26T00:00:00Z,6,NA,NA,NA,NA,NA,NA,NA,NA,NA,14195.412,NA,NA,NA,6
2025-07-27T00:00:00Z,6,NA,NA,NA,NA,NA,NA,NA,NA,NA,14004.516,NA,NA,NA,6
2025-07-28T08:00:00Z,6,NA,NA,NA,NA,NA,NA,NA,NA,NA,4760.5746,NA,NA,NA,6
2025-07-29T20:00:00Z,6,NA,NA,NA,NA,NA,NA,NA,NA,NA,9486.576,NA,NA,NA,6
2025-07-30T00:00:00Z,6,NA,NA,NA,NA,NA,NA,NA,NA,NA,22957.518,NA,NA,NA,6
2025-07-31T00:00:00Z,6,NA,NA,NA,NA,NA,NA,NA,NA,NA,23298.348,NA,NA,NA,6
2025-08-01T00:00:00Z,6,NA,NA,NA,NA,NA,NA,NA,NA,NA,20004.564,NA,NA,NA,6
2025-08-02T00:00:00Z,6,NA,NA,NA,NA,NA,NA,NA,NA,NA,16865.471999999998,NA,NA,NA,6
2023-08-02T15:00:00Z,7,NA,NA,NA,NA,NA,NA,NA,NA,NA,13989.47,NA,NA,NA,7
2023-08-03T00:00:00Z,7,NA,NA,NA,NA,NA,NA,NA,NA,NA,15131.17,NA,NA,NA,7
2023-08-04T00:00:00Z,7,NA,NA,NA,NA,NA,NA,NA,NA,NA,16028.05,NA,NA,NA,7
2023-08-05T00:00:00Z,7,NA,NA,NA,NA,NA,NA,NA,NA,NA,16111.89,NA,NA,NA,7
2023-08-06T00:00:00Z,7,NA,NA,NA,NA,NA,NA,NA,NA,NA,16770.69,NA,NA,NA,7
2023-08-07T00:00:00Z,7,NA,NA,NA,NA,NA,NA,NA,NA,NA,17625.2,NA,NA,NA,7
2023-08-08T00:00:00Z,7,NA,NA,NA,NA,NA,NA,NA,NA,NA,17515.81,NA,NA,NA,7
2023-08-09T00:00:00Z,7,NA,NA,NA,NA,NA,NA,NA,NA,NA,17535.93,NA,NA,NA,7
2023-08-10T00:00:00Z,7,NA,NA,NA,NA,NA,NA,NA,NA,NA,17293.02,NA,NA,NA,7
2023-08-11T00:00:00Z,7,NA,NA,NA,NA,NA,NA,NA,NA,NA,17202.46,NA,NA,NA,7
2023-08-12T00:00:00Z,7,NA,NA,NA,NA,NA,NA,NA,NA,NA,17837.78,NA,NA,NA,7
2023-08-13T00:00:00Z,7,NA,NA,NA,NA,NA,NA,NA,NA,NA,18509.04,NA,NA,NA,7
2023-08-14T00:00:00Z,7,NA,NA,NA,NA,NA,NA,NA,NA,NA,15928.95,NA,NA,NA,7
2023-08-15T00:00:00Z,7,NA,NA,NA,NA,NA,NA,NA,NA,NA,16003.7,NA,NA,NA,7
2023-08-16T00:00:00Z,7,NA,NA,NA,NA,NA,NA,NA,NA,NA,15355.44,NA,NA,NA,7
2023-08-17T00:00:00Z,7,NA,NA,NA,NA,NA,NA,NA,NA,NA,15766.53,NA,NA,NA,7
2023-08-18T00:00:00Z,7,NA,NA,NA,NA,NA,NA,NA,NA,NA,14675.56,NA,NA,NA,7
2023-08-19T00:00:00Z,7,NA,NA,NA,NA,NA,NA,NA,NA,NA,16332.85,NA,NA,NA,7
2023-08-20T00:00:00Z,7,NA,NA,NA,NA,NA,NA,NA,NA,NA,17012.73,NA,NA,NA,7
2023-08-21T00:00:00Z,7,NA,NA,NA,NA,NA,NA,NA,NA,NA,13942.5,NA,NA,NA,7
2023-08-22T00:00:00Z,7,NA,NA,NA,NA,NA,NA,NA,NA,NA,16762.63,NA,NA,NA,7
2023-08-23T00:00:00Z,7,NA,NA,NA,NA,NA,NA,NA,NA,NA,16913.55,NA,NA,NA,7
2023-08-24T00:00:00Z,7,NA,NA,NA,NA,NA,NA,NA,NA,NA,16391.79,NA,NA,NA,7
2023-08-25T00:00:00Z,7,NA,NA,NA,NA,NA,NA,NA,NA,NA,16600.21,NA,NA,NA,7
2023-08-26T00:00:00Z,7,NA,NA,NA,NA,NA,NA,NA,NA,NA,16097.13,NA,NA,NA,7
2023-08-27T00:00:00Z,7,NA,NA,NA,NA,NA,NA,NA,NA,NA,16184.81,NA,NA,NA,7
2023-08-28T00:00:00Z,7,NA,NA,NA,NA,NA,NA,NA,NA,NA,16627.52,NA,NA,NA,7
2023-08-29T00:00:00Z,7,NA,NA,NA,NA,NA,NA,NA,NA,NA,17635.12,NA,NA,NA,7
2023-08-30T00:00:00Z,7,NA,NA,NA,NA,NA,NA,NA,NA,NA,14978.21,NA,NA,NA,7
2023-08-31T00:00:00Z,7,NA,NA,NA,NA,NA,NA,NA,NA,NA,14250.76,NA,NA,NA,7
2023-09-01T00:00:00Z,7,NA,NA,NA,NA,NA,NA,NA,NA,NA,16639.02,NA,NA,NA,7
2023-09-02T00:00:00Z,7,NA,NA,NA,NA,NA,NA,NA,NA,NA,14650.38,NA,NA,NA,7
2023-09-03T00:00:00Z,7,NA,NA,NA,NA,NA,NA,NA,NA,NA,15569.05,NA,NA,NA,7
2023-09-04T00:00:00Z,7,NA,NA,NA,NA,NA,NA,NA,NA,NA,16178.2,NA,NA,NA,7
2023-09-05T00:00:00Z,7,NA,NA,NA,NA,NA,NA,NA,NA,NA,16290.37,NA,NA,NA,7
2023-09-06T00:00:00Z,7,NA,NA,NA,NA,NA,NA,NA,NA,NA,15984.17,NA,NA,NA,7
2023-09-07T00:00:00Z,7,NA,NA,NA,NA,NA,NA,NA,NA,NA,15849.3,NA,NA,NA,7
2023-09-08T00:00:00Z,7,NA,NA,NA,NA,NA,NA,NA,NA,NA,16256.31,NA,NA,NA,7
2023-09-09T00:00:00Z,7,NA,NA,NA,NA,NA,NA,NA,NA,NA,15245.64,NA,NA,NA,7
2023-09-10T00:00:00Z,7,NA,NA,NA,NA,NA,NA,NA,NA,NA,16541.18,NA,NA,NA,7
2023-09-11T00:00:00Z,7,NA,NA,NA,NA,NA,NA,NA,NA,NA,17327.72,NA,NA,NA,7
2023-09-12T00:00:00Z,7,NA,NA,NA,NA,NA,NA,NA,NA,NA,10401.5,NA,NA,NA,7
2023-09-13T00:00:00Z,7,NA,NA,NA,NA,NA,NA,NA,NA,NA,14116.94,NA,NA,NA,7
2023-09-14T00:00:00Z,7,NA,NA,NA,NA,NA,NA,NA,NA,NA,13859.83,NA,NA,NA,7
2023-09-15T00:00:00Z,7,NA,NA,NA,NA,NA,NA,NA,NA,NA,13550.43,NA,NA,NA,7
2023-09-16T00:00:00Z,7,NA,NA,NA,NA,NA,NA,NA,NA,NA,12884.7,NA,NA,NA,7
2023-09-17T00:00:00Z,7,NA,NA,NA,NA,NA,NA,NA,NA,NA,13303.11,NA,NA,NA,7
2023-09-18T00:00:00Z,7,NA,NA,NA,NA,NA,NA,NA,NA,NA,13444.02,NA,NA,NA,7
2023-09-19T00:00:00Z,7,NA,NA,NA,NA,NA,NA,NA,NA,NA,12628.76,NA,NA,NA,7
2023-09-20T00:00:00Z,7,NA,NA,NA,NA,NA,NA,NA,NA,NA,12912.01,NA,NA,NA,7
2023-09-21T00:00:00Z,7,NA,NA,NA,NA,NA,NA,NA,NA,NA,13544.67,NA,NA,NA,7
2023-09-22T00:00:00Z,7,NA,NA,NA,NA,NA,NA,NA,NA,NA,13179.46,NA,NA,NA,7
2023-09-23T00:00:00Z,7,NA,NA,NA,NA,NA,NA,NA,NA,NA,12566.93,NA,NA,NA,7
2023-09-24T00:00:00Z,7,NA,NA,NA,NA,NA,NA,NA,NA,NA,12032.04,NA,NA,NA,7
2023-09-25T00:00:00Z,7,NA,NA,NA,NA,NA,NA,NA,NA,NA,8100.923,NA,NA,NA,7
2023-09-26T00:00:00Z,7,NA,NA,NA,NA,NA,NA,NA,NA,NA,10177.2,NA,NA,NA,7
2023-09-27T00:00:00Z,7,NA,NA,NA,NA,NA,NA,NA,NA,NA,9396.438,NA,NA,NA,7
2023-09-28T00:00:00Z,7,NA,NA,NA,NA,NA,NA,NA,NA,NA,12837.25,NA,NA,NA,7
2023-09-29T00:00:00Z,7,NA,NA,NA,NA,NA,NA,NA,NA,NA,12802.74,NA,NA,NA,7
2023-09-30T00:00:00Z,7,NA,NA,NA,NA,NA,NA,NA,NA,NA,13126.26,NA,NA,NA,7
2023-10-01T00:00:00Z,7,NA,NA,NA,NA,NA,NA,NA,NA,NA,13267.17,NA,NA,NA,7
2023-10-02T00:00:00Z,7,NA,NA,NA,NA,NA,NA,NA,NA,NA,12884.7,NA,NA,NA,7
2023-10-03T00:00:00Z,7,NA,NA,NA,NA,NA,NA,NA,NA,NA,12807.05,NA,NA,NA,7
2023-10-04T00:00:00Z,7,NA,NA,NA,NA,NA,NA,NA,NA,NA,12407.33,NA,NA,NA,7
2023-10-05T00:00:00Z,7,NA,NA,NA,NA,NA,NA,NA,NA,NA,12331.12,NA,NA,NA,7
2023-10-06T00:00:00Z,7,0.07710234673059482,3.549374351663067,0.1675,3.3606684387958645,0.1913708744084156,15.851806914529815,-6.693671001359471,-6.768413700620826,13.906680297644565,12361.31,9.203797626869273,4.702882670775292,1.9570544857654262,7
2023-10-07T00:00:00Z,7,0.08415780819709594,3.195430959364034,0.08666666666666667,3.371798027719789,0.18345059341633832,13.96885790557382,-5.888004970013342,-5.964844296279303,11.826003969768566,12201.71,8.096006833768346,3.72999713600022,2.170512882068837,7
2023-10-08T00:00:00Z,7,NA,NA,NA,NA,NA,NA,NA,NA,NA,11750.34,NA,NA,NA,7
2023-10-09T00:00:00Z,7,0.08215376148143563,3.991541904326491,0.28208333333333335,4.1621951243287105,0.16122213986852213,9.482654150459762,-6.118295600700108,-6.1924066256603725,10.271086178883529,11012.87,8.412656450962649,1.8584297279208801,4.526755208750516,7
2023-10-10T00:00:00Z,7,0.08545134809492066,4.980318940273733,0.37041666666666667,4.36050625797578,0.15223916735712265,7.985925933208749,-7.121396119966169,-7.203781799397474,7.696921599053261,8232.88,9.791919664953483,-2.0949980659002216,-4.673951649089418,7
2023-10-12T01:00:00Z,7,0.31050875985970544,1.9024749459825816,2.09875,3.903871405948198,0.3687699034488977,133.6650627764589,-7.063577974673342,-7.36561666066573,10.454794980779816,5802.283,9.712419715175844,0.7423752656039717,13.082897781183677,7
2023-10-13T00:00:00Z,7,0.1009965366610366,1.6909263444347886,1.1295833333333334,3.5960742695538146,0.4279107414275435,177.3388081010863,-6.200711533151204,-6.300677612291233,14.945222075462164,11806.3,8.525978358082906,6.419243717379258,1.328190474370048,7
2023-10-14T00:00:00Z,7,0.11656832687585876,1.5292329384957422,1.0241666666666667,3.4390731181384107,0.38521226587907703,129.46987818203536,-4.886428201455351,-5.003836596055991,12.765471530594308,13248.48,6.718838777001107,6.046632753593201,1.111170307640802,7
2023-10-15T00:00:00Z,7,0.1106475979837532,1.621089452591806,1.11375,3.547480155299745,0.34814722962779254,95.58594332380792,-4.656750652976411,-4.766967628944639,12.06816529451709,13182.19,6.403032147842565,5.665133146674525,1.1302527199384877,7
2023-10-16T00:00:00Z,7,0.12647247388305366,1.7312029243791378,1.1325,3.8409258947082274,0.3125441281185593,69.13483477258553,-4.443508961754807,-4.573271655777978,10.721884894020338,12528.08,6.109824822412859,4.612060071607479,1.3247496189448704,7
2023-10-17T00:00:00Z,7,0.12996773663868172,1.9323907104805305,1.2541666666666667,4.22387402103528,0.28305003503946397,51.313078286134896,-4.376806366116593,-4.511420181464466,9.901113518499182,11685.69,6.018108753410315,3.8830047650888666,1.5498587092958627,7
2023-10-18T00:00:00Z,7,NA,NA,NA,NA,NA,NA,NA,NA,NA,11012.95,NA,NA,NA,7
2023-10-19T00:00:00Z,7,0.12009094294749756,3.9783547329454305,1.15625,4.339551898459076,0.24014900226770144,31.31941242295698,-7.95351956704472,-8.077214222092362,16.606214065757307,10828.86,10.93608940468649,5.670124661070817,1.9287211584200306,7
2023-10-20T00:00:00Z,7,0.1230515680522964,3.926758902704717,0.9858333333333333,4.1472533461726515,0.22440825108922943,25.5695330235021,-7.517054268067406,-7.643049379644507,15.643818693869031,10989.04,10.335949618592684,5.307869075276347,1.9472879741395197,7
2023-10-21T00:00:00Z,7,0.09947003131102523,3.4073297582382827,0.7975,3.9214996287988493,0.21132129309713163,21.364654533872528,-6.295720355599534,-6.397721968248692,12.897650769652932,10955.09,8.65661548894936,4.2410352807035725,2.041156207385584,7
2023-10-22T00:00:00Z,7,0.17833075144841015,3.644154224916717,0.68125,4.0905079635364405,0.19125638554307417,15.84115035680697,-6.196387083859736,-6.380695115523429,12.01119004558889,10668.3,8.520032240307136,3.4911578052817536,2.4404603617221845,7
2023-10-23T00:00:00Z,7,0.13856522241392483,3.7006580075519016,0.5741666666666667,4.04981364522496,0.17984272635211934,13.157645191309856,-5.973238785040198,-6.114941722366976,11.320742483281789,10586.3,8.213203329430272,3.1075391538515174,2.6429927099231363,7
2023-10-24T00:00:00Z,7,0.10025939730878956,4.113142688831052,0.5741666666666667,4.0595432694414235,0.17111221646685734,11.33460643172954,-6.34605961753317,-6.4472315480844635,11.444985964329257,10347.53,8.72583197410811,2.719153990221148,3.209024573631609,7
2023-10-25T00:00:00Z,7,0.09792461230311392,4.704164468951003,0.5016666666666667,3.9925031862976135,0.1642135284270568,10.01102104067378,-7.077278390819702,-7.1771930424080175,10.854974076245387,8716.438,9.73125778737709,1.123716288868298,8.659888517926086,7
2023-10-26T00:00:00Z,7,0.10279277331728638,4.631316073228117,0.15333333333333335,3.85210616529712,0.15697724501509616,8.753361775951998,-7.019031886589834,-7.119587293379902,9.02924718975564,8300.753,9.65116884406102,-0.62192165430538,-15.51830327381082,7
2023-10-27T00:00:00Z,7,NA,NA,NA,NA,NA,NA,NA,NA,NA,2650.89,NA,NA,NA,7
2023-10-28T00:00:00Z,7,NA,NA,NA,NA,NA,NA,NA,NA,NA,3380.137,NA,NA,NA,7
2023-10-29T00:00:00Z,7,NA,NA,NA,NA,NA,NA,NA,NA,NA,4011.575,NA,NA,NA,7
2023-10-30T00:00:00Z,7,NA,NA,NA,NA,NA,NA,NA,NA,NA,3313.973,NA,NA,NA,7
2023-10-31T00:00:00Z,7,NA,NA,NA,NA,NA,NA,NA,NA,NA,5057.26,NA,NA,NA,7
2023-11-01T00:00:00Z,7,NA,NA,NA,NA,NA,NA,NA,NA,NA,4592.671,NA,NA,NA,7
2023-11-02T00:00:00Z,7,NA,NA,NA,NA,NA,NA,NA,NA,NA,8965.853,NA,NA,NA,7
2023-11-03T00:00:00Z,7,NA,NA,NA,NA,NA,NA,NA,NA,NA,9148.199,NA,NA,NA,7
2023-11-04T00:00:00Z,7,NA,NA,NA,NA,NA,NA,NA,NA,NA,9808.577,NA,NA,NA,7
2023-11-05T00:00:00Z,7,NA,NA,NA,NA,NA,NA,NA,NA,NA,9418.349,NA,NA,NA,7
2023-11-06T00:00:00Z,7,NA,NA,NA,NA,NA,NA,NA,NA,NA,9109.351,NA,NA,NA,7
2023-11-07T00:00:00Z,7,NA,NA,NA,NA,NA,NA,NA,NA,NA,9227.336,NA,NA,NA,7
2023-11-08T00:00:00Z,7,NA,NA,NA,NA,NA,NA,NA,NA,NA,9785.609,NA,NA,NA,7
2023-11-09T00:00:00Z,7,NA,NA,NA,NA,NA,NA,NA,NA,NA,10293.68,NA,NA,NA,7
2023-11-10T00:00:00Z,7,NA,NA,NA,NA,NA,NA,NA,NA,NA,9245.753,NA,NA,NA,7
2023-11-11T00:00:00Z,7,NA,NA,NA,NA,NA,NA,NA,NA,NA,2396.301,NA,NA,NA,7
2023-11-12T00:00:00Z,7,NA,NA,NA,NA,NA,NA,NA,NA,NA,1438.533,NA,NA,NA,7
2023-11-13T00:00:00Z,7,NA,NA,NA,NA,NA,NA,NA,NA,NA,1299.28,NA,NA,NA,7
2023-11-14T00:00:00Z,7,NA,NA,NA,NA,NA,NA,NA,NA,NA,1778.417,NA,NA,NA,7
2023-11-15T00:00:00Z,7,NA,NA,NA,NA,NA,NA,NA,NA,NA,1664.705,NA,NA,NA,7
2023-11-16T00:00:00Z,7,NA,NA,NA,NA,NA,NA,NA,NA,NA,11532.74,NA,NA,NA,7
2023-11-17T00:00:00Z,7,NA,NA,NA,NA,NA,NA,NA,NA,NA,9372.515,NA,NA,NA,7
2023-11-18T00:00:00Z,7,NA,NA,NA,NA,NA,NA,NA,NA,NA,10383.5,NA,NA,NA,7
2023-11-19T10:00:00Z,7,NA,NA,NA,NA,NA,NA,NA,NA,NA,10255.57,NA,NA,NA,7
2023-11-20T00:00:00Z,7,NA,NA,NA,NA,NA,NA,NA,NA,NA,10707.69,NA,NA,NA,7
2023-11-21T13:00:00Z,7,NA,NA,NA,NA,NA,NA,NA,NA,NA,9375.206,NA,NA,NA,7
2023-11-23T10:00:00Z,7,NA,NA,NA,NA,NA,NA,NA,NA,NA,12626.56,NA,NA,NA,7
2023-11-25T11:00:00Z,7,NA,NA,NA,NA,NA,NA,NA,NA,NA,14859,NA,NA,NA,7
2023-11-27T11:00:00Z,7,NA,NA,NA,NA,NA,NA,NA,NA,NA,9369.786,NA,NA,NA,7
2023-11-29T10:00:00Z,7,NA,NA,NA,NA,NA,NA,NA,NA,NA,7985.329,NA,NA,NA,7
2023-11-30T00:00:00Z,7,NA,NA,NA,NA,NA,NA,NA,NA,NA,7873.018,NA,NA,NA,7
2023-12-01T10:00:00Z,7,NA,NA,NA,NA,NA,NA,NA,NA,NA,8615.906,NA,NA,NA,7
2023-12-02T00:00:00Z,7,NA,NA,NA,NA,NA,NA,NA,NA,NA,9252.038,NA,NA,NA,7
2023-12-05T12:00:00Z,7,NA,NA,NA,NA,NA,NA,NA,NA,NA,11004.32,NA,NA,NA,7
2023-12-06T10:00:00Z,7,NA,NA,NA,NA,NA,NA,NA,NA,NA,9542.383,NA,NA,NA,7
2023-12-07T00:00:00Z,7,NA,NA,NA,NA,NA,NA,NA,NA,NA,8875.144,NA,NA,NA,7
2023-12-08T00:00:00Z,7,NA,NA,NA,NA,NA,NA,NA,NA,NA,8251.694,NA,NA,NA,7
2023-12-09T00:00:00Z,7,0.11799924742065145,5.290979535855497,1.3516666666666666,4.8138739164888635,0.13231223356386113,5.241180736507747,-5.734148904580846,-5.849320803392774,9.603625021856868,8307.912,7.884454743798663,1.719170278058204,4.58619768177014,7
2023-12-10T00:00:00Z,7,0.31803787555180224,1.0312030716495777,1.6633333333333333,4.417931533955529,0.14660866367187284,7.640192787384834,-1.1717154537019836,-1.4763743095970763,2.1260805289244837,9038.847,1.6111087488402274,0.5149717800842564,3.1285379338196515,7
2023-12-11T00:00:00Z,7,0.1030932923766176,3.2792182162881405,1.8812499999999999,4.359346394646308,0.2212788887698988,24.49513005392448,-5.475615995204146,-5.57849765411142,11.042237870629243,8412.195,7.528971993405701,3.5132658772235423,2.143012301521479,7
2023-12-12T00:00:00Z,7,0.2824635068275179,4.8338666116560125,2.3125,5.06738877990774,0.21141523267895035,21.351511016573745,-7.294246004615338,-7.580388432411322,14.839290827152642,9584.982,10.02958825634609,4.809702570806552,2.0852824283195126,7
2023-12-13T00:00:00Z,7,0.22423390518101505,3.798946091867063,2.0629166666666667,5.049950816758294,0.20324542467266757,18.98406424431317,-5.675180841305178,-5.900343465721461,11.763577546953108,9735.941,7.803373656794619,3.960203890158489,1.9704474499878148,7
2023-12-14T00:00:00Z,7,0.2413373530502448,3.767531393767445,2.015,5.038008051705626,0.1930735293288769,16.267500529706535,-5.39056564264183,-5.633407483252015,10.878896025467329,9702.393,7.412027758632516,3.4668682668348128,2.1379605996392708,7
2023-12-15T00:00:00Z,7,0.2380575738873439,3.652537870754714,1.7845833333333334,4.896793172244258,0.18945098420499873,15.36494791964178,-5.373509749912225,-5.61206342197892,10.458490595283468,9544.251,7.38857590612931,3.0699146891541584,2.4067691301757494,7
2023-12-16T00:00:00Z,7,NA,NA,NA,NA,NA,NA,NA,NA,NA,9892.084,NA,NA,NA,7
2023-12-17T00:00:00Z,7,0.03889960093454958,0.262548941525294,5.9975000000000005,4.370720482682252,0.7789717655192886,1161.731245883228,-4.9340322537932595,-4.9741146263837415,1.3493506787975142,6710.79,6.784294348965732,-5.4349436701682174,-1.2482731672462304,7
2023-12-18T00:00:00Z,7,0.32443627598838987,2.059874981536052,2.19125,4.429791668912277,0.7744450519204064,1050.219372514105,-13.347500441374248,-13.671358651371357,19.101737783898955,5889.208,18.35281310688959,0.7489246770093629,24.50555265474334,7
2023-12-19T00:00:00Z,7,0.21858643953416465,1.1677823697360623,1.41,4.679757634827117,0.721386801864513,848.0757566246422,-6.462336047473129,-6.681565519325593,12.620541890574941,9096.878,8.885712065275552,3.7348298252993892,2.3791477740390117,7
2023-12-20T00:00:00Z,7,0.10968357018238106,1.6166885650911202,1.8208333333333333,5.1131059127337615,0.6803146553262801,711.2078802456452,-8.189365714735091,-8.299676945447693,17.154860039306932,9931.982,11.26037785776075,5.8944821815461825,1.9103252009164677,7
2023-12-21T00:00:00Z,7,0.13945339172663024,1.7788975199526562,2.026666666666667,5.174208994871139,0.6370231861675846,584.3628004024831,-8.328494514326506,-8.468765061644506,18.722626560324187,10412.89,11.451679957198946,7.270946603125241,1.574991618323358,7
2023-12-22T00:00:00Z,7,0.09699642470939451,1.411350442270346,2.06875,5.074671684467213,0.5800341517349701,441.66558038540694,-5.794032107140029,-5.891939939296562,14.420861929126314,11041.19,7.96679414731754,6.454067781808774,1.2343834023207019,7
2023-12-23T00:00:00Z,7,0.04209052577138753,1.3005171375686089,2.0975,4.88666862935032,0.5169302376483541,313.123467414372,-4.773238095726399,-4.815620850032456,12.575273145724525,11725.18,6.563202381623799,6.012070764100726,1.091670846726221,7
2023-12-24T00:00:00Z,7,0.03426434844509772,1.701087767433818,2.0283333333333333,4.763374713956041,0.4565006660316352,215.45902252020093,-5.828510536470351,-5.86586273963324,14.721379079746498,11901.45,8.014201987646732,6.707177092099766,1.1948695967915446,7
2023-12-25T00:00:00Z,7,0.2103005478538715,1.8180827929613856,1.85875,4.598166195858162,0.42286736012865966,170.8084776140519,-5.817101030200162,-6.030878365293662,14.88811945246449,12161.15,7.998513916525222,6.8896055359392685,1.1609538274435873,7
2023-12-26T00:00:00Z,7,0.0647438564717787,1.8088784404663245,1.6266666666666667,4.406218180279424,0.4052977227166577,150.5335138676191,-5.839935402278091,-5.903408742224384,14.802303410465072,12215.12,8.029911178132375,6.772392232332697,1.1856831238740193,7
2023-12-27T00:00:00Z,7,0.0658982313833309,2.1094754247736964,1.5104166666666667,4.325828963783287,0.37672541178415686,120.91119341002452,-6.148593836277006,-6.214316695008828,16.051648162600156,12887.77,8.454316524880882,7.5973316377192734,1.1128007737488839,7
2023-12-28T00:00:00Z,7,0.2606844238348263,1.2058453956114052,1.5141666666666667,4.498205495820522,0.35015518818916413,97.07264176276188,-3.6784203067063284,-3.9318993921435554,8.138543605210668,12290.67,5.057827921721201,3.0807156834894664,1.6417704330288274,7
2023-12-29T00:00:00Z,7,0.1058895885905192,2.7101432856411063,1.3945833333333333,4.694953158205319,0.3287164142510103,80.34745745822406,-6.794333979900704,-6.927829098410583,15.626415238483446,11751.93,9.342209222363467,6.284206016119979,1.486617274863241,7
2023-12-30T00:00:00Z,7,0.16415948798161142,2.241333595162323,1.6287500000000001,5.114655597449106,0.30223425901397244,62.42821297987895,-4.957802780129068,-5.136374967580874,10.605382858233853,10382.65,6.816978822677468,3.7884040355563844,1.7994328901289673,7
2023-12-31T00:00:00Z,7,0.3145286377975156,1.9471800827495716,1.8325,5.25589997475293,0.28296490229344085,51.214736766080954,-3.881365649554211,-4.1962633495452915,8.200029374334616,9919.023,5.3368777681370405,2.863151606197575,1.863987138014222,7
2024-01-01T00:00:00Z,7,0.46713907216289713,1.239542311756784,1.4829166666666667,5.273761601139071,0.2681341908138361,43.55659315667822,-2.6123601974094175,-3.0715695057794585,4.8995640902688296,9593.621,3.5919952714379493,1.3075688188308803,2.747079327457207,7
2024-01-02T00:00:00Z,7,NA,NA,NA,NA,NA,NA,NA,NA,NA,9847.609,NA,NA,NA,7
2024-01-03T00:00:00Z,7,0.04181765061371149,3.1714262735902734,2.20125,5.282311849868448,0.2436188955711246,32.66362506989128,-5.595666300653311,-5.643164000946051,10.684602558532466,9191.907,7.694041163398302,2.990561395134164,2.5727748562249895,7
2024-01-04T00:00:00Z,7,0.04221829925613417,2.7012803971382384,2.005,5.1141105341888276,0.23416328953870033,29.034650727456764,-4.8575654951428335,-4.894283380139948,8.764189656298559,9276.557,6.679152555821396,2.0850371004771624,3.2033734816003356,7
2024-01-05T00:00:00Z,7,0.22567061003260236,4.598181366500777,2.5166666666666666,5.247639236675314,0.23229443381963696,28.435893559423675,-7.314464040396593,-7.540567334801348,13.848994904277992,8782.994,10.057388055545315,3.791606848732677,2.6525397956032655,7
2024-01-06T00:00:00Z,7,NA,NA,NA,NA,NA,NA,NA,NA,NA,9133.811,NA,NA,NA,7
2024-01-07T00:00:00Z,7,0.11626314759108292,1.660349751863556,2.3475,4.68344522708747,0.2802700105400211,49.77638226366699,-3.2040550926440052,-3.3203174407985054,6.830967596952178,9439.203,4.4055757523855075,2.4253918445666702,1.8164387590627131,7
2024-01-08T00:00:00Z,7,NA,NA,NA,NA,NA,NA,NA,NA,NA,8929.857,NA,NA,NA,7
2024-01-09T00:00:00Z,7,NA,NA,NA,NA,NA,NA,NA,NA,NA,9093.527,NA,NA,NA,7
2024-01-10T00:00:00Z,7,0.10483123406393396,1.3273914169662715,3.6225,4.6798645530996295,0.5508541691325806,380.6529340004306,-4.677829486865428,-4.782485676334292,8.738950140363983,6812.939,6.432015544439963,2.3069345959240195,2.788122192889341,7
2024-01-11T00:00:00Z,7,0.149947688755449,1.8259336921054683,3.3491666666666666,5.000665450662953,0.464855417589623,227.36245263510745,-5.269963699941443,-5.420095554528042,10.925896614926039,8250.255,7.246200087419484,3.6796965275065547,1.9692385046572503,7
2024-01-12T00:00:00Z,7,0.1486392988473821,1.8739068062289277,3.2045833333333333,5.011510399181072,0.4300273176303927,179.67642905460178,-5.38152027820479,-5.5306263320837585,10.944586281751379,8493.587,7.399590382531586,3.544995899219793,2.087333975241026,7
2024-01-13T00:00:00Z,7,0.1304973297412756,1.482456937490078,2.9058333333333333,4.602994616126679,0.40877055163201215,154.61910846648215,-3.778884281760271,-3.9088721333287095,8.818630634463776,9407.773,5.195965887420372,3.6226647470434044,1.4342938831590748,7
2024-01-14T00:00:00Z,7,0.1278631933607147,1.7268439581274444,3.2620833333333334,4.986209436824247,0.3667325887682079,111.61573937268044,-3.6894493008078366,-3.8178674686317544,8.511359797192629,8790.193,5.072992788610775,3.438367008581854,1.4754075920194216,7
2024-01-15T00:00:00Z,7,0.19021978390592573,1.976110148760687,3.475416666666667,5.194339520076483,0.33911435171355186,88.11064041826319,-4.0532927282447915,-4.245467511952034,8.776949059005513,8457.591,5.573277501336588,3.203671557668925,1.7396532075815694,7
2024-01-16T00:00:00Z,7,0.1355792346631088,1.8288404197102512,3.1416666666666666,4.9252774126591765,0.34003906947207824,88.95321246578142,-3.8552414586089845,-3.9928397655356562,8.81629238938449,9007.481,5.300957005587354,3.5153353837971357,1.5079519951412022,7
2024-01-17T00:00:00Z,7,0.14176232192316313,1.7217248424212268,3.4916666666666667,4.966184008192961,0.3272955780760046,79.36794377918501,-2.852201359858444,-2.995627774203013,7.234685320710284,8934.177,3.9217768698053606,3.3129084509049234,1.1837866720205095,7
2024-01-18T00:00:00Z,7,0.145169313833836,2.003898206557498,3.9416666666666664,5.46990328504151,0.30084277895828515,61.51909946993564,-3.081948335808577,-3.2299808951335494,7.196642151443721,7825.49,4.237678961736793,2.958963189706928,1.4321499424115904,7
2024-01-19T00:00:00Z,7,0.15724963516595095,1.9827616143337743,3.7675,5.350098561883476,0.295270987511672,58.14281368125528,-3.082918432039696,-3.24146131196125,7.38473622091993,8097.632,4.239012844054582,3.145723376865348,1.3475478725273915,7
2024-01-20T00:00:00Z,7,0.12838907469546346,1.6835875642073272,3.8166666666666664,5.182652886489199,0.28145893337241207,50.44315250834555,-1.9867854995097693,-2.1133638208808505,5.759625346813243,8209.939,2.731830061825933,3.02779528498731,0.9022505832448915,7
2024-01-21T00:00:00Z,7,NA,NA,NA,NA,NA,NA,NA,NA,NA,7435.5,NA,NA,NA,7
2024-01-22T00:00:00Z,7,0.1841623709727804,3.797881552927911,4.685416666666667,5.837860607264044,0.24479901156772013,33.14399159854945,-4.08089264414069,-4.269741487964724,10.08172686082424,6974.152,5.611227385693448,4.470499475130792,1.2551678882658368,7
2024-01-23T00:00:00Z,7,0.1413040623520082,3.3461356971906717,3.7591666666666668,5.35541460447515,0.2435161491535104,32.61761877613205,-4.372818991991826,-4.507585269157304,10.327238891566386,7727.771,6.012626113988761,4.314612777577626,1.3935494154273698,7
2024-01-24T00:00:00Z,7,0.1763157431675077,3.3028103724675115,2.8204166666666666,4.943988842568154,0.2427528900512346,32.31482846128784,-5.154077862754591,-5.333684646471036,7.407015814994591,7880.577,7.086857061287563,0.3201587537070285,22.135446803283777,7
2024-01-25T00:00:00Z,7,NA,NA,NA,NA,NA,NA,NA,NA,NA,5950.434,NA,NA,NA,7
2024-01-26T00:00:00Z,7,0.09884190312736708,1.4255961206467764,2.703333333333333,4.224600898805676,0.39534306265582214,149.23463998560692,-4.430750881575964,-4.531945286766991,4.12870806654501,5065.044,6.092282462166951,-1.963574395621941,-3.1026491666170286,7
2024-01-27T00:00:00Z,7,0.1832222054354289,1.853149039787052,2.263333333333333,4.2001787313557815,0.41433353624283,160.80554898382292,-5.395924408497259,-5.580241716746205,7.343580807370061,6023.609,7.419396061683731,-0.07581525431367009,-97.86152046641563,7
2024-01-28T00:00:00Z,7,0.15376970573993404,1.5690143184244292,2.225833333333333,4.1277201305453595,0.3901558363722789,134.27614748719955,-4.022313070019072,-4.1753658769968185,6.385459445152904,6679.985,5.530680471276224,0.8547789738766802,6.470304769188369,7
2024-01-29T00:00:00Z,7,0.1898280316417642,1.6321734464133284,2.695,4.511310614979916,0.35128246317098694,98.1540089286221,-3.2404396121526005,-3.4331552643391383,5.293644393575289,5927.801,4.455604466709826,0.8380399268654637,5.316697121311637,7
2024-02-08T16:00:00Z,7,0.4083851007234291,4.488071521587419,3.638333333333333,5.21679799792962,0.2254223921035255,25.889601248403512,-4.918839092440502,-5.377028596833835,11.238354755425375,7475.905,6.76340375210569,4.474951003319685,1.5113916883309664,7
2024-02-09T00:00:00Z,7,0.4966404219382577,3.7272695448671023,3.317083333333333,4.885627997892193,0.22101468369603405,24.404804486303583,-4.585845287394782,-5.107145232291351,8.582087797191537,7204.935,6.305537270167825,2.276550527023712,2.769776991689035,7
2024-02-10T00:00:00Z,7,0.559972376962427,3.708132809891186,2.90375,4.717591215383429,0.2163793524556747,22.893841899475433,-4.8077790031205225,-5.399974147490155,7.31482029852351,6138.017,6.6106961292907185,0.7041241692327915,9.388537445737283,7
2024-02-11T00:00:00Z,7,0.6843101119720237,4.104327229629931,2.4475,4.528212223634901,0.21041125339826433,21.053929856662545,-5.679440548415185,-6.40656432250773,8.407991356782354,6091.942,7.809230754070879,0.5987606027114749,13.042325628484807,7
2024-02-12T00:00:00Z,7,0.46131042103646414,2.8486561683926013,1.9425000000000001,4.256498958032427,0.20863520817950745,20.533653293424315,-4.175166696431722,-4.657461485742298,6.313203103552219,6584.334,5.7408542075936175,0.5723488959586014,10.030340318868825,7
2024-02-13T00:00:00Z,7,0.5494861398329608,2.2550923702141104,2.024583333333333,4.183626164100717,0.2160212077999914,22.78317913756984,-3.024095609932937,-3.6027211064155846,4.7991630094287085,6590.125,4.158131463657789,0.6410315457709199,6.486625332388471,7
2024-02-14T00:00:00Z,7,0.5534685709647909,2.5918882063986306,2.6266666666666665,4.776627554210595,0.19826075561242024,17.639345802215878,-2.6095326118170874,-3.1899262002247504,3.986525079005993,6302,3.588107341248495,0.398417737757498,9.005892562525522,7
2024-02-15T00:00:00Z,7,0.569930284318625,2.639773293496792,2.8175,4.926611536806592,0.18795969334362905,15.008506999583007,-2.3982174226830986,-2.97251959813499,3.439092524458855,3520.275,3.2975489561892606,0.14154356826959447,23.297059672174594,7
2024-02-16T00:00:00Z,7,0.5626815773336039,2.746228083229964,2.6145833333333335,4.787877993179409,0.18505637314304935,14.32354598355697,-2.694913885736896,-3.2564487313914787,3.4892805176648998,4997.993,3.705506592888232,-0.21622607522333226,-17.137186572252887,7
2024-02-17T00:00:00Z,7,NA,NA,NA,NA,NA,NA,NA,NA,NA,3789.646,NA,NA,NA,7
2024-02-18T00:00:00Z,7,0.2722909353742429,1.3733835788459148,4.037916666666667,4.699270734709516,0.33680402512320157,92.54682987623715,-2.3070936440138734,-2.579008584359899,1.8330710109430568,2297.979,3.1722537605190757,-1.339182749576019,-2.3687982551473286,7
2024-02-19T00:00:00Z,7,0.4170010984867573,1.584960574541896,3.9845833333333336,5.050799603063237,0.3732966170477795,117.730989050513,-2.830505376088429,-3.2434044151989347,2.4758964931991883,3272.585,3.8919448921215896,-1.4160483989224013,-2.7484547103639403,7
2024-02-20T00:00:00Z,7,0.4998647242260571,1.6796338062158405,4.125,5.062498311173168,0.3330229569550045,83.55935935412226,-2.273139011244232,-2.775116008454422,1.4674235584492887,2347.099,3.1255661404608186,-1.6581425820115299,-1.8849803233863787,7
2024-02-21T00:00:00Z,7,0.4922273308982227,1.570573124107382,4.305416666666667,5.081056261289157,0.301585488777038,62.04744447231451,-1.5645174799093828,-2.0530604271465647,0.9006585542009271,1639.109,2.1512115348754013,-1.2505529806744742,-1.7202082343725775,7
2024-02-22T00:00:00Z,7,0.5363114069398772,1.713474847573046,4.453333333333333,5.0946439421280845,0.27612199088034545,47.6042481988147,-1.4528345340723863,-1.9880940535873453,0.8307447029510043,1457.929,1.997647484349531,-1.1669027813985267,-1.7119228064186816,7
2024-02-23T00:00:00Z,7,NA,NA,NA,NA,NA,NA,NA,NA,NA,1487.855,NA,NA,NA,7
2024-02-24T00:00:00Z,7,0.6552366377292799,2.023032112649124,3.8737500000000002,4.693135231604663,0.2515861463541109,36.00802578114633,-1.8282145424352743,-2.4847066113213483,1.2830472506920074,2012.889,2.513794995848502,-1.2307477451564948,-2.042494090069499,7
2024-02-25T00:00:00Z,7,0.680976181228936,2.459987710328937,3.9941666666666666,4.82444162253057,0.234342361866542,29.10563404707029,-2.0243974839702665,-2.7216014139525404,1.5296699397597808,1811.649,2.7835465404591164,-1.2538766006993356,-2.219952536722214,7
2024-02-26T00:00:00Z,7,0.7332505190748067,2.897535408195052,4.01875,4.894204514445767,0.2173451687812465,23.208857185661195,-2.2135554868234584,-2.98732343664291,1.5212991333976695,1886.905,3.043638794382255,-1.5223396609845856,-1.9993164944633688,7
2024-02-27T00:00:00Z,7,0.8611101292847,2.6403049130990572,3.7487500000000002,4.7763188860156305,0.20827119229996024,20.423432954605193,-1.942760174244237,-2.847804266114108,1.898248887790186,1898.277,2.671295239585826,-0.7730463517956401,-3.455543426834515,7
2024-02-28T00:00:00Z,7,0.981883375108901,2.549600576315464,3.1995833333333334,4.538903935775279,0.2007384120828846,18.28080529759393,-2.1826465428405193,-3.204891789762712,1.0540889484697393,1817.072,3.001138996405714,-1.9470500479359747,-1.541377428683539,7
2024-02-29T00:00:00Z,7,0.8318876941806446,2.6664731342695074,2.558333333333333,4.267066260335159,0.19541908326240895,16.869730463767095,-2.6413354750183076,-3.5253122952818554,1.1058045965610355,1688.927,3.631836278150173,-2.5260316815891377,-1.437763550085551,7
2024-03-01T00:00:00Z,7,0.7710606148174988,2.655134370952656,2.4299999999999997,4.638237613816918,0.1857462419470295,14.483951495036774,-2.6335716306354446,-3.4337899382984776,1.0536396835627098,1725.495,3.621160992123736,-2.5675213085610267,-1.4103723229285385,7
2024-03-02T00:00:00Z,7,0.6373927875989045,4.085870057656924,1.9033333333333333,4.301402675334603,0.18384396541520365,14.043599885683872,-5.149085723915469,-5.840282215492968,1.7444865907251932,1627.014,7.07999287038377,-5.335506279658577,-1.326958024091544,7
2024-03-03T00:00:00Z,7,NA,NA,NA,NA,NA,NA,NA,NA,NA,2014.329,NA,NA,NA,7
2024-03-04T00:00:00Z,7,0.1821208432517677,1.4010710479009807,2.6175,4.174327958209527,0.4794142462410798,250.919308841252,-4.7195552121634625,-4.892306228638953,1.802807693918349,1284.333,6.489388416724761,-4.686580722806412,-1.3846744141513034,7
2024-03-05T00:00:00Z,7,0.08935777667867942,1.5593251940282946,2.2191666666666667,4.171768708248845,0.4201166917485353,167.6428220234785,-4.198327576548852,-4.286528215900498,3.2452855098408078,3534.795,5.772700417754672,-2.5274149079138644,-2.284033539439504,7
2024-03-06T00:00:00Z,7,0.09098882207385682,1.653620702640965,2.42875,4.138476745998765,0.4813946552135528,253.21235091907084,-5.929226038678544,-6.016185087208594,3.837025461940512,3121.563,8.152685803182997,-4.315660341242485,-1.889093477832833,7
2024-03-07T00:00:00Z,7,0.15440517159465617,1.6052445217455698,2.0258333333333334,4.025862189347703,0.4260759839701499,175.33532768293722,-4.824311147844151,-4.977886369167339,2.6775812294447943,3256.907,6.633427828285708,-3.9558465988409135,-1.6768668002013378,7
2024-03-08T00:00:00Z,7,0.1903828916524231,1.7043112959030486,2.0241666666666664,4.067240570340102,0.38335402352622894,127.58244747449764,-4.602433376064995,-4.792703964245051,3.391114370709002,3074.107,6.328345892089367,-2.9372315213803653,-2.154527433750041,7
2024-03-09T00:00:00Z,7,0.17475216091078094,0.7694569613574903,1.9145833333333333,3.954630770867449,0.3627959331676239,109.00716928378594,-1.9011943644831575,-2.0632006396167637,1.8088754022491094,3701.816,2.6141422511643415,-0.8052668489152321,-3.2463055627905573,7
2024-03-10T01:00:00Z,7,0.15321432772323593,1.1925173655541483,1.9537499999999999,3.7708319884990638,0.459333531545851,219.81345675535357,-3.858778790469087,-4.003829628507537,4.226824704506932,4058.897,5.305820836894995,-1.0789961323880632,-4.917367799226499,7
2024-03-11T00:00:00Z,7,0.18789780738127165,1.504941010210589,2.2875,4.256606012223151,0.3942921135842272,139.08222044198914,-3.657684588625485,-3.8442191132889065,5.432666462821667,5894.949,5.029316309360042,0.4033501534616253,12.46885929309193,7
2024-03-12T00:00:00Z,7,0.1780931670994325,1.8306275886389616,2.5845833333333332,4.5570976864553625,0.34520574647209895,93.1054032076376,-3.8177960226672276,-3.995110292613722,5.536122701227803,5472.532,5.249469531167438,0.2866531700603643,18.312965211799295,7
2024-03-13T00:00:00Z,7,0.16269619833056348,1.7812986498911298,2.5004166666666667,4.450065201256917,0.31365085381685925,69.82539441048273,-3.3572829962321564,-3.515490998953169,2.569214292962428,3815.431,4.616264119819215,-2.047049826856787,-2.255081463702042,7
2024-03-14T03:00:00Z,7,0.16219004675232454,1.875873441574564,2.4579166666666667,4.416157667160349,0.28687513738663833,53.43638500173762,-3.232052552661347,-3.397292196103482,2.509971236695697,2895.846,4.444072259909352,-1.934101023213655,-2.2977456743832283,7
2024-03-15T00:00:00Z,7,NA,NA,NA,NA,NA,NA,NA,NA,NA,2882.091,NA,NA,NA,7
2024-03-16T00:00:00Z,7,0.14419624162171768,4.031282118213443,1.6283333333333334,3.9993133193370323,0.24721795579954792,34.1839687575124,-7.6489106531777,-7.801605552233393,4.586199704155651,3307.307,10.517252148119338,-5.931052443963687,-1.7732522596092104,7
2024-03-17T00:00:00Z,7,0.09462084759583952,3.599726292427757,1.2583333333333333,3.8442418553496864,0.2325692522597164,28.48891965450538,-6.759523222766885,-6.866265022825857,4.86446907188895,2963.224,9.294344431304467,-4.429875359415517,-2.098105178410883,7
2024-03-18T00:00:00Z,7,0.17140826980277796,4.61103086797674,1.125,3.801028423011578,0.22745835188640065,26.592474080430986,-8.730634333956,-8.922368609254207,5.269512441494815,3249.737,12.0046222091895,-6.735109767694686,-1.7823944409592718,7
2024-03-19T00:00:00Z,7,0.1293964665790564,2.7605848431687403,1.4133333333333333,4.112251244541678,0.21365510458293643,22.12622036869034,-4.264414161500266,-4.424139861270065,1.4362599045877475,1991.974,5.863569472062865,-4.427309567475118,-1.324409188627585,7
2024-03-20T00:00:00Z,7,0.28258533514805906,4.9258246155805425,1.88,4.72792008444552,0.19300013903058108,16.255978763205835,-6.685539838016074,-7.016906423328693,1.9833229705487039,1619.485,9.1926172772721,-7.209294306723397,-1.275106395462182,7
2024-03-21T00:00:00Z,7,0.3815529109963023,5.234643023683795,1.8625,4.653575217676339,0.1877365868368101,14.961230542309655,-7.068385304207553,-7.493334286362009,2.9809363670842757,1927.24,9.719029793285385,-6.738093426201109,-1.442400569201503,7
2024-03-22T01:00:00Z,7,0.07241518503561009,0.9211594829190168,2.169583333333333,4.40949449077401,0.21667878487272135,23.911780173805816,-1.066109337127096,-1.2196129706295233,0.8481098807481924,3482.418,1.465900338549757,-0.6177904578015647,-2.372811557767062,7
2024-03-23T00:00:00Z,7,NA,NA,NA,NA,NA,NA,NA,NA,NA,2826.882,NA,NA,NA,7
2024-03-24T00:00:00Z,7,0.15541821939622288,1.6062102521958597,2.0766666666666667,4.218305195684911,0.30758587956569866,66.03062529613673,-3.275289910918864,-3.4331045700238656,1.7785776015518184,2432.715,4.503523627513438,-2.7249460259616196,-1.6527019561512846,7
2024-03-25T00:00:00Z,7,NA,NA,NA,NA,NA,NA,NA,NA,NA,2925.5,NA,NA,NA,7
2024-04-18T11:57:40Z,7,NA,NA,NA,NA,NA,NA,NA,NA,NA,13840.12,NA,NA,NA,7
2024-04-19T00:00:00Z,7,NA,NA,NA,NA,NA,NA,NA,NA,NA,19278.81,NA,NA,NA,7
2024-04-20T00:00:00Z,7,NA,NA,NA,NA,NA,NA,NA,NA,NA,10716.05,NA,NA,NA,7
2024-04-21T00:00:00Z,7,NA,NA,NA,NA,NA,NA,NA,NA,NA,10174.49,NA,NA,NA,7
2024-04-22T00:00:00Z,7,NA,NA,NA,NA,NA,NA,NA,NA,NA,10196.16,NA,NA,NA,7
2024-04-23T00:00:00Z,7,NA,NA,NA,NA,NA,NA,NA,NA,NA,10097.27,NA,NA,NA,7
2024-04-24T00:00:00Z,7,0.11079415737476551,3.2525860825094206,0.6295833333333334,4.182902996153973,0.14927419930597435,7.527486883525936,-4.2982376829692575,-4.415082288191,4.743875894780784,10678.69,5.910076814082729,-1.1662009193019456,-5.06780325436575,7
2024-04-25T00:00:00Z,7,NA,NA,NA,NA,NA,NA,NA,NA,NA,6301.089,NA,NA,NA,7
2024-04-26T00:00:00Z,7,0.0706863145179888,2.959929373901138,0.5468181818181819,3.886241809854994,0.13354812618716133,5.40370590046929,-3.598786446538602,-3.665862674486974,1.0530068417447214,1750,4.948331363990578,-3.8953245222458563,-1.270325831835343,7
2024-04-27T00:00:00Z,7,NA,NA,NA,NA,NA,NA,NA,NA,NA,1026.955,NA,NA,NA,7
2024-04-28T02:00:00Z,7,NA,NA,NA,NA,NA,NA,NA,NA,NA,1310.7,NA,NA,NA,7
2024-04-29T01:00:00Z,7,NA,NA,NA,NA,NA,NA,NA,NA,NA,1371.421,NA,NA,NA,7
2024-04-30T02:00:00Z,7,NA,NA,NA,NA,NA,NA,NA,NA,NA,800.8228,NA,NA,NA,7
2024-05-01T06:00:00Z,7,NA,NA,NA,NA,NA,NA,NA,NA,NA,1407.202,NA,NA,NA,7
2024-05-02T00:00:00Z,7,NA,NA,NA,NA,NA,NA,NA,NA,NA,806.5844,NA,NA,NA,7
2024-05-03T03:00:00Z,7,NA,NA,NA,NA,NA,NA,NA,NA,NA,973.6626,NA,NA,NA,7
2024-05-04T00:00:00Z,7,NA,NA,NA,NA,NA,NA,NA,NA,NA,1133.539,NA,NA,NA,7
2024-05-05T00:00:00Z,7,NA,NA,NA,NA,NA,NA,NA,NA,NA,11819.34,NA,NA,NA,7
2024-05-06T00:00:00Z,7,0.1767431111621431,2.3251055448839564,4.99375,3.849522533587112,0.02751088759753285,0.07074140261295615,0.04183729898509289,-0.13502373432519238,0.16167409986592501,3219.136,-0.05752628610450272,0.21920038597042774,-0.2624369745054353,7
2024-05-10T07:00:00Z,7,NA,NA,NA,NA,NA,NA,NA,NA,NA,1071.605,NA,NA,NA,7
2024-05-14T08:00:00Z,7,0.02141077685301222,0.96798797714503,5.005,3.8615152999686813,0.0735647675840807,1.7233119725706638,-1.2010727719496321,-1.2224836871148919,0.8306160454399018,2993.004,1.651475061430744,-0.8208590159908423,-2.0118863644779266,7
2024-05-15T00:00:00Z,7,0.10737990287049208,4.552442382575786,0.48125,3.408699043375816,0.12701345402690792,4.634871136220784,-5.443749223122516,-5.551124843185061,4.91582510536353,1976.135,7.48515518179346,-2.56933007642993,-2.9132711481718387,7
2024-05-16T00:00:00Z,7,NA,NA,NA,NA,NA,NA,NA,NA,NA,894.4445,NA,NA,NA,7
2024-05-17T00:00:00Z,7,NA,NA,NA,NA,NA,NA,NA,NA,NA,5160.709,NA,NA,NA,7
2024-05-18T00:00:00Z,7,NA,NA,NA,NA,NA,NA,NA,NA,NA,1930.041,NA,NA,NA,7
2024-05-19T00:00:00Z,7,NA,NA,NA,NA,NA,NA,NA,NA,NA,3265.3,NA,NA,NA,7
2024-05-20T00:00:00Z,7,NA,NA,NA,NA,NA,NA,NA,NA,NA,2974.957,NA,NA,NA,7
2024-05-21T19:00:00Z,7,NA,NA,NA,NA,NA,NA,NA,NA,NA,4033.46,NA,NA,NA,7
2024-05-22T00:00:00Z,7,NA,NA,NA,NA,NA,NA,NA,NA,NA,831.2423,NA,NA,NA,7
2024-05-23T00:00:00Z,7,NA,NA,NA,NA,NA,NA,NA,NA,NA,5179.159,NA,NA,NA,7
2024-05-24T00:00:00Z,7,0.04946642074670646,4.471499512535091,8.2975,3.650474900217195,0.03780901425439211,0.18061663579538167,-0.10827603978261748,-0.1576074766428187,0.844173820466559,3127.301,0.14887955470109904,0.6952942657654599,0.21412452544419489,7
2024-07-08T20:00:00Z,7,NA,NA,NA,NA,NA,NA,NA,NA,NA,4266.81,NA,NA,NA,7
2024-07-10T05:00:00Z,7,NA,NA,NA,NA,NA,NA,NA,NA,NA,1194.137,NA,NA,NA,7
2024-07-11T00:00:00Z,7,NA,NA,NA,NA,NA,NA,NA,NA,NA,7974.565,NA,NA,NA,7
2024-07-12T00:00:00Z,7,0.05824889308014262,3.582374892022489,0.47125,3.0370422013459817,0.11817432650016814,3.783517059396461,-4.030347055270922,-4.088583852041102,9.538038190464754,12979.54,5.541727200997518,3.9963109894672355,1.3867106978419386,7
2024-07-13T00:00:00Z,7,0.06779098186433595,2.408969472716204,0.07583333333333334,3.050932303889771,0.11001919655354447,3.0939154555448862,-2.539523872297698,-2.607312573350382,5.9943219231021665,13820.23,3.4918453244093346,2.502476598692832,1.3953558351887483,7
2024-07-14T00:00:00Z,7,0.05491841178054787,2.425250317855341,0.09375,2.9827120574240924,0.09711131088928844,2.1383474034982513,-2.230112020190742,-2.2850025493007013,5.038976228099698,13909.96,3.06640402776227,1.972572200337428,1.5545205530310786,7
2024-07-15T00:00:00Z,7,0.10191928640331696,3.902576140878516,0.020416666666666666,3.0499343697501016,0.08558609844492392,1.4289459501067965,-3.2525503677831744,-3.3544648570360125,6.4984862298427535,13202.94,4.472256755701864,2.026229474140889,2.2071817692801448,7
2024-07-16T00:00:00Z,7,0.118306384655096,4.6658001231814294,0.06416666666666666,3.2080562996249404,0.07947415440285428,1.143878068237966,-3.6073969501046026,-3.725755178750409,6.865463222750744,11601.43,4.960170806393829,1.9052924163569154,2.6033645879292933,7
2024-07-17T00:00:00Z,7,0.07140639401724702,2.607886190783244,0.016666666666666666,3.135119808850104,0.0705205380107729,0.8280252111421237,-1.7415372571621888,-1.8129391577542762,3.325849916240309,10419.15,2.3946137285980096,0.9312361876422992,2.5714354321438955,7
2024-07-18T00:00:00Z,7,0.06468741898473788,1.9272208373909705,0.16666666666666666,3.1614122880485604,0.05183243245274357,0.35830395696551276,-0.8458046821821615,-0.9103791531662612,1.7251300132322984,11985.18,1.1629814380004722,0.5621485752318263,2.0688150592943626,7
2024-07-19T00:00:00Z,7,0.16819919792847987,1.3545655653905817,3.83375,3.2697154509662267,0.03335569095380619,0.0994032934218964,0.013574119242491484,-0.15440231862807735,0.5019535547169576,8664.801,-0.01866441395842579,0.5206179686753833,-0.03585049898664458,7
2024-07-24T11:00:00Z,7,0.08337836762690533,1.651992502939316,1.2425,3.5130771198357085,0.06245054081017254,0.9245370248126188,-0.9915590538565122,-1.0749374676322931,1.2947356962807175,885.8945,1.3633936990527042,-0.06865800277198675,-19.85775356123503,7
2024-07-25T00:00:00Z,7,0.6246414064794666,2.3748714062274723,1.4258333333333333,3.112444685747952,0.15006094330370467,8.105781866318708,-3.1882227311644367,-3.812826698495305,4.194718420137897,8986.94,4.3838062553511,-0.18908783521320327,-23.183967654017522,7
2024-07-26T00:00:00Z,7,0.08116616536192063,3.6505382279666314,0.86,3.097873492451711,0.1744764277407343,12.097854203572906,-5.669298901647449,-5.750441118097088,7.863673493516007,5871.935,7.795285989765242,0.06838750375076508,113.98699414698308,7
2024-07-27T00:00:00Z,7,NA,NA,NA,NA,NA,NA,NA,NA,NA,7975.746,NA,NA,NA,7
2024-07-28T00:00:00Z,7,NA,NA,NA,NA,NA,NA,NA,NA,NA,6001.388,NA,NA,NA,7
2024-07-29T01:00:00Z,7,0.08799525991820946,2.0141263881705895,0.9325,3.111101158516005,0.3193752970839275,73.83025392216673,-5.546905632365697,-5.634875478521578,3.708402333699271,2263.202,7.626995244502834,-3.918592910803563,-1.9463607009228245,7
2024-07-30T01:00:00Z,7,0.1104743991443629,2.01814952662961,0.7208333333333333,2.9937868975708932,0.32973213597942325,81.29180701117659,-6.4842923315452206,-6.5950873267567305,4.2498351854290775,4161.552,8.915901955874679,-4.666066770445601,-1.9107960504009731,7
2024-07-31T06:00:00Z,7,0.0879709563140625,1.8493581171577345,0.18416666666666667,2.9867746760335736,0.2934509081139375,57.394235571694914,-5.208856188536818,-5.2969815919815675,3.166055808578085,3881.1,7.162177259238125,-3.99612145066004,-1.7922821785246659,7
2024-08-01T00:00:00Z,7,NA,NA,NA,NA,NA,NA,NA,NA,NA,3691.881,NA,NA,NA,7
2024-08-02T15:00:00Z,7,NA,NA,NA,NA,NA,NA,NA,NA,NA,3478.913,NA,NA,NA,7
2024-08-03T00:00:00Z,7,0.11261617368146563,1.6034111324646405,1.2470833333333333,3.1314031699881157,0.40013104571663693,145.22748979542408,-5.36707574515204,-5.479769045268011,2.9950249338700625,3124.917,7.379729149584056,-4.3847042157139935,-1.683062023462479,7
2024-08-04T01:00:00Z,7,0.30593105034459445,3.1364714732733705,1.28375,3.0463319911459816,0.37507266226653674,120.25014221314916,-9.485197713181629,-9.789562518546955,5.74191012344751,2934.539,13.04214685562474,-7.30023673217723,-1.7865375239324652,7
2024-08-07T00:00:00Z,7,0.11361118825699848,1.507985689546806,0.135,3.0822232686640625,0.7611203093618307,995.8196335438856,-11.311195173764757,-11.424237668278852,2.6462627367840668,2804.922,15.552893363926541,-12.906630627142475,-1.2050312597634127,7
2024-08-08T00:00:00Z,7,0.1279877606443421,1.4700518285660806,0.01,2.9306870207912326,0.7280212848304485,871.3792711481553,-10.532791653913476,-10.660779414557817,1.8368078365119005,1051.48,14.48258852413103,-12.64578068761913,-1.1452506477761575,7
2024-08-11T21:00:00Z,7,0.11628611730188115,1.456151510736975,0.01,2.8993695383095264,0.6557641327403868,637.0095893429021,-9.433752033214962,-9.550038150516842,2.094958855366702,1682.898,12.971409045670573,-10.87645019030387,-1.19261420948117,7
2024-08-12T00:00:00Z,7,0.126266146195766,1.5965371427500548,0.01,2.89723117180213,0.6252866096641284,551.9900742280734,-9.894777321857758,-10.021043468053524,2.7914643729492203,1593.102,13.605318817554418,-10.813854444605198,-1.2581377793874249,7
2024-08-13T00:00:00Z,7,0.10957752613727607,1.3587728364258485,0.01,2.947496915660138,0.5919175088350174,469.10157592516344,-7.931663654890233,-8.041241181027509,2.168097173914876,2018.063,10.906037525474071,-8.737940351559194,-1.2481245106609136,7
2024-08-14T00:00:00Z,7,0.10703992746452932,1.3425081244837067,0.01,2.9088954701256364,0.5371477970228665,350.9891067267834,-7.122545754066165,-7.229585681530694,3.2081248197354095,1961.955,9.793500411840977,-6.585375592105567,-1.4871589744374267,7
2024-08-15T00:00:00Z,7,0.10852844072976987,1.4402032057851404,0.01,2.9654705468441582,0.4824955096879891,254.4069715052885,-6.892347068595179,-7.000875509324949,2.1865243251955233,2252.788,9.476977219318371,-7.290452894122848,-1.2999161172769083,7
2024-08-23T13:00:00Z,7,NA,NA,NA,NA,NA,NA,NA,NA,NA,10378.43,NA,NA,NA,7
2024-09-13T13:00:00Z,7,0.28007509262235725,1.6417439166965633,0.5729166666666666,3.2853262815104327,0.4257657123705855,174.33791493873207,-6.196078971576806,-6.47605723967445,3.137416805924274,4139.506,8.519608585918109,-5.382191779993835,-1.5829254947002034,7
2024-09-14T00:00:00Z,7,0.12114628425027152,1.6835206584654951,0.7666666666666667,3.278458257253778,0.4083742440212154,154.09565913650397,-6.0954182561796575,-6.218250546116669,2.6406570615773504,2915.226,8.381200102247028,-5.740543040669678,-1.4600012651885452,7
2024-09-15T00:00:00Z,7,0.14529475669595074,1.528386252621513,0.7420833333333333,3.20939244580837,0.3813372581290616,125.43827844759404,-5.236399865203014,-5.375774800756192,2.817594915965553,2690.535,7.200049814654144,-4.382454898688591,-1.6429261637829273,7
2024-09-16T00:00:00Z,7,0.10977569146073694,1.5669669723191657,0.775,3.239956949953255,0.3996437341359531,144.4122133649494,-5.50344988367707,-5.610210199074792,2.1452242288567427,2522.023,7.567243590055972,-5.422019361199229,-1.3956504184046785,7
2024-09-17T00:00:00Z,7,0.10643630035866936,1.6712495485625758,0.69375,3.33833074063989,0.3650945173102466,110.17354348509016,-5.486445757833253,-5.590875387653278,2.033859051083686,2347.771,7.543862917020722,-5.510003865937037,-1.3691211658955533,7
2024-09-18T00:00:00Z,7,0.2014304443978195,2.0282803439759394,0.635,3.2514965485993303,0.340596835739126,89.26661609295658,-6.361119417499828,-6.564145775525739,2.230108847975344,2414.125,8.746539199062264,-6.516430351086919,-1.3422286018300449,7
2024-09-19T00:00:00Z,7,0.0873483535120677,1.751463370194571,0.5741666666666667,3.2560921364650315,0.3472254474811979,94.62751061745908,-5.64751482602855,-5.7429066768584445,1.6937943551360786,2054.028,7.765332885789256,-6.071538530653178,-1.2789728413292074,7
2024-09-20T00:00:00Z,7,0.12092381922637026,1.8523352757590748,0.51875,3.1751990953262204,0.32686991434588936,79.03308326420273,-5.661911869627634,-5.788612310226997,1.648519821330822,1953.181,7.785128820737997,-6.136608999407175,-1.2686369331156795,7
2024-09-21T00:00:00Z,7,0.11961369905706074,1.8734734024623536,0.39666666666666667,3.2068709544781355,0.30420992584409395,63.68638153056419,-5.44994155840557,-5.572876056063184,1.396726882587365,1771.796,7.493669642807658,-6.096942760220293,-1.2290864352049287,7
2024-09-22T00:00:00Z,7,0.12259545804051591,1.84682895122329,0.35208333333333336,3.277579734955945,0.2832702059343512,51.432163853325605,-5.0451083440867235,-5.170706114513564,1.299328404602209,1852.715,6.937023973119245,-5.637695568517035,-1.2304715444122483,7
2024-09-23T00:00:00Z,7,NA,NA,NA,NA,NA,NA,NA,NA,NA,1892.801,NA,NA,NA,7
2024-09-24T00:00:00Z,7,NA,NA,NA,NA,NA,NA,NA,NA,NA,2362.453,NA,NA,NA,7
2024-09-25T00:00:00Z,7,0.0814490830533736,3.4811122755686523,0.32875,3.183684300420847,0.23563403111654715,29.584013455274683,-7.932154820543581,-8.015809680331538,2.5164915010625606,2123.28,10.906712878247424,-8.390221377184863,-1.2999314783165958,7
2024-09-26T00:00:00Z,7,NA,NA,NA,NA,NA,NA,NA,NA,NA,3376.132,NA,NA,NA,7
2024-09-27T00:00:00Z,7,0.1072488794190483,1.6795224821074992,0.575,3.1219974201833174,0.3412808333192424,91.78161563123636,-5.769893076161679,-5.856031154421784,1.2157984575369647,1819.137,7.933602979722309,-6.717804522185345,-1.1809815176255616,7
2024-09-28T00:00:00Z,7,0.09949800657041163,1.880111959430724,0.32208333333333333,3.1837204658103255,0.33184871218227263,82.5360172758068,-6.065427899325789,-6.1858764986255,1.2052582222487294,1607.667,8.33996336157296,-7.13470513932423,-1.1689289464263533,7
2024-09-29T00:00:00Z,7,0.11015641786235232,1.693076399258949,0.22916666666666669,3.1686305504512604,0.30762697813274403,66.00319161599757,-5.160166312998725,-5.274496019211029,0.8903909825510762,1362.564,7.095228680373247,-6.204837697822171,-1.143499479908007,7
2024-09-30T00:00:00Z,7,0.1369980979277095,1.724094665225052,0.13958333333333334,3.173911422594778,0.2800674533167247,49.69808771184007,-5.00317806597285,-5.133535315467556,0.8186678523228028,1492.253,6.87936984071267,-6.060701988389867,-1.135078057606376,7
2024-10-01T00:00:00Z,7,0.11082943910440818,1.8665115579418037,0.18708333333333332,3.1533752142876983,0.3069547230003549,65.37833948939104,-5.782805814915439,-5.898111585760061,0.8864227322286599,1333.747,7.951357995508729,-7.064935263280069,-1.125467919973143,7
2024-10-02T00:00:00Z,7,0.11820043645379603,1.7744943498781034,0.14625,3.1391879559764955,0.2891854639769885,54.72203284055792,-5.223148742825775,-5.340661315657172,0.7334949608316134,1253.087,7.181829521385441,-6.448334560553827,-1.1137495199642087,7
2024-10-03T00:00:00Z,7,0.12173654283773884,1.8562503424235328,0.10125,3.158793179744631,0.26854517648429244,43.80605523580327,-5.177620872268828,-5.298195145390708,0.6270965979903212,1290.589,7.119228699369638,-6.492132101379317,-1.0965933206838303,7
2024-10-04T00:00:00Z,7,NA,NA,NA,NA,NA,NA,NA,NA,NA,995.2887,NA,NA,NA,7
2024-10-05T00:00:00Z,7,0.06500221255345695,3.691224925475402,0.02875,3.164507317349132,0.24362476679498804,32.67575283659903,-9.270837053736686,-9.33450178243738,1.01974728208798,1172.441,12.747400948887943,-11.727653666799963,-1.086952370104073,7
2024-10-06T00:00:00Z,7,NA,NA,NA,NA,NA,NA,NA,NA,NA,1087.449,NA,NA,NA,7
2024-10-07T00:00:00Z,7,0.11805314262525486,1.7830970569980382,0.4941666666666667,3.3954803650173053,0.40225642875528167,146.96461590109698,-6.672847227302817,-6.783233049186941,0.9894108154533976,1071.605,9.175164937541375,-8.185754122087978,-1.1208698429853428,7
2024-10-08T00:00:00Z,7,0.09888516244782584,1.648549009044017,0.5395833333333334,3.427654528910521,0.38472495429839354,128.87211754717947,-5.813191840559889,-5.911923583234229,0.8591886792902033,1391.365,7.993138780769847,-7.133950101479644,-1.120436597827058,7
2024-10-09T00:00:00Z,7,0.3910199835110944,1.3931029930390508,0.9016666666666667,3.404268910780537,0.4109986810882713,167.9175570571459,-4.517695601143293,-4.905200092425872,0.7179284522366511,1132.099,6.211831451572028,-5.4939029993353765,-1.1306773076123664,7
2024-10-10T00:00:00Z,7,0.07100675074847741,1.957751304328345,1.39125,3.5290685768419934,0.5986518026066354,484.765151214657,-10.297934435299027,-10.357572003925391,1.2337896248029667,1034.156,14.159659848536162,-12.925870223733195,-1.095451184597042,7
2024-10-11T00:00:00Z,7,0.08638037332420787,1.347214271808402,0.8258333333333333,3.608169604684849,0.5432920327961868,363.74069508346,-6.430644180237957,-6.514959964814199,0.6284548841313432,862.8203,8.842135747827191,-8.213680863695847,-1.0765131850823533,7
2024-10-12T00:00:00Z,7,0.08946020497692117,1.4674401813389486,0.74125,3.7808750578348618,0.4790549725038843,249.07333823129107,-6.12546503620776,-6.214353242581328,0.5510411040343354,956.4771,8.42251442478567,-7.871473320751334,-1.0700048239484776,7
2024-10-13T14:00:00Z,7,0.08658620726818658,1.521862671566167,0.7941666666666667,3.777306021276345,0.43219379923608336,182.7676121902107,-5.661014667000533,-5.748252672134951,0.4500427348478295,808.0247,7.783895167125733,-7.3338524322779035,-1.061365120038016,7
2024-10-14T17:00:00Z,7,0.1096153094754841,1.8043736059158528,0.84875,3.786818861065087,0.3894072553296619,133.58288753692514,-6.065860770212346,-6.179543917963541,0.4805998891922523,809.4651,8.340558559041977,-7.859958669849725,-1.0611453455901494,7
2024-10-25T12:00:00Z,7,NA,NA,NA,NA,NA,NA,NA,NA,NA,2233.951,NA,NA,NA,7
2024-10-26T00:00:00Z,7,0.10255495610420842,4.067175904204126,0.5308333333333333,3.864424881657582,0.1976560195544633,17.464177923116566,-7.291716991385857,-7.394095068155188,1.2869304452110983,1509.656,10.026110863155553,-8.739180417944455,-1.1472598554629447,7
2024-10-27T00:00:00Z,7,0.09736344894995172,4.205403931140746,0.5291666666666667,3.8454816937196448,0.1870731385402164,14.80468828029452,-7.162755745722512,-7.258314842049735,0.836823341055771,1339.514,9.848789150368454,-9.011965809312683,-1.0928569147689202,7
2024-10-28T00:00:00Z,7,0.07420525933144191,4.3735715229697245,0.5429166666666667,3.8590972671061166,0.1819123327640597,13.603711691283836,-7.2401189627329074,-7.311916877474484,0.6385780499678138,918.9964,9.955163573757748,-9.316585523789934,-1.0685420692309648,7
2024-10-29T00:00:00Z,7,0.08169045119451666,4.520866222022768,0.5754166666666667,3.911832342985686,0.1753717893799424,12.191496363131064,-7.175703250648957,-7.254909109682055,0.585321488009494,855.5565,9.866591969642316,-9.281270481632822,-1.0630648022991913,7
2024-10-30T01:00:00Z,7,0.08711810063421013,4.558011962715953,0.5337500000000001,3.8937580532403566,0.17194299464356516,11.489735197128446,-7.173133966845192,-7.259342424879658,0.5696513752334956,832.5134,9.863059204412139,-9.293407829178642,-1.0612962850338876,7
2024-11-07T14:00:00Z,7,0.08298631013380306,5.271644286489993,0.12875,3.4392273388289105,0.14073450419628108,6.302201647465911,-7.2720059757217195,-7.353330673162181,3.2679940705284998,4725.721,9.999008216617364,-6.731014146088864,-1.4855128810607845,7
2025-03-26T13:00:00Z,7,0.20083672732727104,4.713563082635178,1.5754166666666667,4.186682225872614,0.19953900492216567,17.958644231798,-7.155365483392769,-7.388488983746173,6.395673833169059,2411.111,9.838627539665058,-3.4429537064959996,-2.8576124974036126,7
2025-03-27T00:00:00Z,7,0.2212902096389484,3.838294576552936,1.6104166666666666,4.253514338887641,0.19042560736636616,15.635804604680732,-5.274968522554362,-5.539520504444627,3.5019774840275915,3139.546,7.253081718512248,-3.7511042344846564,-1.9335857563842689,7
2025-03-28T00:00:00Z,7,0.21118225211207708,4.796949361289379,1.5770833333333334,4.4517956398552965,0.1757945174981259,12.304518950167228,-6.239654433056982,-6.489583512292523,7.530859988526711,6609.056,8.579524845453351,-1.0486648569266404,-8.181379197351642,7
2025-03-29T00:00:00Z,7,0.20667400339876033,4.550145449899992,1.3420833333333333,4.267377967884661,0.1672401443287735,10.586934185458324,-5.900328242100044,-6.145095196797135,7.366256226481978,5409.875,8.11295133288756,-0.746695106405582,-10.865145978981214,7
2025-03-30T00:00:00Z,7,NA,NA,NA,NA,NA,NA,NA,NA,NA,7946.294,NA,NA,NA,7
2025-03-31T00:00:00Z,7,0.14012011191747734,1.9426250358941035,2.12375,4.131366663372576,0.38661842399442375,130.73427626586428,-5.601034522897984,-5.737118795733153,5.260017225016144,8222.837,7.7014224689847275,-2.4414052439685836,-3.154503943174061,7
2025-04-01T00:00:00Z,7,0.18196943988112263,1.9569124283745063,1.71,3.9786380155440573,0.35799327204715015,103.7545310371477,-5.427716695259679,-5.615418950298962,3.0923585097939275,2151.851,7.46311045598206,-4.370751946188133,-1.7075117846691958,7
2025-04-02T00:00:00Z,7,0.1107042254130798,1.9231808003056103,1.35375,3.850503838490783,0.3354947422016056,85.4452452384353,-5.208668137525866,-5.324906899181255,2.07320305411502,2088.477,7.161918689098066,-5.088715634983046,-1.4074118506175728,7
2025-04-03T02:00:00Z,7,0.11778426179197111,1.938290157496804,1.1045833333333333,3.684393717785418,0.3077033040429717,65.98228012408187,-4.988450450363739,-5.115685671390076,0.47106562980462857,864.1973,6.85911936925014,-6.388053739445512,-1.0737416510596727,7
2025-04-04T00:00:00Z,7,0.09809923098189166,1.7825111680126315,0.8504166666666667,3.583197294647412,0.28023478319683914,49.86282032947882,-4.298209781978313,-4.401560339495732,0.373754629461081,849.794,5.91003845022018,-5.536283820759099,-1.0675100196380167,7
2023-08-16T10:03:00Z,3,NA,NA,NA,NA,NA,NA,NA,NA,NA,4327.916,NA,NA,NA,6
2023-08-17T00:00:00Z,3,NA,NA,NA,NA,NA,NA,NA,NA,NA,4355.085,NA,NA,NA,6
2023-08-18T00:00:00Z,3,NA,NA,NA,NA,NA,NA,NA,NA,NA,4363.429,NA,NA,NA,6
2023-08-19T00:00:00Z,3,NA,NA,NA,NA,NA,NA,NA,NA,NA,4500.396,NA,NA,NA,6
2023-08-20T00:00:00Z,3,NA,NA,NA,NA,NA,NA,NA,NA,NA,4515.809,NA,NA,NA,6
2023-08-21T00:00:00Z,3,NA,NA,NA,NA,NA,NA,NA,NA,NA,4385.831,NA,NA,NA,6
2023-08-22T00:00:00Z,3,NA,NA,NA,NA,NA,NA,NA,NA,NA,4469.178,NA,NA,NA,6
2023-08-23T00:00:00Z,3,NA,NA,NA,NA,NA,NA,NA,NA,NA,4483.973,NA,NA,NA,6
2023-08-24T00:00:00Z,3,NA,NA,NA,NA,NA,NA,NA,NA,NA,4455.617,NA,NA,NA,6
2023-08-25T00:00:00Z,3,NA,NA,NA,NA,NA,NA,NA,NA,NA,4425.206,NA,NA,NA,6
2023-08-26T00:00:00Z,3,NA,NA,NA,NA,NA,NA,NA,NA,NA,4441.644,NA,NA,NA,6
2023-08-27T00:00:00Z,3,NA,NA,NA,NA,NA,NA,NA,NA,NA,4459.726,NA,NA,NA,6
2023-08-28T00:00:00Z,3,NA,NA,NA,NA,NA,NA,NA,NA,NA,4444.11,NA,NA,NA,6
2023-08-29T00:00:00Z,3,NA,NA,NA,NA,NA,NA,NA,NA,NA,4452.74,NA,NA,NA,6
2023-08-30T00:00:00Z,3,NA,NA,NA,NA,NA,NA,NA,NA,NA,4426.438,NA,NA,NA,6
2023-08-31T00:00:00Z,3,NA,NA,NA,NA,NA,NA,NA,NA,NA,4301.096,NA,NA,NA,6
2023-09-01T00:00:00Z,3,NA,NA,NA,NA,NA,NA,NA,NA,NA,4441.233,NA,NA,NA,6
2023-09-02T00:00:00Z,3,NA,NA,NA,NA,NA,NA,NA,NA,NA,4344.658,NA,NA,NA,6
2023-09-03T00:00:00Z,3,NA,NA,NA,NA,NA,NA,NA,NA,NA,4348.356,NA,NA,NA,6
2023-09-04T00:00:00Z,3,NA,NA,NA,NA,NA,NA,NA,NA,NA,4324.932,NA,NA,NA,6
2023-09-05T00:00:00Z,3,NA,NA,NA,NA,NA,NA,NA,NA,NA,4323.288,NA,NA,NA,6
2023-09-06T00:00:00Z,3,NA,NA,NA,NA,NA,NA,NA,NA,NA,4283.014,NA,NA,NA,6
2023-09-07T00:00:00Z,3,NA,NA,NA,NA,NA,NA,NA,NA,NA,4331.098,NA,NA,NA,6
2023-09-08T00:00:00Z,3,NA,NA,NA,NA,NA,NA,NA,NA,NA,4352.467,NA,NA,NA,6
2024-09-16T16:00:00Z,3,0.2203287931799552,1.680855441198572,0.6975,3.162900510611599,0.5523575359271929,147.04795116045165,-8.319731100308918,-8.522833414352483,13.379267588657699,6908.097000000001,11.439630262924762,1.939637325732937,5.897819201124124,6
2024-09-17T00:00:00Z,3,0.21701530327388527,1.7378912179802748,0.6604166666666667,3.2923211906786025,0.5256258536759496,126.79027010896296,-8.27977407695649,-8.483511164539815,14.687712300909773,6493.2504,11.384689355815174,3.3030229450945985,3.4467484922328073,6
2024-09-18T00:00:00Z,3,0.22847476429236524,1.774566800365639,0.6270833333333333,3.195900624085333,0.5031684223974507,111.20533895613738,-8.186928363578605,-8.384467634424784,17.007424548317875,13365.2736,11.257026499920583,5.750398048397292,1.9576082221052606,6
2024-09-19T00:00:00Z,3,0.21524439690789587,1.7583314820315188,0.6383333333333333,3.2338777393951847,0.4998570521383468,109.01913048721173,-8.07196303114646,-8.270017426900136,19.42539294540729,14417.4198,11.098949167826383,8.326443777580906,1.3329759335804916,6
2024-09-20T00:00:00Z,3,0.21278763090157177,1.741141891439775,0.6104166666666666,3.1657699915403317,0.4830242533212339,98.4465035881607,-7.752881478349253,-7.93843150299926,24.81548128853331,18890.55,10.660212032730223,14.155269255803086,0.7530914347220891,6
2024-09-21T00:00:00Z,3,0.20180393375551495,1.7571818331525622,0.6125,3.1846052465874193,0.4659918328927565,88.40646232175335,-7.543006336676075,-7.7086983995055895,21.448168365430554,21914.718,10.371633712929603,11.076534652500952,0.9363608780466198,6
2024-09-22T00:00:00Z,3,0.20680609417175624,1.763130862244247,0.645,3.292935887057543,0.4498400960438283,79.5610176597647,-7.2026063345554325,-7.370970851333129,20.669571408246917,19407.5994,9.90358371001372,10.765987698233197,0.9198955068134617,6
2024-09-23T00:00:00Z,3,NA,NA,NA,NA,NA,NA,NA,NA,NA,19004.7816,NA,NA,NA,6
2024-09-24T00:00:00Z,3,NA,NA,NA,NA,NA,NA,NA,NA,NA,19100.9784,NA,NA,NA,6
2024-09-25T00:00:00Z,3,0.1681206108025592,3.2411892824858657,0.7608333333333334,3.2606637763137103,0.4164122829760809,63.12430278531036,-11.822369201800697,-11.987958680375309,34.54274049989063,19654.1058,16.255757652475957,18.28698284741467,0.8889250779154158,6
2024-09-26T00:00:00Z,3,NA,NA,NA,NA,NA,NA,NA,NA,NA,17543.799000000003,NA,NA,NA,6
2024-09-27T00:00:00Z,3,0.22210643904353616,1.7112014143520515,0.73,3.1623195415299015,0.48359963325987254,99.09039858015528,-7.653762569661803,-7.802950539478341,20.399107726757407,17056.804799999998,10.523923533284979,9.875184193472428,1.0656938976633339,6
2024-09-28T00:00:00Z,3,0.16764387735304154,1.8066234577177496,0.5391666666666667,3.1528581601998793,0.46787649575299134,89.43689787353863,-8.087151123844476,-8.303671837435157,20.682666534848224,20147.1102,11.119832795286156,9.562833739562068,1.1628177481830182,6
2024-09-29T00:00:00Z,3,0.182944592078658,1.7645672236528878,0.3675,3.1720595367605355,0.4493645269108719,79.34779258651903,-8.13988618935578,-8.291772385669628,19.336017674610538,18235.2114,11.192343510364196,8.143674164246342,1.374360428061158,6
2024-09-30T00:00:00Z,3,NA,NA,NA,NA,NA,NA,NA,NA,NA,19563.923400000003,NA,NA,NA,6
2024-10-01T00:00:00Z,3,NA,NA,NA,NA,NA,NA,NA,NA,NA,17429.5632,NA,NA,NA,6
2024-10-02T00:00:00Z,3,NA,NA,NA,NA,NA,NA,NA,NA,NA,19227.2346,NA,NA,NA,6
2024-10-03T00:00:00Z,3,0.14502716811042168,3.1058138849058796,0.21291666666666667,3.2179040140319057,0.4061699329459264,58.6227118092385,-13.071216374603765,-13.242648145465154,38.91398858640944,18884.535600000003,17.972922515080178,20.94106607132926,0.8582620604825456,6
2024-10-04T00:00:00Z,3,0.19324275154498463,2.9334762429209618,0.34625,3.269404724686132,0.3948736982322448,53.8752235009985,-11.469186630753281,-11.67838753258938,25.29705022846005,18559.8714,15.770131617285761,9.52691861117429,1.6553234325722797,6
2024-10-05T00:00:00Z,3,0.14981022395398297,3.249308961230854,0.4354166666666667,3.239001070542959,0.3877959378646029,51.01086143283992,-12.287031123218386,-12.434340161743284,28.530267355997943,12727.974,16.89466779442528,11.635599561572661,1.4519808545337913,6
2024-10-06T00:00:00Z,3,NA,NA,NA,NA,NA,NA,NA,NA,NA,17140.981200000002,NA,NA,NA,6
2024-10-07T00:00:00Z,3,0.2345526161440751,1.740965906375997,0.9866666666666667,3.370862482329635,0.5010489105826698,109.7938609450294,-7.0191315635836995,-7.237229191719982,23.088547010421845,16299.263400000002,9.651305899927587,13.437241110494258,0.718250556089976,6
2024-10-08T00:00:00Z,3,0.21413396993106304,1.726861867347004,1.0666666666666667,3.409020154109248,0.4814742502212277,97.57409480413374,-6.419841415010738,-6.619462317557584,22.545448126363656,17802.329999999998,8.827281945639765,13.718166180723891,0.6434739038256759,6
2024-10-09T00:00:00Z,3,0.448822837738811,1.913910935322536,1.3441666666666667,3.3805234327009606,0.5071050779980347,117.13171925148752,-6.564493999157449,-7.019054866115093,28.65293300285839,17778.285,9.026179248841492,19.626753754016896,0.45989160316408184,6
2024-10-10T00:00:00Z,3,0.16525920923736354,1.57281302405893,1.8195833333333333,3.5265410798846357,0.6795047599186105,273.64273337025105,-7.9192971622777675,-8.009031740565462,31.580746854215942,17952.639600000002,10.889033598131931,20.69171325608401,0.5262509422669587,6
2024-10-11T00:00:00Z,3,0.24239157866844477,1.5975132527954172,1.5741666666666667,3.556749197509176,0.6143547243155091,202.707108593072,-6.853474624768495,-7.085592944385581,29.090043081146703,17754.2358,9.42352760905668,19.666515472090023,0.47916610456133907,6
2024-10-12T00:00:00Z,3,0.2592648529194836,1.7322446399589129,1.5483333333333333,3.6786933980421024,0.5548029006664073,149.20848867954433,-6.663212968278086,-6.92456816132882,28.49676840676489,19082.9478,9.161917831382368,19.33485057538252,0.47385511440401235,6
2024-10-13T00:00:00Z,3,0.24218440614568337,1.748923387928319,1.4654166666666666,3.696107146017015,0.517523564744099,121.0715628852026,-6.321308596674008,-6.560062481148824,27.048588450011696,18565.89,8.69179932042676,18.356789129584936,0.47349235528442823,6
2024-10-14T00:00:00Z,3,0.2580142721189814,1.7841522080814765,1.4541666666666666,3.714916266989563,0.4882760630672775,101.70634631875755,-6.036180738136624,-6.305629907422486,26.64029731609799,20832.5166,8.299748514937857,18.340548801160132,0.45253545054294425,6
2024-10-15T00:00:00Z,3,0.2250125802104418,1.8162976572193104,1.3325,3.664922467436714,0.46681380423366886,88.89548935711319,-6.103626300963538,-6.325706997528853,25.945133697096185,18295.338600000003,8.392486163824865,17.55264753327132,0.4781322104210647,6
2024-10-16T00:00:00Z,3,0.18149951525783065,1.6916575054697665,1.4620833333333334,3.761315733060511,0.4475092201699556,78.31926376137095,-4.72736522347435,-4.908498326219542,23.526973555861673,18746.259,6.5001271822772315,17.02684637358444,0.3817575515546773,6
2024-10-17T00:00:00Z,3,NA,NA,NA,NA,NA,NA,NA,NA,NA,20193.684,NA,NA,NA,6
2024-10-18T00:00:00Z,3,0.1866833204120527,3.3578378270568616,2.185416666666667,4.557139007509964,0.4187930642527952,64.2115103754933,-8.242554968322382,-8.468787393502273,37.84002133407687,11435.3358,11.333513081443275,26.506508252633598,0.4275747289466999,6
2024-10-19T00:00:00Z,3,0.1719908315671533,3.3705022601974917,2.0683333333333334,4.424270727293116,0.4075760910612729,59.20208254843517,-8.41667989402975,-8.597594046589217,47.06413295293392,21740.3676,11.572934854290907,35.49119809864301,0.3260790132281669,6
2024-10-20T00:00:00Z,3,0.19450191856130097,3.408534757249258,1.98125,4.282197856406273,0.4000667957396521,55.99052285009584,-8.616052365936028,-8.835766819913458,47.80926950405565,23255.463000000003,11.847072003162038,35.96219750089361,0.32943125911222904,6
2024-10-21T00:00:00Z,3,0.19863257827598332,3.4008049460534093,1.9295833333333332,4.1366859416611534,0.3928950957901916,53.04545659802631,-8.50550075051629,-8.735928787652423,46.60709274952281,22972.882800000003,11.6950635319599,34.91202921756292,0.33498664483462787,6
2024-10-22T00:00:00Z,3,0.2114472216336155,3.435250373761396,1.7254166666666666,4.092713016326855,0.38627529088391493,50.41409607786814,-9.171998550075669,-9.387375351792713,44.749567649868496,21091.0434,12.611498006354045,32.13806964351445,0.3924161639527432,6
2024-10-23T00:00:00Z,3,0.21519521438699565,3.3852680616066713,1.5508333333333333,3.877163293390105,0.38019563857309513,48.076043157007014,-9.258260656114206,-9.487042416069599,45.62148232373792,22804.5426,12.730108402157034,32.891373921580886,0.38703486307710844,6
2024-10-24T00:00:00Z,3,0.22065251589935675,3.412334438657594,1.5554166666666667,3.897433485966856,0.3726687295798832,45.30077212470574,-9.034597869499482,-9.289552620990046,44.76770787147894,22960.8624,12.422572070561788,32.34513580091715,0.3840630673812025,6
2024-10-25T00:00:00Z,3,0.2310088193397044,3.3900145967819855,1.5495833333333333,3.9800769077807754,0.3635859462628014,42.07030154413778,-8.783029142405915,-9.050246119268726,34.74693381443992,23219.3892,12.076665070808133,22.670268743631787,0.5327093916432084,6
2024-10-26T00:00:00Z,3,0.23461630056934973,3.422888730816024,1.5008333333333332,3.9726284596625754,0.3560150030906121,39.50281224606618,-8.840724757703681,-9.102592997899503,33.4013025157911,22071.046200000004,12.155996541842562,21.24530597394854,0.5721732865014282,6
2024-10-27T00:00:00Z,3,0.2339859174582968,3.4223053779326364,1.4558333333333333,3.9686854028164382,0.34989131660081485,37.50622440224899,-8.787395398588238,-9.055537029132559,40.31645922211957,21758.4066,12.082668673058826,28.233790549060743,0.42795063780271553,6
2024-10-28T00:00:00Z,3,0.2030076717681712,3.446593551413723,1.3604166666666666,3.9640477720222993,0.34532056882295586,36.052615652189125,-9.014348560533788,-9.232180007914454,41.365673691661165,21331.5354,12.39472927073396,28.970944420927204,0.4278331106727956,6
2024-10-29T00:00:00Z,3,0.23720648745217557,3.27401427720146,1.3708333333333333,3.9775626023693436,0.34257577166669495,35.20305193340534,-8.422101535820277,-8.652751971789021,37.335319414116555,23153.2518,11.58038961175288,25.754929802363677,0.44963778587701997,6
2024-10-30T00:00:00Z,3,0.22336383996060144,3.3887158350611104,1.2545833333333334,3.9711871903205136,0.3428458479644232,35.29202514211211,-9.128801834654865,-9.349936063180287,38.307386849890946,20189.202600000004,12.55210252265044,25.755284327240506,0.48736027772655954,6
2024-10-31T00:00:00Z,3,0.23614979317082596,3.411602726142764,1.14375,3.8739248492764835,0.33640805099792,33.34250008526909,-9.212667122037345,-9.451590875355386,37.62533562398802,20056.932,12.66741729280135,24.957918331186672,0.507551035495317,6
2024-11-01T00:00:00Z,3,0.2310796995148317,3.4157261139455057,1.1070833333333334,3.9049508990841644,0.32999667453880344,31.486673516914745,-9.12552927938694,-9.370806210950743,36.018777721016406,19696.1982,12.547602759157042,23.47117496185936,0.5345962773294003,6
2024-11-02T00:00:00Z,3,0.2305864542988502,3.4658143416109204,1.0670833333333334,3.9050323446105577,0.3242604888240078,29.8684465286519,-9.179319547642056,-9.419904495834038,33.856950592255316,19575.9522,12.621564378007827,21.23538621424749,0.5943647198438812,6
2024-11-03T00:00:00Z,3,0.16288313144759126,3.4039430125089587,0.9741666666666666,3.8849325039794036,0.32037960985012875,28.816468082708305,-9.108802527149162,-9.266486992259297,29.725068910950334,18541.8408,12.524603474830098,17.200465436120236,0.7281549165831857,6
2024-11-04T00:00:00Z,3,0.22261670754674376,3.400913614596835,0.8533333333333334,3.7725855624206717,0.31419721112169496,27.18050458199253,-9.422881547061161,-9.654652156388034,24.817173176406865,13239.0174,12.956462127209097,11.860711049197768,1.0923849399472085,6
2024-11-05T00:00:00Z,3,0.22458218723365425,3.357278984642194,0.5325,3.708116467763387,0.31325487969157756,26.940084408264244,-9.751379571889784,-9.975704320951323,25.73262056071584,15054.7236,13.408146911348453,12.324473649367388,1.0879285633457207,6
2024-11-06T00:00:00Z,3,0.19601930832744188,3.387965239339241,0.27708333333333335,3.6346519850341314,0.30985250546258675,26.07628542854655,-10.376815936640595,-10.565739430783557,26.580970462870418,15271.166400000002,14.268121912880819,12.3128485499896,1.1587994325563982,6
2024-11-07T00:00:00Z,3,0.19161851959366477,3.4189005995328903,0.2625,3.496810366826406,0.3178344343052322,28.130987150101767,-10.64438199418258,-10.849788224804263,27.41207801100134,13870.306800000002,14.636025242001049,12.776052769000293,1.1455827168711903,6
2024-11-08T00:00:00Z,3,0.16912816987432866,3.3019060927695594,0.2733333333333333,3.4486082121578248,0.3210988347734271,29.003300878676257,-10.266319115462004,-10.435028369867497,26.42814151899657,13130.8002,14.116188783760254,12.311952735236314,1.1465434514998005,6
2024-11-09T00:00:00Z,3,0.18694915064383497,3.352612825453731,0.36875,3.548408679809801,0.3158206045199969,27.607613234525708,-10.106138851256265,-10.295408850098262,25.694187764058523,13118.7756,13.895940920477365,11.798246843581158,1.177797100256252,6
2024-11-10T00:00:00Z,3,0.4674313350379765,3.1343872838304785,0.44625,3.5937337596504,0.3142706014199905,27.20732950898143,-9.183828661777872,-9.641884916265736,23.62045373600763,13142.8248,12.627764409944573,10.992689326063056,1.1487420444062624,6
2024-11-11T00:00:00Z,3,0.2145294250968745,3.300877368438213,0.6183333333333333,3.645438802422329,0.323118535782526,29.55887378584052,-9.643857296529006,-9.86239229133331,25.990217132005267,13545.6468,13.260303782727384,12.729913349277883,1.0416648895319927,6
2024-11-23T02:00:00Z,3,0.13070307486332725,3.6543968699585694,2.0545833333333334,5.282419129998598,0.2052272962121682,7.609611967996402,-5.141989514073587,-5.2965384715242445,7.870025768961498,7063.219800000001,7.070235581851182,0.7997901871103164,8.84011293936515,6
2024-11-24T00:00:00Z,3,0.1040092482458353,3.5923848245651757,2.0729166666666665,5.373423683607664,0.19567187937406183,6.596667371102575,-4.93587805328489,-5.048620316967106,8.77975870212362,7809.249000000001,6.786832323266724,1.9929263788568967,3.405460630793355,6
2024-11-25T02:00:00Z,3,0.09801800875578597,3.624960259540784,1.8370833333333334,5.3139403266315925,0.18798938294846287,5.855329019464783,-4.992438199794693,-5.093511869079494,7.689694315828559,6762.399,6.864602524717703,0.8250917911108564,8.319804655280347,6
2024-11-26T06:00:00Z,3,0.08990115221086596,3.630223651872541,1.3345833333333332,5.200078139255597,0.1805094437461601,5.183741513974944,-5.166405913424377,-5.261728718683249,9.716622461543208,7285.824,7.103808130958519,2.6128143305846896,2.7188338826084304,6
2024-11-27T00:00:00Z,3,0.07600892626515308,3.271675067914211,0.8929166666666667,4.756341262464564,0.17504039871716096,4.727058223664332,-4.875620548284493,-4.929488873431178,8.981225420865325,11045.3616,6.703978253891178,2.2772471669741474,2.9438957488303616,6
2024-11-28T00:00:00Z,3,0.10704341659920157,3.554792744287505,0.7358333333333333,4.478964630928766,0.16845288554213478,4.215843423795262,-5.438158708489172,-5.5258614445860745,10.367842371814676,10196.8104,7.477468224172611,2.8903741476420652,2.5870243235716197,6
2024-11-29T00:00:00Z,3,0.0780629942715076,3.436485316118525,0.6012500000000001,4.329162276393373,0.16295742000574914,3.817977780174342,-4.930932982311137,-4.996455775436476,11.539403749417339,12764.052,6.780032850677813,4.759370898739526,1.4245649256865944,6
2024-11-30T00:00:00Z,3,0.07450558288444589,3.3425442694453125,0.9129166666666667,5.369807546936433,0.15426507307560067,3.2405066141015215,-4.123933088386644,-4.207550794422676,9.323124056633153,13422.5196,5.670407996531635,3.6527160601015183,1.5523812700552586,6
2024-12-01T00:00:00Z,3,0.0966572996284603,3.366073570500858,1.2358333333333333,6.3229129071969306,0.14640350432216004,2.77021271095816,-4.086417075344178,-4.18850831335997,7.119770518839556,10703.120400000002,5.6188234785982445,1.5009470402413116,3.7435188104271084,6
2024-12-02T00:00:00Z,3,0.2494203530630104,3.0006952411575303,1.1716666666666666,6.359008545346547,0.14142764209770844,2.499249741897061,-3.260172014148073,-3.4855288201034638,5.659944746549845,9626.19,4.4827365194536,1.1772082270962452,3.807938490636376,6
2024-12-03T00:00:00Z,3,0.1956096489551207,3.035964195169443,1.2595833333333333,6.561536522935795,0.13415026011870201,2.1340997513830215,-3.0548687916300397,-3.219307554125434,5.0633457336927705,8687.637,4.200444588491305,0.8629011452014659,4.8678166807978975,6
2024-12-04T18:00:00Z,3,0.03818204717088781,2.5047395089451103,3.1058333333333334,6.836651627012469,0.12575440999366846,1.7610167597661084,-1.35518414466152,-1.3946993902806177,3.3872710594324076,7049.935200000001,1.8633781989095901,1.5238928605228175,1.2227750698105522,6
2024-12-05T00:00:00Z,3,0.07326146353712773,2.8054232773132424,3.1041666666666665,6.529985160611958,0.1170914191828382,1.4215780128927744,-1.373675803557582,-1.481292111655684,3.725214505508366,7628.758200000001,1.8888042298916752,1.836410275616691,1.0285306366287836,6
2024-12-06T00:00:00Z,3,NA,NA,NA,NA,NA,NA,NA,NA,NA,7858.124400000001,NA,NA,NA,6
2024-12-13T18:00:00Z,3,NA,NA,NA,NA,NA,NA,NA,NA,NA,7319.4366,NA,NA,NA,6
2024-12-14T00:00:00Z,3,NA,NA,NA,NA,NA,NA,NA,NA,NA,10739.2194,NA,NA,NA,6
2023-08-02T15:00:00Z,3,NA,NA,NA,NA,NA,NA,NA,NA,NA,13989.47,NA,NA,NA,6
2023-08-03T00:00:00Z,3,NA,NA,NA,NA,NA,NA,NA,NA,NA,15131.17,NA,NA,NA,6
2023-08-04T00:00:00Z,3,NA,NA,NA,NA,NA,NA,NA,NA,NA,16028.05,NA,NA,NA,6
2023-08-05T00:00:00Z,3,NA,NA,NA,NA,NA,NA,NA,NA,NA,16111.89,NA,NA,NA,6
2023-08-06T00:00:00Z,3,NA,NA,NA,NA,NA,NA,NA,NA,NA,16770.69,NA,NA,NA,6
2023-08-07T00:00:00Z,3,NA,NA,NA,NA,NA,NA,NA,NA,NA,17625.2,NA,NA,NA,6
2023-08-08T00:00:00Z,3,NA,NA,NA,NA,NA,NA,NA,NA,NA,17515.81,NA,NA,NA,6
2023-08-09T00:00:00Z,3,NA,NA,NA,NA,NA,NA,NA,NA,NA,17535.93,NA,NA,NA,6
2023-08-10T00:00:00Z,3,NA,NA,NA,NA,NA,NA,NA,NA,NA,17293.02,NA,NA,NA,6
2023-08-11T00:00:00Z,3,NA,NA,NA,NA,NA,NA,NA,NA,NA,17202.46,NA,NA,NA,6
2023-08-12T00:00:00Z,3,NA,NA,NA,NA,NA,NA,NA,NA,NA,17837.78,NA,NA,NA,6
2023-08-13T00:00:00Z,3,NA,NA,NA,NA,NA,NA,NA,NA,NA,18509.04,NA,NA,NA,6
2023-08-14T00:00:00Z,3,NA,NA,NA,NA,NA,NA,NA,NA,NA,15928.95,NA,NA,NA,6
2023-08-15T00:00:00Z,3,NA,NA,NA,NA,NA,NA,NA,NA,NA,16003.7,NA,NA,NA,6
2023-09-09T00:00:00Z,3,NA,NA,NA,NA,NA,NA,NA,NA,NA,15245.64,NA,NA,NA,6
2023-09-10T00:00:00Z,3,NA,NA,NA,NA,NA,NA,NA,NA,NA,16541.18,NA,NA,NA,6
2023-09-11T00:00:00Z,3,NA,NA,NA,NA,NA,NA,NA,NA,NA,17327.72,NA,NA,NA,6
2023-09-12T00:00:00Z,3,NA,NA,NA,NA,NA,NA,NA,NA,NA,10401.5,NA,NA,NA,6
2023-09-13T00:00:00Z,3,NA,NA,NA,NA,NA,NA,NA,NA,NA,14116.94,NA,NA,NA,6
2023-09-14T00:00:00Z,3,NA,NA,NA,NA,NA,NA,NA,NA,NA,13859.83,NA,NA,NA,6
2023-09-15T00:00:00Z,3,NA,NA,NA,NA,NA,NA,NA,NA,NA,13550.43,NA,NA,NA,6
2023-09-16T00:00:00Z,3,NA,NA,NA,NA,NA,NA,NA,NA,NA,12884.7,NA,NA,NA,6
2023-09-17T00:00:00Z,3,NA,NA,NA,NA,NA,NA,NA,NA,NA,13303.11,NA,NA,NA,6
2023-09-18T00:00:00Z,3,NA,NA,NA,NA,NA,NA,NA,NA,NA,13444.02,NA,NA,NA,6
2023-09-19T00:00:00Z,3,NA,NA,NA,NA,NA,NA,NA,NA,NA,12628.76,NA,NA,NA,6
2023-09-20T00:00:00Z,3,NA,NA,NA,NA,NA,NA,NA,NA,NA,12912.01,NA,NA,NA,6
2023-09-21T00:00:00Z,3,NA,NA,NA,NA,NA,NA,NA,NA,NA,13544.67,NA,NA,NA,6
2023-09-22T00:00:00Z,3,NA,NA,NA,NA,NA,NA,NA,NA,NA,13179.46,NA,NA,NA,6
2023-09-23T00:00:00Z,3,NA,NA,NA,NA,NA,NA,NA,NA,NA,12566.93,NA,NA,NA,6
2023-09-24T00:00:00Z,3,NA,NA,NA,NA,NA,NA,NA,NA,NA,12032.04,NA,NA,NA,6
2023-09-25T00:00:00Z,3,NA,NA,NA,NA,NA,NA,NA,NA,NA,8100.923,NA,NA,NA,6
2023-09-26T00:00:00Z,3,NA,NA,NA,NA,NA,NA,NA,NA,NA,10177.2,NA,NA,NA,6
2023-09-27T00:00:00Z,3,NA,NA,NA,NA,NA,NA,NA,NA,NA,9396.438,NA,NA,NA,6
2023-09-28T00:00:00Z,3,NA,NA,NA,NA,NA,NA,NA,NA,NA,12837.25,NA,NA,NA,6
2023-09-29T00:00:00Z,3,NA,NA,NA,NA,NA,NA,NA,NA,NA,12802.74,NA,NA,NA,6
2023-09-30T00:00:00Z,3,NA,NA,NA,NA,NA,NA,NA,NA,NA,13126.26,NA,NA,NA,6
2023-10-01T00:00:00Z,3,NA,NA,NA,NA,NA,NA,NA,NA,NA,13267.17,NA,NA,NA,6
2023-10-02T00:00:00Z,3,NA,NA,NA,NA,NA,NA,NA,NA,NA,12884.7,NA,NA,NA,6
2023-10-03T00:00:00Z,3,NA,NA,NA,NA,NA,NA,NA,NA,NA,12807.05,NA,NA,NA,6
2023-10-04T00:00:00Z,3,NA,NA,NA,NA,NA,NA,NA,NA,NA,12407.33,NA,NA,NA,6
2023-10-05T00:00:00Z,3,NA,NA,NA,NA,NA,NA,NA,NA,NA,12331.12,NA,NA,NA,6
2023-10-06T00:00:00Z,3,0.16048964681314545,3.216127932594569,0.23791666666666667,3.3997439221792662,0.3879984950878992,51.09604587850061,-12.649985611487999,-12.819280809464916,17.56952414713377,12361.31,17.393730215795998,0.17579393133777188,98.94386048159731,6
2023-10-07T00:00:00Z,3,0.15450478991754477,3.12711675526703,0.21625,3.417630861437663,0.3809031210486663,48.359630613510454,-12.102844510261665,-12.271587667360674,16.375629658315592,12201.71,16.641411201609788,-0.2657815432941959,-62.61311826001877,6
2023-10-08T00:00:00Z,3,0.13138771032000082,3.041125533474406,0.33166666666666667,3.609458892346478,0.3658933372412198,42.88109315345924,-10.803251153151068,-10.949736177238725,13.751560298532029,11750.34,14.854470335582718,-1.1029100370506892,-13.468433359537931,6
2023-10-09T00:00:00Z,3,0.16306488289224627,3.228093616056288,0.62375,4.19755077744971,0.35020542707752067,37.61577844009585,-10.064062633570776,-10.263281561128478,12.320527060941467,11012.87,13.838086121159817,-1.5175590602183497,-9.118647493804138,6
2023-10-10T00:00:00Z,3,0.2452495611962004,3.363666014695897,0.76875,4.41130373343568,0.3347699795399591,32.877193021267814,-9.795223969896309,-10.12978076176398,11.261660914341151,8232.88,13.468432958607425,-2.2067720442662733,-6.103228012880472,6
2023-10-12T01:00:00Z,3,0.7363371463570937,3.036880709617108,2.25,3.9071759165740296,0.5958163349660032,196.9257149091869,-16.203025758628126,-16.865018272294165,23.736285024324122,5802.283,22.279160418113673,1.4571246062104493,15.28981140196046,6
2023-10-13T00:00:00Z,3,0.2219290467353105,1.661632256828898,0.80875,3.5355391851840756,0.6367358296837804,225.09911260138213,-9.48695102576997,-9.702817708875504,19.520686861303126,11806.3,13.044557660433709,6.476129200869417,2.0142522262654183,6
2023-10-14T00:00:00Z,3,0.23271954268680276,1.6411056171830731,0.6016666666666667,3.2682623716822294,0.5914187882921218,180.5078004689578,-8.796985150494583,-9.028298053920308,18.364856776157858,13248.48,12.095854581930052,6.269002194227806,1.9294704655020427,6
2023-10-15T00:00:00Z,3,0.2543968107637377,1.60861017213803,0.64375,3.4504873663079803,0.5528976885226496,147.54200993762743,-7.889271466505583,-8.140945662858318,15.67724309582446,13182.19,10.847748266445176,4.829494829379284,2.246145538960934,6
2023-10-16T00:00:00Z,3,0.20384605053469249,1.6605776714209803,0.8075,3.7418269939325324,0.5196460121708123,122.4966529403426,-7.1958625548841155,-7.402698325843405,13.603043345542675,12528.08,9.894311012965659,3.708732332577016,2.6678417652455892,6
2023-10-17T00:00:00Z,3,0.25097714046623937,1.802249483318268,1.19,4.190961058881677,0.4931227583667286,104.7117907324901,-6.7665882151018435,-7.0427055346165295,13.606638204894656,11685.69,9.304058795765036,4.302579409129621,2.1624374383475184,6
2023-10-18T00:00:00Z,3,0.2773001273432705,1.8815501523998224,1.40625,4.372403943043611,0.46583037423650586,88.34603505209286,-6.377586135895627,-6.697845099282119,15.175791315264533,11012.95,8.769180936856488,6.406610378408045,1.3687707569061676,6
2023-10-19T00:00:00Z,3,0.2988161409115273,1.8761167899323872,1.3341666666666667,4.333803731750811,0.4432261623614157,76.10308416267925,-6.223897520450321,-6.565712481243138,11.134030713072645,10828.86,8.557859090619191,2.5761716224534545,3.3219289491547888,6
2023-10-20T00:00:00Z,3,0.32218309268442946,3.1924188511624414,1.1354166666666667,4.185856103328262,0.4270362625573735,68.07676100794416,-11.082910967702146,-11.436520802509778,17.54097774220008,10989.04,15.239002580590451,2.3019751616096293,6.61996829276592,6
2023-10-21T00:00:00Z,3,0.18587522497075895,2.996432077761618,0.8416666666666667,3.99014925521663,0.4133621821789097,61.788491337625416,-10.630252196913792,-10.817824565491556,16.462724262943496,10955.09,14.616596770756464,1.8461274921870316,7.917436272746678,6
2023-10-22T00:00:00Z,3,0.2573183091745164,3.2797470570720137,0.9408333333333334,4.161334898032955,0.3952523921714507,54.01626773057809,-10.881660872028686,-11.178580082612088,15.949821272710977,10668.3,14.962283699039443,0.9875375736715348,15.151103206545994,6
2023-10-23T00:00:00Z,3,0.2409784744753296,3.2881504313934173,0.8220833333333334,4.118376017850167,0.3856235850350489,50.168498380516944,-10.973979164235683,-11.233521314482376,15.544585585100583,10586.3,15.089221350824063,0.4553642342765194,33.13659750814148,6
2023-10-24T00:00:00Z,3,0.23072145247596995,3.2630179708049996,0.695,4.119109643993693,0.37441248306739033,45.92965324422905,-10.899014786858453,-11.143293449808874,14.799461303154025,10347.53,14.986145331930373,-0.18668402877634804,-80.27545489648789,6
2023-10-25T00:00:00Z,3,0.2250041416209496,3.3037356692156505,0.5520833333333334,4.061315999311988,0.36609589446451624,42.9392221490913,-11.193232159076558,-11.428053944068573,14.540028688043567,8716.438,15.390694218730268,-0.850665530686701,-18.09253303857993,6
2023-10-26T00:00:00Z,3,0.19725217540979373,3.264568333938232,0.3833333333333333,3.908760043703179,0.35936160069289835,40.62224496600432,-11.138650376583819,-11.34110948181455,14.187235929449026,8300.753,15.31564426780275,-1.128408338353724,-13.572785442322502,6
2023-10-27T00:00:00Z,3,0.18759889664507465,3.303371231492138,0.34,3.9409525096256868,0.35104501209002414,37.87374746210505,-11.086599155358869,-11.273675869267471,12.821944858574675,2650.89,15.244073838618444,-2.4221289800437695,-6.293667250677531,6
2023-10-28T00:00:00Z,3,0.1967276579042901,3.262603890266757,0.30791666666666667,3.915040009737709,0.3431834433365836,35.39267550513849,-10.77825146061565,-10.970657371158426,12.674522691206658,3380.137,14.820095758346518,-2.1455730671398605,-6.907290171246571,6
2023-10-29T00:00:00Z,3,0.15191631997550556,3.3095076229943903,0.24166666666666667,3.902717323467329,0.3396753870780469,34.317650277462114,-10.95440841910842,-11.098081163237426,12.716488653589007,4011.575,15.062311576274077,-2.3458229226850698,-6.420907320247981,6
2023-10-30T00:00:00Z,3,0.15773427808937102,3.3479542840056093,0.18208333333333335,3.8187320250211867,0.33406836828825126,32.65108597514611,-11.018274320550326,-11.162052437183371,12.68857340070405,3313.973,15.150127190756699,-2.4615537900526494,-6.154700844637101,6
2023-10-31T00:00:00Z,3,0.1605950445097218,3.3486618664884404,0.13875,3.7954005338317507,0.33006125800130387,31.494874729664065,-10.950313438370177,-11.096101631986494,12.637853649843288,5057.26,15.056680977758994,-2.4188273279157055,-6.224785375950453,6
2023-11-01T00:00:00Z,3,0.10275419378655971,2.940658744056756,0.21333333333333332,3.8511040535890286,0.32268700082854707,29.44716466948424,-8.904619300791355,-9.004638347643272,10.36608347693871,4592.671,12.243851538588112,-1.8777680616494017,-6.520428048943013,6
2023-11-02T00:00:00Z,3,0.09469579233092736,3.4018062950370083,0.7441666666666666,4.620058859474235,0.30496764720802183,24.87240678615424,-8.979817121719865,-9.08304949807888,10.20141706397941,8965.853,12.347248542364815,-2.1458314783854053,-5.754062547192799,6
2023-11-03T00:00:00Z,3,0.08847064542226256,3.2657844417273596,0.5775,4.6822774874189905,0.29667160788867014,22.899595147384687,-8.80672761989846,-8.858239003854393,10.016168530519774,9148.199,12.109250477360384,-2.093081946840609,-5.785368554555938,6
2023-11-04T00:00:00Z,3,0.08526479864436376,3.1058206624128424,0.3933333333333333,4.4699865806151,0.2852168501306698,20.371406041259817,-8.137824431053419,-8.19573807326626,9.570175163485763,9808.577,11.18950859269845,-1.6193334292126877,-6.909947260298786,6
2023-11-05T00:00:00Z,3,0.05899134422289159,3.0821695216650045,0.5275,4.575436602023379,0.26704247666071085,16.733873648141998,-7.335899088466872,-7.35344552131926,7.927288027558724,9418.349,10.08686124664195,-2.159573219083226,-4.670766037246927,6
2023-11-06T00:00:00Z,3,0.05704487769703017,3.194395705062178,0.6404166666666666,4.76311607538094,0.2438922409662999,12.76794191572566,-6.803956751167229,-6.80569435657126,6.66651115818806,9109.351,9.35544053285494,-2.6889293746668805,-3.4792436800293216,6
2023-11-07T00:00:00Z,3,NA,NA,NA,NA,NA,NA,NA,NA,NA,9227.336,NA,NA,NA,6
2023-11-08T00:00:00Z,3,NA,NA,NA,NA,NA,NA,NA,NA,NA,9785.609,NA,NA,NA,6
2023-11-09T00:00:00Z,3,NA,NA,NA,NA,NA,NA,NA,NA,NA,10293.68,NA,NA,NA,6
2023-11-10T00:00:00Z,3,NA,NA,NA,NA,NA,NA,NA,NA,NA,9245.753,NA,NA,NA,6
2023-11-11T00:00:00Z,3,NA,NA,NA,NA,NA,NA,NA,NA,NA,2396.301,NA,NA,NA,6
2023-11-12T00:00:00Z,3,NA,NA,NA,NA,NA,NA,NA,NA,NA,1438.533,NA,NA,NA,6
2023-11-13T11:00:00Z,3,NA,NA,NA,NA,NA,NA,NA,NA,NA,1447.482,NA,NA,NA,6
2023-11-14T00:00:00Z,3,NA,NA,NA,NA,NA,NA,NA,NA,NA,1778.417,NA,NA,NA,6
2023-11-15T00:00:00Z,3,NA,NA,NA,NA,NA,NA,NA,NA,NA,1664.705,NA,NA,NA,6
2023-11-16T00:00:00Z,3,0.10708584924333406,3.0194964961713824,0.5545833333333333,4.163779214182946,0.25907522587772425,15.274032844292664,-6.831563412334671,-6.901185116917446,6.606638189290099,11532.74,9.393399691960173,-2.786761502670074,-3.3707224974078676,6
2023-11-17T00:00:00Z,3,0.18176427617833665,2.9891073085083613,0.8320833333333334,4.098243568730678,0.3080735246318975,25.932597042098145,-8.75473645738233,-8.886356704922985,9.729998018710027,9372.515,12.037762628900705,-2.3077646101906772,-5.216200376651973,6
2023-11-18T00:00:00Z,3,0.1596157323386046,3.282141529513506,0.45416666666666666,3.970274458124423,0.3321748985922214,32.10670936645333,-10.205984504172621,-10.359310529238922,13.569585241154126,10383.5,14.033228693237353,-0.4636434520832271,-30.267285411200618,6
2023-11-19T10:00:00Z,3,0.1220271991109639,3.243764616177694,0.3283333333333333,4.040254034641181,0.32001559397058194,28.73043653787061,-9.697338052044158,-9.811150344867178,13.275575278404618,10255.57,13.333839821560717,-0.05826454315609908,-228.84998490140813,6
2023-11-20T00:00:00Z,3,0.10204338508026908,3.2380660087775386,0.21666666666666667,4.169511963743147,0.3042425510608596,24.691236868996373,-9.3782803329976,-9.471848500186862,12.583018218852061,10707.69,12.8951354578717,-0.3121172390196385,-41.31503757490413,6
2023-11-21T13:00:00Z,3,NA,NA,NA,NA,NA,NA,NA,NA,NA,9375.206,NA,NA,NA,6
2023-11-23T10:00:00Z,3,0.13416428259183094,3.3085259479455633,0.29130434782608694,4.247928593200087,0.3032356361682419,24.441517494306893,-9.27749025669947,-9.421848922800596,11.48386028605731,12626.56,12.756549102961772,-1.2726888169044628,-10.023305723695513,6
2023-11-25T11:00:00Z,3,0.07428494221490961,3.284108418789622,0.515,4.825422531676501,0.2949660173562769,22.50182199478147,-8.744023079377751,-8.798733339109107,9.808443294887937,14859,12.023031734144407,-2.2145884392564703,-5.4290140420768385,6
2023-11-27T11:00:00Z,3,0.17095710026867522,1.8180502454184009,2.1825,4.549779218112108,0.45019530508757993,79.7334728530359,-5.7941029207683385,-5.958658211264738,10.120285939105361,9369.786,7.9668915160564655,2.153394423048896,3.699689862099901,6
2023-11-29T10:00:00Z,3,0.17556421639679537,3.214167187693716,3.10625,5.228697491267899,0.3949793802617907,53.92009383070656,-6.908894094425451,-7.099491635221549,11.896698301656876,7985.329,9.499729379834994,2.396968921821882,3.963225928108598,6
2023-11-30T00:00:00Z,3,0.3169972785484225,3.4697958279302963,3.50375,5.5000196104077155,0.37716315144751505,46.94686473947994,-7.089209729325731,-7.426774212534573,11.035456619151574,7873.018,9.74766337782288,1.2877932413286945,7.569276701410254,6
2023-12-01T10:00:00Z,3,0.22334765208987503,3.075299745904416,2.4795833333333333,5.183989187303737,0.36581114010712873,42.846969406519506,-7.8487916178616635,-8.066783084911968,11.0611839806152,8615.906,10.792088474559787,0.26909550605541277,40.10504906885162,6
2023-12-02T00:00:00Z,3,NA,NA,NA,NA,NA,NA,NA,NA,NA,9252.038,NA,NA,NA,6
2023-12-05T12:00:00Z,3,NA,NA,NA,NA,NA,NA,NA,NA,NA,11004.32,NA,NA,NA,6
2023-12-06T10:00:00Z,3,NA,NA,NA,NA,NA,NA,NA,NA,NA,9542.383,NA,NA,NA,6
2023-12-07T00:00:00Z,3,NA,NA,NA,NA,NA,NA,NA,NA,NA,8875.144,NA,NA,NA,6
2023-12-08T00:00:00Z,3,NA,NA,NA,NA,NA,NA,NA,NA,NA,8251.694,NA,NA,NA,6
2023-12-09T00:00:00Z,3,0.10165800951878674,3.4928355940131652,1.27875,4.885017810403468,0.3402008616138443,34.481903492727945,-9.619933812265709,-9.695087879131647,12.397628750280818,8307.912,13.22740899186535,-0.8297802415845315,-15.940857987419125,6
2023-12-10T00:00:00Z,3,NA,NA,NA,NA,NA,NA,NA,NA,NA,9038.847,NA,NA,NA,6
2023-12-11T00:00:00Z,3,0.20666660509576468,1.767225764737482,2.4783333333333335,4.370850355372426,0.4488419879870063,79.04405103401123,-4.504915822161108,-4.713979930521702,8.752497470158277,8412.195,6.194259255471523,2.558238214686754,2.421298853214881,6
2023-12-12T00:00:00Z,3,NA,NA,NA,NA,NA,NA,NA,NA,NA,9584.982,NA,NA,NA,6
2023-12-13T00:00:00Z,3,0.240821777079946,3.3642078000357505,2.984166666666667,5.159177503961293,0.4211885235891683,65.32408555645486,-8.472749396391622,-8.710673949482446,14.249214715392512,9735.941,11.65003042003848,2.599184295354032,4.482187138812195,6
2023-12-14T00:00:00Z,3,0.1989702973898644,3.316347069030387,2.73,5.083248993026185,0.41262827919595224,61.42193586548654,-8.37921493342557,-8.574265135460662,13.497964705138244,9702.393,11.52142053346016,1.9765441716780838,5.829073136108305,6
2023-12-15T00:00:00Z,3,0.2582127057895884,3.2182794418419083,2.435416666666667,4.9416658035049865,0.40787258786638775,59.32157140001264,-8.717719153368035,-8.964476159720006,13.079874930536352,9544.251,11.98686383588105,1.0930110946553029,10.966827230295666,6
2023-12-16T00:00:00Z,3,NA,NA,NA,NA,NA,NA,NA,NA,NA,9892.084,NA,NA,NA,6
2023-12-17T00:00:00Z,3,0.06480835404158743,0.538742920766874,5.18875,4.470212458250765,0.9537026567992528,818.6694685084154,-6.796173989344991,-6.868746902225051,3.480077670027828,6710.79,9.344739235349364,-5.864661565321535,-1.5933978681064829,6
2023-12-18T00:00:00Z,3,0.18105578343031403,1.3710253310041405,2.23875,4.37904174955907,0.9792718367254912,817.3734013220109,-10.017144172800979,-10.193136236058843,15.247264585213388,5889.208,13.773573237601346,1.4736913476120428,9.346308003992782,6
2023-12-19T00:00:00Z,3,0.17106523814415564,1.2818890720921594,2.339583333333333,4.688817900250817,0.8756799628750771,584.890597625478,-6.830278330421248,-7.002588713842826,14.452541095087287,9096.878,9.391632704329217,5.060908390758071,1.8557207479747424,6
2023-12-20T00:00:00Z,3,0.22295459557807884,1.7453823570052298,3.08,5.1762819172067385,0.7925493041895174,433.4029027701075,-8.153121444467006,-8.38224906632723,17.168570080569257,9931.982,11.210541986142132,5.9580280944271244,1.8815859557003394,6
2023-12-21T00:00:00Z,3,0.20826337466879977,1.7141327181556427,3.225416666666667,5.171676767621519,0.739684804521124,352.3021603878368,-7.33313128995362,-7.542660039933586,16.23602370223919,10412.89,10.083055523686227,6.152968178552964,1.638730321868417,6
2023-12-22T00:00:00Z,3,0.1743055574993498,1.721060179726071,3.149583333333333,5.05290089773467,0.7019240282419954,301.04504367945844,-7.074059998590507,-7.2436846474029695,16.179304393833355,11041.19,9.726832498061947,6.452471895771408,1.5074583284022318,6
2023-12-23T00:00:00Z,3,0.1707379227042818,1.700908389159672,3.0433333333333334,4.883351611417208,0.6737421536964284,266.3189763478907,-6.610142081042253,-6.774908209511329,16.099663283613026,11725.18,9.088945361433098,7.0107179221799285,1.296435751990284,6
2023-12-24T00:00:00Z,3,0.18664918777441977,1.7462314074147145,3.01375,4.775752362136896,0.6459800716571129,234.77930341773575,-6.518548202796586,-6.70047094556744,16.07038037834883,11901.45,8.963003778845305,7.1073765995035245,1.2610846848148447,6
2023-12-25T00:00:00Z,3,0.5057208670880546,1.777649541799616,2.88,4.64906557389328,0.6350507884349101,223.06042242624,-6.863080706094555,-7.371999387332343,16.6946884555629,12161.15,9.436735970880013,7.257952484682887,1.3001925805928338,6
2023-12-26T00:00:00Z,3,0.18239015552960777,1.779807855084581,2.538333333333333,4.453720419238131,0.6300954754939813,217.90825250989877,-7.140290631330489,-7.3190970072440384,17.42450689819749,12215.12,9.817899618079421,7.606607280118068,1.2907067837906088,6
2023-12-27T00:00:00Z,3,0.20347462072550088,1.7140580665986052,2.5029166666666667,4.35533834153433,0.6130336989461855,200.7369008685824,-6.392082344262794,-6.589663254294393,16.36259249573509,12887.77,8.78911322336134,7.573479272373749,1.160511953260628,6
2023-12-28T00:00:00Z,3,0.18109134720901696,1.739833098384346,2.66125,4.54489449128171,0.5964944613222557,184.95417633925385,-5.959259128482038,-6.135934169071897,15.372143712271214,12290.67,8.193981301662802,7.178162410608412,1.1415151724002706,6
2023-12-29T00:00:00Z,3,0.1931579833943943,1.6662188463350946,3.1083333333333334,4.7574810138410655,0.5830111957193611,172.7392426192519,-4.495760828364805,-4.689423468452297,13.051554973491234,11751.93,6.181671139001606,6.869883834489627,0.8998217856271584,6
2023-12-30T00:00:00Z,3,0.1594715864572746,1.438160651603108,3.7979166666666666,5.16934652708136,0.5575506334346,151.59686519121567,-2.823501718594396,-2.9900408860760774,9.468209962835596,10382.65,3.882314863067294,5.585895099768302,0.6950210832330757,6
2023-12-31T00:00:00Z,3,0.18778561050643272,1.9114690002246597,4.280833333333333,5.338630471629367,0.4648763003586612,87.74970359418053,-2.9877011025877156,-3.184911489091083,9.847929676639554,9919.023,4.108089016058109,5.739840660581445,0.7157148184043772,6
2024-01-01T00:00:00Z,3,0.19680034375180955,1.9285257551921755,4.34375,5.354061158679253,0.4543051617921417,81.9007065640121,-3.4001744911942984,-3.606180092371753,9.6447933500468,9593.621,4.675239925392161,4.96955342465464,0.9407766706355647,6
2024-01-02T00:00:00Z,3,NA,NA,NA,NA,NA,NA,NA,NA,NA,9847.609,NA,NA,NA,6
2024-01-03T00:00:00Z,3,0.2040834698432395,3.533721575491698,4.614583333333333,5.34381182683395,0.43107272896363974,69.99414666300812,-7.1932303716045665,-7.404259963580894,17.086665652488815,9191.907,9.89069176095628,7.195973891532535,1.3744757707632327,6
2024-01-04T00:00:00Z,3,NA,NA,NA,NA,NA,NA,NA,NA,NA,9276.557,NA,NA,NA,6
2024-01-05T00:00:00Z,3,0.21370989654479952,3.539389877132058,4.66625,5.291018623947142,0.4242268819386124,66.72516643309673,-4.141214675288899,-4.377244558797155,15.515056774711866,8782.994,5.694170178522237,9.820886596189629,0.579802049718352,6
2024-01-06T00:00:00Z,3,NA,NA,NA,NA,NA,NA,NA,NA,NA,9133.811,NA,NA,NA,6
2024-01-07T00:00:00Z,3,0.19194734544047468,1.751019199183308,3.7975,4.694962174760094,0.4657628551620739,88.24929164437508,1.4500047153622573,1.287798034065304,9.393958523861617,9439.203,-1.9937564836231036,11.38771500748472,-0.17507959079698446,6
2024-01-08T00:00:00Z,3,0.22515637941783495,1.9216611392879452,4.24875,5.078149058543519,0.4523060100665655,80.82584727417132,2.335898667494983,2.085826132131184,9.108866325056294,8929.857,-3.2118606678056016,12.320726992861896,-0.26068759332679126,6
2024-01-09T00:00:00Z,3,0.9374523574800278,1.0748295432013877,4.2575,5.007665938863887,0.4990321451855024,114.35510903351046,2.3568868445452353,1.5957926796340693,5.888615597323436,9093.527,-3.2407194112496986,9.129335008573134,-0.35497869321329745,6
2024-01-10T00:00:00Z,3,0.26569926697916524,1.6947843613719833,3.8408333333333333,4.720944476386513,0.6139672235405075,201.7057431405528,-2.2184626699272356,-2.4547460151681744,11.84872847316272,6812.939,3.050386171149949,8.79834230201277,0.3467001017284951,6
2024-01-11T00:00:00Z,3,0.3114773257179814,1.7746382219202494,4.0525,5.072467804262422,0.5789835361488904,169.25650549390804,-1.2403995988592555,-1.5622202960221152,11.26344100108986,8250.255,1.7055494484314764,9.557891552658383,0.17844410966947033,6
2024-01-12T00:00:00Z,3,0.26952987985363547,1.8240141738557931,3.9366666666666665,5.08663640630835,0.5552608561277728,149.2907977124723,-1.630399912589775,-1.9034491383216308,11.462067319472627,8493.587,2.241799879810941,9.220267439661686,0.2431382706067361,6
2024-01-13T00:00:00Z,3,0.27411682143682276,1.5845984165811018,3.577916666666667,4.685039201695046,0.5428520244919277,139.56882517888252,-0.5443075947601184,-0.765137182049239,10.283700995846043,9407.773,0.7484229427951627,9.535278053050881,0.07848989181345367,6
2024-01-14T00:00:00Z,3,0.2829124956949172,1.73731990845046,4.205,5.064685018188183,0.515456893944091,119.53984040764412,1.081638588688194,0.8000077223207223,9.446599829694266,8790.193,-1.487253059446267,10.933852889140534,-0.1360227793921941,6
2024-01-15T00:00:00Z,3,0.33119501681833124,1.896510310512959,4.565833333333333,5.289360692039945,0.49841860229174995,108.06338667101254,1.3715222980530557,1.0128257765466682,9.324070348609556,8457.591,-1.8858431598229517,11.209913508432507,-0.1682299473947191,6
2024-01-16T00:00:00Z,3,0.2826847223144462,1.8648618899950469,4.095416666666667,5.017497503487638,0.5016741959241493,110.28258716564,-0.03780932590605435,-0.330928201400158,10.4558811237454,9007.481,0.05198782312082473,10.403893300624574,0.004996958505687842,6
2024-01-17T00:00:00Z,3,0.3707070110282405,1.737042865913594,4.476666666666667,5.01368869665017,0.4985448336048187,108.19410776024586,2.0549997265425133,1.6621299884982559,8.766821991267317,8934.177,-2.8256246239959557,11.592446615263274,-0.2437470464841803,6
2024-01-18T00:00:00Z,3,0.28935838727205376,1.9021136481571992,5.155833333333334,5.554597557639003,0.4803000054484957,96.73010657309972,2.7491040300740224,2.4314567392753297,8.367017942128955,7825.49,-3.7800180413517808,12.147035983480736,-0.3111885110484884,6
2024-01-19T00:00:00Z,3,0.2695884872120877,1.8513786337296476,4.929166666666666,5.449237047065387,0.4731987601853992,92.5098677031101,2.2661761983811024,2.0139681115443073,8.498459658752418,8097.632,-3.1159922727740157,11.614451931526434,-0.2682857780241805,6
2024-01-20T00:00:00Z,3,0.24506340595915588,1.7437895583564549,4.99375,5.2342734228951215,0.4632617137961548,86.84700229625084,3.270696336150717,3.045685985515667,7.537470681807081,8209.939,-4.4972074622072356,12.034678144014316,-0.37368738975740784,6
2024-01-21T00:00:00Z,3,0.2381970093828466,1.8459220193159285,5.743333333333333,5.701888547048558,0.4492559092693943,79.20785931506896,4.766656600055682,4.5197104492091835,6.828873113302409,7435.5,-6.554152825076563,13.383025938378971,-0.48973624165824786,6
2024-01-22T00:00:00Z,3,0.2759257266396903,1.8885289129040652,5.9875,5.890928995204276,0.44050191448867726,74.68061075543858,4.573533315470989,4.271587617981758,6.821373592801007,6974.152,-6.28860830877261,13.109981901573617,-0.4796809298430668,6
2024-01-23T00:00:00Z,3,NA,NA,NA,NA,NA,NA,NA,NA,NA,7727.771,NA,NA,NA,6
2024-01-24T00:00:00Z,3,NA,NA,NA,NA,NA,NA,NA,NA,NA,7880.577,NA,NA,NA,6
2024-01-25T00:00:00Z,3,NA,NA,NA,NA,NA,NA,NA,NA,NA,5950.434,NA,NA,NA,6
2024-01-26T00:00:00Z,3,0.1826237326667608,1.529813840633336,3.5654166666666667,4.387504958541867,0.540512341782259,140.57540785958977,-3.767734451975453,-3.8995666006506577,10.309217660504473,5065.044,5.180634871466248,5.128582789038225,1.0101494086318112,6
2024-01-27T00:00:00Z,3,0.5478896669083407,1.767493188734124,2.85125,4.229809233488729,0.5500002395459337,145.17473317125106,-4.728097489241587,-5.294673137047719,13.51906169217146,6023.609,6.501134047707182,7.017927644464279,0.9263609397334351,6
2024-01-28T00:00:00Z,3,0.5221587781458328,1.6630212144046157,2.8754166666666667,4.166420836860561,0.5261718774952702,127.12766063521804,-3.6225022544368075,-4.154193459936932,11.816840581154478,6679.985,4.98094059985061,6.835899981303868,0.7286444525919694,6
2024-01-29T00:00:00Z,3,0.5138660044555718,1.6975761198226562,3.515416666666667,4.529368756645433,0.4993990966769811,108.76985437817304,-2.187572379138821,-2.7254023229277893,9.948443126769433,5927.801,3.007912021315879,6.940531105453554,0.4333835517216252,6
2024-02-08T16:00:00Z,3,0.2983365342084218,3.485094309363457,5.185833333333333,5.268566316874054,0.4036543393366504,57.507557225480504,-3.4532089555386913,-3.7700233391811113,15.601330098463718,7475.905,4.7481623138657,10.853167784598018,0.4374909158415415,6
2024-02-09T00:00:00Z,3,0.31493189778014047,3.4996104488919677,4.789166666666667,5.002826198845098,0.39920666144362593,55.63029157816171,-0.3020549464762201,-0.6504941743846553,11.87442043588665,7204.935,0.41532555140480265,11.459094884481848,0.03624418469274091,6
2024-02-10T00:00:00Z,3,0.3104606595716639,3.5515018238894376,4.315833333333333,4.830584567327835,0.3934264415498528,53.26763379214598,-1.3297356280128128,-1.6811239854472637,12.211957609046932,6138.017,1.8283864885176175,10.383571120529314,0.17608455388750816,6
2024-02-11T00:00:00Z,3,0.3670715808174131,3.5453585488513624,3.93125,4.646313629648662,0.38671269706175754,50.58512313278761,-2.071891353199626,-2.504382423782758,12.958655952236702,6091.942,2.8488506106494857,10.109805341587217,0.2817908470433737,6
2024-02-12T00:00:00Z,3,0.3188486024363493,3.232711702829248,3.4695833333333335,4.409543199448597,0.38644555637596145,50.490908663052075,-2.716993216571205,-3.0677083008827326,12.716777536532108,6584.334,3.735865672785407,8.980911863746702,0.4159784362060157,6
2024-02-13T00:00:00Z,3,0.2399767575384845,2.883439943616002,3.3891666666666667,4.299443226499306,0.395284683902701,54.02369576695049,-1.5776634439615416,-1.858359783656348,11.39094307878197,6590.125,2.1692872354471198,9.22165584333485,0.23523836416157506,6
2024-02-14T00:00:00Z,3,0.2914762649183228,3.444435752966499,4.266666666666667,4.823711033646932,0.3819834262395797,48.762954680519584,0.3246514766387456,-0.09172914912788954,11.022320869526673,6302,-0.4463957803782752,11.468716649904948,-0.03892290602383789,6
2024-02-15T00:00:00Z,3,0.30559513938028166,3.6474877115393847,4.564166666666667,5.043226601452071,0.37361986784579626,45.63167586437722,1.0367397458967202,0.6258331226553944,10.896222903990244,3520.275,-1.4255171506079902,12.321740054598234,-0.11569122090641856,6
2024-02-16T00:00:00Z,3,0.31109302139541545,3.5678121897633073,4.430416666666667,4.918495708437596,0.37056389582476135,44.52447522421485,1.0226506075604327,0.6330095500839787,10.37904459474238,4997.993,-1.406144585395595,11.785189180137975,-0.119314553538557,6
2024-02-17T00:00:00Z,3,NA,NA,NA,NA,NA,NA,NA,NA,NA,3789.646,NA,NA,NA,6
2024-02-18T00:00:00Z,3,0.40753813077449075,1.6928070369023436,4.589166666666666,4.784853894181325,0.5089134149480418,116.52174940555238,-0.14570299525574715,-0.49928052273959267,3.4052134696795844,2297.979,0.20034161847665233,3.204871851202932,0.06251158479283818,6
2024-02-19T00:00:00Z,3,0.6386080394874837,1.6505494892254702,4.35,5.05999677029413,0.5384897051612284,136.27659509685,-0.285509838604491,-0.8994093371332958,7.793636654497294,3272.585,0.3925760280811751,7.401060626416119,0.0530432120336887,6
2024-02-20T00:00:00Z,3,0.6465846953681699,1.7390344202682644,4.630416666666667,5.047438300482556,0.5047448460048432,112.2883847084298,1.0371015736020173,0.37556050233923965,6.40708622951643,2347.099,-1.4260146637027737,7.833100893219204,-0.18204982715557977,6
2024-02-21T00:00:00Z,3,0.6099217073820365,1.7276078750421704,4.9125,5.084409319977255,0.4775963068592803,95.15984185552604,2.5328973274743802,1.9289871043745483,1.568761129178407,1639.109,-3.482733825277273,5.05149495445568,-0.6894461652793143,6
2024-02-22T00:00:00Z,3,0.5679220216743192,1.8142466455756825,5.1075,5.106384958107135,0.45659787471090074,83.1655222792015,3.351313383292027,2.7729162929551396,1.4624428238695162,1457.929,-4.608055902026537,6.070498725896053,-0.7590901687153145,6
2024-02-23T00:00:00Z,3,0.3812286027065217,1.8301473933062091,4.7595833333333335,4.953041203588798,0.4435490796739169,76.23554880280494,2.857936295828284,2.519966411893999,1.7856452520995802,1487.855,-3.9296624067638906,5.715307658863471,-0.6875679563233402,6
2024-02-24T00:00:00Z,3,NA,NA,NA,NA,NA,NA,NA,NA,NA,2012.889,NA,NA,NA,6
2024-02-25T00:00:00Z,3,0.3535470584369806,3.095996897822089,4.68875,4.8219625439266345,0.4227884320920156,66.06522777670229,1.3638083665313925,1.0104053228201897,3.473574640460397,1811.649,-1.8752365039806647,5.348811144441061,-0.35058940264315924,6
2024-02-26T00:00:00Z,3,0.4004295972858801,3.414216003858453,4.88375,4.950653216711861,0.4087562070578685,59.71843616520036,1.914840590696973,1.4411726535644425,3.3653790377306163,1886.905,-2.632905812208338,5.998284849938955,-0.4389431109186376,6
2024-02-27T00:00:00Z,3,0.4227045723767993,3.5050049731161463,4.69,4.89782860752587,0.401376078661248,56.55136409440803,1.419298201516777,0.919456296096473,4.838402740072761,1898.277,-1.9515350270855683,6.789937767158329,-0.2874157457708643,6
2024-02-28T00:00:00Z,3,0.4688941610863929,3.462722083788849,4.2475,4.699140737716346,0.39342057032598904,53.258123580167776,0.418326481105435,-0.12949367851136984,2.7929082882010685,1817.072,-0.5751989115199732,3.3681071997210417,-0.1707780891200889,6
2024-02-29T00:00:00Z,3,0.31242733075744616,3.2679481760834914,3.81625,4.438359945021802,0.3858613696015272,50.25323641167687,0.24675605537591228,-0.08056211831940896,2.6642528922894204,1688.927,-0.3392895761418794,3.0035424684313,-0.11296313593297871,6
2024-03-01T00:00:00Z,3,0.45567520836129216,3.490787977733718,3.879166666666667,4.685989479893531,0.3794852204855927,47.80952767435181,0.09078002899228022,-0.4733844519466519,2.8262420202773137,1725.495,-0.1248225398643853,2.951064560141699,-0.042297461583962026,6
2024-03-02T00:00:00Z,3,0.6330478565878666,3.2122195532797155,3.470833333333333,4.425501654228823,0.381322913554918,48.57403411169144,-0.94188638411398,-1.6656440202746028,2.835503623623626,1627.014,1.2950937781567224,1.5404098454669037,0.8407462351450856,6
2024-03-03T00:00:00Z,3,NA,NA,NA,NA,NA,NA,NA,NA,NA,2014.329,NA,NA,NA,6
2024-03-04T03:00:00Z,3,0.4009915299762375,1.705260898505312,2.7629166666666665,4.242691841783773,0.5537580486349782,148.0614159974495,-3.781517398359395,-4.098755730917047,8.878020767274807,1449.914,5.199586422744168,3.678434344530639,1.4135324803269325,6
2024-03-05T00:00:00Z,3,0.23625609636257805,1.7006454381725518,2.6454166666666667,4.216188008448072,0.541401832197604,138.4054336769623,-3.251404172529838,-3.4679467743077903,10.177106480517713,3534.795,4.470680737228527,5.706425743289186,0.7834467560514727,6
2024-03-06T00:00:00Z,3,0.3770528980039654,1.7082766077652585,2.774583333333333,4.218104444967883,0.579919996355144,170.12031192668047,-4.718218168974952,-5.036328336641153,11.449995017769783,3121.563,6.487549982340559,4.962445035429225,1.3073293378612547,6
2024-03-07T00:00:00Z,3,0.508149444010976,1.645525535884934,2.3920833333333333,4.037421010812967,0.5713392026784053,162.65949158384709,-4.37944681937938,-4.874153889505703,11.487966684741417,3256.907,6.021739376646647,5.46622730809477,1.1016262290683076,6
2024-03-08T00:00:00Z,3,0.4416440976115976,1.7237771987186636,2.4325,4.087865839412223,0.5472583780016043,142.98259486271007,-4.1813527870471265,-4.618196300788901,11.498145820071816,3074.107,5.749360082189799,5.748785737882017,1.000099907064547,6
2024-03-09T00:00:00Z,3,0.2761759074386148,1.5812132107954908,2.3466666666666667,4.005028413945821,0.53093637566063,130.62498449075977,-3.4411317771680903,-3.6644903989907114,10.761861630475327,3701.816,4.731556193606124,6.030305436869202,0.7846296084237221,6
2024-03-10T01:00:00Z,3,0.4378438745924626,1.647475666454812,2.220833333333333,3.8283464244893746,0.5754461237710352,166.12624987194533,-5.139465025118303,-5.485752200265041,12.319422189321537,4058.897,7.066764409537667,5.2526577797838705,1.3453692789078753,6
2024-03-11T00:00:00Z,3,0.4351698333251383,1.540183716317914,2.46625,4.215392871176411,0.5574185308976678,151.10738017563202,-3.02621800694532,-3.437108281538158,10.24859326690667,5894.949,4.161049759549815,6.087543507356855,0.6835351163439155,6
2024-03-12T00:00:00Z,3,0.468905294731118,1.6894020561282523,2.955416666666667,4.551346828674234,0.531473592644155,130.98276870968562,-2.2776214289034367,-2.731392777413599,9.937457057129649,5472.532,3.1317294647422256,6.805727592387424,0.46016086042662585,6
2024-03-13T00:00:00Z,3,0.4322424485776042,1.7452794382047954,3.00125,4.482062830616667,0.5130320784883994,117.85196608638908,-2.018300265313845,-2.442369744215017,9.469633057451333,3815.431,2.775162864806537,6.694470192644795,0.4145455555027498,6
2024-03-14T03:00:00Z,3,0.4557237489038771,1.7650901187155228,3.0904166666666666,4.451460359653752,0.4955064752553747,106.22506575932552,-1.3403909093054365,-1.837096986521022,9.067525746124948,2895.846,1.843037500294975,7.224488245829973,0.2551097652292243,6
2024-03-15T00:00:00Z,3,0.4740175415275734,1.8638486169090276,3.02625,4.379697452494063,0.4777430874558718,95.24126002505496,-1.591428409982548,-2.121193594422893,9.450569695862015,2882.091,2.1882140637260035,7.262355632136011,0.3013091308890369,6
2024-03-16T00:00:00Z,3,0.3789505236359385,1.860992060246606,2.6825,4.094239290123162,0.46307677024444965,86.74864399704954,-2.126767163797934,-2.547470432422315,9.51157784454692,3307.307,2.924304850222159,6.587272994324762,0.4439325427595884,6
2024-03-17T00:00:00Z,3,0.35448414561595343,1.901022491515841,2.43625,3.9338287809387085,0.44912967795632536,79.15969638125563,-2.4709914170565126,-2.908428732708187,9.814312816118118,2963.224,3.3976131984527047,6.416699617665413,0.5294954417219327,6
2024-03-18T00:00:00Z,3,0.29832538379452817,1.8885926526563248,2.3270833333333334,3.855081176769441,0.4426096838557311,75.74736689557754,-2.4227392205888756,-2.7760843439698206,9.512197927442067,3249.737,3.331266428309704,6.180931499132363,0.5389586389652311,6
2024-03-19T00:00:00Z,3,NA,NA,NA,NA,NA,NA,NA,NA,NA,1991.974,NA,NA,NA,6
2024-03-20T00:00:00Z,3,0.3411241298935192,3.3699217513331807,3.702916666666667,4.72792008444552,0.4177802781363138,63.75020311710594,-0.9832931755696945,-1.5114314135309597,10.876590276680993,1619.485,1.3520281164083299,9.524562160272662,0.14195173422750018,6
2024-03-21T00:00:00Z,3,0.4392575179366242,3.4963377722000293,3.9291666666666667,4.751488562335653,0.4042060085635322,57.76039975896408,-0.15979828871079516,-0.7816168568209232,11.581745512613857,1927.24,0.21972264697734334,11.362022865636513,0.0193383387426438,6
2024-03-22T01:00:00Z,3,NA,NA,NA,NA,NA,NA,NA,NA,NA,3482.418,NA,NA,NA,6
2024-03-23T00:00:00Z,3,0.5344306280684696,1.703260504147272,2.995,4.340745582151186,0.4675300935450355,89.37066690438412,-1.1998517538522293,-1.7273291994405255,8.239604717191014,2826.882,1.6497961615468153,6.589808555644199,0.25035570420839587,6
2024-03-24T00:00:00Z,3,0.332940991022917,1.625052570621517,2.75625,4.224878476149389,0.4844861880632853,99.2958954255288,-1.5209137659302923,-1.789319153344922,8.51790942505915,2432.715,2.0912564281541517,6.426652996904998,0.3254036633316404,6
2024-03-25T00:00:00Z,3,0.3842705741399689,1.8114100194741845,3.0375,4.468324903556512,0.46426433817902585,87.42072147050617,-2.070295277157403,-2.4713580739151553,8.718477005876183,2925.5,2.846656006091429,5.871820999784754,0.4847995206590562,6
2024-04-18T11:57:40Z,3,0.28633921692606934,3.535162885647329,1.905,3.8958548410607237,0.3620291686737218,41.55048836519816,-9.04510526460032,-9.382582004325748,15.382905045361777,13840.12,12.43701973882544,2.945885306536338,4.221827547471094,6
2024-04-19T00:00:00Z,3,0.29090565510866323,3.479213934234022,1.6345833333333333,3.7547236289190784,0.3501291011672934,37.592703195174224,-8.947415206608282,-9.277945395883316,27.8970482632486,19278.81,12.302695909086388,15.594352354162211,0.7889199647206084,6
2024-04-20T00:00:00Z,3,0.25940494639869616,3.5353052231809965,1.44625,3.7146544442927802,0.33874186248372484,34.052930265157485,-9.204487733421232,-9.496772796739025,22.455402503682336,10716.05,12.656170633454193,9.799231870228143,1.2915472152369363,6
2024-04-21T00:00:00Z,3,0.3056036266984493,2.9413339931311073,1.4704166666666667,3.6863430248920586,0.33485804789791385,32.94468812157761,-7.540379432185006,-7.8334540134008135,14.305036062152526,10174.49,10.368021719254383,3.9370143428981432,2.6334731896410113,6
2024-04-22T00:00:00Z,3,0.1563454809431568,3.1952413431682545,1.61,3.865422488334922,0.35296490229344063,38.50461859520186,-8.122776317231342,-8.301268471921135,17.880235919477073,10196.16,11.168817436193095,6.711418483283978,1.6641515447160817,6
2024-04-23T00:00:00Z,3,0.31293142346809627,3.4480664803723484,2.1329166666666666,4.275691084111461,0.3356624055672354,33.159530932616704,-7.701680591739699,-8.058885678782014,19.468337128136366,10097.27,10.589810813642085,8.87852631449428,1.192744205347921,6
2024-04-24T00:00:00Z,3,0.25826078832610627,3.402475538628195,2.07625,4.357383173748081,0.31907619815239624,28.47633949531984,-7.390165093075704,-7.6555795826456094,10.561408427851095,10678.69,10.161477002979094,0.3999314248720012,25.40804840787716,6
2024-04-25T00:00:00Z,3,0.39750000854862944,3.5223604981538976,1.9708333333333332,4.28091019272894,0.30642958195007297,25.22981771315387,-7.650473782364136,-8.09380715814466,6.237656547376993,6301.089,10.519401450750687,-4.281744903373694,-2.4568024691200514,6
2024-04-26T00:00:00Z,3,0.24497954313019127,3.397381873868293,1.625,4.097747808180395,0.29495427490854964,22.518400817329685,-7.439798922726582,-7.705494923202174,3.3406603620487307,1750,10.22972351874905,-6.88906315670032,-1.484922301633945,6
2024-04-27T14:00:00Z,3,0.38298208961481767,3.500145722853013,1.6,4.083168284810375,0.2853548238914661,20.378441534944265,-7.682080387803945,-8.091880246823235,2.1138403879625205,1669.342,10.562860533230426,-8.449020145267905,-1.2501876373376186,6
2024-04-28T03:00:00Z,3,0.15890388315899293,3.4980576388833624,1.4454166666666666,4.027801756987099,0.28460917846078126,20.23772730998025,-7.622156406899746,-7.800334070306041,3.5261744168846967,1457.613,10.480465059487152,-6.954290642602455,-1.507050193629112,6
2024-04-29T08:00:00Z,3,0.17103504626666455,3.6330215262767087,1.465,4.1299953719924805,0.2640510881021761,16.177124408597532,-7.46863699403303,-7.648972861269206,3.236808756039949,2197.965,10.269375866795416,-7.032567110755467,-1.4602599171914958,6
2024-04-30T13:00:00Z,3,0.14119442739627788,3.686632915631405,1.1208333333333333,3.9118670435053855,0.2485393146543868,13.48728656459053,-7.569530328041199,-7.708984368713767,3.7563676388287086,1489.301,10.408104201056648,-6.65173656222794,-1.5647198447634472,6
2024-05-01T06:00:00Z,3,0.16713577140110353,3.506442121432616,0.87875,3.7529290083380262,0.2358105013179723,11.537596562179836,-7.146150444356661,-7.302248340644266,1.4446624458156323,1407.202,9.82595686099041,-8.381294415174777,-1.172367461904213,6
2024-05-02T12:00:00Z,3,0.13934741246682156,3.662595186704649,0.59125,3.752587265671265,0.22358661323383247,9.835562532394642,-7.497023724885523,-7.604807267574438,6.345219453601873,5103.23,10.308407621717594,-3.963188168115721,-2.6010391594953406,6
2024-05-03T06:00:00Z,3,NA,NA,NA,NA,NA,NA,NA,NA,NA,1575.72,NA,NA,NA,6
2024-05-04T01:00:00Z,3,NA,NA,NA,NA,NA,NA,NA,NA,NA,4107.819,NA,NA,NA,6
2024-05-05T00:00:00Z,3,NA,NA,NA,NA,NA,NA,NA,NA,NA,11819.34,NA,NA,NA,6
2024-05-06T00:00:00Z,3,NA,NA,NA,NA,NA,NA,NA,NA,NA,3219.136,NA,NA,NA,6
2024-05-14T08:00:00Z,3,0.18800427420543217,2.235341187587721,1.68,3.873132436270094,0.3638736362321208,42.99692074313472,-6.5048403453260395,-6.730451625263848,9.726925265011745,2993.004,8.944155474823305,0.782769790188441,11.426291084470854,6
2024-05-15T00:00:00Z,3,0.5058831777038644,3.3695917656893783,1.1733333333333333,3.368821087605361,0.37438019133614,45.936288322793416,-10.578699121894475,-11.101150976543495,18.53713527201577,1976.135,14.545711292604903,3.991423979410868,3.644241094816452,6
2024-05-16T01:00:00Z,3,0.24560860356167824,3.3571356336243396,0.9912500000000001,3.462970881253745,0.37078700233158024,44.690336753161965,-10.719512270292828,-10.977089834640184,18.3109562231654,6459.922,14.739329371652639,3.5716268515127627,4.126783111569955,6
2024-05-17T00:00:00Z,3,0.37144422153021367,3.3207155606410206,0.6945833333333333,3.354713788841096,0.3483677340081955,37.03378304573537,-10.564208904942152,-10.94859296318425,16.041960558158486,5160.709,14.52578724429546,1.5161733138630265,9.580558575645622,6
2024-05-18T00:00:00Z,3,0.19155956380600592,3.269893128073163,0.28583333333333333,3.4053718455853206,0.3339949779899562,32.65690554673529,-10.190496458707898,-10.38884602424773,15.007658985924273,1930.041,14.01193263072336,0.9957263552009135,14.072071666613757,6
2024-05-19T00:00:00Z,3,0.1907428753638743,3.281907837745588,0.30791666666666667,3.4678471773687773,0.31769939615636816,28.125136257551695,-9.928806018310587,-10.115613005901642,13.537816891038636,3265.3,13.652108275177056,-0.11429138413842033,-119.45002134756497,6
2024-05-20T00:00:00Z,3,NA,NA,NA,NA,NA,NA,NA,NA,NA,2974.957,NA,NA,NA,6
2024-05-21T19:00:00Z,3,NA,NA,NA,NA,NA,NA,NA,NA,NA,4033.46,NA,NA,NA,6
2024-05-22T07:00:00Z,3,NA,NA,NA,NA,NA,NA,NA,NA,NA,1427.603,NA,NA,NA,6
2024-05-23T00:00:00Z,3,NA,NA,NA,NA,NA,NA,NA,NA,NA,5179.159,NA,NA,NA,6
2024-05-24T00:00:00Z,3,NA,NA,NA,NA,NA,NA,NA,NA,NA,3127.301,NA,NA,NA,6
2024-07-08T20:00:00Z,3,NA,NA,NA,NA,NA,NA,NA,NA,NA,4266.81,NA,NA,NA,6
2024-07-10T06:00:00Z,3,NA,NA,NA,NA,NA,NA,NA,NA,NA,1613.468,NA,NA,NA,6
2024-07-11T00:00:00Z,3,NA,NA,NA,NA,NA,NA,NA,NA,NA,7974.565,NA,NA,NA,6
2024-07-12T00:00:00Z,3,0.1499845860169542,2.9688881171477663,0.7108333333333333,2.8445403434663303,0.4097748643982136,60.34141612544524,-10.889331412728149,-11.039305852604889,22.310611547707317,12979.54,14.972830692501205,7.337780855206113,2.040512109581205,6
2024-07-13T00:00:00Z,3,0.1539709410301913,3.1686567204931606,0.5220833333333333,2.8673610691118894,0.3696890834690759,44.33634511460717,-10.799770476587202,-10.953698147067303,21.090964240661894,13820.23,14.849684405307404,6.24127983535449,2.379269123808479,6
2024-07-14T00:00:00Z,3,0.13391645063521318,3.3375003167507633,0.32375,2.8334450824468034,0.34715532628034945,36.666330686818775,-10.996279913705179,-11.129607509434816,20.84206659456782,13909.96,15.119884881344621,5.7221817132232005,2.6423286849497596,6
2024-07-15T00:00:00Z,3,0.1547812941776226,3.268852183240972,0.22666666666666666,2.8852209230063184,0.3356330494479168,33.128027133297124,-10.566740999806065,-10.719911207862639,17.881797130142125,13202.94,14.52926887473334,3.352528255408785,4.3338244357203,6
2024-07-16T00:00:00Z,3,NA,NA,NA,NA,NA,NA,NA,NA,NA,11601.43,NA,NA,NA,6
2024-07-17T00:00:00Z,3,NA,NA,NA,NA,NA,NA,NA,NA,NA,10419.15,NA,NA,NA,6
2024-07-18T00:00:00Z,3,NA,NA,NA,NA,NA,NA,NA,NA,NA,11985.18,NA,NA,NA,6
2024-07-19T00:00:00Z,3,NA,NA,NA,NA,NA,NA,NA,NA,NA,8664.801,NA,NA,NA,6
2024-07-24T12:00:00Z,3,0.13308326418395877,3.037012676545897,0.9833333333333333,3.2031961580895865,0.39175020713677783,52.717327862119305,-10.43537757110113,-10.5545586676292,16.170447870772875,3100.631,14.348644160264053,1.8218037105088225,7.876064845787658,6
2024-07-25T00:00:00Z,3,0.5846089948269009,2.7657030077758065,0.9233333333333333,2.976542936862951,0.4034016508942108,57.45177217645437,-9.968691315411004,-10.5375404121428,13.158844788098449,8986.94,13.70695055869013,-0.5481057705916808,-25.00785668410946,6
2024-07-26T00:00:00Z,3,NA,NA,NA,NA,NA,NA,NA,NA,NA,5871.935,NA,NA,NA,6
2024-07-27T00:00:00Z,3,NA,NA,NA,NA,NA,NA,NA,NA,NA,7975.746,NA,NA,NA,6
2024-07-28T00:00:00Z,3,NA,NA,NA,NA,NA,NA,NA,NA,NA,6001.388,NA,NA,NA,6
2024-07-29T01:00:00Z,3,0.17888668303497246,1.6432104943084074,1.0066666666666666,3.0491992710478244,0.4976142446224287,107.75820559742624,-6.964063629723523,-7.13913376966004,3.2649505435406545,2263.202,9.575587490869845,-6.31063694732919,-1.517372583907312,6
2024-07-30T01:00:00Z,3,0.22717565178203417,1.7854319489374948,0.8933333333333333,2.8504517238638525,0.4757204508348409,94.0484139716328,-7.629410423399977,-7.8532789197986235,5.436333979492522,4161.552,10.490439332174969,-5.054105352682447,-2.0756273564038805,6
2024-07-31T06:00:00Z,3,NA,NA,NA,NA,NA,NA,NA,NA,NA,3881.1,NA,NA,NA,6
2024-08-01T00:00:00Z,3,0.18194427725945828,3.088925307883457,0.5133333333333333,2.888938308049107,0.40723668915869304,59.20937822460631,-11.618273737167145,-11.804302295005385,11.87624836444131,3691.881,15.975126388604824,-4.098878024163515,-3.8974388343417403,6
2024-08-02T15:00:00Z,3,NA,NA,NA,NA,NA,NA,NA,NA,NA,3478.913,NA,NA,NA,6
2024-08-03T00:00:00Z,3,0.1894548245818997,1.7046845320547246,1.185,3.094460929811538,0.5030686115917685,111.57912270434804,-7.225982649950803,-7.4113105029292115,12.360582510529579,3124.917,9.935726143682354,2.4248563668472247,4.097449349794145,6
2024-08-04T01:00:00Z,3,0.21053247208211356,2.1842736415123465,1.1058333333333334,2.8883211049280733,0.4691857786745875,90.61104585628766,-7.951516626746569,-8.125733899137368,13.315320631723369,2934.539,10.933335361776532,2.3819852699468367,4.59000964435878,6
2024-08-07T00:00:00Z,3,0.4435368350274963,1.3944919438831584,0.4708333333333333,3.0477802565624192,1.0016881694369448,872.5630780320598,-13.477205881451535,-13.918587240303756,16.25912297670309,2804.922,18.531158086995863,-2.272035110292773,-8.156193539019716,6
2024-08-08T03:00:00Z,3,NA,NA,NA,NA,NA,NA,NA,NA,NA,1856.906,NA,NA,NA,6
2024-08-11T21:00:00Z,3,NA,NA,NA,NA,NA,NA,NA,NA,NA,1682.898,NA,NA,NA,6
2024-08-12T00:00:00Z,3,NA,NA,NA,NA,NA,NA,NA,NA,NA,1593.102,NA,NA,NA,6
2024-08-13T00:00:00Z,3,NA,NA,NA,NA,NA,NA,NA,NA,NA,2018.063,NA,NA,NA,6
2024-08-14T00:00:00Z,3,NA,NA,NA,NA,NA,NA,NA,NA,NA,1961.955,NA,NA,NA,6
2024-08-15T00:00:00Z,3,NA,NA,NA,NA,NA,NA,NA,NA,NA,2252.788,NA,NA,NA,6
2024-08-23T13:00:00Z,3,NA,NA,NA,NA,NA,NA,NA,NA,NA,43589.406,NA,NA,NA,6
2024-09-13T13:00:00Z,3,0.20997317142254887,1.443833899851684,0.9495833333333333,3.2912970802741466,0.7306751856860357,340.23321090848606,-9.031917941225192,-9.192611517484266,22.69016694604751,17385.9252,12.41888716918464,10.271279776862869,1.2090885886644311,6
2024-09-14T01:00:00Z,3,0.17735431414757982,1.4966324517017324,0.8091666666666667,3.2229286133382162,0.6480408712332576,237.9726128180799,-8.35810450220819,-8.51419307872657,17.78061698704781,11820.4926,11.492393690536263,6.288223296511548,1.827605851228562,6
2024-09-15T01:00:00Z,3,0.2086511405594628,1.6481637343597466,0.7520833333333333,3.0952973515004083,0.5844320318943668,174.22264040198257,-8.514617646013441,-8.703251391754065,17.453974166316602,11191.3578,11.70759926326848,5.746374903048121,2.0373886947505415,6
2023-11-22T00:00:00Z,3,NA,NA,NA,NA,NA,NA,NA,NA,NA,7968.496,NA,NA,NA,6
2023-11-24T00:00:00Z,3,0.141719785559792,3.5082514091111947,0.5625,4.77475887116916,0.2977431062437882,23.1401255441714,-9.362415806864494,-9.54027886985888,10.37323676128974,6549.005,12.87332173443868,-2.5000849731489403,-5.1491536778545175,6
2023-11-26T00:00:00Z,3,NA,NA,NA,NA,NA,NA,NA,NA,NA,6734.747,NA,NA,NA,6
2023-11-28T00:00:00Z,3,0.15342833530686437,2.7552987244387355,2.3016666666666667,4.690560007814813,0.4225330338539464,66.03919670228521,-7.340033555830414,-7.500208715825171,13.371051515540158,8008.498,10.092546139266819,3.2785053762733387,3.0783985325468546,6
2023-12-03T00:00:00Z,3,NA,NA,NA,NA,NA,NA,NA,NA,NA,8078.283,NA,NA,NA,6
2023-12-04T00:00:00Z,3,NA,NA,NA,NA,NA,NA,NA,NA,NA,8524.007,NA,NA,NA,6
2023-10-11T00:00:00Z,3,NA,NA,NA,NA,NA,NA,NA,NA,NA,6839.386,NA,NA,NA,6
2024-01-30T00:00:00Z,3,0.4661107539547519,1.7693686334237348,4.147083333333334,4.910110722286626,0.4766275549217765,94.5676373472503,-1.3606843916208091,-1.8468350129891107,8.781590933002285,7092.011,1.8709410384786125,6.910649894523672,0.27073300876683615,6
2024-01-31T00:00:00Z,3,0.35552733538699055,1.741907438245862,4.412083333333333,5.018291198356201,0.4607517655944401,85.4431030306316,-0.917039547933165,-1.2672071460102035,8.064485421886936,6618.59,1.260929378408102,6.803556043478833,0.18533387104478916,6
2024-02-03T15:00:00Z,3,0.28129372972923977,3.383900008037337,4.7804166666666665,5.031495341918448,0.4222013097056496,65.78756861686053,-4.349847228471478,-4.642789739482336,12.046119373978584,6214.382,5.981039939148282,6.065079434830302,0.9861437106331367,6
2024-02-04T00:00:00Z,3,NA,NA,NA,NA,NA,NA,NA,NA,NA,5696.915,NA,NA,NA,6
2024-02-05T00:00:00Z,3,0.2652484540703073,1.7858823597130775,4.127083333333333,4.681173219173823,0.4413943405159535,75.13885825223397,-2.573218174063003,-2.8313840692569525,7.883258034822016,6513.021,3.538174989336629,4.345083045485387,0.8142939852468071,6
2024-03-26T00:00:00Z,3,0.3938788394195069,1.91765572927774,2.8858333333333333,4.302633710278604,0.4453779659074466,77.22675252588309,-4.050080263355945,-4.452807605793888,9.295894005587135,6717.408,5.568860362114425,3.7270336434727103,1.4941803307483883,6
2024-03-27T00:00:00Z,3,NA,NA,NA,NA,NA,NA,NA,NA,NA,7004.57,NA,NA,NA,6
2024-03-28T00:00:00Z,3,0.3389277773199789,1.7909875719405512,2.6125,4.131046552637138,0.4707827515655032,91.24359603430652,-4.709696810929994,-5.0550186583723065,9.948265044991677,7308.184,6.475833115028742,3.4724319299629354,1.8649273032971634,6
2024-03-29T00:00:00Z,3,0.3900566704883903,1.7165437289553729,2.6037500000000002,4.141144571006677,0.4631354824830862,86.81545949172144,-3.6486247048114837,-4.045784969077859,9.066055798087618,7555.108,5.01685896911579,4.049196828971827,1.2389763158017864,6
2024-03-30T00:00:00Z,3,NA,NA,NA,NA,NA,NA,NA,NA,NA,6777.863,NA,NA,NA,6
2024-03-31T00:00:00Z,3,0.4367163490967136,3.2210621283785423,3.09625,4.421837399602628,0.42413000674486184,66.70374097571175,-6.5636264180424,-7.0259181518128155,13.852369076840828,6451.13,9.0249863248083,4.827382752032529,1.8695402433147454,6
2024-04-01T00:00:00Z,3,0.38907404101072574,3.3319758466473695,2.984166666666667,4.276291011901066,0.4094959812646897,60.067198256166336,-6.713434862405068,-7.139097048475471,13.949985339761213,6381.955,9.230972935806967,4.719012403954245,1.9561238974646418,6
2024-04-02T00:00:00Z,3,0.4229335191521867,3.4096409479056833,2.73875,4.123185460954465,0.3963708603174782,54.47547449827969,-7.1850821225872465,-7.656137968631884,14.195434743731639,6556.124,9.879487918557464,4.315946825174175,2.289066181476591,6
2024-04-03T00:00:00Z,3,NA,NA,NA,NA,NA,NA,NA,NA,NA,6764.583,NA,NA,NA,6
2024-04-04T00:00:00Z,3,0.3364547581083071,1.5662056169447929,2.1066666666666665,4.054944592752324,0.5952174701319096,183.86551115178895,-5.915373433244865,-6.227225849074231,12.063318127120258,7906.304,8.13363847071169,3.9296796564085685,2.0697968236284234,6
2024-04-05T00:00:00Z,3,0.3302756810796452,1.5808935584616362,2.276666666666667,4.273008811083595,0.5573157844800535,151.12014913563186,-5.210701041251895,-5.5185972272038795,10.976493650875868,7988.202,7.164713931721355,3.8117797191545133,1.87962433813215,6
2024-04-06T00:00:00Z,3,0.3277908671592492,1.587581752280461,2.466666666666667,4.371932014912905,0.522549332371392,124.59646013584212,-4.414986042675226,-4.712642056178937,10.00904572295818,7859.699,6.070605808678436,3.938439914279745,1.5413732190423979,6
2024-04-07T00:00:00Z,3,0.37115863680400374,1.673919331157967,2.7370833333333335,4.473269453261642,0.4908887576866062,103.34975103660813,-3.844857788771133,-4.19644601140276,9.557187728203498,7492.902,5.2866794595603075,4.270508268643191,1.2379508777394244,6
2024-04-08T00:00:00Z,3,0.3907412380714003,1.7748588545696795,2.85625,4.455880118586485,0.46529902847684473,88.02609122247864,-3.618734891946495,-4.001277166331052,9.45848253149585,7287.891,4.97576047642643,4.48272205506942,1.1099863911480845,6
2024-04-09T00:00:00Z,3,0.4020625933187318,1.832706590383713,2.8379166666666666,4.32108068151663,0.4432995526597112,76.14811573857776,-3.499732563316817,-3.9041592318092615,9.282038919551278,7211.105,4.812132274560623,4.469906644990655,1.076562142512192,6
2024-04-10T00:00:00Z,3,NA,NA,NA,NA,NA,NA,NA,NA,NA,7196.712,NA,NA,NA,6
2024-04-11T00:00:00Z,3,NA,NA,NA,NA,NA,NA,NA,NA,NA,7569.771,NA,NA,NA,6
2024-04-12T00:00:00Z,3,0.4166385817422916,1.7044597024115298,2.3775,3.9190201906526725,0.4610834897427368,85.65725683171668,-4.0277888752631466,-4.442953130933611,9.232542956892546,7723.511,5.538209703486826,3.69433325340572,1.4991093990725606,6
2024-04-13T00:00:00Z,3,NA,NA,NA,NA,NA,NA,NA,NA,NA,6960.403,NA,NA,NA,6
2024-04-14T00:00:00Z,3,0.3021554757886772,3.3541486078609064,2.7420833333333334,4.349878732352125,0.4165561279607408,63.20828393915762,-7.864684801051443,-8.176481917321851,14.439853929062547,6373.983,10.813941601445734,3.6259123276168133,2.982405702168029,6
2024-04-15T00:00:00Z,3,0.303955931276613,3.410537588339174,2.5208333333333335,4.18466862860306,0.40187513268965946,56.77401639705838,-8.129225346313575,-8.460587826413013,14.622023016991198,6720.396,11.177684851181166,3.4443381658100325,3.2452344436256655,6
2024-04-16T00:00:00Z,3,0.38214840951236656,3.4511920051622296,2.4274999999999998,4.083598643518648,0.38764915726801136,50.978842556860265,-8.101016001334656,-8.534020359363568,14.129621445749192,6730.365,11.138897001835153,2.99072444391404,3.7244812120696027,6
2024-04-17T00:00:00Z,3,0.41411504295875246,3.468594841911321,2.2845833333333334,4.034201140118903,0.37545462530318985,46.33188768195825,-8.265847466984322,-8.738834403249628,13.697328843009988,6596.518,11.365540267103443,2.331788575906545,4.874172720691362,6
2024-05-08T13:00:00Z,3,NA,NA,NA,NA,NA,NA,NA,NA,NA,2838.85,NA,NA,NA,6
2024-05-09T00:00:00Z,3,NA,NA,NA,NA,NA,NA,NA,NA,NA,7660.902,NA,NA,NA,6
2024-05-10T10:00:00Z,3,NA,NA,NA,NA,NA,NA,NA,NA,NA,2419.727,NA,NA,NA,6
2024-05-11T00:00:00Z,3,NA,NA,NA,NA,NA,NA,NA,NA,NA,7736.643,NA,NA,NA,6
2024-05-12T00:00:00Z,3,NA,NA,NA,NA,NA,NA,NA,NA,NA,8984.35,NA,NA,NA,6
2024-05-13T00:00:00Z,3,NA,NA,NA,NA,NA,NA,NA,NA,NA,8303.486,NA,NA,NA,6
2024-05-25T00:00:00Z,3,NA,NA,NA,NA,NA,NA,NA,NA,NA,8823.426,NA,NA,NA,6
2024-05-26T00:00:00Z,3,NA,NA,NA,NA,NA,NA,NA,NA,NA,9182.2,NA,NA,NA,6
2024-05-27T00:00:00Z,3,NA,NA,NA,NA,NA,NA,NA,NA,NA,9058.544,NA,NA,NA,6
2024-06-16T19:00:00Z,3,NA,NA,NA,NA,NA,NA,NA,NA,NA,5359.444,NA,NA,NA,6
2024-06-17T00:00:00Z,3,NA,NA,NA,NA,NA,NA,NA,NA,NA,9439.218,NA,NA,NA,6
2024-06-18T00:00:00Z,3,NA,NA,NA,NA,NA,NA,NA,NA,NA,11886.6,NA,NA,NA,6
2024-06-19T00:00:00Z,3,NA,NA,NA,NA,NA,NA,NA,NA,NA,12985.04,NA,NA,NA,6
2024-06-20T00:00:00Z,3,NA,NA,NA,NA,NA,NA,NA,NA,NA,11030.74,NA,NA,NA,6
2024-06-21T00:00:00Z,3,NA,NA,NA,NA,NA,NA,NA,NA,NA,11375.81,NA,NA,NA,6
2024-06-22T00:00:00Z,3,NA,NA,NA,NA,NA,NA,NA,NA,NA,12633.85,NA,NA,NA,6
2024-06-23T00:00:00Z,3,NA,NA,NA,NA,NA,NA,NA,NA,NA,11429.33,NA,NA,NA,6
2024-06-24T00:00:00Z,3,NA,NA,NA,NA,NA,NA,NA,NA,NA,11512.32,NA,NA,NA,6
2024-06-25T00:00:00Z,3,0.04037510753162777,1.130773529948233,4.651666666666666,3.447231255839632,0.2118529723423082,14.918580337382055,-2.8612357420108996,-2.9015984581188903,4.494245769523111,11886.48,3.934199145264987,0.5600466242581241,7.024770750964699,6
2024-06-26T00:00:00Z,3,0.2529863467077366,3.3626354892873835,1.2220833333333334,3.1124860814290365,0.35685752371504736,39.811869558429,-10.683996629776503,-10.93687118707211,22.76888770589196,11919.5,14.690495365942692,8.078392339949268,1.8184924360872212,6
2024-06-27T00:00:00Z,3,0.22564616865084008,3.443919364462439,0.7204166666666667,2.9811379657814547,0.35293554617412254,38.502312768624094,-11.01101896931003,-11.23669076125992,23.472096765126132,12263.23,15.14015108280129,8.331945682324841,1.8171207134630256,6
2024-06-28T00:00:00Z,3,0.7515976478834698,3.2235048065919543,0.8083333333333333,3.0208998539593908,0.35305297065139596,38.53546071022281,-10.19319743156015,-10.945212899270327,21.755540452060227,12270.36,14.015646468395207,7.73989398366502,1.8108318405878827,6
2024-06-29T00:00:00Z,3,0.24366186084960437,3.4181956838370633,0.5862499999999999,3.13489996668424,0.35652579956675073,39.67138779559634,-11.178729364358894,-11.422918001400507,20.12883737099677,9055.965,15.370752875993478,4.758084495003292,3.230449751814011,6
2024-06-30T00:00:00Z,3,0.6099071423860976,1.8425564399380008,0.76125,3.1278393254612524,0.35469104210935676,39.233416712220354,-5.8924227456948515,-6.494896572097611,10.186541254717275,10908.47,8.10208127533042,2.084459979386855,3.8868970167101273,6
2024-07-01T00:00:00Z,3,0.15102739586678562,2.671051293584025,0.86875,3.044313734057119,0.39982020433737825,55.95051135534842,-9.450156376736805,-9.599495215981092,17.782901875886502,10376.47,12.993965018013107,4.788936857873395,2.7133297856391634,6
2024-07-02T00:00:00Z,3,0.1734528854984271,3.1714601825051942,0.6316666666666667,2.925518778638902,0.4064429448555867,58.75152404611409,-11.856768529402899,-12.030094628415206,20.04506400353026,8692.096,16.303056727928986,3.7420072756012743,4.356767779215334,6
2024-07-03T00:00:00Z,3,0.15441687481478297,3.1574034776592503,0.36041666666666666,2.882670544831668,0.3836596606526545,49.456314454848645,-11.472433173516599,-11.625891780476625,21.57078565283508,10918.53,15.774595613585323,5.796190039249758,2.72154561992711,6
2024-07-04T00:00:00Z,3,0.1551648126139825,3.2057988316312636,0.16083333333333333,2.8198485474735424,0.3651036576315575,42.6205248303255,-11.369606110114624,-11.522571969734308,20.680367785353198,11291.6,15.633208401407607,5.047159383945591,3.097427129235302,6
2024-07-05T00:00:00Z,3,NA,NA,NA,NA,NA,NA,NA,NA,NA,10812.58,NA,NA,NA,6
2024-07-06T00:00:00Z,3,NA,NA,NA,NA,NA,NA,NA,NA,NA,11029.38,NA,NA,NA,6
2024-07-07T00:00:00Z,3,NA,NA,NA,NA,NA,NA,NA,NA,NA,10162.55,NA,NA,NA,6
2024-07-09T00:00:00Z,3,NA,NA,NA,NA,NA,NA,NA,NA,NA,10239.29,NA,NA,NA,6
2024-08-05T00:00:00Z,3,0.665456771335573,0.20069610448323663,4.02875,2.966610545606267,1.1048485083333806,1437.8531549267616,-2.7032878691237743,-3.4144093612465305,1.9825079756476374,10183.07,3.7170208200451897,-1.7345128443975524,-2.142976820293436,6
2024-08-06T00:00:00Z,3,0.2889603988687402,1.3563401536403208,1.4875,3.240672761186936,1.1585232368949587,1366.8692912990862,-14.679880476756399,-14.95240950073101,19.40899574760989,5466.167,20.18483565554005,-0.775839907930159,-26.016753519924738,6
2024-08-09T00:00:00Z,3,NA,NA,NA,NA,NA,NA,NA,NA,NA,15213.92,NA,NA,NA,6
2024-08-10T00:00:00Z,3,NA,NA,NA,NA,NA,NA,NA,NA,NA,17915.55,NA,NA,NA,6
2024-08-20T08:00:00Z,3,NA,NA,NA,NA,NA,NA,NA,NA,NA,10090.37,NA,NA,NA,6
2024-08-21T02:00:00Z,3,NA,NA,NA,NA,NA,NA,NA,NA,NA,8671.287,NA,NA,NA,6
2024-08-22T22:00:00Z,3,NA,NA,NA,NA,NA,NA,NA,NA,NA,10778.57,NA,NA,NA,6
2024-08-30T09:16:00Z,3,NA,NA,NA,NA,NA,NA,NA,NA,NA,6127.8,NA,NA,NA,6
2023-08-04T11:00:00Z,13,NA,NA,NA,NA,NA,NA,NA,NA,NA,4695.205,NA,NA,NA,13
2023-08-05T00:00:00Z,13,NA,NA,NA,NA,NA,NA,NA,NA,NA,7805.142,NA,NA,NA,13
2023-08-06T00:00:00Z,13,NA,NA,NA,NA,NA,NA,NA,NA,NA,7514.195,NA,NA,NA,13
2023-08-07T00:00:00Z,13,NA,NA,NA,NA,NA,NA,NA,NA,NA,6837.241,NA,NA,NA,13
2023-08-08T00:00:00Z,13,NA,NA,NA,NA,NA,NA,NA,NA,NA,6157.406,NA,NA,NA,13
2023-08-09T00:00:00Z,13,NA,NA,NA,NA,NA,NA,NA,NA,NA,5519.34,NA,NA,NA,13
2023-08-10T00:00:00Z,13,NA,NA,NA,NA,NA,NA,NA,NA,NA,5036.83,NA,NA,NA,13
2023-08-11T00:00:00Z,13,NA,NA,NA,NA,NA,NA,NA,NA,NA,4519.752,NA,NA,NA,13
2023-08-12T00:00:00Z,13,NA,NA,NA,NA,NA,NA,NA,NA,NA,4212.962,NA,NA,NA,13
2023-08-13T00:00:00Z,13,NA,NA,NA,NA,NA,NA,NA,NA,NA,3963.785,NA,NA,NA,13
2023-08-14T00:00:00Z,13,NA,NA,NA,NA,NA,NA,NA,NA,NA,3828.394,NA,NA,NA,13
2023-08-15T00:00:00Z,13,NA,NA,NA,NA,NA,NA,NA,NA,NA,3803.908,NA,NA,NA,13
2023-08-16T00:00:00Z,13,NA,NA,NA,NA,NA,NA,NA,NA,NA,4006.995,NA,NA,NA,13
2023-08-17T00:00:00Z,13,NA,NA,NA,NA,NA,NA,NA,NA,NA,3942.181,NA,NA,NA,13
2023-08-18T00:00:00Z,13,NA,NA,NA,NA,NA,NA,NA,NA,NA,4035.802,NA,NA,NA,13
2023-08-19T00:00:00Z,13,NA,NA,NA,NA,NA,NA,NA,NA,NA,3972.428,NA,NA,NA,13
2023-08-20T00:00:00Z,13,NA,NA,NA,NA,NA,NA,NA,NA,NA,3989.712,NA,NA,NA,13
2023-08-21T00:00:00Z,13,NA,NA,NA,NA,NA,NA,NA,NA,NA,3916.255,NA,NA,NA,13
2023-08-22T00:00:00Z,13,NA,NA,NA,NA,NA,NA,NA,NA,NA,3550.411,NA,NA,NA,13
2023-08-23T00:00:00Z,13,NA,NA,NA,NA,NA,NA,NA,NA,NA,3826.955,NA,NA,NA,13
2023-08-24T00:00:00Z,13,NA,NA,NA,NA,NA,NA,NA,NA,NA,3983.951,NA,NA,NA,13
2023-08-25T00:00:00Z,13,NA,NA,NA,NA,NA,NA,NA,NA,NA,4257.613,NA,NA,NA,13
2023-08-26T00:00:00Z,13,NA,NA,NA,NA,NA,NA,NA,NA,NA,4656.584,NA,NA,NA,13
2023-08-27T00:00:00Z,13,NA,NA,NA,NA,NA,NA,NA,NA,NA,4658.025,NA,NA,NA,13
2023-08-28T00:00:00Z,13,NA,NA,NA,NA,NA,NA,NA,NA,NA,4961.935,NA,NA,NA,13
2023-08-29T00:00:00Z,13,NA,NA,NA,NA,NA,NA,NA,NA,NA,5366.667,NA,NA,NA,13
2023-08-30T00:00:00Z,13,NA,NA,NA,NA,NA,NA,NA,NA,NA,4225.972,NA,NA,NA,13
2023-08-31T00:00:00Z,13,NA,NA,NA,NA,NA,NA,NA,NA,NA,4544.681,NA,NA,NA,13
2023-09-01T00:00:00Z,13,NA,NA,NA,NA,NA,NA,NA,NA,NA,4238.927,NA,NA,NA,13
2023-09-02T00:00:00Z,13,NA,NA,NA,NA,NA,NA,NA,NA,NA,4628.361,NA,NA,NA,13
2023-09-03T00:00:00Z,13,NA,NA,NA,NA,NA,NA,NA,NA,NA,4092.933,NA,NA,NA,13
2023-09-04T00:00:00Z,13,NA,NA,NA,NA,NA,NA,NA,NA,NA,3725.43,NA,NA,NA,13
2023-09-05T00:00:00Z,13,NA,NA,NA,NA,NA,NA,NA,NA,NA,3467.515,NA,NA,NA,13
2023-09-06T00:00:00Z,13,NA,NA,NA,NA,NA,NA,NA,NA,NA,3548.089,NA,NA,NA,13
2023-09-07T00:00:00Z,13,NA,NA,NA,NA,NA,NA,NA,NA,NA,3631.798,NA,NA,NA,13
2023-09-08T00:00:00Z,13,NA,NA,NA,NA,NA,NA,NA,NA,NA,3889.626,NA,NA,NA,13
2024-11-22T16:00:00Z,13,NA,NA,NA,NA,NA,NA,NA,NA,NA,4280.124,NA,NA,NA,13
2024-11-23T00:00:00Z,13,NA,NA,NA,NA,NA,NA,NA,NA,NA,4200,NA,NA,NA,13
2024-11-24T00:00:00Z,13,NA,NA,NA,NA,NA,NA,NA,NA,NA,4212.371,NA,NA,NA,13
2024-11-25T00:00:00Z,13,NA,NA,NA,NA,NA,NA,NA,NA,NA,4212.195,NA,NA,NA,13
2024-11-26T00:00:00Z,13,NA,NA,NA,NA,NA,NA,NA,NA,NA,4210.915,NA,NA,NA,13
2024-11-27T00:00:00Z,13,0.02170859474831032,10.969349494910665,7.613333333333333,4.871935480325308,0.05299982433298197,3.633003012980844,-0.9140431745263249,-0.9274608186470159,3.5965175459865097,4192.995,1.2568093649736967,2.339708181012813,0.5371650085138604,13
2024-11-28T00:00:00Z,13,0.02558526931683178,16.54964987858844,7.277916666666667,4.606094464474204,0.05334916215286987,3.670686131331756,-1.7251396179273943,-1.745694989573567,5.479690298220119,4183.314,2.372066974650167,3.1076233235699524,0.7633058217381383,13
2024-11-29T00:00:00Z,13,NA,NA,NA,NA,NA,NA,NA,NA,NA,4168.896,NA,NA,NA,13
2024-11-30T00:00:00Z,13,NA,NA,NA,NA,NA,NA,NA,NA,NA,4169.471,NA,NA,NA,13
2024-12-01T00:00:00Z,13,NA,NA,NA,NA,NA,NA,NA,NA,NA,4179.381,NA,NA,NA,13
2024-12-02T00:00:00Z,13,NA,NA,NA,NA,NA,NA,NA,NA,NA,4187.628,NA,NA,NA,13
2024-12-03T00:00:00Z,13,NA,NA,NA,NA,NA,NA,NA,NA,NA,4173.195,NA,NA,NA,13
2024-12-04T00:00:00Z,13,NA,NA,NA,NA,NA,NA,NA,NA,NA,4171.133,NA,NA,NA,13
2024-12-05T00:00:00Z,13,NA,NA,NA,NA,NA,NA,NA,NA,NA,4286.597,NA,NA,NA,13
2024-12-06T00:00:00Z,13,NA,NA,NA,NA,NA,NA,NA,NA,NA,4125.642,NA,NA,NA,13
2024-12-07T00:00:00Z,13,NA,NA,NA,NA,NA,NA,NA,NA,NA,4103.092,NA,NA,NA,13
2024-12-08T00:00:00Z,13,NA,NA,NA,NA,NA,NA,NA,NA,NA,4115.463,NA,NA,NA,13
2024-12-09T00:00:00Z,13,NA,NA,NA,NA,NA,NA,NA,NA,NA,4139.426,NA,NA,NA,13
2024-12-10T00:00:00Z,13,0.03313718400316622,9.894472138763486,8.149583333333334,4.8910755489667315,0.04860521327103243,3.147387053437451,-0.7037498522685313,-0.7282219411461964,2.9196186301480287,4131.181,0.9676560468692305,1.9519625832787981,0.4957349362936126,13
2024-12-11T00:00:00Z,13,NA,NA,NA,NA,NA,NA,NA,NA,NA,4115.343,NA,NA,NA,13
2024-12-12T00:00:00Z,13,NA,NA,NA,NA,NA,NA,NA,NA,NA,4134.011,NA,NA,NA,13
2024-12-13T00:00:00Z,13,NA,NA,NA,NA,NA,NA,NA,NA,NA,4138.144,NA,NA,NA,13
2024-12-14T00:00:00Z,13,0.0965696991078506,34.369664617743794,8.045833333333333,5.1075926284849995,0.05070124019035907,3.3742945768172743,-3.2824684678738776,-3.377785846091203,5.5451471677580155,2361.264,4.513394143326582,1.031753024431434,4.37449082915339,13
2024-12-15T00:00:00Z,13,0.15608520826777805,81.65675404999253,7.399166666666667,4.699142654021007,0.05139991583013451,3.4528894854825394,-9.815868959406886,-9.972273255040978,13.513515198072925,2360.452,13.496819819184468,0.016695378888456958,808.4165031148862,13
2024-12-16T00:00:00Z,13,0.21560265626109096,27.88033133314238,7.2995833333333335,4.671962443665641,0.05258590305059402,3.583770237324034,-3.4521401945187606,-3.669604308095293,4.72273685244901,2361.155,4.746692767463296,-0.023955915014285623,-198.14282880168435,13
2024-12-17T00:00:00Z,13,0.391727210324037,64.22097706027019,6.6258333333333335,4.386586765754331,0.05430323603071439,3.7813242182323057,-10.224478869542722,-10.619096675587485,11.317537111029917,2360.45,14.058658445621242,-2.741121334591325,-5.1287983017056975,13
2024-12-18T00:00:00Z,13,0.10431223122421658,78.9876064322622,6.505833333333333,4.386839973090294,0.0551633703267407,3.879488496702372,-12.976806146911613,-13.081405121337081,14.135430726680983,2360.452,17.84310845200347,-3.707677725322487,-4.812475563919599,13
2024-12-19T00:00:00Z,13,0.07402439280367243,54.63270426965371,6.557916666666666,4.425944495172193,0.0549872336108308,3.860191699641594,-8.49250979658609,-8.566791084880485,9.73302247743831,2360.452,11.677200970305874,-1.9441784928675645,-6.006239145811451,13
2024-12-20T00:00:00Z,13,0.03926948936847346,13.680720741237186,7.242083333333333,4.627653210767065,0.05699225656027053,4.096322647177697,-1.3056782858321077,-1.3457774775442723,2.512201961759958,2359.203,1.795307643019148,0.7168943187408101,2.504284935850124,13
2024-12-21T00:00:00Z,13,0.0392613990513003,12.760458843522338,8.655416666666667,5.383959287479276,0.05584149668299332,3.960991963447062,-0.37653174540337747,-0.41922333420533103,2.24503570256664,2360.808,0.517731149929644,1.7273045526369961,0.29973356414724184,13
2024-12-22T00:00:00Z,13,NA,NA,NA,NA,NA,NA,NA,NA,NA,2360.824,NA,NA,NA,13
2024-12-23T00:00:00Z,13,0.05618756741981635,34.404166613628654,8.7925,5.50236621650498,0.05166118529206742,3.481537029931015,-2.26304024675687,-2.3182961270875104,5.585219373997001,2361.565,3.1116803392906967,2.473539034706304,1.257987157522324,13
2024-12-24T00:00:00Z,13,0.12052952159124045,46.869738962719225,8.560833333333333,5.227342577430742,0.05333741970514235,3.669040838944935,-3.678037300353735,-3.799628503669246,7.918973182311282,2361.264,5.057301287986386,2.861671894324896,1.7672540650155373,13
2024-12-25T00:00:00Z,13,0.1994865111917575,96.1151943710922,8.450416666666667,5.050841042417641,0.05402728850912248,3.750023277406067,-8.129997927451189,-8.331093212994189,16.533336198971885,2361.264,11.178747150245385,5.354589048726499,2.0876946948718813,13
2024-12-26T00:00:00Z,13,0.11151599220295697,157.93934505565883,8.1154166666666665,4.961151192226741,0.05169641263524948,3.48443974215576,-14.9688012311482,-15.080409616839784,26.069809628172226,2361.264,20.582101692828775,5.487707935343451,3.750582562944038,13
2024-12-27T00:00:00Z,13,0.21921561174985904,35.06613032769739,7.74625,4.884675765923391,0.05217785299206962,3.539850966604346,-3.809554056633674,-4.02944130712847,5.855270185386091,2361.264,5.238136827871302,0.6171333575147893,8.4878523646257,13
2025-01-27T16:12:55Z,13,NA,NA,NA,NA,NA,NA,NA,NA,NA,5372.489,NA,NA,NA,13
2025-02-02T07:00:00Z,13,NA,NA,NA,NA,NA,NA,NA,NA,NA,2658.646,NA,NA,NA,13
2025-02-03T07:00:00Z,13,NA,NA,NA,NA,NA,NA,NA,NA,NA,4218.247,NA,NA,NA,13
2025-02-04T02:00:00Z,13,NA,NA,NA,NA,NA,NA,NA,NA,NA,3872.005,NA,NA,NA,13
2025-02-05T04:00:00Z,13,NA,NA,NA,NA,NA,NA,NA,NA,NA,4482.912,NA,NA,NA,13
2025-02-06T18:00:00Z,13,NA,NA,NA,NA,NA,NA,NA,NA,NA,2670.975,NA,NA,NA,13
2025-02-08T00:00:00Z,13,NA,NA,NA,NA,NA,NA,NA,NA,NA,2030.12,NA,NA,NA,13
2025-02-09T02:00:00Z,13,NA,NA,NA,NA,NA,NA,NA,NA,NA,2210.243,NA,NA,NA,13
2025-02-10T00:00:00Z,13,NA,NA,NA,NA,NA,NA,NA,NA,NA,4116.766,NA,NA,NA,13
2025-02-16T02:00:00Z,13,NA,NA,NA,NA,NA,NA,NA,NA,NA,1919.281,NA,NA,NA,13
2025-02-17T02:00:00Z,13,NA,NA,NA,NA,NA,NA,NA,NA,NA,3235.142,NA,NA,NA,13
2025-02-18T06:00:00Z,13,NA,NA,NA,NA,NA,NA,NA,NA,NA,1766.542,NA,NA,NA,13
2025-02-19T00:00:00Z,13,NA,NA,NA,NA,NA,NA,NA,NA,NA,2497.675,NA,NA,NA,13
2025-02-20T00:00:00Z,13,NA,NA,NA,NA,NA,NA,NA,NA,NA,4615.385,NA,NA,NA,13
2025-02-21T00:00:00Z,13,NA,NA,NA,NA,NA,NA,NA,NA,NA,4670.102,NA,NA,NA,13
2025-02-22T23:00:00Z,13,NA,NA,NA,NA,NA,NA,NA,NA,NA,4002.513,NA,NA,NA,13
2025-02-23T06:00:00Z,13,NA,NA,NA,NA,NA,NA,NA,NA,NA,5654.91,NA,NA,NA,13
2025-02-24T18:00:00Z,13,NA,NA,NA,NA,NA,NA,NA,NA,NA,7459.155,NA,NA,NA,13
2025-02-25T03:00:00Z,13,NA,NA,NA,NA,NA,NA,NA,NA,NA,9483.45,NA,NA,NA,13
2025-02-26T00:00:00Z,13,NA,NA,NA,NA,NA,NA,NA,NA,NA,8142.857,NA,NA,NA,13
2025-02-27T00:00:00Z,13,NA,NA,NA,NA,NA,NA,NA,NA,NA,9236.95,NA,NA,NA,13
2024-05-30T16:00:00Z,13,0.20905414068686223,9.882264936103253,4.8341666666666665,4.134058016924129,0.02180307633342535,0.8585160258276657,-0.942276228820127,-1.1513857404310852,1.3241160344358986,4081.731,1.2956298146276746,0.028486219808224078,45.482686834201196,13
2024-05-31T00:00:00Z,13,0.23835867444053427,11.562435094966109,5.56625,3.9771869913904108,0.01976576165273537,0.7320826524941116,-0.7109062199938188,-0.9493764481443066,1.4118649133338967,4108.829,0.9774960524915008,0.4343688608423959,2.2503824297989223,13
2024-06-01T00:00:00Z,13,0.44388990898571784,20.76082931809958,6.045833333333333,4.136231075729364,0.01752001852488548,0.603138495209306,-1.1859317220901338,-1.6299243481532846,2.2489140303323643,4113.284,1.6306561178739338,0.6182579124584304,2.6375014132691326,13
2024-08-04T00:00:00Z,13,NA,NA,NA,NA,NA,NA,NA,NA,NA,4114.698,NA,NA,NA,13
2024-08-06T20:00:00Z,13,0.1404083497464395,2.379803494876923,4.944583333333333,3.2506687639878686,0.5662856993895803,188.16376692529337,-4.604342353623187,-4.745663828708263,10.858545245322448,5697.116,6.3309707362318814,4.527574509090567,1.3983139810334242,13
2024-08-07T20:00:00Z,13,NA,NA,NA,NA,NA,NA,NA,NA,NA,5320.056,NA,NA,NA,13
2024-08-08T00:00:00Z,13,NA,NA,NA,NA,NA,NA,NA,NA,NA,4870.88,NA,NA,NA,13
2024-08-09T00:00:00Z,13,NA,NA,NA,NA,NA,NA,NA,NA,NA,4477.336,NA,NA,NA,13
2024-08-10T00:00:00Z,13,0.9873938954276952,1.664000931149492,5.0825,2.7598275933951326,0.21789021093193697,37.97318619267046,-2.2159760512477784,-3.2122818764549437,2.3598881829717664,4256.869,3.0469670704656955,-0.6870788874939291,-4.434668457910691,13
2024-08-11T00:00:00Z,13,0.31665891734265583,5.198027329525399,4.3875,2.8394917230474817,0.18331750921077583,28.532909029088255,-2.1760568836318175,-2.5114800292807438,6.084102534219334,4209.479,2.9920782149937493,3.092024319225585,0.9676761584278653,13
2024-08-12T00:00:00Z,13,0.16508473264817977,34.82494467047552,5.961666666666667,2.7882225707647597,0.15203856407712796,20.90216478738753,-13.198713154310807,-13.364303512577711,33.742586003902346,4151.786,18.14823058717736,15.594355416724987,1.1637692038052008,13
2024-08-13T20:00:00Z,13,0.2533020149144408,56.20167019934651,6.039583333333334,2.8790160183466313,0.129152533456582,15.96196745431198,-17.6173684162152,-17.87153126710595,45.914694800038696,4116.759,24.223881572295902,21.690813227742794,1.1167806996426157,13
2024-08-14T00:00:00Z,13,NA,NA,NA,NA,NA,NA,NA,NA,NA,4118.819,NA,NA,NA,13
2024-08-15T00:00:00Z,13,0.1336457967782716,48.9929775305745,6.093333333333334,2.8994750523177903,0.09905663993146167,10.266104062622114,-11.565881859336972,-11.700434445219415,30.73905896640105,4141.484,15.903087556588337,14.835971409812712,1.0719276222162184,13
2024-08-16T00:00:00Z,13,0.09379424368980092,39.538344086678144,6.235,3.0742408009456255,0.08729070730868742,8.345786955585488,-7.6663022019045,-7.761134011003065,21.825517228774906,4139.424,10.541165527618688,11.284351701156218,0.9341401089562476,13
2024-08-17T20:00:00Z,13,0.5630467419155483,85.08840028662989,6.3675,3.3243246891008424,0.07713055441262402,6.79205442239392,-14.81615879708952,-15.380961215753908,41.12512450418551,4106.457,20.37221834599809,20.752906158187418,0.9816561685728463,13
2024-08-18T00:00:00Z,13,0.4709639976070484,50.199583402918975,6.205,3.323395718715821,0.06892845467509129,5.651541126523563,-8.520117085920765,-8.99288157618657,21.695522482843092,4114.698,11.715160993141051,9.980361489702041,1.1738213095015662,13
2024-08-19T00:00:00Z,13,0.39687027455679136,22.151935770332013,5.989166666666667,3.1555047373157827,0.07084834487850776,5.891465397723757,-4.304843210343469,-4.70351868605347,9.967416135227793,4106.456,5.919159414222269,4.048256721005524,1.462150209869112,13
2024-08-20T00:00:00Z,13,0.09933380523773884,24.740790146908935,5.93875,3.047288442186,0.07220166197908158,6.08422634137797,-4.6086528300768865,-4.709504011851489,11.310932776739481,4162.088,6.336897641355719,4.974035135383762,1.2739953516365357,13
2024-08-21T00:00:00Z,13,0.20309866868527832,58.80983851271461,6.119583333333333,3.1209882186984133,0.06856737440747582,5.580881030578487,-9.878926027537615,-10.083757733030675,25.346902803950186,4118.819,13.583523287864221,11.763379516085966,1.1547296649988448,13
2024-08-22T00:00:00Z,13,0.2529275121670601,110.65660454989622,6.2525,3.169719951304662,0.06794796028985972,5.485217803025245,-17.704772197337423,-17.958899838559567,47.27996546171054,4106.457,24.344061771338957,22.935903690371582,1.0613953607399613,13
2024-08-30T14:00:00Z,13,0.13287617763987233,49.258462030976126,6.110416666666667,3.263876857382298,0.05466431629832952,3.8438213989738697,-6.658777036959919,-6.793713469912222,17.11014842551195,4185.391,9.15581842581989,7.954329999692062,1.1510483505429547,13
2024-08-31T00:00:00Z,13,0.15799752621901017,66.75826471750271,6.060416666666667,3.253025318586686,0.05017870126649326,3.3361405535719237,-8.54473662622627,-8.704555977488209,21.104077649909442,4135.302,11.74901286106112,9.355064788848322,1.2558986096030567,13
2024-09-01T00:00:00Z,13,NA,NA,NA,NA,NA,NA,NA,NA,NA,4114.698,NA,NA,NA,13
2024-09-02T00:00:00Z,13,NA,NA,NA,NA,NA,NA,NA,NA,NA,4112.269,NA,NA,NA,13
2024-09-03T00:00:00Z,13,0.10231280542448636,42.977516106547355,5.977916666666666,3.2839717521393355,0.03890888706019831,2.177387587206127,-4.4042837129648005,-4.508575095823857,10.494489130755099,4110.431,6.0558901053266005,4.438599025428498,1.3643697190561093,13
2024-09-04T00:00:00Z,13,0.14530237125788173,48.096736987740385,5.997916666666667,3.259871534252331,0.03939913425281403,2.2211380881153437,-5.062951842593412,-5.209688575406432,11.905079212180178,4111.974,6.961558783565941,4.943520428614237,1.4082188764247503,13
2024-09-05T00:00:00Z,13,0.16064735033859084,57.73062831883946,6.047083333333333,3.336697552371633,0.04021229875793075,2.299269911388091,-6.015669650968887,-6.17779200646429,14.603897593306815,4143.513,8.27154577008222,6.332351823224595,1.3062359769312593,13
2024-09-06T00:00:00Z,13,0.35065337825979115,22.563699636724422,6.062083333333334,3.2573332198214326,0.04180927164884629,2.467598980353536,-2.462998763492986,-2.8171941605042643,6.017498871476858,4097.594,3.3866232998028556,2.630875571674002,1.2872609165807025,13
2024-09-07T00:00:00Z,13,NA,NA,NA,NA,NA,NA,NA,NA,NA,4969.075,NA,NA,NA,13
2024-09-08T00:00:00Z,13,0.2226098122955693,10.0027569041611,6.250416666666666,3.2604093351782786,0.0499321098642197,3.3944471744367455,-1.1549892424721837,-1.3791271514627645,4.191031385952784,5330.992,1.5881102083992527,2.6029211775535313,0.6101261237160885,13
2024-09-09T00:00:00Z,13,0.1153192760617623,26.445054398479915,6.487916666666667,3.273822419192751,0.07090705711714465,5.916898095299944,-3.708075427010491,-3.8252947124383136,18.94588492323244,6921.883,5.098603712139425,13.847281211093016,0.368202510977747,13
2024-09-10T00:00:00Z,13,0.4955099339982185,58.967825657259176,6.492083333333333,3.2951034899843417,0.06183895185972183,4.693970121575188,-7.714353997327207,-8.212620246807539,26.45573582202378,5024.55,10.60723674632491,15.84849907569887,0.6692896718900911,13
2024-09-11T00:00:00Z,13,0.668241264678505,80.43770246622663,6.423333333333334,3.3026681326302065,0.06099349562335472,4.585603401716028,-10.964037024556271,-11.634127618909353,33.10544929901255,4262.271,15.075550908764873,18.029898390247673,0.836141756457108,13
2024-09-12T00:00:00Z,13,0.49620609557097634,48.40711957579062,6.499583333333334,3.3238168026374146,0.06854682512395303,5.587035494165258,-7.160698503190509,-7.658461443029623,22.23276186573875,4348.673,9.84596044188695,12.386801423851798,0.7948751340219072,13
2024-09-13T00:00:00Z,13,0.23219115780697663,45.24787006294085,6.61375,3.391309266627212,0.07656804600322495,6.6884373327928195,-7.0952022577282925,-7.328015829367474,23.846656954473513,4355.11,9.755903104376403,14.09075385009711,0.6923620416738149,13
2024-09-14T00:00:00Z,13,0.6863288041143352,100.75057162172908,6.562916666666666,3.319329344543532,0.07487306883704671,6.442057364831459,-16.01308030109303,-16.701361891646307,57.221814062529695,4591.737,22.017985414002915,35.20382864852678,0.6254429208206116,13
2024-09-15T00:00:00Z,13,0.3510595281243634,49.053714127890586,6.54125,3.2842548589832354,0.07301189087226644,6.18407469463739,-7.4323253397499975,-7.7860532961773785,25.01935323221889,4793.237,10.219447342156247,14.799905890062643,0.6905075895798816,13
2024-09-16T00:00:00Z,13,0.2424635168703938,46.02097713234342,6.61625,3.3424670671104786,0.0699265627319136,5.757980054332321,-6.307528136211645,-6.552382252664956,22.582974773397176,4468.469,8.672851187291013,13.910123586106163,0.6234920296433389,13
2024-09-17T00:00:00Z,13,0.4185572428869868,53.75579641372258,6.7404166666666665,3.4534459888240727,0.065047575701212,5.110855054372476,-6.777385399336462,-7.1986965657010655,24.29003115990987,4643.447,9.318904924087636,14.971126235822233,0.6224585096203239,13
2024-09-18T00:00:00Z,13,0.37880131369403813,40.085359819995745,6.57125,3.385846100039617,0.06483621164212017,5.07935691747542,-5.535868652506311,-5.916653936040069,18.179192341189637,4451.56,7.611819397196178,10.567372943993458,0.7203133113157296,13
2024-09-19T00:00:00Z,13,0.2758568817366672,41.15169893984312,6.565416666666667,3.3837402881976417,0.06948915655407055,5.6961899674238134,-6.076491220337241,-6.354706490174813,22.148525068149837,4715.229,8.355175427963706,13.79334964018613,0.6057394067370977,13
2024-09-20T00:00:00Z,13,NA,NA,NA,NA,NA,NA,NA,NA,NA,5870.894,NA,NA,NA,13
2024-09-21T00:00:00Z,13,0.2225267732995006,65.49193984150862,6.602916666666666,3.3950285402189584,0.06104927225005979,4.606420489624372,-8.100344921272269,-8.325429627282704,26.01072693642744,4268.29,11.137974266749369,14.87275266967807,0.7488845215221653,13
2024-09-22T00:00:00Z,13,0.28015715945874775,50.69158778648498,6.714166666666666,3.547611090451273,0.05354878376423407,3.7073941046965513,-5.349285769874127,-5.632658854206785,17.73349689238572,4242.418,7.355267933576925,10.378228958808794,0.7087209159452922,13
2024-09-23T00:00:00Z,13,0.4388081627897744,54.4891905094565,6.612916666666667,3.626994278004866,0.04946534756705869,3.2480937072648737,-5.756701127978934,-6.19898218186871,24.297332849078256,4514.367,7.915464050971034,16.38186879810722,0.48318443692367963,13
2024-09-24T00:00:00Z,13,0.2391574152764568,39.68506110236021,6.46625,3.5069804020410658,0.04516467608692808,2.7988610964132037,-3.9879961971999514,-4.2310158375062095,14.016172664605454,7058.992,5.4834947711499336,8.53267789345552,0.642646404753626,13
2024-09-25T00:00:00Z,13,NA,NA,NA,NA,NA,NA,NA,NA,NA,4502.576,NA,NA,NA,13
2024-09-26T00:00:00Z,13,NA,NA,NA,NA,NA,NA,NA,NA,NA,4257.468,NA,NA,NA,13
2024-09-27T00:00:00Z,13,NA,NA,NA,NA,NA,NA,NA,NA,NA,4628.22,NA,NA,NA,13
2024-09-28T00:00:00Z,13,0.32815750762373247,71.45354343897797,6.18,3.333440368643683,0.09153266655018144,8.996387278139217,-16.630678911173458,-16.961127743877537,49.09013760553722,4414.008,22.867183502863504,26.222954102673718,0.8720292692169241,13
2024-09-29T00:00:00Z,13,0.17366273645256097,26.52553267657232,6.11625,3.324145056665598,0.08222090550241719,7.542054969150055,-5.5207396676721965,-5.696880532543821,19.75787831044022,4549.95,7.59101704304927,12.16686126739095,0.6239092298516099,13
2024-09-30T00:00:00Z,13,0.2835901530532765,9.932823989545495,6.080416666666666,3.3754244656158927,0.08120811938593572,7.427483856290796,-2.158713948591522,-2.4451202720387455,8.839702967654281,6035.018,2.9682316793133428,5.871471288340938,0.505534564259456,13
2024-10-01T00:00:00Z,13,0.1761094925366238,22.474021130710284,6.069583333333333,3.305146787363842,0.0941776529007603,9.445362830492252,-5.380275652817392,-5.558886733085221,18.793601354408246,5583.936,7.397879022623915,11.39572233178433,0.6491803509453852,13
2024-11-05T15:32:30Z,13,0.45181029655828114,52.00284076052119,6.342083333333333,3.764859392209442,0.07648765539955321,6.679966782015839,-10.533892175643006,-10.989881937409221,25.533938450323564,4178.059,14.484101741509132,11.049836708814432,1.3107978084377658,13
2024-11-06T00:00:00Z,13,0.19008653852576168,13.75500861634387,5.9383333333333335,3.657974419234378,0.07809049951433232,6.9261901335454805,-3.137091060150981,-3.32945665656504,7.355502982526532,4300.719,4.313500207707599,3.0420027748189327,1.4179803659003398,13
2024-11-07T00:00:00Z,13,0.27320084589501087,17.74954619680771,5.984583333333333,3.556965257522904,0.08776627644164371,8.400357417177762,-4.415927707073237,-4.6919626426139,10.945128397379236,4681.573,6.071900597225701,4.8732278001535345,1.2459710167939209,13
2024-11-08T00:00:00Z,13,0.2721755910626343,55.46056665217221,6.060833333333333,3.523500380753131,0.08668597125073033,8.218784686650581,-13.489358975881016,-13.763662387073971,32.20799555365907,4484.036,18.547868591836398,13.66012696182267,1.3578108493188967,13
2024-11-09T00:00:00Z,13,0.25259664822404065,48.127537258506585,6.247083333333333,3.6505237647990643,0.08193321553309768,7.485469118785916,-10.260338621128836,-10.516068712434834,24.631019857673834,4300.719,14.10796560405215,10.523054253621684,1.3406721341569308,13
2024-11-10T00:00:00Z,13,0.08594157944560538,8.719368726216633,6.19625,3.6753590627196404,0.08838569055925972,8.560631587773727,-1.8251706268912016,-1.9130563702170262,4.851216782204588,4119.371,2.509609611975402,2.341607170229186,1.0717466378998886,13
2024-02-09T13:13:30Z,13,0.49274983478282414,29.928236677907417,8.640416666666667,4.807178012234541,0.1734585500989185,25.97148649913847,-6.646902390099218,-7.145359824849845,18.222726599913205,2499.374,9.139490786386425,9.08323581352678,1.0061932745130175,13
2023-09-09T00:00:00Z,13,NA,NA,NA,NA,NA,NA,NA,NA,NA,3864.915,NA,NA,NA,13
2023-09-10T00:00:00Z,13,NA,NA,NA,NA,NA,NA,NA,NA,NA,4053.686,NA,NA,NA,13
2023-09-11T00:00:00Z,13,NA,NA,NA,NA,NA,NA,NA,NA,NA,4510.888,NA,NA,NA,13
2023-09-12T00:00:00Z,13,NA,NA,NA,NA,NA,NA,NA,NA,NA,3879.089,NA,NA,NA,13
2023-09-13T00:00:00Z,13,NA,NA,NA,NA,NA,NA,NA,NA,NA,3632.876,NA,NA,NA,13
2023-09-14T00:00:00Z,13,NA,NA,NA,NA,NA,NA,NA,NA,NA,3735.747,NA,NA,NA,13
2023-09-15T00:00:00Z,13,NA,NA,NA,NA,NA,NA,NA,NA,NA,3872.321,NA,NA,NA,13
2023-09-16T00:00:00Z,13,NA,NA,NA,NA,NA,NA,NA,NA,NA,3769.666,NA,NA,NA,13
2023-09-17T00:00:00Z,13,NA,NA,NA,NA,NA,NA,NA,NA,NA,4287.192,NA,NA,NA,13
2023-09-18T00:00:00Z,13,NA,NA,NA,NA,NA,NA,NA,NA,NA,4296.908,NA,NA,NA,13
2023-09-19T00:00:00Z,13,NA,NA,NA,NA,NA,NA,NA,NA,NA,4336.692,NA,NA,NA,13
2023-09-20T00:00:00Z,13,NA,NA,NA,NA,NA,NA,NA,NA,NA,4427.387,NA,NA,NA,13
2023-09-21T00:00:00Z,13,NA,NA,NA,NA,NA,NA,NA,NA,NA,4574.958,NA,NA,NA,13
2023-09-22T00:00:00Z,13,NA,NA,NA,NA,NA,NA,NA,NA,NA,4777.17,NA,NA,NA,13
2023-09-23T00:00:00Z,13,NA,NA,NA,NA,NA,NA,NA,NA,NA,4139.786,NA,NA,NA,13
2023-09-24T00:00:00Z,13,NA,NA,NA,NA,NA,NA,NA,NA,NA,4081.852,NA,NA,NA,13
2023-09-25T00:00:00Z,13,NA,NA,NA,NA,NA,NA,NA,NA,NA,4017.014,NA,NA,NA,13
2023-09-26T00:00:00Z,13,NA,NA,NA,NA,NA,NA,NA,NA,NA,3871.798,NA,NA,NA,13
2023-09-27T00:00:00Z,13,NA,NA,NA,NA,NA,NA,NA,NA,NA,3441.328,NA,NA,NA,13
2023-09-28T00:00:00Z,13,NA,NA,NA,NA,NA,NA,NA,NA,NA,3723.417,NA,NA,NA,13
2023-09-29T00:00:00Z,13,NA,NA,NA,NA,NA,NA,NA,NA,NA,3617.755,NA,NA,NA,13
2023-12-08T12:35:30Z,13,NA,NA,NA,NA,NA,NA,NA,NA,NA,1305.834,NA,NA,NA,13
2023-12-09T00:00:00Z,13,0.18484269506345824,32.92392233202539,7.685833333333333,4.756291262311748,0.04933324503012634,3.2279130310636077,-3.4816391307743144,-3.6666258521817596,6.994331093561897,2784.626,4.787253804814682,2.2070772887472145,2.169046743049054,13
2023-12-10T00:00:00Z,13,0.2177486378571745,10.713457605634453,7.173333333333334,4.531737502623377,0.057605799454023,4.277783953485091,-1.4967185344596399,-1.715057449092083,3.570767031263338,3815.168,2.0579879848820046,1.5127790463813335,1.3604022278103642,13
2023-12-11T00:00:00Z,13,0.04807237858848655,12.829573922520472,8.2225,4.520701850859604,0.06951557706145695,5.7195184584894205,-0.9264682719134076,-0.975713365466312,4.340793330728153,3347.938,1.2738938738809356,3.066899456847217,0.4153686456974702,13
2023-12-12T00:00:00Z,13,0.09775962757365116,21.47882645242723,8.990833333333333,5.396043597883997,0.0580432056318657,4.224495496096163,-1.2904529989287756,-1.3888065281239927,6.943482692259889,3421.931,1.7743728735270665,5.169109818732823,0.3432646888438605,13
2023-12-13T00:00:00Z,13,0.6512390784109923,121.3319574982661,8.687916666666666,5.152823169307567,0.05505768829719474,3.869216024196243,-8.636559190065604,-9.288805100724764,41.79442102297525,4292.308,11.875268886340205,29.919152136635045,0.39691194563629756,13
2023-12-14T00:00:00Z,13,0.286559397838004,44.39968229977128,8.458333333333334,5.139295380994305,0.05315834737730078,3.64957474458296,-3.6391543702876152,-3.926383040079941,18.518379704520832,4008.173,5.003837259145471,13.514542445375362,0.37025576554815365,13
2023-12-15T00:00:00Z,13,0.6499748778653667,76.47825428699862,8.215,4.938309492278165,0.05405958024037255,3.7535857105443857,-6.872852257781764,-7.524386027793935,31.1733568105078,5574.438,9.450171854449925,21.723184956057878,0.4350269941339603,13
2023-12-16T00:00:00Z,13,NA,NA,NA,NA,NA,NA,NA,NA,NA,4311.018,NA,NA,NA,13
2023-12-17T00:00:00Z,13,0.04734727421778566,2.438968470132963,7.012083333333333,4.372162372772914,0.6725078815309141,260.0163892892517,-6.073896963707429,-6.119118606453367,8.643401077830191,3195.402,8.351608325097715,0.2917927527324764,28.62171266040558,13
2023-12-18T00:00:00Z,13,0.09809575962835762,4.5817967007887415,6.66625,4.444353239985027,0.5911297831686572,198.7984554455733,-7.160255184063238,-7.259697962788036,18.845118040999868,4522.743,9.845350878086952,8.999767162912915,1.0939561768507298,13
2023-12-19T00:00:00Z,13,0.10095441640085698,5.624589335551263,7.46125,4.764981441165761,0.535585069806503,168.71047104641957,-6.407073456992131,-6.5096700669864465,19.60028522382995,4472.596,8.80972600336418,10.79055922046577,0.816429049076097,13
2023-06-12T15:00:00Z,9,NA,NA,NA,NA,NA,NA,NA,NA,NA,3232.607,NA,NA,NA,9
2023-06-13T00:00:00Z,9,NA,NA,NA,NA,NA,NA,NA,NA,NA,3250.343,NA,NA,NA,9
2023-06-14T00:00:00Z,9,NA,NA,NA,NA,NA,NA,NA,NA,NA,3253.071,NA,NA,NA,9
2023-06-15T00:00:00Z,9,NA,NA,NA,NA,NA,NA,NA,NA,NA,3261.257,NA,NA,NA,9
2023-06-16T00:00:00Z,9,NA,NA,NA,NA,NA,NA,NA,NA,NA,3261.939,NA,NA,NA,9
2023-07-07T13:00:00Z,9,NA,NA,NA,NA,NA,NA,NA,NA,NA,3229.877,NA,NA,NA,9
2023-07-08T00:00:00Z,9,NA,NA,NA,NA,NA,NA,NA,NA,NA,3253.117,NA,NA,NA,9
2023-07-09T00:00:00Z,9,NA,NA,NA,NA,NA,NA,NA,NA,NA,3260.574,NA,NA,NA,9
2023-07-10T00:00:00Z,9,NA,NA,NA,NA,NA,NA,NA,NA,NA,3259.212,NA,NA,NA,9
2023-07-11T00:00:00Z,9,NA,NA,NA,NA,NA,NA,NA,NA,NA,3263.303,NA,NA,NA,9
2023-07-12T00:00:00Z,9,NA,NA,NA,NA,NA,NA,NA,NA,NA,3262.628,NA,NA,NA,9
2023-07-13T00:00:00Z,9,NA,NA,NA,NA,NA,NA,NA,NA,NA,3259.892,NA,NA,NA,9
2023-07-14T00:00:00Z,9,NA,NA,NA,NA,NA,NA,NA,NA,NA,3258.528,NA,NA,NA,9
2023-07-15T00:00:00Z,9,NA,NA,NA,NA,NA,NA,NA,NA,NA,3259.892,NA,NA,NA,9
2023-07-16T00:00:00Z,9,NA,NA,NA,NA,NA,NA,NA,NA,NA,3258.528,NA,NA,NA,9
2023-07-17T00:00:00Z,9,NA,NA,NA,NA,NA,NA,NA,NA,NA,3260.574,NA,NA,NA,9
2023-07-18T00:00:00Z,9,NA,NA,NA,NA,NA,NA,NA,NA,NA,3259.41,NA,NA,NA,9
2023-07-19T00:00:00Z,9,NA,NA,NA,NA,NA,NA,NA,NA,NA,3257.97,NA,NA,NA,9
2023-07-20T00:00:00Z,9,NA,NA,NA,NA,NA,NA,NA,NA,NA,3257.697,NA,NA,NA,9
2023-07-21T00:00:00Z,9,NA,NA,NA,NA,NA,NA,NA,NA,NA,3257.278,NA,NA,NA,9
2023-07-22T00:00:00Z,9,NA,NA,NA,NA,NA,NA,NA,NA,NA,3256.273,NA,NA,NA,9
2023-07-23T00:00:00Z,9,NA,NA,NA,NA,NA,NA,NA,NA,NA,3259.637,NA,NA,NA,9
2023-07-24T00:00:00Z,9,NA,NA,NA,NA,NA,NA,NA,NA,NA,3263.731,NA,NA,NA,9
2023-07-25T00:00:00Z,9,NA,NA,NA,NA,NA,NA,NA,NA,NA,3261.685,NA,NA,NA,9
2023-07-26T00:00:00Z,9,NA,NA,NA,NA,NA,NA,NA,NA,NA,3263.731,NA,NA,NA,9
2023-07-27T11:00:00Z,9,NA,NA,NA,NA,NA,NA,NA,NA,NA,3233.996,NA,NA,NA,9
2023-08-04T12:00:00Z,9,NA,NA,NA,NA,NA,NA,NA,NA,NA,8311.025,NA,NA,NA,9
2023-08-05T00:00:00Z,9,NA,NA,NA,NA,NA,NA,NA,NA,NA,8827.02,NA,NA,NA,9
2023-08-06T00:00:00Z,9,NA,NA,NA,NA,NA,NA,NA,NA,NA,9385.873,NA,NA,NA,9
2023-08-07T00:00:00Z,9,NA,NA,NA,NA,NA,NA,NA,NA,NA,8438.074,NA,NA,NA,9
2023-08-08T00:00:00Z,9,NA,NA,NA,NA,NA,NA,NA,NA,NA,8040.966,NA,NA,NA,9
2023-08-09T00:00:00Z,9,NA,NA,NA,NA,NA,NA,NA,NA,NA,7405.577,NA,NA,NA,9
2023-08-10T00:00:00Z,9,NA,NA,NA,NA,NA,NA,NA,NA,NA,7177.277,NA,NA,NA,9
2023-08-11T00:00:00Z,9,NA,NA,NA,NA,NA,NA,NA,NA,NA,6892.833,NA,NA,NA,9
2023-08-12T00:00:00Z,9,NA,NA,NA,NA,NA,NA,NA,NA,NA,6753.583,NA,NA,NA,9
2023-08-13T00:00:00Z,9,NA,NA,NA,NA,NA,NA,NA,NA,NA,6800.682,NA,NA,NA,9
2023-08-14T00:00:00Z,9,NA,NA,NA,NA,NA,NA,NA,NA,NA,6815.017,NA,NA,NA,9
2023-08-15T00:00:00Z,9,NA,NA,NA,NA,NA,NA,NA,NA,NA,6481.229,NA,NA,NA,9
2023-08-16T00:00:00Z,9,NA,NA,NA,NA,NA,NA,NA,NA,NA,6333.788,NA,NA,NA,9
2023-08-17T00:00:00Z,9,NA,NA,NA,NA,NA,NA,NA,NA,NA,6165.871,NA,NA,NA,9
2023-08-18T00:00:00Z,9,NA,NA,NA,NA,NA,NA,NA,NA,NA,5832.083,NA,NA,NA,9
2023-08-19T00:00:00Z,9,NA,NA,NA,NA,NA,NA,NA,NA,NA,6000,NA,NA,NA,9
2023-08-20T00:00:00Z,9,NA,NA,NA,NA,NA,NA,NA,NA,NA,6090.312,NA,NA,NA,9
2023-08-21T00:00:00Z,9,NA,NA,NA,NA,NA,NA,NA,NA,NA,6208.875,NA,NA,NA,9
2023-08-22T00:00:00Z,9,NA,NA,NA,NA,NA,NA,NA,NA,NA,5957.331,NA,NA,NA,9
2023-08-23T00:00:00Z,9,NA,NA,NA,NA,NA,NA,NA,NA,NA,6032.49,NA,NA,NA,9
2023-08-24T00:00:00Z,9,NA,NA,NA,NA,NA,NA,NA,NA,NA,5893.441,NA,NA,NA,9
2023-08-25T00:00:00Z,9,NA,NA,NA,NA,NA,NA,NA,NA,NA,5971.31,NA,NA,NA,9
2023-08-26T00:00:00Z,9,NA,NA,NA,NA,NA,NA,NA,NA,NA,6090.104,NA,NA,NA,9
2023-08-27T00:00:00Z,9,NA,NA,NA,NA,NA,NA,NA,NA,NA,3282.334,NA,NA,NA,9
2023-09-29T16:44:30Z,9,NA,NA,NA,NA,NA,NA,NA,NA,NA,4006.617,NA,NA,NA,9
2023-09-30T00:00:00Z,9,NA,NA,NA,NA,NA,NA,NA,NA,NA,4135.539,NA,NA,NA,9
2023-10-01T00:00:00Z,9,NA,NA,NA,NA,NA,NA,NA,NA,NA,4028.104,NA,NA,NA,9
2023-10-02T00:00:00Z,9,NA,NA,NA,NA,NA,NA,NA,NA,NA,3839.018,NA,NA,NA,9
2023-10-03T00:00:00Z,9,NA,NA,NA,NA,NA,NA,NA,NA,NA,3754.502,NA,NA,NA,9
2023-10-04T00:00:00Z,9,NA,NA,NA,NA,NA,NA,NA,NA,NA,3605.525,NA,NA,NA,9
2023-10-05T00:00:00Z,9,NA,NA,NA,NA,NA,NA,NA,NA,NA,3584.038,NA,NA,NA,9
2023-10-06T00:00:00Z,9,0.07513918727126863,12.813985886777258,4.777916666666667,3.427357642548864,0.11610604463633172,33.25646146076341,-6.151783469801739,-6.228335230174335,8.030028381740555,3627.012,8.45870227097739,-0.42867388923683514,-19.732254479124805,9
2023-10-07T00:00:00Z,9,0.02196832350559442,6.05026812883166,4.815,3.445133818313113,0.1122310368863162,31.26694118350178,-2.6241858306462973,-2.6478100043046124,3.654736689753158,3627.012,3.6082555171386588,0.04648117261449913,77.62832377454082,9
2023-10-08T00:00:00Z,9,0.02383646527580178,4.370713243287353,5.441666666666666,3.6303676365136495,0.10992951713176158,30.097646838525097,-1.4473312709075854,-1.4754861284202376,2.1575561377223433,3468.008,1.9900804974979298,0.16747564022441352,11.882805731217193,9
2023-10-09T00:00:00Z,9,0.02647656292800084,6.184964901446281,6.084583333333334,4.195069879374213,0.10507988622037856,27.741465813198804,-1.8490477003302015,-1.8796057455406503,2.5528599742216103,2929.4,2.542440587954027,0.01041938626758343,244.0105897469233,9
2023-10-10T00:00:00Z,9,0.08897466404815779,10.338307168327203,6.285,4.414383071464456,0.09989265993683508,25.309757398153963,-3.122354123993435,-3.2164707135222033,3.8845967836903683,2770.396,4.2932369204909735,-0.4086401368006052,-10.506155744035116,9
2023-10-11T00:00:00Z,9,NA,NA,NA,NA,NA,NA,NA,NA,NA,2834.857,NA,NA,NA,9
2023-10-17T14:00:00Z,9,0.07260521600137074,7.207767665862386,5.566666666666666,4.283209731506932,0.20026416749803191,90.17973127983984,-5.238821225907765,-5.313050272116128,8.14665413154282,3861.938,7.203379185623177,0.9432749459196419,7.6365636729599276,9
2023-10-18T00:00:00Z,9,0.0808915316840488,10.203607342328144,5.895833333333333,4.510749096762578,0.1877056196536636,80.125472354335,-6.646996914916611,-6.72990141889035,9.996354967285892,3616.985,9.13962075801034,0.8567342092755528,10.667976904691043,9
2023-10-19T00:00:00Z,9,NA,NA,NA,NA,NA,NA,NA,NA,NA,3459.414,NA,NA,NA,9
2023-10-20T00:00:00Z,9,0.01433261454256028,9.846116860176874,5.830416666666666,4.328854918917805,0.16246229265185796,61.54451965210981,-5.561760372272514,-5.578161407560475,7.843696948251124,3383.493,7.6474205118747065,0.19627643637641778,38.96249928447106,9
2023-10-21T00:00:00Z,9,0.00800338976645655,5.472376149073163,5.6225,4.1065704779894014,0.1508049776705614,53.65376851505614,-2.7342692719791297,-2.7429609567289264,3.9718620876309054,3288.95,3.7596202489713035,0.2122418386596019,17.713850731386966,9
2023-10-22T00:00:00Z,9,0.03126780849885091,9.800829990756538,5.93125,4.261813216827566,0.14360392160178273,49.10155359339319,-4.613678365593092,-4.648270907043669,6.215765271677116,3098.431,6.343807752690502,-0.12804248101338622,-49.544555076430356,9
2023-10-23T00:00:00Z,9,0.02381581573758145,11.03108055549746,5.91,4.216046131899575,0.13514935923811233,43.93080466695159,-4.8698691005921315,-4.896273237216846,6.529653704337825,3107.026,6.696070013314181,-0.1664163089763555,-40.236861726488364,9
2023-10-24T00:00:00Z,9,0.02720989915050207,14.913254564560818,5.814583333333333,4.163371733100208,0.1291372260017247,40.410251528604576,-6.477557429601002,-6.506265742838699,8.331536392290163,2960.914,8.906641465701378,-0.5751050734112155,-15.486981210010804,9
2023-10-25T00:00:00Z,9,0.06464464702082526,15.246668742199558,5.702083333333333,4.114161860205946,0.1239617421659084,37.48834318793999,-6.549252590971891,-6.615801880870908,8.323147442446992,2990.996,9.00522231258635,-0.682074870139358,-13.202688893590889,9
2023-10-26T00:00:00Z,9,0.06851479118622832,18.956202487662814,5.57125,3.9740044050099037,0.12031277653464392,35.491218158854615,-8.145635606415915,-8.215861514432728,10.198749579306421,3076.944,11.200248958821884,-1.0014993795154634,-11.183480676983235,9
2023-10-27T00:00:00Z,9,0.12236322117172312,20.57488139253574,5.59375,4.041861902903658,0.11703956923065344,33.75544356380298,-8.59957678635987,-8.723882187561566,10.748140912855893,3054.025,11.824418081244822,-1.0762771683889287,-10.986406130815453,9
2023-10-28T00:00:00Z,9,0.11911715655536724,19.574631216898503,5.539583333333334,3.991105513588004,0.11312933413745609,31.713894572616223,-8.017430954549251,-8.139717029075918,9.948037905631436,3088.404,11.02396756250522,-1.0759296568737842,-10.24599284170343,9
2023-10-29T00:00:00Z,9,0.04674333282807722,12.111705185661288,5.387083333333333,3.984103327169987,0.10964769838630588,29.95017461400113,-4.893274695028049,-4.9416119049155585,6.091286244868896,3076.944,6.728252705663568,-0.6369664607946719,-10.56296229046264,9
2023-10-30T00:00:00Z,9,0.1504896907603002,23.823478657341777,5.345,3.9123796961065622,0.10632458567947412,28.311107585302818,-9.662471797111735,-9.815702165835074,11.52072756587584,3151.433,13.285898721028635,-1.765171155152796,-7.5266914951817165,9
2023-10-31T00:00:00Z,9,0.0393533694947922,11.390776135521772,5.29125,3.859276402110747,0.10275488157036929,26.602387430928424,-4.369711380031398,-4.411627060166462,5.319279744520059,3151.433,6.008353147543172,-0.6890734030231132,-8.719467506920504,9
2023-11-01T00:00:00Z,9,0.01701060803196427,2.770318954594121,5.75125,3.900081461475455,0.10198304144860028,26.230508309447085,-0.6016825580822962,-0.6206700104245286,1.1091826780195089,3076.944,0.8273135173631573,0.2818691606563516,2.9350976723977227,9
2023-11-02T00:00:00Z,9,0.05593962024886467,10.691041143771365,6.752916666666667,4.650184061693085,0.0991352720584229,24.92415220361753,-2.8235037642968823,-2.8843472910623995,3.375977193929826,2452.387,3.8823176759082134,-0.5063404819783872,-7.667405262046433,9
2023-11-03T00:00:00Z,9,0.08748327336512854,11.71032874722413,6.56875,4.683001975567445,0.09517513156238425,23.11412041804915,-3.2653960913978652,-3.3556731524878267,3.7628995886820613,2422.306,4.489919625672065,-0.7270200369900035,-6.175785256567559,9
2023-11-04T00:00:00Z,9,0.02899779233805708,7.928406153176576,6.295,4.462569465703156,0.09109463097714082,21.342304408932694,-2.082729154110231,-2.1136547114018125,2.674753223694246,2571.282,2.863752586901567,-0.18899936320732103,-15.152181141267663,9
2023-11-05T00:00:00Z,9,0.05249749027630283,8.11907474440448,6.5304166666666665,4.588633524310548,0.08675286092996436,19.541115986451885,-1.9253323872269614,-1.9811349566131247,2.363832817291069,2538.336,2.647332032437072,-0.2834992151460032,-9.338057712342117,9
2023-11-06T00:00:00Z,9,0.075324753891694185,10.766882613300108,6.764166666666666,4.7283373756373335,0.08578410899246024,19.12783367190408,-2.535584652341902,-2.614790890841003,3.108282202436435,2422.306,3.486428896970115,-0.37814669453368,-9.219778851351544,9
2023-11-07T00:00:00Z,9,0.07834889718030429,10.180502550215426,6.712083333333333,4.74121086202519,0.0818327753322173,17.55172117380895,-2.3096113397962417,-2.391276591026496,2.7186680127323046,2433.765,3.175715592219832,-0.4570475794875275,-6.94832602719537,9
2023-11-08T00:00:00Z,9,0.0634332958564187,8.88780358676797,6.68,4.686392149098918,0.07954299802538982,16.68127768802327,-1.919683205732007,-1.987484987018822,2.373737721361214,2422.306,2.6395644078815095,-0.2658266865202954,-9.929644169416314,9
2023-11-09T00:00:00Z,9,0.12593947380018372,12.678481312749884,6.389583333333333,4.584240388352875,0.07499867075491727,14.953373844081348,-2.913781392387449,-3.043124998086323,3.4228162051739868,2526.876,4.006449414532742,-0.5836332093587555,-6.864670053533578,9
2023-11-10T00:00:00Z,9,0.07822507031403428,7.4644028869219214,5.907916666666667,4.415114689181024,0.07174601273444979,13.794967224078492,-1.7545343544914178,-1.8355298188866327,2.3624047178287078,3088.404,2.4124847374256997,-0.05008001959699193,-48.172599708219884,9
2023-11-11T00:00:00Z,9,0.08416139973895195,9.312828736229802,5.408333333333333,4.166526949071356,0.07104733709467406,13.53721015706704,-2.4685569520288864,-2.555225204626269,3.1298828530675293,3088.404,3.3942658090397186,-0.2643829559721893,-12.838444129495112,9
2023-11-12T00:00:00Z,9,0.02348616343533122,5.784941136923268,5.380416666666667,4.051020129474173,0.07127337921342505,13.613099301325969,-1.356072456991018,-1.3803002209627584,1.7682383359877922,3161.46,1.8645996283626498,-0.09636129237485758,-19.350089464440995,9
2023-11-13T00:00:00Z,9,0.02372137710273971,10.229669025550816,5.82875,4.398215214856456,0.07099156046796937,13.514854700714196,-2.4050002697856034,-2.429463028323185,2.796151887847133,2813.37,3.3068753709552046,-0.5107234831080714,-6.474884120915691,9
2023-11-14T00:00:00Z,9,0.06952845879571895,1.8025483584780777,5.891666666666667,4.495201072614173,0.07466694660662078,14.907040471329188,-0.2869607241074812,-0.3583118881383842,0.5248322149724024,2664.393,0.39457099564778664,0.13026121932461576,3.029074944128238,9
2023-11-15T00:00:00Z,9,0.03279438999159963,6.868039518152776,5.612916666666667,4.372036162077778,0.08777738949417291,19.93882124597676,-2.1028509878114257,-2.1370385251590402,2.681818079311894,3235.948,2.8914201082407103,-0.20960202892881608,-13.794809730695302,9
2023-11-16T00:00:00Z,9,0.032431500244113023,3.725846464495617,5.480416666666667,4.191918214241705,0.08755134737542167,19.838272555939433,-1.0915217990222141,-1.1242577536537701,1.4386333000670268,3036.835,1.5008424736555444,-0.06220917358851752,-24.12574202613371,9
2023-11-17T00:00:00Z,9,0.01634135866732357,7.491851105258033,5.292916666666667,4.114364822871055,0.09847769498569305,24.602425982428468,-2.847604619874863,-2.8636159037271325,3.6403311426107616,3076.944,3.9154563523279364,-0.2751252097171748,-14.231543362940007,9
2023-11-18T00:00:00Z,9,0.02579801763949527,8.602450302060197,5.2595833333333335,3.986802371875431,0.09752068549591653,24.16754895177873,-3.153999007263839,-3.181043217388267,4.04250856409185,3329.059,4.336748634987779,-0.2942400708959285,-14.738810461073022,9
2023-11-19T00:00:00Z,9,0.04502800564680277,6.3445414257142305,5.631666666666667,4.100823649406529,0.09241859195839584,21.94043490491887,-1.9225763094349226,-1.9708586357193572,2.556461664854623,3182.947,2.6435424254730187,-0.08708076061839565,-30.357364895530957,9
2023-11-20T00:00:00Z,9,0.0532496791602778,12.2975874849042,5.6570833333333335,4.25663376447956,0.09420050840101668,22.696649017703965,-4.172957783125885,-4.228073019591774,4.933358872497021,2917.94,5.737816951798092,-0.8044580793010709,-7.132524490006019,9
2023-11-21T00:00:00Z,9,0.09215757222271088,13.632583844962864,5.249583333333334,4.056125135485503,0.08568429818677817,19.07630262080282,-4.607740414225396,-4.701339894559578,5.3379108368300905,3099.864,6.33564306955992,-0.9977322327298292,-6.350043490351499,9
2023-11-22T00:00:00Z,9,0.01457730162538814,6.320946885147262,5.005,3.9302208178269105,0.0848359063384791,18.728606141995886,-2.080841808520908,-2.0957650440965665,2.5199013864454227,3214.461,2.8611574867162486,-0.34125610027082587,-8.384194405449724,9
2023-11-23T00:00:00Z,9,0.03015638066394667,3.630861030939829,5.949166666666667,4.29174576715786,0.08571952552996008,19.094420189541605,-0.7473513052549249,-0.7805858258548932,1.197629861944958,3088.404,1.0276080447255218,0.1700218172194361,6.043977540830863,9
2023-11-24T00:00:00Z,9,0.03368374414823071,9.389969372269386,6.51375,4.743089048231405,0.08170947963108052,17.48188831739481,-2.1971546433186813,-2.23240502832372,2.691426566786214,2506.821,3.0210876345631865,-0.3296610677769727,-9.16422328828668,9
2023-11-25T00:00:00Z,9,0.06806395667671891,7.91911808404585,6.64625,4.821709179488611,0.08170654401914859,17.497380233672917,-1.786289102662447,-1.8565099787490418,2.277284547663863,2612.824,2.456147516160865,-0.17886296849700178,-13.73200689220383,9
2023-11-26T00:00:00Z,9,0.01576557803573614,0.7107987501382611,6.255833333333333,4.593551200118483,0.10058252874081491,26.41714228718027,-0.01659011323138948,-0.035104306575387656,0.25406466030087577,2549.795,0.022811405693160536,0.23125325460771523,0.09864252821806334,9
2023-11-27T11:00:00Z,9,0.01320540924633557,2.491236840431339,6.270833333333333,4.549508538349702,0.14072115068472557,47.27387077856703,-0.830214973865726,-0.8443475674207016,1.569999367443021,3066.917,1.1415455890653732,0.42845377837764786,2.664337780817028,9
2023-11-28T12:00:00Z,9,0.01489968078504675,2.1359407839507965,6.9825,4.746837874546775,0.1298182879699092,40.83625098882453,-0.3417940782297601,-0.35842278587179743,1.0089061069518421,2652.933,0.46996685756592016,0.538939249385922,0.8720219544251224,9
2023-11-29T12:00:00Z,9,0.01156220780919214,4.748932437675631,7.8341666666666665,5.251625881611096,0.11641428388917378,33.455954890129924,-0.9408998892686129,-0.9545825353521653,1.6513896021714574,2233.22,1.2937373477443428,0.35765225442711457,3.6173051664853735,9
2023-11-30T12:00:00Z,9,0.06312960965998576,12.68945887276842,8.105,5.460813431871693,0.10746653872095628,28.887772367525233,-2.97743610156146,-3.043575273447612,3.720125638262821,2062.756,4.093974639647008,-0.3738490013841864,-10.950877558824423,9
2023-12-01T12:00:00Z,9,0.0288279156012816,3.0727222486907615,7.14875,5.09213972407754,0.0994934167141059,25.07344085204728,-0.6957577136002442,-0.7261674984702664,1.0254922212803659,2452.387,0.9566668562003358,0.06882536508003012,13.899916914177261,9
2023-12-05T12:00:00Z,9,NA,NA,NA,NA,NA,NA,NA,NA,NA,2642.906,NA,NA,NA,9
2023-12-06T12:00:00Z,9,NA,NA,NA,NA,NA,NA,NA,NA,NA,2263.302,NA,NA,NA,9
2023-12-07T00:00:00Z,9,NA,NA,NA,NA,NA,NA,NA,NA,NA,2188.813,NA,NA,NA,9
2023-12-08T00:00:00Z,9,NA,NA,NA,NA,NA,NA,NA,NA,NA,2135.813,NA,NA,NA,9
2023-12-09T00:00:00Z,9,0.03336929621944633,3.0569803117177465,6.79125,4.852158910558919,0.08726072179417091,19.719761986129512,-0.923616880571164,-0.9570458769389327,1.0057338033262893,2412.279,1.2699732107853505,-0.26423940745906127,-4.806146149802081,9
2023-12-10T00:00:00Z,9,0.07842642929590818,1.531086937997744,6.081666666666667,4.507957561373114,0.09260059989816924,22.204716642308668,-0.5700141608783205,-0.6485009134193326,0.6017392654512097,2864.94,0.7837694712076906,-0.18203020575648088,-4.305711065647058,9
2023-12-11T00:00:00Z,9,0.01546533486117443,3.2156088988257605,6.5675,4.4080859620456385,0.1267535091130787,39.050455788384944,-1.0499713789191962,-1.0656816862413947,1.596327567578517,3404.981,1.4437106460138949,0.15261692156462203,9.45970231356416,9
2023-12-12T00:00:00Z,9,0.04055239679059252,8.918205651579425,7.737916666666667,5.1474469403311645,0.12122281623351104,36.01199769152441,-2.638983326385613,-2.6798466748523007,3.2433953984890436,2377.9,3.628602073780218,-0.38520667529117425,-9.419883679423235,9
2023-12-13T00:00:00Z,9,0.03882180510186358,13.55983529048182,7.632083333333333,5.143550597627159,0.10966237644596484,29.98641314074105,-3.7266937074761897,-3.765684825794879,4.4637547212969295,2251.843,5.124203847779761,-0.6604491264828312,-7.758665493386746,9
2023-12-14T00:00:00Z,9,0.06791106024408965,11.676905739266704,7.498333333333333,5.093875071066369,0.10379408819423694,27.08032113194928,-3.199892876766664,-3.2680037989884623,3.6962074807235274,2263.302,4.399852705554163,-0.7036452248306353,-6.252941894991458,9
2023-12-15T00:00:00Z,9,0.04715660116296659,7.529895982997846,7.182916666666666,4.9200096576194365,0.1024055437504815,26.420226802862757,-2.1810197854617495,-2.228403500223436,2.5251677787933793,2326.331,2.9989022050099057,-0.4737344262165264,-6.330344680585275,9
2023-12-16T00:00:00Z,9,NA,NA,NA,NA,NA,NA,NA,NA,NA,2452.388,NA,NA,NA,9
2023-12-17T00:00:00Z,9,0.02588582331647138,1.244292369691098,6.360833333333334,4.46032602904745,0.5432023533744037,598.9212202906376,-4.436333626361103,-4.4622257785675945,3.566828971799522,3426.468,6.099958736246516,-2.5331297644469943,-2.4080719518836786,9
2023-12-18T00:00:00Z,9,0.2257670621582785,3.090612121349167,4.903333333333333,4.417315813454681,0.5187310923106695,514.3527691695493,-7.8081534250083955,-8.034000673627245,10.8665501866501,4188.542,10.736210959386543,0.13033922726355662,82.37129515642319,9
2023-12-19T00:00:00Z,9,NA,NA,NA,NA,NA,NA,NA,NA,NA,4886.155,NA,NA,NA,9
2023-12-20T00:00:00Z,9,0.06123437982056312,2.2118105470714884,3.2491666666666665,5.177369078265555,0.646083809137315,768.5092648530826,-8.838949246760613,-8.90461252078436,10.886057049855886,5076.671,12.153555214295842,-1.2674981644399566,-9.588617605348475,9
2023-12-21T00:00:00Z,9,0.1297047369802573,2.3266575839503583,3.2816666666666667,5.200471646461143,0.6495331531572152,776.0057319813949,-10.562972999117294,-10.691677166527624,11.831353640344817,5268.624,14.524087873786279,-2.6927342334414615,-5.393806671824311,9
2023-12-22T00:00:00Z,9,0.06622523937545578,2.655728009024833,2.357083333333333,5.14606037891385,0.632362758967942,738.9142742983055,-12.455960024953141,-12.518608309132164,13.915167097394969,5237.11,17.12694503431057,-3.2117779369156008,-5.332543336030965,9
2023-12-23T00:00:00Z,9,0.6642513185946505,0.9623169936132168,3.01,4.993815654031148,0.6045184797945351,680.5184115888865,-2.8371430136777938,-3.5009097744671887,5.064249514315406,5702.663,3.9010716438069664,1.1631778705084392,3.3538049018262015,9
2023-12-24T00:00:00Z,9,0.314025558021805,1.566284942258735,3.817083333333333,4.908458074442578,0.5696610237159869,610.5170000568818,-5.979776333743749,-6.2978583715650265,7.7585380840991,5798.638,8.222192458897656,-0.46365437479855576,-17.733451695500463,9
2023-12-25T00:00:00Z,9,0.03173018162396431,1.749795999872149,3.2491666666666665,4.733186238978295,0.5386374768204081,550.9669717233155,-6.3012561020018465,-6.337866637233613,8.652158207355821,5754.231,8.664227140252539,-0.0120689328967174,-717.8950462645378,9
2023-12-26T00:00:00Z,9,NA,NA,NA,NA,NA,NA,NA,NA,NA,6610.848,NA,NA,NA,9
2023-12-27T00:00:00Z,9,0.559456635945863,2.468903603574684,1.9091666666666667,4.4911665632149615,0.47844862538209915,443.62465421546233,-6.943880251921684,-7.5154950267298855,11.606590096725585,5954.777,9.547835346392315,2.0587547503332697,4.637674956109619,9
2023-12-28T00:00:00Z,9,0.06148698463596595,3.906722019578693,3.1395833333333334,4.608744069697416,0.4525447856956319,400.6547396121424,-11.113991412217311,-11.177162343776002,22.140636020244344,7819.853,15.281738191798803,6.85889782844554,2.228016595964102,9
2023-12-29T00:00:00Z,9,0.05810634301027491,1.7860480328104615,3.45,4.818719694621463,0.4332372660199865,369.9130295066944,-4.1566662613139815,-4.214215401553739,9.520461696341671,8124.969,5.715416109306725,3.8050455870349467,1.5020624532807294,9
2023-12-30T00:00:00Z,9,0.05703136260970475,4.89437258128225,4.144166666666667,5.225668956071037,0.4117309730074005,337.03422834492414,-11.130930141151302,-11.190740923680616,23.90311613555757,7862.438,15.30502894408304,8.598087191474532,1.780050446482888,9
2023-12-31T00:00:00Z,9,0.24268353126069775,1.8229032220886896,3.81,5.390051079061016,0.3911728826487954,306.88688795883974,-3.864373395020103,-4.107394117927673,6.764790576053281,7882.881,5.313513418152642,1.4512771579006394,3.6612671736933846,9
2024-01-01T00:00:00Z,9,0.1085101092430758,5.845536395585558,4.286666666666667,5.4393723000781975,0.37603393191634865,285.47579413012915,-12.109886218502885,-12.223070614709151,18.8310802025045,6103.754,16.651093550441466,2.1799866520630324,7.638163075303093,9
2024-01-02T00:00:00Z,9,0.05005493004317025,3.394893145080485,4.089583333333334,5.2716418343826765,0.3605485789759459,264.35381838260753,-6.4952792040003295,-6.547706332645265,9.069576971716565,5247.137,8.931008905500454,0.13856806621611106,64.45214362428665,9
2024-01-03T00:00:00Z,9,0.12587120362497511,6.135137897872518,4.560416666666667,5.425137308893341,0.3401490116616597,237.6378220690046,-10.993225847539467,-11.126637517101418,14.423417312924014,4983.563,15.115685540366767,-0.692268227442753,-21.835012703391413,9
2024-01-04T00:00:00Z,9,0.08309614608116056,6.309388517861286,4.548333333333333,5.295662043816155,0.3278399908314966,222.11852729206657,-10.37511494765843,-10.46490440808646,13.809821219425917,4559.552,14.265783053030342,-0.4559618336044249,-31.28723064441133,9
2024-01-05T00:00:00Z,9,0.11232941258460476,1.2763229756975567,5.34375,5.381981270195117,0.30461930045072216,194.27305049863944,-0.7478098205067367,-0.8457751717073566,2.492843106003711,4473.759,1.028238503196763,1.464604602806948,0.7020587680976289,9
2024-01-06T00:00:00Z,9,0.06696277724183662,3.827015411467745,6.083333333333333,5.154484654395576,0.302015412667189,191.2895221658459,-4.208681379937442,-4.275721674287912,7.192123642982425,4134.106,5.786936897413982,1.405186745568443,4.118268917397866,9
2024-01-07T00:00:00Z,9,0.07423692726600366,4.005822613474837,6.045,4.840058944060445,0.2998841584046802,188.74414485554576,-3.7907232892882727,-3.8659309196818334,7.212935876198398,4240.109,5.212244522771375,2.0006913534270234,2.6052216969115296,9
2024-01-08T00:00:00Z,9,0.09965607320847727,7.4638336324522285,6.5775,5.127676630908797,0.28043572935630734,166.93861624626732,-6.65097760981707,-6.753507264226684,11.406089561078637,3860.505,9.14509421349847,2.2609953475801667,4.044720491480011,9
2024-01-09T00:00:00Z,9,0.389186819416751,1.158417770493565,6.369583333333333,5.04612909406405,0.29165270254782943,182.47924069614265,-1.1166765539421315,-1.5032460094480775,1.9212091064628014,3827.558,1.5354302616704307,0.3857788447923707,3.980078955591284,9
2024-01-10T00:00:00Z,9,0.09264272813958233,5.569673497316462,5.6745833333333335,4.788726406624686,0.435609240460905,373.6347081489395,-9.704904385960642,-9.79902103015082,14.856886832595787,4314.598,13.344243530695882,1.5126433018999048,8.82180452849346,9
2024-01-11T00:00:00Z,9,0.10417953135707424,5.484975286699347,5.966666666666667,5.146471376643398,0.4233706743171063,354.6773305094096,-8.869953558490074,-8.976845983537165,13.557098784571536,4073.944,12.196186142923853,1.3609126416476833,8.96177004290128,9
2024-01-12T00:00:00Z,9,0.1871881334513702,5.008995492944467,5.862916666666667,5.153406892896929,0.40290358792838776,323.8943537646152,-8.335734502946428,-8.524659357205847,12.374183290868322,4092.566,11.461634941551338,0.9125483493169835,12.560030326206876,9
2024-01-13T00:00:00Z,9,0.0894626792081747,3.0702265164464517,5.51625,4.738585427788637,0.3929283785840297,309.3773028410042,-4.581447118380397,-4.670699811725141,7.771583741859063,4485.063,6.299489787773045,1.4720939540860174,4.2792715575577684,9
2024-01-14T00:00:00Z,9,0.09513914097010004,5.454022594222707,6.14875,5.118029091510166,0.3723027691509929,280.3290068104155,-7.45405031950402,-7.550338698949022,11.605560463794768,4018.078,10.249319189318028,1.3562412744767407,7.557150325831499,9
2024-01-15T00:00:00Z,9,0.13891899928625012,7.886820288817779,6.404583333333333,5.365800160122102,0.3542406263833505,255.96193884142832,-10.503482627022033,-10.643732541164754,15.8430774512167,3839.053,14.442288612155295,1.4007888390614056,10.31011113840135,9
2024-01-16T00:00:00Z,9,0.13624153236768716,3.708643372041833,6.04125,5.1237245989265805,0.3601874987083307,264.2196444303595,-5.219660515588692,-5.357305007900948,8.14146065227737,4157.027,7.177033208934452,0.9644274433429185,7.441755477278073,9
2024-01-17T00:00:00Z,9,0.08524944510784548,4.097590412258808,6.334583333333334,5.064733278130583,0.37502701702373104,284.1689910539102,-5.203888486533881,-5.2908087133841,8.500956121465396,4051.025,7.155346668984086,1.3456094524813107,5.317550836009356,9
2024-01-18T00:00:00Z,9,0.1243952310375928,7.626409028383853,6.867083333333333,5.601403137711217,0.34814855417589585,247.99039301978544,-9.130445507302872,-9.256667018425862,13.72491024552438,3651.377,12.554362572541448,1.1705476729829325,10.725203989811785,9
2024-01-19T00:00:00Z,9,0.09094878379607418,7.647986824603086,6.682916666666666,5.5058651862431445,0.3337024078593612,229.42474148855285,-8.967863298179498,-9.059381912670887,13.831508782380123,3744.476,12.33081203499681,1.5006967473833122,8.216724702374023,9
2024-01-20T00:00:00Z,9,0.08006492913257039,4.673857827125241,6.915,5.344493558522839,0.31841961214225456,210.62022655902095,-4.454165995776019,-4.535702957911957,7.484249667559967,3722.989,6.124478244192026,1.359771423367941,4.504049827008904,9
2024-01-21T00:00:00Z,9,0.0901215272268396,6.220416245218217,7.62875,5.743100046694708,0.29989002962854433,188.7293241275273,-5.086744615169849,-5.17913068961827,8.190800327023673,3311.793,6.994273845858542,1.1965264811651313,5.845481864344355,9
2024-01-22T00:00:00Z,9,0.1246200438978086,11.082923693805284,7.82,5.935974009981961,0.28320988263188646,169.9606712649983,-8.963211187583418,-9.09034745022925,13.574770527503496,3056.476,12.3244153829272,1.2503551445762966,9.856731854455264,9
2024-01-23T00:00:00Z,9,0.11319557791137712,10.540117512603496,7.260416666666667,5.538218381984614,0.2695974501039913,155.2935449431022,-8.673707857654353,-8.787050302333133,13.825777525472253,3321.897,11.926348304274736,1.8994292211975168,6.278911670504697,9
2024-01-24T00:00:00Z,9,0.11685860174199192,10.733938302021343,6.7804166666666665,5.1537389234068876,0.25825130998746854,143.54565390670922,-8.932431353434628,-9.050012261759962,14.658529590044951,3563.985,12.282093110972614,2.3764364790723373,5.1682816768437405,9
2024-01-25T00:00:00Z,9,0.08591275807678028,13.680049795728516,6.37375,4.790396141966266,0.24679068100560453,132.12403631163252,-11.23565722416257,-11.321854587084976,18.764875444696695,3691.475,15.449028683223533,3.3158467614731624,4.659150375320676,9
2024-02-09T12:14:00Z,9,0.1689726705108324,3.3414064292978436,6.6379166666666665,5.091758535570357,0.26214009253193327,147.63081525566335,-2.63207652007892,-2.8043153855348026,4.145336216109604,3076.945,3.6191052151085152,0.5262310010010891,6.877407846028868,9
2024-02-10T00:00:00Z,9,0.1009550467753596,11.386126880217272,6.804583333333333,4.942182711837373,0.2432679466874084,128.69187749266698,-8.458921251064718,-8.561397963285206,13.321454061484138,3351.978,11.631016720213987,1.690437341270151,6.880477871764676,9
2024-02-11T00:00:00Z,9,0.12712169652680266,13.273192411450005,6.672083333333333,4.790134725132277,0.2295087335629218,115.7001159614321,-9.459667478840448,-9.588287085870308,14.506039394354222,3310.437,13.007042783405616,1.4989966109486055,8.677166238003974,9
2024-02-12T00:00:00Z,9,0.2092535077984263,7.840688582881343,6.39875,4.550606375399139,0.22201998752482335,108.9005942195324,-5.6390392176301924,-5.84939020277029,8.469730472283137,3329.059,7.753678924241514,0.716051548041623,10.828380925154853,9
2024-02-13T00:00:00Z,9,0.08193503133836318,5.4253141447470465,6.4325,4.417213010053859,0.22684319792881996,113.22096868970148,-3.4430985432570456,-3.5266654466084693,5.847009441571483,3512.415,4.734260496978438,1.1127489445930454,4.254563008109481,9
2024-02-14T00:00:00Z,9,0.08461896148042951,8.19062802103354,7.145833333333333,4.882577864724391,0.2120477137923973,100.13798587813632,-4.455170692887099,-4.543499895112954,7.066891549059144,2979.536,6.125859702719761,0.9410318463393832,6.5097262399241576,9
2024-02-15T00:00:00Z,9,0.11765035694404252,14.823032454797904,7.362916666666667,5.063694451557254,0.19582552225710503,86.53984970849615,-7.480869516889197,-7.60127348208548,11.269712124206816,2783.289,10.286195585722647,0.9835165384841691,10.45858934062878,9
2024-02-16T00:00:00Z,9,0.15744759089137786,16.834127960878373,7.330416666666666,4.9520390830054275,0.18533951643660856,78.23855321206746,-8.128937984251657,-8.289246439332974,11.983793613451413,2790.451,11.177289728346029,0.8065038851053838,13.858940960818211,9
2024-02-17T00:00:00Z,9,0.16345317350252317,4.735360067168795,7.187083333333334,4.841216108760869,0.18705684941672931,79.69538520408689,-2.1744692327875055,-2.3393894185022153,3.471754927728219,2783.289,2.98989519508282,0.48185973264539905,6.204907761576928,9
2024-02-18T00:00:00Z,9,0.1768823384014353,1.9048061395429952,6.79125,4.817068819410201,0.304619300450722,197.01323931069368,-1.9497812454854455,-2.1274513729753033,2.583784304799882,3128.514,2.6809492125424876,-0.09716490774260578,-27.591743509338198,9
2024-03-04T16:00:00Z,9,0.17256712177774208,12.58794534986662,6.539583333333334,4.396916016357519,0.19603191835754297,86.67943727778548,-6.842312139472462,-7.020413468393833,10.313636845004318,2907.913,9.408179191774636,0.9054576532296821,10.39052368514038,9
2024-03-05T00:00:00Z,9,0.2074972644919708,4.489759788761456,6.4625,4.3460069040894265,0.19252883005766028,83.87915527303346,-2.210188468247885,-2.421766248929986,3.6248593266196307,2906.48,3.039009143840842,0.5858501827787888,5.187348631396334,9
2024-03-06T00:00:00Z,9,0.12827240274730012,9.01531938558002,6.025416666666667,4.279270271107936,0.2400358379504637,125.7105101001765,-7.148269102613016,-7.278341486409982,10.98497051296527,3266.03,9.828870016092896,1.1561004968723747,8.501743613711062,9
2024-03-07T00:00:00Z,9,0.15631313498936342,8.747905003057095,6.047916666666667,4.194787689255581,0.24034407720330597,125.8613336861224,-6.475084853161378,-6.636714822584502,10.329129204694862,3437.927,8.903241673096895,1.4258875315979669,6.243999947961667,9
2024-03-08T00:00:00Z,9,0.2022618812648203,10.444791052076548,6.139583333333333,4.216036007577688,0.22690778139132012,113.31051057613372,-7.195001078269055,-7.402910335384207,11.010281238283772,3298.977,9.89312648261995,1.1171547556638224,8.855645498050423,9
2024-03-09T00:00:00Z,9,0.2126281789198336,4.255528379882829,5.819583333333333,4.075218004242999,0.21809213876003505,105.38586900435656,-2.952481076808112,-3.170269468039508,4.529434182703195,3203.001,4.059661480611154,0.46977270209204125,8.641756880577015,9
2024-03-10T00:00:00Z,9,0.10729223965974378,5.22039256340748,5.6375,3.8984144022429543,0.2591437360147447,144.50790723880297,-4.286200754730063,-4.396265636105813,7.478589931625365,3783.152,5.893526037753837,1.5850638938715278,3.7181630725048347,9
2024-03-11T00:00:00Z,9,0.12892309042369657,4.719561953890639,6.480833333333333,4.376332527068511,0.2423314864811547,127.91534430768942,-2.6661350326641986,-2.804772388056965,5.225767647839024,3403.547,3.665935669913273,1.5598319779257506,2.3502118957634135,9
2024-03-12T00:00:00Z,9,0.1617725236686274,10.036662305031824,6.8758333333333335,4.665177316748014,0.2168562461367347,104.34603327915436,-5.551218533283354,-5.722658861832888,8.866016619715149,2950.888,7.632925483264612,1.233091136450537,6.19007408100917,9
2024-03-13T00:00:00Z,9,0.17368711594865488,10.396462537548606,6.78875,4.5755721837872825,0.19695573285085952,87.5095851761068,-5.176916794858794,-5.359565809982183,8.143317511412944,2864.94,7.118260592930842,1.0250569184821021,6.944258864640919,9
2024-03-14T00:00:00Z,9,NA,NA,NA,NA,NA,NA,NA,NA,NA,2790.451,NA,NA,NA,9
2024-03-15T00:00:00Z,9,NA,NA,NA,NA,NA,NA,NA,NA,NA,2705.936,NA,NA,NA,9
2024-03-16T00:00:00Z,9,0.22790514337283185,13.040477319401212,6.21,4.181101227002528,0.16000224985298445,59.780434632299915,-6.160900329201997,-6.397351330366557,8.491087127193326,2844.885,8.471237952652746,0.019849174540579995,426.78036486273027,9
2024-03-17T00:00:00Z,9,0.12447137063014783,9.09435579917462,5.953333333333333,4.00270380268097,0.1534998694239812,55.42257721843372,-4.108082602471646,-4.241417447086258,5.895120119666064,2929.481,5.648613578398514,0.24650654126755,22.914659989763503,9
2024-03-18T00:00:00Z,9,0.02698600938242174,5.423458098078114,5.892083333333334,3.9606036493547276,0.14817173376770978,51.93662401502882,-2.112666980017994,-2.142607039938502,3.3456898428159993,2917.943,2.9049170975247414,0.440772745291258,6.590509800249112,9
2024-03-19T00:00:00Z,9,0.01955703064410586,3.628027683346954,6.765,4.21007408965666,0.14323403449837205,48.86665345199636,-0.6066096597377032,-0.6412573802979167,1.754318314532046,2748.91,0.8340882821393419,0.9202300323927041,0.9063910682969304,9
2024-03-20T00:00:00Z,9,0.05643585129745439,8.885982416719852,7.558333333333334,4.898913673297889,0.1327010588869662,42.49963617467947,-2.162741343905518,-2.2320096615432536,3.411342846533407,2232.527,2.9737693478700873,0.4375734986633195,6.796045365988179,9
2024-03-21T00:00:00Z,9,0.15255535699847944,12.36903261365946,7.489166666666667,4.874461882325816,0.12339223345113357,37.21542243988242,-3.17947431315993,-3.344181531930418,4.438639121871794,2198.865,4.371777180594903,0.06686194127689049,65.3851368522248,9
2024-03-22T00:00:00Z,9,NA,NA,NA,NA,NA,NA,NA,NA,NA,2326.331,NA,NA,NA,9
2024-03-23T00:00:00Z,9,0.2581190126427731,7.282480024324306,6.253333333333334,4.3778747585640385,0.19023024591503712,82.23546714701399,-4.2295349810878795,-4.4919279984545195,6.268171889469572,3065.485,5.815610598995835,0.4525612904737377,12.850437546057238,9
2024-03-24T00:00:00Z,9,0.11364479810601566,6.305272832583977,6.444583333333333,4.33137663771008,0.21133436009296244,99.47267270078892,-3.4638021788478133,-3.583399546599937,5.756025950960126,3214.462,4.762727995915744,0.9932979550443823,4.794863385883983,9
2024-03-25T00:00:00Z,9,0.16885137388191077,12.346348872790111,6.699583333333333,4.571330433328428,0.19217278226764253,83.65416528953185,-6.5785546901484775,-6.752656365411402,9.365984985863678,2813.371,9.045512698954157,0.3204722869095207,28.225569162889855,9
2024-03-26T00:00:00Z,9,NA,NA,NA,NA,NA,NA,NA,NA,NA,2813.371,NA,NA,NA,9
2024-03-27T00:00:00Z,9,NA,NA,NA,NA,NA,NA,NA,NA,NA,2960.979,NA,NA,NA,9
2024-03-28T00:00:00Z,9,0.11270778466493256,9.85163413744345,5.992083333333333,4.202853520635809,0.2050345368872555,94.3233100194978,-6.951652978416929,-7.065411319646644,9.43987795527583,2980.97,9.558522845323278,-0.11864489004744883,-80.56413421176929,9
2024-03-29T00:00:00Z,9,NA,NA,NA,NA,NA,NA,NA,NA,NA,3171.488,NA,NA,NA,9
2024-03-30T00:00:00Z,9,0.02439776914812981,6.057173371321766,6.790416666666666,4.586668186930707,0.16350737049958955,62.31866464978172,-2.5671527757370933,-2.5961433390035453,3.66014463610408,2738.901,3.5298350666385034,0.13030956946557648,27.088072511596856,9
2024-03-31T00:00:00Z,9,0.10225728283993266,11.262158963311649,6.752916666666667,4.563435295496271,0.14528015601485747,50.161667933783086,-4.545833062278087,-4.652747133710414,5.79639391602414,2568.506,6.250520460632369,-0.4541265446082292,-13.763829784547468,9
2024-04-01T00:00:00Z,9,0.2198326649755616,15.644000258374753,6.4350000000000005,4.381917230361453,0.13385475437617528,43.163510981991,-6.338209353088811,-6.56231906993821,7.710832203266155,2622.852,8.715037860497114,-1.0042056572309592,-8.67853890061558,9
2024-04-02T00:00:00Z,9,0.2428432315756767,16.389353556169745,6.077916666666667,4.189153346675528,0.1276371283045596,39.550082275828785,-6.895115114028324,-7.141651230450387,8.079302724500291,2727.423,9.480783281788947,-1.4014805572886555,-6.764833969677569,9
2024-04-03T00:00:00Z,9,NA,NA,NA,NA,NA,NA,NA,NA,NA,2831.993,NA,NA,NA,9
2024-04-04T00:00:00Z,9,0.08100319407798187,2.702087910613104,5.102083333333333,4.145977692683537,0.3467218467770268,246.3458965335906,-3.559183084895373,-3.6419323458569623,6.207807892518275,4579.606,4.8938767417311375,1.3139311507871376,3.724606680341934,9
2024-04-05T00:00:00Z,9,0.07761396258244281,4.113780954661929,5.7508333333333335,4.43968561940967,0.3032424984546938,192.83590389354617,-4.325280132387936,-4.406063287467093,7.2194665918086445,4091.498,5.947260182033412,1.2722064097752321,4.674760429075458,9
2024-04-06T00:00:00Z,9,0.08231840521234549,4.60952164378756,6.159583333333333,4.481359216757005,0.2642017953732878,149.83501886058957,-3.7963704330776755,-3.881578665577361,6.337113582896239,3753.071,5.220009345481804,1.117104237414435,4.672804175878558,9
2024-04-07T00:00:00Z,9,0.06231973071426331,5.197047832810169,6.401666666666666,4.56571580198949,0.22878363741575972,115.17419837286188,-3.5746849665266005,-3.638368195225464,5.5148958395849945,3319.288,4.915191828974075,0.5997040106109193,8.196029611286013,9
2024-04-08T00:00:00Z,9,0.04640896064651262,2.3142951743354927,5.97375,4.5245608137385895,0.2014795108378097,91.24456142779924,-1.5171820869046737,-1.56626307869329,2.0492794965544263,3098.432,2.086125369493926,-0.03684587293949981,-56.61761285773585,9
2024-04-09T00:00:00Z,9,NA,NA,NA,NA,NA,NA,NA,NA,NA,3065.485,NA,NA,NA,9
2024-04-10T00:00:00Z,9,0.15240925895088692,0.2408515208717039,5.025833333333333,4.238411400586847,0.16498985452516396,63.270074090727775,0.133630434805205,-0.010458938434825205,0.17032499195560474,3002.457,-0.1837418478571569,0.35406683981276166,-0.5189467840431587,9
2024-04-11T00:00:00Z,9,NA,NA,NA,NA,NA,NA,NA,NA,NA,3033.971,NA,NA,NA,9
2024-04-12T00:00:00Z,9,NA,NA,NA,NA,NA,NA,NA,NA,NA,3478.037,NA,NA,NA,9
2024-04-13T00:00:00Z,9,NA,NA,NA,NA,NA,NA,NA,NA,NA,3191.543,NA,NA,NA,9
2024-04-14T13:00:00Z,9,NA,NA,NA,NA,NA,NA,NA,NA,NA,2824.831,NA,NA,NA,9
2024-04-18T17:00:00Z,9,NA,NA,NA,NA,NA,NA,NA,NA,NA,3076.557,NA,NA,NA,9
2024-04-19T00:00:00Z,9,0.12090434145043726,14.772685977537774,5.444583333333333,3.8559855635471982,0.1030777988828705,26.81109111841443,-5.685178936407017,-5.807934950911185,6.6258849127902515,3035.499,7.817121037559649,-1.1912361247693974,-6.562192729903072,9
2024-04-20T00:00:00Z,9,0.18290172469427024,15.408168984438708,5.238333333333333,3.7763958340259247,0.09260059989816952,22.042095498808024,-5.614385690561195,-5.799069254220672,6.2455775176068125,3054.323,7.719780324521643,-1.474202806914831,-5.236579586140781,9
2024-04-21T00:00:00Z,9,0.11377009697437976,8.775565553383409,5.175416666666667,3.6997467407433673,0.08661782278110003,19.48785719747004,-3.0196249743029453,-3.135070642277928,3.283855594012769,3097.175,4.15198433966655,-0.8681287456537805,-4.782682707436124,9
2024-04-22T00:00:00Z,9,0.02345903587897892,4.630173916518671,5.5183333333333335,3.8446621015879443,0.08650333391575867,19.424823263788372,-1.363172444244774,-1.3882912786023587,1.5643746138263275,3085.719,1.874362110836564,-0.30998749701023653,-6.046573261548894,9
2024-04-23T00:00:00Z,9,0.17067342464149782,11.649782697291087,6.198333333333333,4.303291706073962,0.0807465989174401,17.152030661199486,-3.0628657491716766,-3.2355928816585315,3.229842939970705,2643.067,4.211440405111055,-0.9815974651403505,-4.2903945401987125,9
2024-04-24T00:00:00Z,9,0.16819758020556816,10.847621993124132,6.23125,4.32929728200924,0.07420899114525507,14.722897994370577,-2.622752996209151,-2.7926417396128502,2.758254715667438,2601.457,3.6062853697875825,-0.8480306541201443,-4.252541287589663,9
2024-04-25T00:00:00Z,9,0.1868820936891755,9.564122796197738,5.9525,4.252596109916722,0.06678189295772527,12.134310647459875,-2.277058601521012,-2.465412151890401,2.34458484981162,2664.596,3.1309555770913913,-0.7863707272797713,-3.981526102735351,9
2024-04-26T00:00:00Z,9,0.1043892069023475,6.146721588498446,5.510833333333333,4.045418743595826,0.06073746799008751,10.215109563542097,-1.4166742281202833,-1.522011836053001,1.4991214903582561,2918.133,1.9479270636653896,-0.44880557330713344,-4.340247045756614,9
2024-04-27T00:00:00Z,9,0.07018188631453345,5.097310512198559,5.25875,4.033878771011015,0.06044977802076817,10.077210660969424,-1.2685462965390717,-1.33921548445051,1.3081612278172412,2969.556,1.7442511577412236,-0.43608992992398243,-3.9997510560385447,9
2024-04-28T00:00:00Z,9,0.05484521960984941,4.918405429367743,5.21625,3.992690252628535,0.05950744659065077,9.835705031276165,-1.178328256138597,-1.233764524959572,1.242982887370811,3012.59,1.620201352190571,-0.37721846481975985,-4.295127368605154,9
2024-04-29T00:00:00Z,9,0.0907776293696214,4.588616798309659,5.0625,4.044751792160817,0.05119672921164018,7.483949755736394,-1.0121563494516754,-1.103527910281237,1.0173099388769908,3065.696,1.3917149804960538,-0.37440504161906296,-3.7171373934436733,9
2024-04-30T00:00:00Z,9,0.05780753771553939,3.053949328261804,4.572916666666667,3.895261958180041,0.04434207535081751,5.762117560694321,-0.6420375730382555,-0.7001920005614053,0.6516194333246188,3352.296,0.8828016629276013,-0.23118222960298251,-3.818639799623302,9
2024-05-01T00:00:00Z,9,0.05691882178665065,2.6235586369199684,4.202083333333333,3.802063271669607,0.04007369560193676,4.803446865504524,-0.5446750153035352,-0.6018392659951685,0.5391180480713725,3498.342,0.7489281460423609,-0.20981009797098837,-3.5695524347256127,9
2024-05-02T00:00:00Z,9,0.03604862027099601,2.082508418669006,3.7941666666666665,3.776891545758991,0.03625152886669402,4.019772664680819,-0.4102261770417669,-0.4464445290247133,0.3919516810258799,3795.256,0.5640609934324294,-0.17210931240654953,-3.2773415078204935,9
2024-05-03T00:00:00Z,9,0.03691884023914047,1.7675714218887877,3.33875,3.725972386502267,0.02877452527632332,2.656524949416856,-0.3099592482898487,-0.3469700715665311,0.2839415137625863,3647.83,0.426193966398542,-0.1422524526359557,-2.9960394952854212,9
2024-05-04T08:00:00Z,9,0.03461208646991232,2.0109764102732597,3.18875,3.6596833081774736,0.02944678040871226,2.7466458201747237,-0.34609266750469475,-0.3808323113540816,0.11985625099794549,1415.471,0.47587741781895526,-0.35602116682100976,-1.3366548457446168,9
2024-05-05T00:00:00Z,9,0.07637733172668273,0.5444560447996513,3.3216666666666668,3.741257721744149,0.04210807467069479,6.195220556753372,-0.18077664381482747,-0.2571720557733069,0.10812441468653478,1799.622,0.24856788524538778,-0.140443470558853,-1.7698785444156702,9
2024-05-06T00:00:00Z,9,0.03129397205033862,2.2881532430477276,3.6658333333333335,3.6549389396984027,0.0515578094792553,7.6983338549690705,-0.6447389618339144,-0.6761768539769518,0.8359741325738954,4663.616,0.8865160725216323,-0.050541939947736925,-17.540206676639983,9
2024-05-10T10:00:00Z,9,NA,NA,NA,NA,NA,NA,NA,NA,NA,1415.693,NA,NA,NA,9
2024-05-11T00:00:00Z,9,0.02754275933987361,0.9653730020119204,2.7358333333333333,3.550068600345787,0.01698217214616251,1.1806904332112764,-0.09625776568859985,-0.12380030204714672,0.11818569740608917,4970.818,0.1323544278218248,-0.01416873041573563,-9.341304685621902,9
2024-05-13T20:00:00Z,9,NA,NA,NA,NA,NA,NA,NA,NA,NA,4758.557,NA,NA,NA,9
2024-05-14T00:00:00Z,9,0.01354344564503974,1.1120413889620036,4.251666666666667,3.8294811506644804,0.08305692550779044,18.15618434175514,-0.4577052942697385,-0.4712531131509561,0.60298472393363,4981.7,0.6293447796208904,-0.02636005568726041,-23.874941202231504,9
2024-05-15T00:00:00Z,9,0.01365193037580186,0.4180170390770683,4.340416666666667,3.440701424141892,0.09550685571068114,24.264592380222,-0.1962471652887452,-0.2099041125359003,0.24982417827332193,3795.905,0.26983985227202467,-0.020015673998702743,-13.481427219963392,9
2024-05-16T00:00:00Z,9,0.01186265867649778,3.397693630470801,4.464166666666666,3.5620075978925527,0.10344768598628098,27.09972765007449,-1.6126568242226484,-1.6245335129831286,2.0886223884335564,4125.323,2.2174031333061417,-0.12878074487258528,-17.218436929371887,9
2024-05-17T00:00:00Z,9,0.03264996404258376,5.167526582952166,4.441666666666666,3.453538868134046,0.0815626990344889,17.486768577930622,-1.9731955922684765,-2.005868947488981,2.3157656073807416,3785.871,2.7131439393691554,-0.3973783319884139,-6.827609159747192,9
2024-05-18T00:00:00Z,9,0.0826176564915797,9.190784215353172,4.145833333333333,3.4587648887180147,0.07139961052649371,13.672719117665563,-3.3152962752259154,-3.3979309564194273,3.651730624752706,3795.852,4.5585323784356335,-0.9068017536829274,-5.0270440699098735,9
2024-05-19T00:00:00Z,9,0.02809467848672657,2.7675106482896634,3.95125,3.490297332634499,0.06053784637872313,10.210956770940218,-0.8760438170540028,-0.9041652808949044,0.8997626499520873,3593.835,1.204560248449254,-0.3047975984971666,-3.952000456658623,9
2024-05-20T00:00:00Z,9,0.04053371394293822,3.804411862422132,3.8833333333333333,3.491917779410693,0.05282305822187397,7.898321969308119,-1.047034322079078,-1.0876014631563635,1.0777756724428396,3712.702,1.4396721928587324,-0.3618965204158928,-3.97813217768509,9
2024-05-21T00:00:00Z,9,0.04021222198354091,2.1505766123093975,4,3.69777218756158,0.04560145286957244,6.120338773150661,-0.5042139023874582,-0.5444682583000605,0.5164191657089515,3595.264,0.693294115782755,-0.1768749500738035,-3.919685153230961,9
2024-05-22T00:00:00Z,9,0.03266088152765004,1.712161784862282,3.5770833333333334,3.6550375581819012,0.03684452247692364,4.167294715716836,-0.3564688251908708,-0.38915397915114225,0.37088369771027685,3795.826,0.49014463463744734,-0.11926093692717049,-4.109850612164532,9
2024-05-23T00:00:00Z,9,0.03305284195479425,1.202342793688193,3.2575,3.546942760987928,0.02791145536836505,2.5903467018235085,-0.19890649680313008,-0.2319640293302314,0.2008667218004843,4230.091,0.2734964331043039,-0.0726297113038196,-3.765627429802557,9
2024-05-24T00:00:00Z,9,0.02644948147258988,0.9094249241657096,3.0533333333333332,3.5086215212809466,0.01612203785013637,1.1698854484577712,-0.08599674415451221,-0.11244468197968896,0.09360875931774278,4228.658,0.11824552321245428,-0.024636763894711505,-4.799555806833734,9
2024-07-29T18:00:00Z,9,0.07961349626401734,0.9705308008306036,4.76,3.189217524003168,0.14969712289074938,53.04952135898414,-0.6531905632040963,-0.733027168899419,1.2655978456987191,5518.321,0.8981370244056324,0.36746082129308677,2.4441708404316613,9
2024-07-30T00:00:00Z,9,0.01336900176525766,2.235043376591922,4.475416666666667,3.0419033940648714,0.14281130638018846,48.64209709260806,-1.4500904565881505,-1.4636682652507278,2.5770051084731227,5286.184,1.993874377808707,0.5831307306644158,3.419257934729144,9
2024-07-31T00:00:00Z,9,0.02075654979514356,1.7895151054829452,4.244583333333333,2.9850408494826133,0.10313944673343908,27.30129404043068,-0.8367754531654636,-0.8578112893777445,1.4745995707407369,5032.551,1.1505662481025125,0.3240333226382244,3.550765207524946,9
2024-08-01T00:00:00Z,9,0.02755254661422882,1.4210274717723697,3.86125,2.998837830498301,0.06644429758556498,12.308460959358817,-0.4677043642954393,-0.49548190472820497,0.806138569227275,5264.69,0.6430935009062291,0.16304506832104593,3.9442683395976,9
2024-08-02T00:00:00Z,9,NA,NA,NA,NA,NA,NA,NA,NA,NA,5632.961,NA,NA,NA,9
2024-08-03T00:00:00Z,9,NA,NA,NA,NA,NA,NA,NA,NA,NA,4777.484,NA,NA,NA,9
2024-08-04T00:00:00Z,9,NA,NA,NA,NA,NA,NA,NA,NA,NA,5054.045,NA,NA,NA,9
2024-08-05T00:00:00Z,9,0.02820733855220777,0.19630563256247016,4.867916666666667,3.1019467747080274,0.6461660062714063,858.5410026427375,-2.660312589619108,-2.68984814339302,0.8007853620928034,4704.403,3.6579298107262734,-2.85714444863347,-1.2802747206133758,9
2024-08-23T16:00:00Z,9,NA,NA,NA,NA,NA,NA,NA,NA,NA,11569.7,NA,NA,NA,9
2024-08-24T00:00:00Z,9,0.07805113595009569,4.553106935677764,2.4895833333333335,3.2691634662717766,0.1966181374786993,87.19041830755177,-5.829442268255135,-5.907930435128341,14.929493933070207,11039.51,8.01548311885081,6.914010814219397,1.1593101796089353,9
2024-08-25T00:00:00Z,9,NA,NA,NA,NA,NA,NA,NA,NA,NA,9219.655,NA,NA,NA,9
2024-08-26T00:00:00Z,9,NA,NA,NA,NA,NA,NA,NA,NA,NA,8152.102,NA,NA,NA,9
2024-08-27T00:00:00Z,9,0.2091703638714244,5.440955571180606,2.7291666666666665,3.1509193129410793,0.2547520605647271,140.1440385019952,-9.188550113738371,-9.396193821452353,18.648926989775493,7825.387,12.63425640639026,6.014670583385232,2.100573295117907,9
2024-08-28T00:00:00Z,9,0.07647114642868287,4.596406926348845,2.651666666666667,3.139875375884717,0.2625637239153265,148.0111096791569,-7.728742506375542,-7.806442468954214,15.719827156610613,8185.06,10.62702094626637,5.092806210344243,2.0866729475551846,9
2024-08-29T00:00:00Z,9,0.07320305488043896,3.968546740014335,2.742916666666667,3.08783404152334,0.23788697001636416,123.62765212403434,-5.797977240819393,-5.872078110259805,11.70736855715671,7845.448,7.972218706126665,3.7351498510300454,2.1343772068283045,9
2024-08-30T00:00:00Z,9,0.09321570226173834,5.957442991444736,2.9066666666666667,3.0942294981760226,0.21987111959072383,106.96024107552851,-7.939430433904113,-8.033705538599456,15.498195439823533,7495.807,10.916716846618156,4.581478593205377,2.3827933765331433,9
2024-08-31T00:00:00Z,9,0.07536709976894133,4.902236747163675,3.118333333333333,3.1013407406314117,0.2041274328003201,93.43446610182907,-5.630101936696306,-5.706681529434051,11.106524626096007,7140.433,7.741390162957421,3.3651344631385864,2.3004697873906643,9
2024-09-01T00:00:00Z,9,NA,NA,NA,NA,NA,NA,NA,NA,NA,6618.836,NA,NA,NA,9
2024-09-02T00:00:00Z,9,NA,NA,NA,NA,NA,NA,NA,NA,NA,6247.7,NA,NA,NA,9
2024-09-03T00:00:00Z,9,0.00810971065959689,1.548379234215126,3.5841666666666665,3.0809104780323513,0.15854031511093336,58.81009461889269,-0.9112777956435298,-0.9195058071736275,2.224837331649396,5823.544,1.2530069690098535,0.9718303626395424,1.2893268384891996,9
2024-09-04T00:00:00Z,9,0.01195382356906024,3.9786650498408234,3.732083333333333,3.139992443287695,0.15096643632681217,53.748396616201255,-2.7667211623328125,-2.7778235123012065,5.176300811961737,5475.335,3.804241598207617,1.3720592137541203,2.7726511801183498,9
2024-09-05T00:00:00Z,9,0.01244664189321846,6.303933820851537,3.765416666666667,3.1674701213284733,0.14873243564668945,52.295786784874245,-4.569582041532046,-4.583882287788988,8.032307118050005,5380.76,6.283175307106563,1.7491318109434415,3.5921679931700305,9
2024-09-06T00:00:00Z,9,NA,NA,NA,NA,NA,NA,NA,NA,NA,5306.246,NA,NA,NA,9
2024-09-09T16:00:00Z,9,0.08753383668296986,8.160236355970754,3.6525,3.1814327034010046,0.20280934304292855,92.28743348447634,-8.801867411095218,-8.88605231092953,4.151711880059204,1881.474,12.102567690255924,-7.95085581019672,-1.5221716981377986,9
2024-09-13T14:00:00Z,9,0.15602583050343902,6.4612072994845064,3.34375,3.3121738068310593,0.25082669577926575,136.11972843070737,-9.381704092633488,-9.536691510273346,14.602386998315092,2105.015,12.899843127371046,1.7025438709440461,7.5768051252730375,9
2024-09-14T00:00:00Z,9,0.08878676625020766,6.565911699450832,3.27125,3.294607718587311,0.2576524451533751,142.9286565738145,-9.7319059565877,-9.8208823930985,17.611785689749336,6638.895,13.381370690308088,4.230414999441248,3.16313427691503,9
2024-09-15T00:00:00Z,9,0.12981739589316443,6.838270697062154,3.3024999999999998,3.228723871546816,0.250043339026072,135.3146365969395,-9.75494393949695,-9.884838351434821,16.875334542756992,6332.244,13.413047916808306,3.4622866259486855,3.8740431876095927,9
2024-09-16T00:00:00Z,9,0.0830620539052662,5.474624044031669,3.285833333333333,3.2623052477535395,0.2503868056220962,135.65637977476197,-7.712760598242575,-7.795692696000617,13.45200643650876,6120.166,10.605045822583541,2.8469606139252193,3.725041284628781,9
2024-09-17T00:00:00Z,9,0.07614438660885127,5.543501572516901,3.33125,3.3524022562772635,0.23292872146350344,118.9010957600644,-7.149977316865018,-7.227906415264593,12.675867608094228,6143.094,9.8312188106894,2.844648797404828,3.4560395714432017,9
2024-09-18T00:00:00Z,9,0.19967925073107767,8.477604361997921,3.36125,3.296466185109161,0.2172525537475316,104.62132628407883,-10.48302729509985,-10.685531327748617,17.5847453117677,6123.032,14.414162530762294,3.1705827810054075,4.54621863750597,9
2024-09-19T00:00:00Z,9,0.09022863939608346,5.911682494838302,3.2495833333333333,3.288403491153396,0.2338064694311207,119.6975515676316,-8.046995846575872,-8.13746100760006,13.370814442434876,5994.066,11.064619289041824,2.306195153393052,4.797780999913518,9
2024-09-20T00:00:00Z,9,0.06524097074170643,3.3914113667342294,3.2958333333333334,3.2194300875150024,0.2261621359606356,112.71095326811027,-3.9776608635657933,-4.044577609689748,7.201629752039405,6037.055,5.4692836874029656,1.732346064636439,3.1571542193855957,9
2024-09-21T00:00:00Z,9,0.07663262298405611,6.095160789903514,3.5416666666666665,3.244208182378459,0.20044911104973745,90.33368558422848,-6.2934918652803935,-6.371659173148441,10.693352844209505,5782.069,8.653551314760541,2.0398015294489635,4.242349655016795,9
2024-09-22T00:00:00Z,9,0.08278827733326671,7.074678705999098,3.76375,3.334028907808413,0.18872721260594025,80.91269451702188,-6.6280661124420055,-6.714673367003028,10.902412521469657,5286.184,9.113590904607758,1.7888216168618989,5.094745512185606,9
2024-09-23T00:00:00Z,9,NA,NA,NA,NA,NA,NA,NA,NA,NA,5052.676,NA,NA,NA,9
2024-09-24T00:00:00Z,9,0.00985821839678253,4.952887785977448,3.9558333333333335,3.3670946254725598,0.16608190216380445,64.02706641080857,-3.6717113563691957,-3.6860737555379917,6.252119496982676,4958.089,5.048603115007644,1.2035163819750316,4.19487693779675,9
2024-09-25T00:00:00Z,9,0.01655971106573459,4.8450153638781055,4.015416666666667,3.297614190182796,0.1596529120330967,59.5589304573373,-3.3504095072174453,-3.3700170553199005,5.680157962701409,4779.479,4.6068130724239875,1.0733448902774212,4.292015655129537,9
2024-09-26T00:00:00Z,9,NA,NA,NA,NA,NA,NA,NA,NA,NA,4718.848,NA,NA,NA,9
2024-09-27T00:00:00Z,9,0.09590539217049526,4.070303314457164,3.1733333333333333,3.165804950290943,0.24231974403342735,128.1667656193195,-5.936261463996763,-6.025624010587277,9.16911618802584,5277.636,8.162359512995549,1.0067566750302905,8.107579234823515,9
2024-09-28T00:00:00Z,9,0.12159154851195576,7.889982754793285,3.0441666666666665,3.243870634910263,0.2449940865033244,130.34272837513922,-11.695796344729603,-11.822694530095147,18.64571869396438,6093.087,16.081719974003203,2.5639987199611767,6.272124805993159,9
2024-09-29T00:00:00Z,9,0.09560800903341712,5.757702261102582,2.9745833333333334,3.240512823593929,0.22993439729303705,116.15308636428804,-7.862075471516527,-7.960702086896942,12.693990716537506,6158.251,10.810353773335224,1.8836369432022817,5.739085662100604,9
2024-09-30T00:00:00Z,9,0.25174206229733387,3.6451294438993016,3.0016666666666665,3.258669015182441,0.2229094779401679,109.82579997690436,-4.8735949094563,-5.1258575100199515,7.854000954210991,5917.326,6.701193000502413,1.152807953708578,5.812930921360063,9
2024-10-01T00:00:00Z,9,0.08141572160460929,5.158342882132208,2.8116666666666665,3.24111369683062,0.2409722981567176,126.47501151125172,-7.6664800395425825,-7.747522632235635,13.355889908667034,6419.418,10.54141005437105,2.8144798542959837,3.7454203263458385,9
2024-10-02T00:00:00Z,9,0.07343609867201203,4.660064340014134,2.8733333333333335,3.1917735270141665,0.22388997232539895,110.60322860367758,-6.1924158470649555,-6.267137127977773,12.647753651842173,7015.051,8.514571789714314,4.133181862127859,2.0600525391183275,9
2024-10-03T00:00:00Z,9,0.08177032691445064,5.932823241399396,3.0145833333333334,3.2330267900250713,0.20683113138953543,95.66555816764884,-7.164816084114371,-7.248693890145252,16.705081878433727,7806.116,9.85162211565726,6.853459762776467,1.4374669811537903,9
2024-10-04T00:00:00Z,9,0.07180739631011124,5.014806908214673,3.0954166666666665,3.251725584321684,0.19368252554686924,84.84937631232819,-5.465860699889546,-5.538238478403418,14.667062923478548,9575.229,7.5155584623481255,7.151504461130423,1.0509059321987975,9
2024-10-05T00:00:00Z,9,0.07515974125349552,8.274660364977445,3.1645833333333333,3.2213533067704105,0.1849931142286524,77.95793227089864,-8.837497201943131,-8.912412369879814,20.512068725710456,9589.577,12.151558652671806,8.36051007303865,1.4534470440815208,9
2024-10-06T00:00:00Z,9,0.05543248017104325,0.860968324012538,3.1575,3.2504954355782876,0.27722710551481705,169.6216123858441,-1.4173984717408983,-1.4793256770218974,3.369608851966042,8529.451,1.948922898643735,1.420685953322307,1.3718182361739648,9
2024-10-07T00:00:00Z,9,0.09755140577871366,4.6884907636733395,2.839583333333333,3.382949463140568,0.35110471539124877,251.79025663196256,-10.279463812914566,-10.377685889046811,24.480942759400577,9047.359,14.134262742757528,10.346680016643049,1.3660674457915003,9
2024-10-08T00:00:00Z,9,0.07472094946107048,3.242551883887193,2.9408333333333334,3.4332190015753477,0.3299477601985506,224.86966230355168,-6.2996310329776,-6.375795819206795,13.22381874241158,9577.87,8.6619926703442,4.561826072067381,1.8987994135468336,9
2024-10-09T00:00:00Z,9,0.4255702045081287,1.7608403684932918,3.1479166666666667,3.425285198236338,0.3368904824173285,235.57507873660936,-3.3538507422224053,-3.786528866151405,5.799285794339433,6453.345,4.611544770555807,1.1877410237836257,3.882618077689557,9
2024-10-10T00:00:00Z,9,0.11040961736027628,3.979245048311136,2.9570833333333333,3.5484262970898555,0.4800690831684693,446.6192541014642,-12.396441432206261,-12.50411352378358,18.38814617670443,5979.392,17.04510696928361,1.3430392074208228,12.691444058447923,9
2024-10-11T00:00:00Z,9,0.14911681554863768,4.430423620542955,2.6370833333333334,3.6715832761728344,0.4568571996234902,407.6595755209415,-13.553768794846594,-13.706930501332202,21.648019210379942,6456.754,18.636432092914067,3.0115871174658757,6.188242732488457,9
2024-10-12T00:00:00Z,9,0.11248881324607926,4.277298407541309,2.4183333333333334,3.8167796259139464,0.44247563676945534,384.48460280046294,-13.161738512009027,-13.276917674977492,22.019539207184696,7133.646,18.097390454012412,3.9221487531722836,4.614151984769832,9
2024-10-13T00:00:00Z,9,0.08422245530837924,4.0313407231832015,2.255,3.837980286183007,0.4265029722483688,359.4776389270032,-12.117725652545795,-12.203935324559264,20.948330531789786,7632.591,16.66187277225047,4.286457759539317,3.8870959908960323,9
2024-10-14T00:00:00Z,9,0.0828344082510562,3.737198249975584,2.24375,3.850653668862691,0.3988553790743944,318.13726383017035,-10.448567854350545,-10.534466132011573,7.869780801472243,3527.424,14.366780799731998,-6.4969999982597555,-2.211294567274156,9
2024-10-25T16:00:00Z,9,0.07540060600370924,6.706175656120119,4.120416666666666,4.020425013231161,0.18907045338566195,81.17618324527248,-6.218240535869119,-6.29570254170787,17.91777173226851,11406.38,8.550080736820037,9.367690995448472,0.9127201933725514,9
2024-10-26T00:00:00Z,9,NA,NA,NA,NA,NA,NA,NA,NA,NA,7138.566,NA,NA,NA,9
2024-10-27T00:00:00Z,9,0.01011066916325219,3.875411631500718,4.527916666666667,4.007898386169082,0.1660378679848271,64.01252923157399,-2.730417081571839,-2.7432572398778734,6.504732033782458,7501.228,3.7543234871612787,2.7504085466211796,1.3650057522448393,9
2024-10-28T00:00:00Z,9,0.0123833395285264,5.2016636316599785,4.60125,3.9992693653723266,0.15681123968308544,57.62790495608558,-3.4950001283528795,-3.508346048654196,5.888201979576235,5675.017,4.80562517648521,1.0825768030910252,4.439061656192852,9
2024-10-29T00:00:00Z,9,0.05706404918070029,4.104312517584492,4.712083333333333,3.9778842271610433,0.1542689997501205,55.9246277541092,-2.6660967036647727,-2.72517242640325,3.998842453112235,4151.263,3.6658829675390625,0.33295948557317256,11.009997090872586,9
2024-10-30T00:00:00Z,9,0.00943432436124137,3.792632796418933,4.590416666666667,3.963145713455772,0.15344702840920835,55.391211736445406,-2.4327084017120097,-2.443033169339935,3.804614024810438,4265.904,3.3449740523540132,0.45963997245642485,7.277378497952821,9
2024-10-31T00:00:00Z,9,0.01527410997526936,7.190124546264813,4.69125,3.8782674422833296,0.14591424819213267,50.52596865392938,-4.494672617268369,-4.5119854190364785,6.506913131285472,4159.863,6.180174848744008,0.32673828254146464,18.914755873333313,9
2024-11-01T00:00:00Z,9,0.01631676939355385,5.616583233895493,4.803333333333334,3.931917845443135,0.14022503226824634,46.98377310481165,-3.246231703117277,-3.2645605083357223,4.709032943850521,3979.249,4.463568591786256,0.24546435206426498,18.184182567648968,9
2024-11-02T00:00:00Z,9,0.06421671420202292,14.454883007977656,4.835,3.920770011612839,0.135052484044362,43.84371148521345,-8.463278445046104,-8.529170873261297,11.561866826244188,3893.242,11.637007861938393,-0.07514103569420527,-154.8688776302802,9
2024-11-03T00:00:00Z,9,0.02497740231586613,9.008785786747586,4.77625,3.879333493382755,0.1314974579949159,41.77205609744873,-5.057022084750105,-5.083201095960467,6.894422833609128,3860.273,6.953405366531394,-0.05898253292226574,-117.88922960794895,9
2024-11-04T00:00:00Z,9,0.07498954446898247,18.80070518630843,4.707916666666667,3.784233146952428,0.12462812607443392,37.85382430051158,-10.334152828631503,-10.410133530039207,13.515518698218317,3807.237,14.209460139368316,-0.6939414411499989,-20.476454203139124,9
2024-11-05T00:00:00Z,9,0.02890748117336701,10.05985079483267,4.730833333333333,3.728859417852821,0.11968749119316412,35.168486787100086,-5.152390404297004,-5.183675220711794,5.171480681937021,3818.703,7.084536805908381,-1.9130561239713595,-3.703256123610958,9
2024-11-07T14:00:00Z,9,0.04040472175534464,2.3593426677772147,4.349166666666667,3.5662464608621316,0.1258170489068251,38.56322863163699,-1.2896095076624452,-1.3311588106296877,1.9298680948590596,4262.11,1.7732130730358622,0.15665502182319746,11.319222661352851,9
2024-11-08T14:00:00Z,9,0.05157824206410795,14.159598688306064,4.325,3.517583371274307,0.13201412569491788,42.05087844288383,-8.854634903456194,-8.907016137681438,12.427010841142637,4346.15,12.175122992252266,0.2518878488903713,48.335491552636284,9
2024-11-09T12:00:00Z,9,0.01764409335851325,9.394478432359636,4.4775,3.6143436799733584,0.1277927157369467,39.63230000629394,-5.410008106866767,-5.428486144260757,2.7335282207844016,1705.802,7.438761146941805,-4.705232926157404,-1.5809549205498687,9
2024-11-11T14:00:00Z,9,0.04276832623696725,16.98212059244915,4.6066666666666665,3.6781762389193133,0.13139177596537013,41.68981874189844,-10.09693658462487,-10.14063007962199,7.990940747214459,2841.082,13.883287803859197,-5.892347056644738,-2.3561558187926424,9
2024-11-12T14:00:00Z,9,0.01312174217725384,4.385606216649226,4.6125,3.650447837332002,0.12533267293807332,38.269868530889454,-2.3218308050089136,-2.33565675576395,1.105633440188174,1720.137,3.1925173568872562,-2.0868839166990822,-1.5298011218261742,9
2024-11-22T16:00:00Z,9,0.01327153573192395,7.709948382091342,7.07875,4.807214018264431,0.0767954910734997,15.62464144624862,-1.5103808999674904,-1.5250698575251418,1.912072368321075,2442.58,2.0767737374552993,-0.16470136913422428,-12.60932892283865,9
2024-11-23T00:00:00Z,9,0.02240549652858303,14.45962366065912,7.690416666666667,5.173098429784457,0.0734281183713884,14.399552980686172,-2.5719012952023266,-2.595850107763255,3.2172682726235338,2274.88,3.536364280903199,-0.31909600827966544,-11.0824460010287,9
2024-11-24T00:00:00Z,9,0.03216349380816065,14.947564699164616,7.827083333333333,5.244485635064459,0.06795907334238935,12.51150544102202,-2.434765530422326,-2.4679031397858773,2.940232074310757,2231.877,3.3478026043306985,-0.4075705300199415,-8.214044828429813,9
2024-11-25T00:00:00Z,9,0.04596655233824261,17.517901721715372,7.72375,5.1882319939313835,0.0650322682463546,11.535380763659427,-2.8016185822199917,-2.8484816175523022,3.3414884045904687,2241.911,3.8522255505524887,-0.51073714596202,-7.542481648356456,9
2024-11-26T00:00:00Z,9,0.02421052869065028,7.271106350898297,7.385416666666667,5.076392016934235,0.06139504506281738,10.38153991124689,-1.1805146911695423,-1.2055380788814725,1.3719867405656387,2293.515,1.6232077003581207,-0.25122095979248193,-6.461274973628601,9
2024-11-27T00:00:00Z,9,0.02516626577087724,6.390518952021859,6.565416666666667,4.747278205306928,0.05846236874291925,9.485233243976817,-1.1679401234721118,-1.1934709868352358,1.3352093738269268,2454.061,1.6059176697741537,-0.2707082959472269,-5.932280960045712,9
2024-11-28T00:00:00Z,9,0.02969976550000395,10.585240311453376,5.929583333333333,4.396964098960103,0.05621369000313776,8.825155944836137,-2.12514762467281,-2.155228449200083,2.3762090153259474,2727.85,2.9220779839251136,-0.5458689685991662,-5.353075833242331,9
2024-11-29T00:00:00Z,9,0.01578174469086142,4.993943815741383,5.838333333333333,4.22304648377281,0.05716776388098229,9.099439914427547,-0.9047935758154407,-0.9204540791705637,1.1411023655654837,2886.962,1.244091166746231,-0.10298880118074738,-12.079868417565386,9
2024-11-30T00:00:00Z,9,0.01193354728535612,4.472989794280838,7.2875,4.797902780901953,0.05688594513552655,9.03170469422722,-0.5001886865369679,-0.5129117181534243,0.7697060991182173,2485.597,0.6877594439883309,0.08194665512988641,8.392770185655827,9
2024-12-01T00:00:00Z,9,0.00993600323143675,6.888148128188335,8.430416666666666,5.468288109238876,0.05284360750539672,7.898052226556051,-0.6370650781429406,-0.6473142167293986,0.8522600136681957,2029.761,0.8759644824465432,-0.02370446877834753,-36.953558868472896,9
2024-12-02T00:00:00Z,9,0.00859666228220522,7.894645024287023,8.86625,5.704201546612331,0.0495674645894746,7.029211755593576,-0.6412339619377532,-0.649798009959728,0.8441839418365555,1840.546,0.8816966976644106,-0.03751275582785507,-23.503916953222276,9
2024-12-03T00:00:00Z,9,0.00849810406741956,8.257951561169353,9.14875,5.8221484794068195,0.04574823346616397,6.065900423995387,-0.5778552395209473,-0.5861706061609325,0.7865747520147486,1777.474,0.7945509543413025,-0.007976202326553938,-99.61519552934693,9
2024-12-04T00:00:00Z,9,0.0085214117743268,8.822765746830026,9.359166666666667,5.9433935501959025,0.04393696090422475,5.630826347243554,-0.5889532484324105,-0.5971054615161682,0.7720445298632156,1712.969,0.8098107165945644,-0.037766186731348794,-21.442745129530383,9
2024-12-05T00:00:00Z,9,0.01416239005587058,4.551995662023888,8.932083333333333,5.921249895103425,0.04229008261046813,5.250527235228906,-0.36648044697967946,-0.38049618109583605,0.41561182894755516,1724.437,0.5039106145970592,-0.08829878564950405,-5.706880461496919,9
2024-12-06T00:00:00Z,9,0.0131711686480959,9.098694688162368,7.7,5.2408190123911735,0.04365514215876915,5.55950780790184,-0.9404118940067692,-0.9532178884641259,1.1336201499950358,2029.761,1.2930663542593077,-0.15944620426427192,-8.109734315883323,9
2024-12-07T00:00:00Z,9,0.00849533335900754,5.3017533762464355,8.480416666666667,5.535408250559439,0.04350249033831408,5.536212696934742,-0.37491597441532754,-0.3833196863661402,0.5526448531896748,2041.229,0.5155094648210754,0.03713538836859942,13.881892379964306,9
2024-12-08T00:00:00Z,9,0.01003698507091985,12.633924642682992,8.699583333333333,5.7798768191036896,0.0400913092735277,4.761779568666393,-1.036590860789394,-1.0462179788147044,1.1749240087129886,1903.618,1.4253124335854168,-0.2503884248724282,-5.692405446903575,9
2024-12-09T00:00:00Z,9,0.01560541623889186,6.399030905486604,7.810416666666667,5.478902840864017,0.03835342700988441,4.390966531770791,-0.6234598634289832,-0.6385568824674742,0.697027342797067,1978.157,0.8572573122148519,-0.1602299694177849,-5.3501683569547,9
2024-12-10T00:00:00Z,9,0.0198609830855436,7.435742678702865,6.641666666666667,4.989075643726934,0.03737293262465294,4.194564845236631,-0.9202873135151242,-0.9399190349844325,0.9820543734910334,2411.058,1.2653950560832956,-0.2833406825922622,-4.465984356733714,9
2024-12-11T00:00:00Z,9,0.00649262332190023,1.8246905002444311,5.660416666666666,4.56230253881206,0.05377419648778689,8.444356883069695,-0.32187244682417965,-0.32784917934805974,0.45692043475373045,2843.959,0.442574614383247,0.01434582037048343,30.850422140642834,9
2024-12-12T00:00:00Z,9,0.01282833384449409,3.728359885137507,7.205,4.951229160019909,0.06597459967647219,11.843132353472518,-0.5227572105734757,-0.5364809914454378,0.806712155856305,2970.102,0.7187911645385291,0.08792099131777587,8.175421520676188,9
2024-12-13T00:00:00Z,9,0.0404047615345009,11.54879839922306,7.950833333333334,5.5595414897836966,0.05522822765925247,8.570961998818076,-1.5528485556134872,-1.5937671529286999,1.8387138457395964,2211.809,2.1351667639685448,-0.29645291822894837,-7.202380657017421,9
2024-12-14T00:00:00Z,9,0.02537280779023298,4.329713074103379,7.022083333333333,5.21050782853004,0.0503072387962958,7.200807315022528,-0.6518841507009315,-0.6771367127969607,0.7625838759920895,2358.02,0.8963407072137809,-0.13375683122169135,-6.701270499808471,9
2024-12-15T00:00:00Z,9,0.02786003127306386,10.493369654314296,6.057083333333333,4.782610160588021,0.05032778807981841,7.210322334825793,-1.942306990869387,-1.970195974219574,2.198879700963448,2822.457,2.6706721124454074,-0.4717924114819594,-5.660693235943516,9
2024-12-16T00:00:00Z,9,0.03048883346365766,7.651093644039159,5.7075,4.604385703742916,0.04708687250707842,6.383792811705145,-1.3845055538672955,-1.4154329206742937,1.5540125680228873,3037.474,1.9036951365675312,-0.34968256854464386,-5.444066441431687,9
2024-12-17T00:00:00Z,9,0.03788751956048138,8.900702371107313,5.090833333333333,4.4434008255686,0.04656726919514453,6.253311058103709,-1.8425494224918557,-1.880401134019462,2.053662746399984,3183.686,2.5335054559263015,-0.47984270952631736,-5.279866517983117,9
2024-12-18T00:00:00Z,9,0.03232843786457878,13.392867487750715,4.7316666666666665,4.2979405514308135,0.04654084868775813,6.246110947491838,-2.9368548762771276,-2.9692806636571505,3.2683545428786624,3532.013,4.038175454881051,-0.7698209120023884,-5.245603739676692,9
2024-12-19T00:00:00Z,9,0.02518252660176879,8.923277754981727,4.769166666666667,4.298497327049087,0.04432739729115814,5.720685203273565,-1.7831292364664884,-1.8084179502413114,2.0286868618921643,3606.553,2.4518027001414215,-0.42311583824925725,-5.7946370201747595,9
2024-12-20T00:00:00Z,9,0.01357669388531846,4.028563249361221,5.1745833333333335,4.443631605987847,0.04374027490479228,5.578670047554699,-0.6660279428981548,-0.679539586990568,0.8454820901479558,3405.87,0.9157884214849629,-0.07030633133700703,-13.025689209912176,9
2024-12-21T00:00:00Z,9,0.01327857309027468,3.1366550069847317,6.493333333333333,5.0635380242392,0.04440372320138581,5.735355305357394,-0.3307926381845807,-0.3443141763001464,0.5164480337929999,2896.996,0.4548398775037985,0.061608156289201355,7.382786710394101,9
2024-12-22T00:00:00Z,9,0.01131994265252591,5.999786742745477,7.52875,5.589657384839112,0.03872037850136308,4.469723462194026,-0.5691751463408485,-0.5802286602240203,0.6999027868749289,2431.126,0.7826158262186668,-0.08271303934373786,-9.461819229810686,9
2024-12-23T00:00:00Z,9,0.01848052887128643,12.216920469913616,7.37125,5.530295933052466,0.03632785477692163,3.970840141868013,-1.3033898853508707,-1.3216165613923754,1.4022555450363707,2274.88,1.7921610923574474,-0.38990554732107663,-4.596398037090895,9
2024-12-24T00:00:00Z,9,0.02007695873667612,9.165055917671102,6.917083333333333,5.30388867437926,0.03859121157636239,4.435282797928684,-1.1280302200889525,-1.148180400451638,1.2808122488920541,2517.133,1.5510415526223096,-0.27022930373025544,-5.739723750206487,9
2024-12-25T00:00:00Z,9,0.02542455186793599,9.432674356630386,6.684583333333333,5.107830920458702,0.04084282592807612,4.9223411492759395,-1.272981410456889,-1.2982264774949248,1.4345448968818102,2717.815,1.7503494393782224,-0.3158045424964122,-5.542508747790123,9
2024-12-26T00:00:00Z,9,0.02146676560729039,5.769860755949526,6.274583333333333,5.066312135873041,0.04385769938206546,5.606495596365072,-0.9053452715237034,-0.9267867901585539,1.0636670483188744,2696.314,1.2448497483450922,-0.18118270002621784,-6.870687699018491,9
2025-01-03T16:00:00Z,9,0.01756131513756229,10.56377395756043,7.387083333333333,5.502245659010533,0.05009587473720411,7.16991722763458,-1.5150296202058782,-1.5323205808451676,1.7393147709256678,2528.601,2.0831657277830824,-0.3438509568574146,-6.058339190973701,9
2025-01-04T00:00:00Z,9,0.0139392437788615,5.480710326864641,7.785833333333334,5.6346702555357275,0.0494793962315198,6.995455755166853,-0.6518262938441214,-0.6655292015847064,0.8413358388884763,2379.522,0.8962611540356669,-0.05492531514719057,-16.317815412325597,9
2025-01-05T00:00:00Z,9,0.02000752532937636,12.055579291112116,8.002083333333333,5.800491446746161,0.0456660363320727,6.046191363566507,-1.4273887422846119,-1.4470845773403762,1.599484725243078,2264.846,1.9626595206413413,-0.36317479539826336,-5.4041732672804486,9
2025-01-06T00:00:00Z,9,0.03359102889862651,3.942394570729383,7.19125,5.538786175930126,0.04598014680877825,6.1143574051295015,-0.5819664253799125,-0.6150866376736246,0.6262158862942242,2347.986,0.8002038348973797,-0.17398794860315547,-4.599191158478129,9
2025-01-07T00:00:00Z,9,0.01382293398721017,3.2895305698298007,6.85875,5.218791569177771,0.04698412608946413,6.358160680404575,-0.36774799010559667,-0.3812616709870162,0.5287492955931195,2782.321,0.5056534863951954,0.02309580919792409,21.89373327697238,9
2025-01-08T00:00:00Z,9,0.01185896130740639,5.593068234427171,8.12625,5.93855873278094,0.04466499266331864,5.799484227178861,-0.5452339672611647,-0.5568158304121662,0.7126197293671626,2253.379,0.7496967049841015,-0.0370769756169389,-20.2200069587552,9
2025-01-09T00:00:00Z,9,0.01229565009622247,6.859302124069454,8.645416666666666,6.083313084453559,0.04270987511671976,5.344917456683787,-0.6038503997130074,-0.615821272954523,0.766464132109496,2104.301,0.8302942996053851,-0.0638301674958891,-13.00786653362392,9
2025-01-10T00:00:00Z,9,0.02639575724174375,10.279469974589828,8.67125,6.282725343001512,0.04147398249341964,5.063059915092842,-1.0600789036848777,-1.0862060498047046,1.167391097053061,1978.157,1.4576084925667068,-0.2902173955136458,-5.0224711374965505,9
2025-01-11T00:00:00Z,9,0.01497124775202732,4.867271474714018,7.409583333333333,5.4308332082226976,0.0518044008815289,7.641313278179489,-0.7855570077757005,-0.7996332609398462,0.9234133970409225,2358.02,1.0801408856915882,-0.15672748865066566,-6.89184070382921,9
2025-01-12T00:00:00Z,9,0.01723182788351369,3.5158759379424422,7.821666666666666,5.686042716453919,0.05306084278835215,7.950636282125633,-0.3889609198541459,-0.4063323025236677,0.5589584663969412,2558.703,0.5348212647994506,0.024137201597490665,22.15755056108291,9
2025-01-13T00:00:00Z,9,0.03122687274913692,8.53945608710681,7.8879166666666665,5.819051767115548,0.05041292082584174,7.233104467946256,-1.200576275887943,-1.2314509898533297,1.2836454136090094,2155.904,1.6507923793459216,-0.3671469657369122,-4.49627133927844,9
2025-01-14T00:00:00Z,9,0.01704093596610006,5.776076772593753,7.857083333333334,5.699520562330661,0.05406775768097008,8.215967162755309,-0.7585624617672037,-0.7755416732265057,0.9687504559292779,2349.42,1.043023384929905,-0.07427292900062721,-14.043116367756241,9
2025-01-15T00:00:00Z,9,0.02428407043305962,5.71860402967625,7.995416666666666,5.70260604176584,0.05026614022925011,7.197840245379386,-0.6881691334261062,-0.7122659666045409,0.8437952516678358,2274.88,0.946232558460896,-0.10243730679306029,-9.237186998409054,9
2025-01-16T00:00:00Z,9,0.02307029032372721,13.035084877195237,7.820416666666667,5.786969886761997,0.0457100705110501,6.0581980084022975,-1.6176614344782954,-1.6405719958918008,1.8365919343955055,2264.846,2.224284472407656,-0.38769253801215053,-5.737238286329735,9
2025-01-17T00:00:00Z,9,0.01503001071973856,11.302262055968717,7.689583333333333,5.730232148501269,0.04197010090989869,5.185429358643108,-1.3169645233500875,-1.331400855905308,1.5659617828074692,2369.488,1.8108262196063702,-0.24486443679890102,-7.395219343728307,9
2025-01-18T00:00:00Z,9,0.02833072710700018,1.0963474573053276,7.204583333333334,5.7235816706090565,0.04108354610648619,5.0742301654342885,-0.12683914993928178,-0.1544654317605833,0.16632397399011764,2517.133,0.17440383116651245,-0.008079857176394811,-21.58501411089676,9
2025-01-19T00:00:00Z,9,NA,NA,NA,NA,NA,NA,NA,NA,NA,3119.181,NA,NA,NA,9
2025-01-27T18:00:00Z,9,NA,NA,NA,NA,NA,NA,NA,NA,NA,3107.713,NA,NA,NA,9
2025-01-28T00:00:00Z,9,NA,NA,NA,NA,NA,NA,NA,NA,NA,3077.611,NA,NA,NA,9
2025-01-29T00:00:00Z,9,NA,NA,NA,NA,NA,NA,NA,NA,NA,3067.577,NA,NA,NA,9
2025-01-30T00:00:00Z,9,NA,NA,NA,NA,NA,NA,NA,NA,NA,2929.966,NA,NA,NA,9
2025-01-31T00:00:00Z,9,0.00216909528809068,1.0912842211184932,9.30625,4.110995000334687,0.1569257285484266,57.71629397562255,-0.030265582364149723,-0.030947756651715286,0.8226690497002989,3342.798,0.04161517575070587,0.781053873949593,0.05328080064473452,9
2025-02-01T00:00:00Z,9,0.00234725648237009,0.9200167030875648,9.097083333333334,3.767570312163351,0.1476139675006622,51.59645340941521,0.24212791845835538,0.24014592155171538,0.6876341691528874,3554.948,-0.33292588788023864,1.0205600570331261,-0.32621881053045393,9
2025-02-02T00:00:00Z,9,NA,NA,NA,NA,NA,NA,NA,NA,NA,2941.433,NA,NA,NA,9
2025-02-03T00:00:00Z,9,0.00401443604393458,2.0560343932137353,9.150833333333333,3.8730087094338566,0.1292399724193387,40.47227741534928,0.03096214932436947,0.02688228575491941,1.1632882722949296,3034.607,-0.04257295532100802,1.2058612276159377,-0.03530502046672268,9
2025-02-27T16:00:00Z,9,0.20530164966480735,12.55847995157713,7.229583333333333,4.741673562642337,0.14080357363511928,47.334800025197296,-4.271833331092016,-4.484412114285161,7.009992446135571,2792.355,5.873770830251522,1.1362216158840486,5.169564412556415,9
2025-02-28T00:00:00Z,9,0.03457829236989258,5.5880737270014835,7.11125,4.605200187374573,0.13403969792788065,43.26635943181013,-1.2926408691124296,-1.3357764216348185,2.875607224178289,2803.822,1.7773811950295908,1.098226029148698,1.6184110992227596,9
2025-03-01T00:00:00Z,9,0.160688274523197,11.819873826080997,7.452083333333333,4.768340670186893,0.12482774768579856,37.98444326788084,-3.0512630270441115,-3.2239517364466495,5.127215548374067,2633.242,4.195486662185653,0.9317288861884139,4.502905002064348,9
2025-03-02T00:00:00Z,9,0.04268729717083473,5.456812820035026,7.305,4.696833566377317,0.11890661841929752,34.744598532286886,-0.9402185606737493,-0.9908138439810967,2.2433837566518458,2643.276,1.2928005209264053,0.9505832357254405,1.3600077008930214,9
2025-03-03T00:00:00Z,9,0.12097588520204489,10.329306729307635,7.851666666666667,4.858113827665003,0.11229562034881624,31.306206545650728,-1.8889986088058162,-2.023099433195383,3.4821539692133547,2411.058,2.5973730871079974,0.8847808821053573,2.935611674754416,9
2025-03-04T00:00:00Z,9,0.1897145521552893,11.869647902536371,7.5408333333333335,4.865304127279746,0.10607799427720062,28.208729993766525,-2.561208471420981,-2.7611861029915623,3.919486959198678,2272.013,3.5216616482038487,0.3978253109948291,8.852281518733289,9
2025-03-05T00:00:00Z,9,0.0641006293024667,9.287722718574775,6.675416666666667,4.461874728957392,0.10559655392038052,27.959255741776868,-2.417374311835337,-2.4832090206551194,3.562850034444241,2494.198,3.323889678773588,0.238960355670653,13.909795494926101,9
2025-03-06T00:00:00Z,9,0.05975480071105406,5.1841812045565305,7.1075,4.459491427250755,0.11079258703971943,30.517641819370283,-0.8044210365712525,-0.8758607174718317,1.8634891547599877,2591.672,1.1060789252854721,0.7574102294745155,1.4603432621353158,9
2025-03-07T00:00:00Z,9,0.126203727705895,11.6632218947855,7.814583333333333,4.930049347820994,0.10669447278288488,28.516733347060587,-2.1944964467958137,-2.335284074316456,3.5202211966635546,2253.379,3.017432614344244,0.5027885823193108,6.001394463703104,9
2025-03-08T00:00:00Z,9,0.05833883364633295,4.733714984262191,7.760416666666667,4.939302077998751,0.10429607783457992,27.32877158827088,-0.5984250038914829,-0.6646210168848143,1.442273338362637,2188.874,0.8228343803507889,0.619438958011848,1.3283542626891907,9
2025-03-09T00:00:00Z,9,0.04464849304287763,0.8219584728423491,7.068333333333333,4.751236325083685,0.12101145217441953,36.245042674166086,0.1994082747283461,0.14962608649913045,0.3701832730655655,2474.13,-0.2741863777514759,0.6443696508170413,-0.425511005063345,9
2025-03-10T00:00:00Z,9,0.06994847262506002,1.962644031770319,6.1775,4.429560945689175,0.24438347922150383,132.80419048522853,-1.677252080926062,-1.7473951789969369,2.659648098150237,2888.396,2.3062216112733354,0.3534264868769017,6.525321946446508,9
2025-03-11T00:00:00Z,9,0.11060110703679885,6.562420067793927,5.895833333333333,4.499186207492437,0.27025209156478913,156.0480985275671,-6.08487049264457,-6.200989550292999,10.506764522938367,4115.426,8.366696927386284,2.1400675955520825,3.9095479716508166,9
2025-03-12T00:00:00Z,9,0.1334860782594394,8.33397816653817,6.194166666666667,4.625677154147153,0.24798841067379107,133.3591462755083,-6.721636749915256,-6.862313826564904,11.317107827938523,3837.339,9.242250531133477,2.074857296805046,4.454402982491899,9
2025-03-13T00:00:00Z,9,0.1354660163895266,9.233112204325636,6.307916666666666,4.5901605446226945,0.22735105879302672,113.76848238921464,-6.599575721146665,-6.741998599235081,11.009357099305477,3646.69,9.074416616576665,1.9349404827288126,4.689765239589786,9
2025-03-14T00:00:00Z,9,0.1978017115090915,11.171592758183715,6.285833333333334,4.500024162223785,0.2092911741884088,97.7482678740934,-7.37052312709212,-7.57563978016709,11.97862578907226,3564.984,10.134469299751665,1.8441564893205946,5.495449739997555,9
2025-03-15T00:00:00Z,9,0.2523753438477837,12.880082356330409,6.0841666666666665,4.379351536427887,0.19616605324119735,86.82981049581909,-8.387475233608656,-8.645565353034263,13.01615929144174,3553.516,11.532778446211902,1.4833808452298385,7.774657791556548,9
2025-03-16T00:00:00Z,9,0.1621686660438149,9.957053440621983,5.652916666666667,4.128602069942205,0.1940025072474387,85.0715245572041,-7.031640216596253,-7.194267853723644,10.57460103890056,3595.086,9.668505297819848,0.906095741080712,10.670511800759705,9
2025-03-17T00:00:00Z,9,0.11337706195239364,5.357202277377103,6.058333333333334,4.230635018545008,0.19432248894800833,85.31943881931798,-2.9579385402115,-3.077944403920078,5.382175100436992,3765.667,4.067165492790813,1.3150096076461795,3.0928789182543652,9
2025-03-18T00:00:00Z,9,NA,NA,NA,NA,NA,NA,NA,NA,NA,3182.253,NA,NA,NA,9
2025-03-19T00:00:00Z,9,NA,NA,NA,NA,NA,NA,NA,NA,NA,3011.673,NA,NA,NA,9
2025-03-20T00:00:00Z,9,0.02175207164059618,9.446757623961997,6.787083333333333,4.632779633421471,0.15645896625126585,57.41675778611458,-3.910669108902753,-3.9357866282547183,5.9349104597746445,2907.031,5.377170024741285,0.5577404350333595,9.64099012190082,9
2025-03-21T00:00:00Z,9,0.03104522099177962,5.261035387658677,7.2091666666666665,4.6669437440451516,0.1482686089614604,52.030209012517574,-1.4685904203465143,-1.508653949498242,2.7854893872674036,2759.386,2.0193118279764573,0.7661775592909463,2.6355663951385044,9
2025-03-22T00:00:00Z,9,0.07843163462845519,9.626268506744864,7.662083333333333,4.999561294127012,0.13856347591483062,45.97545496489144,-2.7475350099945333,-2.833994452060897,4.2760165249309114,2431.127,3.7778606387424833,0.4981558861884281,7.583691658545419,9
2025-03-23T00:00:00Z,9,0.2138379155969768,16.582522739421496,7.5183333333333335,4.932327881384033,0.12912548355399744,40.41042151774973,-4.913377545594574,-5.134280487329737,6.898693057574726,2379.523,6.755894125192539,0.14279893238218744,47.31053665801258,9
2025-03-24T00:00:00Z,9,0.09912062515242467,11.094847382956717,7.1241666666666665,4.715881844893187,0.12215927643976496,36.492868931361926,-3.3250632329967202,-3.4270669291827267,4.59669194808473,2454.062,4.57196194537049,0.02473000271423942,184.87510891933613,9
2025-03-25T00:00:00Z,9,0.2384644206404607,16.078727056862846,6.74375,4.558602995651467,0.11508151607212308,32.73098504271696,-5.004775276921572,-5.249494565440485,6.825556256468126,2610.308,6.881566005767162,-0.05600974929903657,-122.86371733296676,9
2025-03-26T00:00:00Z,9,0.16102340591515,15.56095668144842,6.6325,4.388466311466773,0.10913396629823566,29.70791835251267,-4.618992969002179,-4.787416015616881,6.313889311844206,2706.349,6.351115332377996,-0.037226020533790205,-170.6095693632647,9
2025-03-27T00:00:00Z,9,0.09554050407346557,9.759262736314628,6.79,4.467748618440203,0.1041170055067382,27.26108684476844,-2.498129814519492,-2.60137434749119,3.52194466475973,2643.277,3.4349284949643013,0.08701616979542859,39.47459998572307,9
2025-03-28T00:00:00Z,9,0.38067430595238944,26.303671307403437,6.6825,4.537418037096432,0.09755297722716648,24.21436436610004,-7.309807202263949,-7.696222694217239,8.910628011299222,2495.632,10.05098490311293,-1.140356891813708,-8.813894119697125,9
2025-03-29T00:00:00Z,9,0.22127728421618947,14.033131294403768,6.405833333333334,4.339027102127809,0.09278260783794295,22.07412324288021,-3.8073663050928417,-4.0377014934020385,4.764761540936388,2654.745,5.235128669502657,-0.47036712856626917,-11.129877815781699,9
2025-03-30T00:00:00Z,9,NA,NA,NA,NA,NA,NA,NA,NA,NA,2759.386,NA,NA,NA,9
2025-03-31T00:00:00Z,9,0.17162704102247192,13.176202268284346,5.701666666666667,4.262170786851106,0.19015685561674153,81.9923206436109,-9.30026464448929,-9.474493298451954,14.255484604769169,3572.151,12.787863886172774,1.467620718596395,8.713330170483589,9
2025-04-01T00:00:00Z,9,NA,NA,NA,NA,NA,NA,NA,NA,NA,3933.38,NA,NA,NA,9
2025-04-02T00:00:00Z,9,0.1777468232636147,12.368095397128728,5.252083333333333,3.952054305350693,0.1945044968877815,85.47737667251708,-9.523184200464328,-9.704855183823787,15.637542334087799,4185.667,13.094378275638451,2.5431640584493476,5.148853150914115,9
2025-04-03T00:00:00Z,9,NA,NA,NA,NA,NA,NA,NA,NA,NA,4303.211,NA,NA,NA,9
2025-04-04T00:00:00Z,9,0.02184484317649143,4.501547442265586,5.0625,3.692732086724921,0.16131153277458066,60.74617304281074,-2.6835476013695616,-2.709161297895351,4.506947277438021,4175.647,3.689877951883147,0.8170693255548742,4.515991283086462,9
2025-04-05T00:00:00Z,9,0.04335149960413661,6.467991975287625,5.131666666666667,3.6793230208881353,0.1441059112421255,49.42867391963627,-3.4737094536275888,-3.5213937794409325,5.467410227156903,3956.461,4.776350498737934,0.6910597284189688,6.9116319506353525,9
2025-04-06T00:00:00Z,9,0.02699695707961492,5.127842868337891,5.122916666666667,3.666970448314826,0.13092794928014095,41.48161442657793,-2.4394141477469136,-2.469784187559441,3.740843753524187,3815.837,3.3541944531520063,0.3866493003721807,8.6750304472899,9
2025-04-07T00:00:00Z,9,0.04427265702996646,5.720472188197566,5.095833333333333,3.655798390332193,0.11924714940338953,34.9756508058892,-2.5421788323501406,-2.5891486455512087,3.748574075343979,3679.66,3.4954958944814436,0.25307818086253553,13.811921211730583,9
2025-04-08T00:00:00Z,9,0.01801930838712421,3.1541624698517596,5.37625,3.7013576749369053,0.11464117428234848,32.50734005169059,-1.0539026898932509,-1.0767750925611512,1.7963363177384035,3467.51,1.44911619860322,0.3472201191351836,4.17347993028893,9
2025-04-09T00:00:00Z,9,0.01887444386743325,5.285638978064556,6.056666666666667,4.185880619981709,0.10400838786526048,27.26951088708259,-1.5410613549138272,-1.5661171308033213,2.351585723085229,3119.182,2.118959363006512,0.23262636007871684,9.108853193978069,9
2025-04-10T00:00:00Z,9,0.17804557714527097,17.585912184853623,6.085833333333333,4.316430169917244,0.09286186936010248,22.122945558092816,-5.315441843815837,-5.497336503685302,6.800927342872701,2948.602,7.308732535246776,-0.5078051923740752,-14.392788110490196,9
2025-04-11T00:00:00Z,9,0.09686524585198948,8.437743673563723,5.96375,4.151991009680908,0.08700825916803338,19.670756975323165,-2.3173691772113325,-2.4193967068158706,3.039805759968956,3023.141,3.1863826186655824,-0.1465768586966263,-21.738647198467504,9
2025-04-12T00:00:00Z,9,0.04976917571854657,11.04731919632599,6.23,4.290388254854813,0.08866687990951734,20.30806795796064,-2.950553781547686,-3.005963977032155,3.8109611695691514,2907.031,4.057011449628068,-0.24605028005891683,-16.488546359941616,9
2025-04-13T00:00:00Z,9,0.05864156342281063,9.706055424326395,6.599166666666667,4.493255328567477,0.08427226884756792,18.566758473317623,-2.2050716099611565,-2.2703590653087695,2.991913091545988,2876.929,3.0319734636965903,-0.04006037215060232,-75.68510477881328,9
2025-04-14T00:00:00Z,9,0.1867621062652918,17.039657267993782,6.590833333333333,4.5522536171408285,0.0757531230213973,15.27863527431426,-3.764941424581903,-3.9587159083270156,4.601009374403994,2633.243,5.176794458800116,-0.5757850843961219,-8.990845020289976,9
2025-04-15T00:00:00Z,9,0.17575012022576614,11.745138193250115,6.15625,4.340134539314128,0.06945036420375865,13.03372594652736,-2.597016992688433,-2.7793825090565707,3.115969855589813,2757.953,3.5708983649465953,-0.4549285093567823,-7.8493615842969335,9
2025-04-16T00:00:00Z,9,0.08226212684848594,7.651526179766514,6.004583333333334,4.097114510961678,0.06530324780929282,11.643322428175011,-1.5511487048415142,-1.6381970224281166,1.9614254541067042,2981.571,2.132829469157082,-0.17140401505037794,-12.443287682206364,9
2025-04-23T12:00:00Z,9,0.04530388334842791,2.28147107786161,4.042916666666667,3.8913086528772896,0.03095274932974095,3.0164123346935563,-0.37277706727009624,-0.41812325824179636,0.3727771451037893,3371.469,0.5125684674963823,-0.139791322392593,-3.666668708211185,9
2025-04-24T00:00:00Z,9,0.03551899328717028,1.9878623462781029,3.745833333333333,3.864029306352046,0.02693683220699763,2.3444848877743403,-0.29662631455511146,-0.3321548190998476,0.3032053172272114,3910.445,0.40786118251327824,-0.10465586528606685,-3.8971650695202653,9
2025-04-25T00:00:00Z,9,0.03395458109539865,1.4955678294235035,3.564583333333333,3.962887680145965,0.02046674350924465,1.49775957571333,-0.17227226340736077,-0.20622869197631266,0.17971387233654007,4007.919,0.23687436218512106,-0.05716048984858099,-4.144022607444493,9
2025-04-26T00:00:00Z,9,0.02836619478227059,1.2070882823295874,3.1266666666666665,3.9759680064113474,0.01217363980182499,0.6894431837212951,-0.09523783834205911,-0.12360366076838396,0.09370495739530002,4227.237,0.13095202772033127,-0.037247070325031245,-3.5157671886029447,9
2025-04-27T00:00:00Z,9,NA,NA,NA,NA,NA,NA,NA,NA,NA,4493.858,NA,NA,NA,9
2025-04-28T00:00:00Z,9,NA,NA,NA,NA,NA,NA,NA,NA,NA,4082.487,NA,NA,NA,9
2025-04-29T00:00:00Z,9,NA,NA,NA,NA,NA,NA,NA,NA,NA,2928.533,NA,NA,NA,9
